checkpoint_minutes,measure,cut,threshold_value,winner_denominator,winner_on_cut_side,winner_other_side,loser_denominator,loser_on_cut_side,loser_other_side,separates
3,Price vs entry,<= -18.4019,-18.401937046004832,39,0,39,47,1,46,False
3,Price vs entry,>= -18.4019,-18.401937046004832,39,39,0,47,47,0,False
3,Price vs entry,<= -8,-8.0,39,0,39,47,2,45,False
3,Price vs entry,>= -8,-8.0,39,39,0,47,46,1,False
3,Price vs entry,<= -7.54098,-7.540983606557376,39,0,39,47,3,44,False
3,Price vs entry,>= -7.54098,-7.540983606557376,39,39,0,47,45,2,False
3,Price vs entry,<= -5.3271,-5.327102803738299,39,0,39,47,4,43,False
3,Price vs entry,>= -5.3271,-5.327102803738299,39,39,0,47,44,3,False
3,Price vs entry,<= -5.01433,-5.014326647564488,39,0,39,47,5,42,False
3,Price vs entry,>= -5.01433,-5.014326647564488,39,39,0,47,43,4,False
3,Price vs entry,<= -4.72441,-4.7244094488189035,39,1,38,47,5,42,False
3,Price vs entry,>= -4.72441,-4.7244094488189035,39,39,0,47,42,5,False
3,Price vs entry,<= -4.66926,-4.6692607003890885,39,1,38,47,6,41,False
3,Price vs entry,>= -4.66926,-4.6692607003890885,39,38,1,47,42,5,False
3,Price vs entry,<= -3.78151,-3.7815126050420105,39,1,38,47,7,40,False
3,Price vs entry,>= -3.78151,-3.7815126050420105,39,38,1,47,41,6,False
3,Price vs entry,<= -3.5503,-3.550295857988175,39,1,38,47,8,39,False
3,Price vs entry,>= -3.5503,-3.550295857988175,39,38,1,47,40,7,False
3,Price vs entry,<= -3.53982,-3.539823008849538,39,1,38,47,9,38,False
3,Price vs entry,>= -3.53982,-3.539823008849538,39,38,1,47,39,8,False
3,Price vs entry,<= -3.50877,-3.5087719298245617,39,1,38,47,10,37,False
3,Price vs entry,>= -3.50877,-3.5087719298245617,39,38,1,47,38,9,False
3,Price vs entry,<= -3.25534,-3.2553407934893244,39,2,37,47,10,37,False
3,Price vs entry,>= -3.25534,-3.2553407934893244,39,38,1,47,37,10,False
3,Price vs entry,<= -3.06407,-3.064066852367688,39,3,36,47,10,37,False
3,Price vs entry,>= -3.06407,-3.064066852367688,39,37,2,47,37,10,False
3,Price vs entry,<= -2.80374,-2.803738317757009,39,3,36,47,11,36,False
3,Price vs entry,>= -2.80374,-2.803738317757009,39,36,3,47,37,10,False
3,Price vs entry,<= -2.78638,-2.7863777089783213,39,4,35,47,11,36,False
3,Price vs entry,>= -2.78638,-2.7863777089783213,39,36,3,47,36,11,False
3,Price vs entry,<= -2.7027,-2.702702702702709,39,4,35,47,12,35,False
3,Price vs entry,>= -2.7027,-2.702702702702709,39,35,4,47,36,11,False
3,Price vs entry,<= -2.54777,-2.5477707006369457,39,5,34,47,12,35,False
3,Price vs entry,>= -2.54777,-2.5477707006369457,39,35,4,47,35,12,False
3,Price vs entry,<= -2.1645,-2.1645021645021814,39,5,34,47,13,34,False
3,Price vs entry,>= -2.1645,-2.1645021645021814,39,34,5,47,35,12,False
3,Price vs entry,<= -2.11268,-2.1126760563380316,39,5,34,47,14,33,False
3,Price vs entry,>= -2.11268,-2.1126760563380316,39,34,5,47,34,13,False
3,Price vs entry,<= -2.08768,-2.087682672233811,39,5,34,47,15,32,False
3,Price vs entry,>= -2.08768,-2.087682672233811,39,34,5,47,33,14,False
3,Price vs entry,<= -2.08644,-2.0864381520119224,39,6,33,47,15,32,False
3,Price vs entry,>= -2.08644,-2.0864381520119224,39,34,5,47,32,15,False
3,Price vs entry,<= -2.05128,-2.051282051282058,39,6,33,47,16,31,False
3,Price vs entry,>= -2.05128,-2.051282051282058,39,33,6,47,32,15,False
3,Price vs entry,<= -2.02312,-2.02312138728324,39,7,32,47,16,31,False
3,Price vs entry,>= -2.02312,-2.02312138728324,39,33,6,47,31,16,False
3,Price vs entry,<= -1.84049,-1.8404907975459963,39,8,31,47,16,31,False
3,Price vs entry,>= -1.84049,-1.8404907975459963,39,32,7,47,31,16,False
3,Price vs entry,<= -1.76322,-1.763224181360215,39,9,30,47,16,31,False
3,Price vs entry,>= -1.76322,-1.763224181360215,39,31,8,47,31,16,False
3,Price vs entry,<= -1.75,-1.75,39,10,29,47,16,31,False
3,Price vs entry,>= -1.75,-1.75,39,30,9,47,31,16,False
3,Price vs entry,<= -1.72414,-1.724137931034491,39,11,28,47,16,31,False
3,Price vs entry,>= -1.72414,-1.724137931034491,39,29,10,47,31,16,False
3,Price vs entry,<= -1.71149,-1.711491442542794,39,11,28,47,17,30,False
3,Price vs entry,>= -1.71149,-1.711491442542794,39,28,11,47,31,16,False
3,Price vs entry,<= -1.67364,-1.6736401673640273,39,12,27,47,17,30,False
3,Price vs entry,>= -1.67364,-1.6736401673640273,39,28,11,47,30,17,False
3,Price vs entry,<= -1.5748,-1.5748031496062964,39,12,27,47,18,29,False
3,Price vs entry,>= -1.5748,-1.5748031496062964,39,27,12,47,30,17,False
3,Price vs entry,<= -1.50754,-1.5075376884422127,39,13,26,47,18,29,False
3,Price vs entry,>= -1.50754,-1.5075376884422127,39,27,12,47,29,18,False
3,Price vs entry,<= -1.47783,-1.4778325123152598,39,13,26,47,19,28,False
3,Price vs entry,>= -1.47783,-1.4778325123152598,39,26,13,47,29,18,False
3,Price vs entry,<= -1.47059,-1.470588235294116,39,13,26,47,20,27,False
3,Price vs entry,>= -1.47059,-1.470588235294116,39,26,13,47,28,19,False
3,Price vs entry,<= -1.41956,-1.4195583596214476,39,14,25,47,20,27,False
3,Price vs entry,>= -1.41956,-1.4195583596214476,39,26,13,47,27,20,False
3,Price vs entry,<= -1.36571,-1.3657056145675313,39,15,24,47,20,27,False
3,Price vs entry,>= -1.36571,-1.3657056145675313,39,25,14,47,27,20,False
3,Price vs entry,<= -1.35135,-1.3513513513513544,39,15,24,47,21,26,False
3,Price vs entry,>= -1.35135,-1.3513513513513544,39,24,15,47,27,20,False
3,Price vs entry,<= -1.28411,-1.2841091492776968,39,16,23,47,21,26,False
3,Price vs entry,>= -1.28411,-1.2841091492776968,39,24,15,47,26,21,False
3,Price vs entry,<= -1.25392,-1.2539184952978104,39,16,23,47,22,25,False
3,Price vs entry,>= -1.25392,-1.2539184952978104,39,23,16,47,26,21,False
3,Price vs entry,<= -1.25,-1.2499999999999858,39,16,23,47,23,24,False
3,Price vs entry,>= -1.25,-1.2499999999999858,39,23,16,47,25,22,False
3,Price vs entry,<= -1.24069,-1.2406947890818998,39,16,23,47,24,23,False
3,Price vs entry,>= -1.24069,-1.2406947890818998,39,23,16,47,24,23,False
3,Price vs entry,<= -1.11888,-1.11888111888112,39,17,22,47,24,23,False
3,Price vs entry,>= -1.11888,-1.11888111888112,39,23,16,47,23,24,False
3,Price vs entry,<= -1.07991,-1.0799136069114468,39,17,22,47,25,22,False
3,Price vs entry,>= -1.07991,-1.0799136069114468,39,22,17,47,23,24,False
3,Price vs entry,<= -1.06952,-1.069518716577548,39,17,22,47,26,21,False
3,Price vs entry,>= -1.06952,-1.069518716577548,39,22,17,47,22,25,False
3,Price vs entry,<= -1.0582,-1.0582010582010497,39,18,21,47,26,21,False
3,Price vs entry,>= -1.0582,-1.0582010582010497,39,22,17,47,21,26,False
3,Price vs entry,<= -1.02564,-1.025641025641022,39,18,21,47,27,20,False
3,Price vs entry,>= -1.02564,-1.025641025641022,39,21,18,47,21,26,False
3,Price vs entry,<= -0.980392,-0.9803921568627487,39,18,21,47,28,19,False
3,Price vs entry,>= -0.980392,-0.9803921568627487,39,21,18,47,20,27,False
3,Price vs entry,<= -0.934579,-0.9345794392523317,39,18,21,47,29,18,False
3,Price vs entry,>= -0.934579,-0.9345794392523317,39,21,18,47,19,28,False
3,Price vs entry,<= -0.909091,-0.9090909090909207,39,18,21,47,31,16,False
3,Price vs entry,>= -0.909091,-0.9090909090909207,39,21,18,47,18,29,False
3,Price vs entry,<= -0.877193,-0.8771929824561369,39,18,21,47,32,15,False
3,Price vs entry,>= -0.877193,-0.8771929824561369,39,21,18,47,16,31,False
3,Price vs entry,<= -0.691244,-0.6912442396313452,39,18,21,47,33,14,False
3,Price vs entry,>= -0.691244,-0.6912442396313452,39,21,18,47,15,32,False
3,Price vs entry,<= -0.684932,-0.684931506849324,39,18,21,47,34,13,False
3,Price vs entry,>= -0.684932,-0.684931506849324,39,21,18,47,14,33,False
3,Price vs entry,<= -0.668896,-0.6688963210702354,39,18,21,47,35,12,False
3,Price vs entry,>= -0.668896,-0.6688963210702354,39,21,18,47,13,34,False
3,Price vs entry,<= -0.658979,-0.6589785831960455,39,19,20,47,35,12,False
3,Price vs entry,>= -0.658979,-0.6589785831960455,39,21,18,47,12,35,False
3,Price vs entry,<= -0.510204,-0.510204081632665,39,20,19,47,35,12,False
3,Price vs entry,>= -0.510204,-0.510204081632665,39,20,19,47,12,35,False
3,Price vs entry,<= -0.502513,-0.5025125628140756,39,20,19,47,36,11,False
3,Price vs entry,>= -0.502513,-0.5025125628140756,39,19,20,47,12,35,False
3,Price vs entry,<= -0.45977,-0.45977011494251485,39,21,18,47,36,11,False
3,Price vs entry,>= -0.45977,-0.45977011494251485,39,19,20,47,11,36,False
3,Price vs entry,<= -0.37594,-0.3759398496240749,39,22,17,47,36,11,False
3,Price vs entry,>= -0.37594,-0.3759398496240749,39,18,21,47,11,36,False
3,Price vs entry,<= -0.263158,-0.2631578947368354,39,22,17,47,37,10,False
3,Price vs entry,>= -0.263158,-0.2631578947368354,39,17,22,47,11,36,False
3,Price vs entry,<= -0.228833,-0.2288329519450798,39,22,17,47,38,9,False
3,Price vs entry,>= -0.228833,-0.2288329519450798,39,17,22,47,10,37,False
3,Price vs entry,<= +0,0.0,39,24,15,47,40,7,False
3,Price vs entry,>= +0,0.0,39,17,22,47,9,38,False
3,Price vs entry,<= +0.42735,0.42735042735044715,39,25,14,47,40,7,False
3,Price vs entry,>= +0.42735,0.42735042735044715,39,15,24,47,7,40,False
3,Price vs entry,<= +0.4329,0.4329004329004249,39,25,14,47,41,6,False
3,Price vs entry,>= +0.4329,0.4329004329004249,39,14,25,47,7,40,False
3,Price vs entry,<= +0.438596,0.43859649122808264,39,25,14,47,42,5,False
3,Price vs entry,>= +0.438596,0.43859649122808264,39,14,25,47,6,41,False
3,Price vs entry,<= +0.478469,0.4784688995215447,39,26,13,47,42,5,False
3,Price vs entry,>= +0.478469,0.4784688995215447,39,14,25,47,5,42,False
3,Price vs entry,<= +0.485437,0.4854368932038824,39,27,12,47,42,5,False
3,Price vs entry,>= +0.485437,0.4854368932038824,39,13,26,47,5,42,False
3,Price vs entry,<= +0.512821,0.512820512820511,39,27,12,47,43,4,False
3,Price vs entry,>= +0.512821,0.512820512820511,39,12,27,47,5,42,False
3,Price vs entry,<= +0.515464,0.5154639175257785,39,28,11,47,43,4,False
3,Price vs entry,>= +0.515464,0.5154639175257785,39,12,27,47,4,43,False
3,Price vs entry,<= +0.518135,0.5181347150259086,39,29,10,47,43,4,False
3,Price vs entry,>= +0.518135,0.5181347150259086,39,11,28,47,4,43,False
3,Price vs entry,<= +0.757576,0.7575757575757791,39,30,9,47,43,4,False
3,Price vs entry,>= +0.757576,0.7575757575757791,39,10,29,47,4,43,False
3,Price vs entry,<= +0.965018,0.9650180940892596,39,30,9,47,44,3,False
3,Price vs entry,>= +0.965018,0.9650180940892596,39,9,30,47,4,43,False
3,Price vs entry,<= +1.11111,1.1111111111111143,39,30,9,47,45,2,False
3,Price vs entry,>= +1.11111,1.1111111111111143,39,9,30,47,3,44,False
3,Price vs entry,<= +1.54211,1.5421115065243214,39,31,8,47,45,2,False
3,Price vs entry,>= +1.54211,1.5421115065243214,39,9,30,47,2,45,False
3,Price vs entry,<= +1.6,1.5999999999999943,39,31,8,47,46,1,False
3,Price vs entry,>= +1.6,1.5999999999999943,39,8,31,47,2,45,False
3,Price vs entry,<= +1.90311,1.9031141868512123,39,32,7,47,46,1,False
3,Price vs entry,>= +1.90311,1.9031141868512123,39,8,31,47,1,46,False
3,Price vs entry,<= +2.18579,2.185792349726782,39,33,6,47,46,1,False
3,Price vs entry,>= +2.18579,2.185792349726782,39,7,32,47,1,46,False
3,Price vs entry,<= +2.34009,2.340093603744137,39,34,5,47,46,1,False
3,Price vs entry,>= +2.34009,2.340093603744137,39,6,33,47,1,46,False
3,Price vs entry,<= +2.35457,2.354570637119096,39,34,5,47,47,0,False
3,Price vs entry,>= +2.35457,2.354570637119096,39,5,34,47,1,46,False
3,Price vs entry,<= +2.8169,2.816901408450704,39,35,4,47,47,0,False
3,Price vs entry,>= +2.8169,2.816901408450704,39,5,34,47,0,47,False
3,Price vs entry,<= +3.37838,3.378378378378372,39,36,3,47,47,0,False
3,Price vs entry,>= +3.37838,3.378378378378372,39,4,35,47,0,47,False
3,Price vs entry,<= +3.93474,3.934740882917481,39,37,2,47,47,0,False
3,Price vs entry,>= +3.93474,3.934740882917481,39,3,36,47,0,47,False
3,Price vs entry,<= +4.04192,4.041916167664667,39,38,1,47,47,0,False
3,Price vs entry,>= +4.04192,4.041916167664667,39,2,37,47,0,47,False
3,Price vs entry,<= +5.42005,5.420054200542012,39,39,0,47,47,0,False
3,Price vs entry,>= +5.42005,5.420054200542012,39,1,38,47,0,47,False
3,Highest point so far,<= -2.33918,-2.339181286549703,39,0,39,47,1,46,False
3,Highest point so far,>= -2.33918,-2.339181286549703,39,39,0,47,47,0,False
3,Highest point so far,<= -1.68224,-1.6822429906542027,39,0,39,47,2,45,False
3,Highest point so far,>= -1.68224,-1.6822429906542027,39,39,0,47,46,1,False
3,Highest point so far,<= -0.909091,-0.9090909090909207,39,0,39,47,3,44,False
3,Highest point so far,>= -0.909091,-0.9090909090909207,39,39,0,47,45,2,False
3,Highest point so far,<= -0.900901,-0.9009009009009077,39,0,39,47,4,43,False
3,Highest point so far,>= -0.900901,-0.9009009009009077,39,39,0,47,44,3,False
3,Highest point so far,<= -0.884956,-0.8849557522123632,39,0,39,47,5,42,False
3,Highest point so far,>= -0.884956,-0.8849557522123632,39,39,0,47,43,4,False
3,Highest point so far,<= -0.835073,-0.8350730688935357,39,0,39,47,6,41,False
3,Highest point so far,>= -0.835073,-0.8350730688935357,39,39,0,47,42,5,False
3,Highest point so far,<= -0.630915,-0.6309148264984117,39,1,38,47,6,41,False
3,Highest point so far,>= -0.630915,-0.6309148264984117,39,39,0,47,41,6,False
3,Highest point so far,<= -0.591716,-0.5917159763313578,39,1,38,47,7,40,False
3,Highest point so far,>= -0.591716,-0.5917159763313578,39,38,1,47,41,6,False
3,Highest point so far,<= -0.534759,-0.5347593582887669,39,1,38,47,8,39,False
3,Highest point so far,>= -0.534759,-0.5347593582887669,39,38,1,47,40,7,False
3,Highest point so far,<= -0.529101,-0.529100529100532,39,2,37,47,8,39,False
3,Highest point so far,>= -0.529101,-0.529100529100532,39,38,1,47,39,8,False
3,Highest point so far,<= -0.502513,-0.5025125628140756,39,3,36,47,8,39,False
3,Highest point so far,>= -0.502513,-0.5025125628140756,39,37,2,47,39,8,False
3,Highest point so far,<= -0.496278,-0.4962779156327741,39,3,36,47,9,38,False
3,Highest point so far,>= -0.496278,-0.4962779156327741,39,36,3,47,39,8,False
3,Highest point so far,<= -0.460829,-0.4608294930875445,39,3,36,47,10,37,False
3,Highest point so far,>= -0.460829,-0.4608294930875445,39,36,3,47,38,9,False
3,Highest point so far,<= -0.455235,-0.455235204855839,39,4,35,47,10,37,False
3,Highest point so far,>= -0.455235,-0.455235204855839,39,36,3,47,37,10,False
3,Highest point so far,<= -0.4329,-0.4329004329004391,39,4,35,47,11,36,False
3,Highest point so far,>= -0.4329,-0.4329004329004391,39,35,4,47,37,10,False
3,Highest point so far,<= -0.420168,-0.42016806722688216,39,4,35,47,12,35,False
3,Highest point so far,>= -0.420168,-0.42016806722688216,39,35,4,47,36,11,False
3,Highest point so far,<= -0.41841,-0.41841004184101394,39,5,34,47,12,35,False
3,Highest point so far,>= -0.41841,-0.41841004184101394,39,35,4,47,35,12,False
3,Highest point so far,<= -0.326797,-0.326797385620921,39,5,34,47,13,34,False
3,Highest point so far,>= -0.326797,-0.326797385620921,39,34,5,47,35,12,False
3,Highest point so far,<= -0.309598,-0.30959752321980716,39,6,33,47,13,34,False
3,Highest point so far,>= -0.309598,-0.30959752321980716,39,34,5,47,34,13,False
3,Highest point so far,<= -0.27972,-0.27972027972028,39,7,32,47,13,34,False
3,Highest point so far,>= -0.27972,-0.27972027972028,39,33,6,47,34,13,False
3,Highest point so far,<= -0.251889,-0.2518891687657572,39,8,31,47,13,34,False
3,Highest point so far,>= -0.251889,-0.2518891687657572,39,32,7,47,34,13,False
3,Highest point so far,<= -0.242131,-0.24213075060531253,39,8,31,47,14,33,False
3,Highest point so far,>= -0.242131,-0.24213075060531253,39,31,8,47,34,13,False
3,Highest point so far,<= -0.228833,-0.2288329519450798,39,8,31,47,15,32,False
3,Highest point so far,>= -0.228833,-0.2288329519450798,39,31,8,47,33,14,False
3,Highest point so far,<= -0.215983,-0.21598272138227514,39,8,31,47,16,31,False
3,Highest point so far,>= -0.215983,-0.21598272138227514,39,31,8,47,32,15,False
3,Highest point so far,<= -0.159236,-0.15923566878981887,39,9,30,47,16,31,False
3,Highest point so far,>= -0.159236,-0.15923566878981887,39,31,8,47,31,16,False
3,Highest point so far,<= -0.149031,-0.1490312965722751,39,10,29,47,16,31,False
3,Highest point so far,>= -0.149031,-0.1490312965722751,39,30,9,47,31,16,False
3,Highest point so far,<= +0,0.0,39,12,27,47,20,27,False
3,Highest point so far,>= +0,0.0,39,29,10,47,31,16,False
3,Highest point so far,<= +0.229885,0.22988505747127874,39,13,26,47,20,27,False
3,Highest point so far,>= +0.229885,0.22988505747127874,39,27,12,47,27,20,False
3,Highest point so far,<= +0.231481,0.23148148148146674,39,13,26,47,21,26,False
3,Highest point so far,>= +0.231481,0.23148148148146674,39,26,13,47,27,20,False
3,Highest point so far,<= +0.263158,0.2631578947368496,39,13,26,47,22,25,False
3,Highest point so far,>= +0.263158,0.2631578947368496,39,26,13,47,26,21,False
3,Highest point so far,<= +0.342857,0.34285714285712743,39,13,26,47,23,24,False
3,Highest point so far,>= +0.342857,0.34285714285712743,39,26,13,47,25,22,False
3,Highest point so far,<= +0.438596,0.43859649122808264,39,13,26,47,24,23,False
3,Highest point so far,>= +0.438596,0.43859649122808264,39,26,13,47,24,23,False
3,Highest point so far,<= +0.45045,0.45045045045044674,39,13,26,47,25,22,False
3,Highest point so far,>= +0.45045,0.45045045045044674,39,26,13,47,23,24,False
3,Highest point so far,<= +0.508647,0.5086469989827265,39,14,25,47,25,22,False
3,Highest point so far,>= +0.508647,0.5086469989827265,39,26,13,47,22,25,False
3,Highest point so far,<= +0.512821,0.512820512820511,39,14,25,47,26,21,False
3,Highest point so far,>= +0.512821,0.512820512820511,39,25,14,47,22,25,False
3,Highest point so far,<= +0.518135,0.5181347150259086,39,15,24,47,26,21,False
3,Highest point so far,>= +0.518135,0.5181347150259086,39,25,14,47,21,26,False
3,Highest point so far,<= +0.765306,0.7653061224489761,39,16,23,47,26,21,False
3,Highest point so far,>= +0.765306,0.7653061224489761,39,24,15,47,21,26,False
3,Highest point so far,<= +0.787402,0.7874015748031411,39,17,22,47,26,21,False
3,Highest point so far,>= +0.787402,0.7874015748031411,39,23,16,47,21,26,False
3,Highest point so far,<= +0.823723,0.823723228995064,39,18,21,47,26,21,False
3,Highest point so far,>= +0.823723,0.823723228995064,39,22,17,47,21,26,False
3,Highest point so far,<= +0.882353,0.8823529411764639,39,18,21,47,27,20,False
3,Highest point so far,>= +0.882353,0.8823529411764639,39,21,18,47,21,26,False
3,Highest point so far,<= +0.892857,0.8928571428571672,39,18,21,47,28,19,False
3,Highest point so far,>= +0.892857,0.8928571428571672,39,21,18,47,20,27,False
3,Highest point so far,<= +1.02564,1.025641025641022,39,18,21,47,29,18,False
3,Highest point so far,>= +1.02564,1.025641025641022,39,21,18,47,19,28,False
3,Highest point so far,<= +1.03093,1.0309278350515427,39,19,20,47,29,18,False
3,Highest point so far,>= +1.03093,1.0309278350515427,39,21,18,47,18,29,False
3,Highest point so far,<= +1.15607,1.1560693641618656,39,20,19,47,29,18,False
3,Highest point so far,>= +1.15607,1.1560693641618656,39,20,19,47,18,29,False
3,Highest point so far,<= +1.25392,1.2539184952978104,39,20,19,47,30,17,False
3,Highest point so far,>= +1.25392,1.2539184952978104,39,19,20,47,18,29,False
3,Highest point so far,<= +1.28411,1.2841091492776826,39,21,18,47,30,17,False
3,Highest point so far,>= +1.28411,1.2841091492776826,39,19,20,47,17,30,False
3,Highest point so far,<= +1.33779,1.3377926421404425,39,21,18,47,31,16,False
3,Highest point so far,>= +1.33779,1.3377926421404425,39,18,21,47,17,30,False
3,Highest point so far,<= +1.36054,1.3605442176870781,39,22,17,47,31,16,False
3,Highest point so far,>= +1.36054,1.3605442176870781,39,18,21,47,16,31,False
3,Highest point so far,<= +1.39276,1.3927576601671348,39,23,16,47,31,16,False
3,Highest point so far,>= +1.39276,1.3927576601671348,39,17,22,47,16,31,False
3,Highest point so far,<= +1.42857,1.4285714285714164,39,23,16,47,32,15,False
3,Highest point so far,>= +1.42857,1.4285714285714164,39,16,23,47,16,31,False
3,Highest point so far,<= +1.43541,1.4354066985646057,39,24,15,47,32,15,False
3,Highest point so far,>= +1.43541,1.4354066985646057,39,16,23,47,15,32,False
3,Highest point so far,<= +1.45631,1.4563106796116472,39,25,14,47,32,15,False
3,Highest point so far,>= +1.45631,1.4563106796116472,39,15,24,47,15,32,False
3,Highest point so far,<= +1.53846,1.538461538461533,39,25,14,47,33,14,False
3,Highest point so far,>= +1.53846,1.538461538461533,39,14,25,47,15,32,False
3,Highest point so far,<= +1.5748,1.5748031496062964,39,25,14,47,34,13,False
3,Highest point so far,>= +1.5748,1.5748031496062964,39,14,25,47,14,33,False
3,Highest point so far,<= +1.81818,1.8181818181818272,39,25,14,47,35,12,False
3,Highest point so far,>= +1.81818,1.8181818181818272,39,14,25,47,13,34,False
3,Highest point so far,<= +1.84049,1.8404907975460247,39,26,13,47,35,12,False
3,Highest point so far,>= +1.84049,1.8404907975460247,39,14,25,47,12,35,False
3,Highest point so far,<= +1.92308,1.9230769230769198,39,27,12,47,35,12,False
3,Highest point so far,>= +1.92308,1.9230769230769198,39,13,26,47,12,35,False
3,Highest point so far,<= +1.94553,1.9455252918288153,39,27,12,47,36,11,False
3,Highest point so far,>= +1.94553,1.9455252918288153,39,12,27,47,12,35,False
3,Highest point so far,<= +1.95599,1.9559902200489034,39,27,12,47,37,10,False
3,Highest point so far,>= +1.95599,1.9559902200489034,39,12,27,47,11,36,False
3,Highest point so far,<= +1.97044,1.970443349753694,39,28,11,47,37,10,False
3,Highest point so far,>= +1.97044,1.970443349753694,39,12,27,47,10,37,False
3,Highest point so far,<= +2.00573,2.0057306590257866,39,28,11,47,38,9,False
3,Highest point so far,>= +2.00573,2.0057306590257866,39,11,28,47,10,37,False
3,Highest point so far,<= +2.17129,2.1712907117008626,39,28,11,47,39,8,False
3,Highest point so far,>= +2.17129,2.1712907117008626,39,11,28,47,9,38,False
3,Highest point so far,<= +2.24913,2.2491349480968807,39,29,10,47,39,8,False
3,Highest point so far,>= +2.24913,2.2491349480968807,39,11,28,47,8,39,False
3,Highest point so far,<= +2.4,2.4000000000000057,39,29,10,47,40,7,False
3,Highest point so far,>= +2.4,2.4000000000000057,39,10,29,47,8,39,False
3,Highest point so far,<= +2.63158,2.631578947368425,39,29,10,47,41,6,False
3,Highest point so far,>= +2.63158,2.631578947368425,39,10,29,47,7,40,False
3,Highest point so far,<= +2.73224,2.7322404371584526,39,30,9,47,41,6,False
3,Highest point so far,>= +2.73224,2.7322404371584526,39,10,29,47,6,41,False
3,Highest point so far,<= +2.87879,2.8787878787878753,39,31,8,47,41,6,False
3,Highest point so far,>= +2.87879,2.8787878787878753,39,9,30,47,6,41,False
3,Highest point so far,<= +2.95082,2.9508196721311606,39,31,8,47,42,5,False
3,Highest point so far,>= +2.95082,2.9508196721311606,39,8,31,47,6,41,False
3,Highest point so far,<= +2.95567,2.955665024630534,39,31,8,47,43,4,False
3,Highest point so far,>= +2.95567,2.955665024630534,39,8,31,47,5,42,False
3,Highest point so far,<= +3.34572,3.3457249070632002,39,31,8,47,44,3,False
3,Highest point so far,>= +3.34572,3.3457249070632002,39,8,31,47,4,43,False
3,Highest point so far,<= +3.73832,3.738317757009341,39,31,8,47,45,2,False
3,Highest point so far,>= +3.73832,3.738317757009341,39,8,31,47,3,44,False
3,Highest point so far,<= +3.73961,3.739612188365655,39,31,8,47,46,1,False
3,Highest point so far,>= +3.73961,3.739612188365655,39,8,31,47,2,45,False
3,Highest point so far,<= +4.45946,4.459459459459467,39,32,7,47,46,1,False
3,Highest point so far,>= +4.45946,4.459459459459467,39,8,31,47,1,46,False
3,Highest point so far,<= +4.62633,4.62633451957295,39,33,6,47,46,1,False
3,Highest point so far,>= +4.62633,4.62633451957295,39,7,32,47,1,46,False
3,Highest point so far,<= +4.7619,4.761904761904773,39,33,6,47,47,0,False
3,Highest point so far,>= +4.7619,4.761904761904773,39,6,33,47,1,46,False
3,Highest point so far,<= +5.30421,5.304212168486728,39,34,5,47,47,0,False
3,Highest point so far,>= +5.30421,5.304212168486728,39,6,33,47,0,47,False
3,Highest point so far,<= +6,6.0,39,35,4,47,47,0,False
3,Highest point so far,>= +6,6.0,39,5,34,47,0,47,False
3,Highest point so far,<= +6.33397,6.333973128598842,39,36,3,47,47,0,False
3,Highest point so far,>= +6.33397,6.333973128598842,39,4,35,47,0,47,False
3,Highest point so far,<= +6.50407,6.504065040650417,39,37,2,47,47,0,False
3,Highest point so far,>= +6.50407,6.504065040650417,39,3,36,47,0,47,False
3,Highest point so far,<= +6.57277,6.5727699530516475,39,38,1,47,47,0,False
3,Highest point so far,>= +6.57277,6.5727699530516475,39,2,37,47,0,47,False
3,Highest point so far,<= +10.479,10.47904191616766,39,39,0,47,47,0,False
3,Highest point so far,>= +10.479,10.47904191616766,39,1,38,47,0,47,False
3,Lowest point so far,<= -22.5182,-22.518159806295387,39,0,39,47,1,46,False
3,Lowest point so far,>= -22.5182,-22.518159806295387,39,39,0,47,47,0,False
3,Lowest point so far,<= -12,-12.0,39,0,39,47,2,45,False
3,Lowest point so far,>= -12,-12.0,39,39,0,47,46,1,False
3,Lowest point so far,<= -9.51557,-9.515570934256061,39,1,38,47,2,45,False
3,Lowest point so far,>= -9.51557,-9.515570934256061,39,39,0,47,45,2,False
3,Lowest point so far,<= -9.33852,-9.338521400778205,39,1,38,47,3,44,False
3,Lowest point so far,>= -9.33852,-9.338521400778205,39,38,1,47,45,2,False
3,Lowest point so far,<= -9.18033,-9.180327868852459,39,1,38,47,4,43,False
3,Lowest point so far,>= -9.18033,-9.180327868852459,39,38,1,47,44,3,False
3,Lowest point so far,<= -5.87393,-5.873925501432666,39,1,38,47,5,42,False
3,Lowest point so far,>= -5.87393,-5.873925501432666,39,38,1,47,43,4,False
3,Lowest point so far,<= -5.79439,-5.794392523364479,39,1,38,47,6,41,False
3,Lowest point so far,>= -5.79439,-5.794392523364479,39,38,1,47,42,5,False
3,Lowest point so far,<= -5.68862,-5.688622754491007,39,2,37,47,6,41,False
3,Lowest point so far,>= -5.68862,-5.688622754491007,39,38,1,47,41,6,False
3,Lowest point so far,<= -5.49133,-5.49132947976878,39,3,36,47,6,41,False
3,Lowest point so far,>= -5.49133,-5.49132947976878,39,37,2,47,41,6,False
3,Lowest point so far,<= -5.04202,-5.0420168067227,39,3,36,47,7,40,False
3,Lowest point so far,>= -5.04202,-5.0420168067227,39,36,3,47,41,6,False
3,Lowest point so far,<= -4.72441,-4.7244094488189035,39,4,35,47,7,40,False
3,Lowest point so far,>= -4.72441,-4.7244094488189035,39,36,3,47,40,7,False
3,Lowest point so far,<= -4.38596,-4.3859649122806985,39,4,35,47,8,39,False
3,Lowest point so far,>= -4.38596,-4.3859649122806985,39,35,4,47,40,7,False
3,Lowest point so far,<= -4.37436,-4.374364191251274,39,5,34,47,8,39,False
3,Lowest point so far,>= -4.37436,-4.374364191251274,39,35,4,47,39,8,False
3,Lowest point so far,<= -4.32191,-4.321907600596134,39,6,33,47,8,39,False
3,Lowest point so far,>= -4.32191,-4.321907600596134,39,34,5,47,39,8,False
3,Lowest point so far,<= -4.20561,-4.205607476635535,39,6,33,47,9,38,False
3,Lowest point so far,>= -4.20561,-4.205607476635535,39,33,6,47,39,8,False
3,Lowest point so far,<= -4.14201,-4.1420118343195185,39,6,33,47,10,37,False
3,Lowest point so far,>= -4.14201,-4.1420118343195185,39,33,6,47,38,9,False
3,Lowest point so far,<= -3.76045,-3.760445682451248,39,7,32,47,10,37,False
3,Lowest point so far,>= -3.76045,-3.760445682451248,39,33,6,47,37,10,False
3,Lowest point so far,<= -3.65344,-3.6534446764091797,39,7,32,47,11,36,False
3,Lowest point so far,>= -3.65344,-3.6534446764091797,39,32,7,47,37,10,False
3,Lowest point so far,<= -3.53982,-3.539823008849538,39,7,32,47,12,35,False
3,Lowest point so far,>= -3.53982,-3.539823008849538,39,32,7,47,36,11,False
3,Lowest point so far,<= -3.51759,-3.517587939698501,39,7,32,47,13,34,False
3,Lowest point so far,>= -3.51759,-3.517587939698501,39,32,7,47,35,12,False
3,Lowest point so far,<= -3.28638,-3.2863849765258095,39,8,31,47,13,34,False
3,Lowest point so far,>= -3.28638,-3.2863849765258095,39,32,7,47,34,13,False
3,Lowest point so far,<= -3.26797,-3.267973856209153,39,8,31,47,14,33,False
3,Lowest point so far,>= -3.26797,-3.267973856209153,39,31,8,47,34,13,False
3,Lowest point so far,<= -3.25077,-3.2507739938080533,39,9,30,47,14,33,False
3,Lowest point so far,>= -3.25077,-3.2507739938080533,39,31,8,47,33,14,False
3,Lowest point so far,<= -3.16901,-3.1690140845070403,39,9,30,47,15,32,False
3,Lowest point so far,>= -3.16901,-3.1690140845070403,39,30,9,47,33,14,False
3,Lowest point so far,<= -3.14961,-3.149606299212607,39,9,30,47,16,31,False
3,Lowest point so far,>= -3.14961,-3.149606299212607,39,30,9,47,32,15,False
3,Lowest point so far,<= -2.86624,-2.866242038216569,39,10,29,47,16,31,False
3,Lowest point so far,>= -2.86624,-2.866242038216569,39,30,9,47,31,16,False
3,Lowest point so far,<= -2.7027,-2.702702702702709,39,10,29,47,17,30,False
3,Lowest point so far,>= -2.7027,-2.702702702702709,39,29,10,47,31,16,False
3,Lowest point so far,<= -2.6455,-2.6455026455026456,39,11,28,47,17,30,False
3,Lowest point so far,>= -2.6455,-2.6455026455026456,39,29,10,47,30,17,False
3,Lowest point so far,<= -2.60973,-2.6097271648873033,39,12,27,47,17,30,False
3,Lowest point so far,>= -2.60973,-2.6097271648873033,39,28,11,47,30,17,False
3,Lowest point so far,<= -2.59179,-2.5917926565874723,39,12,27,47,18,29,False
3,Lowest point so far,>= -2.59179,-2.5917926565874723,39,27,12,47,30,17,False
3,Lowest point so far,<= -2.58621,-2.5862068965517295,39,13,26,47,18,29,False
3,Lowest point so far,>= -2.58621,-2.5862068965517295,39,27,12,47,29,18,False
3,Lowest point so far,<= -2.5,-2.5,39,14,25,47,18,29,False
3,Lowest point so far,>= -2.5,-2.5,39,26,13,47,29,18,False
3,Lowest point so far,<= -2.45399,-2.4539877300613284,39,15,24,47,18,29,False
3,Lowest point so far,>= -2.45399,-2.4539877300613284,39,25,14,47,29,18,False
3,Lowest point so far,<= -2.4,-2.4000000000000057,39,15,24,47,19,28,False
3,Lowest point so far,>= -2.4,-2.4000000000000057,39,24,15,47,29,18,False
3,Lowest point so far,<= -2.38095,-2.3809523809523796,39,15,24,47,20,27,False
3,Lowest point so far,>= -2.38095,-2.3809523809523796,39,24,15,47,28,19,False
3,Lowest point so far,<= -2.19298,-2.192982456140342,39,15,24,47,21,26,False
3,Lowest point so far,>= -2.19298,-2.192982456140342,39,24,15,47,27,20,False
3,Lowest point so far,<= -2.09205,-2.092050209205027,39,16,23,47,21,26,False
3,Lowest point so far,>= -2.09205,-2.092050209205027,39,24,15,47,26,21,False
3,Lowest point so far,<= -2.07756,-2.0775623268697956,39,16,23,47,22,25,False
3,Lowest point so far,>= -2.07756,-2.0775623268697956,39,23,16,47,26,21,False
3,Lowest point so far,<= -2.05128,-2.051282051282058,39,16,23,47,23,24,False
3,Lowest point so far,>= -2.05128,-2.051282051282058,39,23,16,47,25,22,False
3,Lowest point so far,<= -2.03762,-2.037617554858926,39,16,23,47,24,23,False
3,Lowest point so far,>= -2.03762,-2.037617554858926,39,23,16,47,24,23,False
3,Lowest point so far,<= -2.01005,-2.010050251256274,39,17,22,47,24,23,False
3,Lowest point so far,>= -2.01005,-2.010050251256274,39,23,16,47,23,24,False
3,Lowest point so far,<= -1.97044,-1.9704433497536797,39,18,21,47,24,23,False
3,Lowest point so far,>= -1.97044,-1.9704433497536797,39,22,17,47,23,24,False
3,Lowest point so far,<= -1.95599,-1.9559902200489034,39,18,21,47,25,22,False
3,Lowest point so far,>= -1.95599,-1.9559902200489034,39,21,18,47,23,24,False
3,Lowest point so far,<= -1.81818,-1.818181818181813,39,18,21,47,26,21,False
3,Lowest point so far,>= -1.81818,-1.818181818181813,39,21,18,47,22,25,False
3,Lowest point so far,<= -1.80412,-1.8041237113401962,39,19,20,47,26,21,False
3,Lowest point so far,>= -1.80412,-1.8041237113401962,39,21,18,47,21,26,False
3,Lowest point so far,<= -1.78571,-1.7857142857142776,39,19,20,47,27,20,False
3,Lowest point so far,>= -1.78571,-1.7857142857142776,39,20,19,47,21,26,False
3,Lowest point so far,<= -1.76565,-1.7656500802568331,39,20,19,47,27,20,False
3,Lowest point so far,>= -1.76565,-1.7656500802568331,39,20,19,47,20,27,False
3,Lowest point so far,<= -1.76471,-1.764705882352942,39,20,19,47,28,19,False
3,Lowest point so far,>= -1.76471,-1.764705882352942,39,19,20,47,20,27,False
3,Lowest point so far,<= -1.76322,-1.763224181360215,39,21,18,47,28,19,False
3,Lowest point so far,>= -1.76322,-1.763224181360215,39,19,20,47,19,28,False
3,Lowest point so far,<= -1.63934,-1.639344262295083,39,22,17,47,28,19,False
3,Lowest point so far,>= -1.63934,-1.639344262295083,39,18,21,47,19,28,False
3,Lowest point so far,<= -1.53846,-1.5384615384615472,39,22,17,47,29,18,False
3,Lowest point so far,>= -1.53846,-1.5384615384615472,39,17,22,47,19,28,False
3,Lowest point so far,<= -1.51515,-1.5151515151515156,39,23,16,47,29,18,False
3,Lowest point so far,>= -1.51515,-1.5151515151515156,39,17,22,47,18,29,False
3,Lowest point so far,<= -1.47783,-1.4778325123152598,39,23,16,47,30,17,False
3,Lowest point so far,>= -1.47783,-1.4778325123152598,39,16,23,47,18,29,False
3,Lowest point so far,<= -1.43541,-1.4354066985645773,39,24,15,47,30,17,False
3,Lowest point so far,>= -1.43541,-1.4354066985645773,39,16,23,47,17,30,False
3,Lowest point so far,<= -1.41956,-1.4195583596214476,39,25,14,47,30,17,False
3,Lowest point so far,>= -1.41956,-1.4195583596214476,39,15,24,47,17,30,False
3,Lowest point so far,<= -1.40406,-1.4040561622464907,39,26,13,47,30,17,False
3,Lowest point so far,>= -1.40406,-1.4040561622464907,39,14,25,47,17,30,False
3,Lowest point so far,<= -1.3986,-1.3986013986014,39,27,12,47,30,17,False
3,Lowest point so far,>= -1.3986,-1.3986013986014,39,13,26,47,17,30,False
3,Lowest point so far,<= -1.36571,-1.3657056145675313,39,28,11,47,30,17,False
3,Lowest point so far,>= -1.36571,-1.3657056145675313,39,12,27,47,17,30,False
3,Lowest point so far,<= -1.35135,-1.3513513513513544,39,28,11,47,31,16,False
3,Lowest point so far,>= -1.35135,-1.3513513513513544,39,11,28,47,17,30,False
3,Lowest point so far,<= -1.33779,-1.337792642140471,39,28,11,47,32,15,False
3,Lowest point so far,>= -1.33779,-1.337792642140471,39,11,28,47,16,31,False
3,Lowest point so far,<= -1.31579,-1.3157894736842053,39,28,11,47,33,14,False
3,Lowest point so far,>= -1.31579,-1.3157894736842053,39,11,28,47,15,32,False
3,Lowest point so far,<= -1.28205,-1.2820512820512704,39,29,10,47,33,14,False
3,Lowest point so far,>= -1.28205,-1.2820512820512704,39,11,28,47,14,33,False
3,Lowest point so far,<= -1.26984,-1.2698412698412795,39,29,10,47,34,13,False
3,Lowest point so far,>= -1.26984,-1.2698412698412795,39,10,29,47,14,33,False
3,Lowest point so far,<= -1.24069,-1.2406947890818998,39,29,10,47,35,12,False
3,Lowest point so far,>= -1.24069,-1.2406947890818998,39,10,29,47,13,34,False
3,Lowest point so far,<= -1.14943,-1.1494252873563227,39,30,9,47,35,12,False
3,Lowest point so far,>= -1.14943,-1.1494252873563227,39,10,29,47,12,35,False
3,Lowest point so far,<= -1.12782,-1.127819548872182,39,31,8,47,35,12,False
3,Lowest point so far,>= -1.12782,-1.127819548872182,39,9,30,47,12,35,False
3,Lowest point so far,<= -1.06952,-1.069518716577548,39,31,8,47,36,11,False
3,Lowest point so far,>= -1.06952,-1.069518716577548,39,8,31,47,12,35,False
3,Lowest point so far,<= -1.05566,-1.0556621880998023,39,32,7,47,36,11,False
3,Lowest point so far,>= -1.05566,-1.0556621880998023,39,8,31,47,11,36,False
3,Lowest point so far,<= -1.02564,-1.025641025641022,39,32,7,47,37,10,False
3,Lowest point so far,>= -1.02564,-1.025641025641022,39,7,32,47,11,36,False
3,Lowest point so far,<= -1.02041,-1.0204081632653015,39,33,6,47,37,10,False
3,Lowest point so far,>= -1.02041,-1.0204081632653015,39,7,32,47,10,37,False
3,Lowest point so far,<= -0.945946,-0.9459459459459509,39,34,5,47,37,10,False
3,Lowest point so far,>= -0.945946,-0.9459459459459509,39,6,33,47,10,37,False
3,Lowest point so far,<= -0.934579,-0.9345794392523317,39,34,5,47,38,9,False
3,Lowest point so far,>= -0.934579,-0.9345794392523317,39,5,34,47,10,37,False
3,Lowest point so far,<= -0.909091,-0.9090909090909207,39,34,5,47,39,8,False
3,Lowest point so far,>= -0.909091,-0.9090909090909207,39,5,34,47,9,38,False
3,Lowest point so far,<= -0.789474,-0.7894736842105203,39,34,5,47,40,7,False
3,Lowest point so far,>= -0.789474,-0.7894736842105203,39,5,34,47,8,39,False
3,Lowest point so far,<= -0.691244,-0.6912442396313452,39,34,5,47,41,6,False
3,Lowest point so far,>= -0.691244,-0.6912442396313452,39,5,34,47,7,40,False
3,Lowest point so far,<= -0.684932,-0.684931506849324,39,34,5,47,42,5,False
3,Lowest point so far,>= -0.684932,-0.684931506849324,39,5,34,47,6,41,False
3,Lowest point so far,<= -0.680272,-0.6802721088435391,39,35,4,47,42,5,False
3,Lowest point so far,>= -0.680272,-0.6802721088435391,39,5,34,47,5,42,False
3,Lowest point so far,<= -0.658979,-0.6589785831960455,39,36,3,47,42,5,False
3,Lowest point so far,>= -0.658979,-0.6589785831960455,39,4,35,47,5,42,False
3,Lowest point so far,<= -0.603136,-0.6031363088057731,39,36,3,47,43,4,False
3,Lowest point so far,>= -0.603136,-0.6031363088057731,39,3,36,47,5,42,False
3,Lowest point so far,<= -0.518135,-0.5181347150259086,39,37,2,47,43,4,False
3,Lowest point so far,>= -0.518135,-0.5181347150259086,39,3,36,47,4,43,False
3,Lowest point so far,<= -0.485437,-0.4854368932038966,39,38,1,47,43,4,False
3,Lowest point so far,>= -0.485437,-0.4854368932038966,39,2,37,47,4,43,False
3,Lowest point so far,<= -0.4329,-0.4329004329004391,39,38,1,47,44,3,False
3,Lowest point so far,>= -0.4329,-0.4329004329004391,39,1,38,47,4,43,False
3,Lowest point so far,<= -0.371747,-0.37174721189589377,39,38,1,47,45,2,False
3,Lowest point so far,>= -0.371747,-0.37174721189589377,39,1,38,47,3,44,False
3,Lowest point so far,<= -0.271003,-0.27100271002709064,39,39,0,47,45,2,False
3,Lowest point so far,>= -0.271003,-0.27100271002709064,39,1,38,47,2,45,False
3,Lowest point so far,<= -0.231481,-0.23148148148149517,39,39,0,47,46,1,False
3,Lowest point so far,>= -0.231481,-0.23148148148149517,39,0,39,47,2,45,False
3,Lowest point so far,<= -0.228833,-0.2288329519450798,39,39,0,47,47,0,False
3,Lowest point so far,>= -0.228833,-0.2288329519450798,39,0,39,47,1,46,False
3,Consecutive new-low minutes,<= +0,0.0,39,33,6,47,31,16,False
3,Consecutive new-low minutes,>= +0,0.0,39,39,0,47,47,0,False
3,Consecutive new-low minutes,<= +1,1.0,39,37,2,47,39,8,False
3,Consecutive new-low minutes,>= +1,1.0,39,6,33,47,16,31,False
3,Consecutive new-low minutes,<= +2,2.0,39,39,0,47,47,0,False
3,Consecutive new-low minutes,>= +2,2.0,39,2,37,47,8,39,False
3,Touched +2%,is True,True,39,11,28,47,10,37,False
3,Touched +2%,is False,False,39,28,11,47,37,10,False
3,Touched -3%,is True,True,39,9,30,47,16,31,False
3,Touched -3%,is False,False,39,30,9,47,31,16,False
3,Latest minute made new low,is True,True,39,6,33,47,16,31,False
3,Latest minute made new low,is False,False,39,33,6,47,31,16,False
3,Every minute made new low,is True,True,39,2,37,47,8,39,False
3,Every minute made new low,is False,False,39,37,2,47,39,8,False
3,Last bar direction,is up,up,39,16,23,47,13,34,False
3,Last bar direction,is down,down,39,22,17,47,30,17,False
3,Last bar direction,is flat,flat,39,1,38,47,4,43,False
5,Price vs entry,<= -17.6218,-17.621776504297998,39,0,39,47,1,46,False
5,Price vs entry,>= -17.6218,-17.621776504297998,39,39,0,47,47,0,False
5,Price vs entry,<= -12.8329,-12.832929782082331,39,0,39,47,2,45,False
5,Price vs entry,>= -12.8329,-12.832929782082331,39,39,0,47,46,1,False
5,Price vs entry,<= -9.37143,-9.37142857142858,39,0,39,47,3,44,False
5,Price vs entry,>= -9.37143,-9.37142857142858,39,39,0,47,45,2,False
5,Price vs entry,<= -7.32143,-7.321428571428555,39,0,39,47,4,43,False
5,Price vs entry,>= -7.32143,-7.321428571428555,39,39,0,47,44,3,False
5,Price vs entry,<= -6.50888,-6.508875739644964,39,0,39,47,5,42,False
5,Price vs entry,>= -6.50888,-6.508875739644964,39,39,0,47,43,4,False
5,Price vs entry,<= -6.33803,-6.3380281690140805,39,0,39,47,6,41,False
5,Price vs entry,>= -6.33803,-6.3380281690140805,39,39,0,47,42,5,False
5,Price vs entry,<= -5.62347,-5.623471882640587,39,0,39,47,7,40,False
5,Price vs entry,>= -5.62347,-5.623471882640587,39,39,0,47,41,6,False
5,Price vs entry,<= -5.60748,-5.607476635514018,39,0,39,47,8,39,False
5,Price vs entry,>= -5.60748,-5.607476635514018,39,39,0,47,40,7,False
5,Price vs entry,<= -5.30973,-5.309734513274321,39,0,39,47,9,38,False
5,Price vs entry,>= -5.30973,-5.309734513274321,39,39,0,47,39,8,False
5,Price vs entry,<= -5.2459,-5.245901639344254,39,0,39,47,10,37,False
5,Price vs entry,>= -5.2459,-5.245901639344254,39,39,0,47,38,9,False
5,Price vs entry,<= -3.9666,-3.9665970772442734,39,0,39,47,11,36,False
5,Price vs entry,>= -3.9666,-3.9665970772442734,39,39,0,47,37,10,False
5,Price vs entry,<= -3.78151,-3.7815126050420105,39,0,39,47,12,35,False
5,Price vs entry,>= -3.78151,-3.7815126050420105,39,39,0,47,36,11,False
5,Price vs entry,<= -3.6036,-3.6036036036036165,39,0,39,47,13,34,False
5,Price vs entry,>= -3.6036,-3.6036036036036165,39,39,0,47,35,12,False
5,Price vs entry,<= -3.56037,-3.5603715170278605,39,1,38,47,13,34,False
5,Price vs entry,>= -3.56037,-3.5603715170278605,39,39,0,47,34,13,False
5,Price vs entry,<= -3.14961,-3.149606299212607,39,2,37,47,13,34,False
5,Price vs entry,>= -3.14961,-3.149606299212607,39,38,1,47,34,13,False
5,Price vs entry,<= -3.07692,-3.0769230769230944,39,3,36,47,13,34,False
5,Price vs entry,>= -3.07692,-3.0769230769230944,39,37,2,47,34,13,False
5,Price vs entry,<= -2.72727,-2.7272727272727337,39,3,36,47,14,33,False
5,Price vs entry,>= -2.72727,-2.7272727272727337,39,36,3,47,34,13,False
5,Price vs entry,<= -2.72374,-2.7237354085603016,39,3,36,47,15,32,False
5,Price vs entry,>= -2.72374,-2.7237354085603016,39,36,3,47,33,14,False
5,Price vs entry,<= -2.64496,-2.6449643947100725,39,4,35,47,15,32,False
5,Price vs entry,>= -2.64496,-2.6449643947100725,39,36,3,47,32,15,False
5,Price vs entry,<= -2.63158,-2.631578947368425,39,4,35,47,16,31,False
5,Price vs entry,>= -2.63158,-2.631578947368425,39,35,4,47,32,15,False
5,Price vs entry,<= -2.56757,-2.567567567567579,39,5,34,47,16,31,False
5,Price vs entry,>= -2.56757,-2.567567567567579,39,35,4,47,31,16,False
5,Price vs entry,<= -2.5641,-2.564102564102569,39,5,34,47,17,30,False
5,Price vs entry,>= -2.5641,-2.564102564102569,39,34,5,47,31,16,False
5,Price vs entry,<= -2.51046,-2.5104602510460268,39,6,33,47,17,30,False
5,Price vs entry,>= -2.51046,-2.5104602510460268,39,34,5,47,30,17,False
5,Price vs entry,<= -2.3622,-2.3622047244094517,39,6,33,47,18,29,False
5,Price vs entry,>= -2.3622,-2.3622047244094517,39,33,6,47,30,17,False
5,Price vs entry,<= -2.3511,-2.351097178683375,39,6,33,47,19,28,False
5,Price vs entry,>= -2.3511,-2.351097178683375,39,33,6,47,29,18,False
5,Price vs entry,<= -1.96078,-1.9607843137254974,39,6,33,47,20,27,False
5,Price vs entry,>= -1.96078,-1.9607843137254974,39,33,6,47,28,19,False
5,Price vs entry,<= -1.84332,-1.8433179723502349,39,6,33,47,21,26,False
5,Price vs entry,>= -1.84332,-1.8433179723502349,39,33,6,47,27,20,False
5,Price vs entry,<= -1.84049,-1.8404907975459963,39,7,32,47,21,26,False
5,Price vs entry,>= -1.84049,-1.8404907975459963,39,33,6,47,26,21,False
5,Price vs entry,<= -1.76471,-1.764705882352942,39,7,32,47,22,25,False
5,Price vs entry,>= -1.76471,-1.764705882352942,39,32,7,47,26,21,False
5,Price vs entry,<= -1.7316,-1.731601731601728,39,7,32,47,23,24,False
5,Price vs entry,>= -1.7316,-1.731601731601728,39,32,7,47,25,22,False
5,Price vs entry,<= -1.59236,-1.5923566878981035,39,8,31,47,23,24,False
5,Price vs entry,>= -1.59236,-1.5923566878981035,39,32,7,47,24,23,False
5,Price vs entry,<= -1.50376,-1.5037593984962427,39,9,30,47,23,24,False
5,Price vs entry,>= -1.50376,-1.5037593984962427,39,31,8,47,24,23,False
5,Price vs entry,<= -1.48883,-1.4888337468982655,39,9,30,47,24,23,False
5,Price vs entry,>= -1.48883,-1.4888337468982655,39,30,9,47,24,23,False
5,Price vs entry,<= -1.45631,-1.4563106796116614,39,10,29,47,24,23,False
5,Price vs entry,>= -1.45631,-1.4563106796116614,39,30,9,47,23,24,False
5,Price vs entry,<= -1.41956,-1.4195583596214476,39,11,28,47,24,23,False
5,Price vs entry,>= -1.41956,-1.4195583596214476,39,29,10,47,23,24,False
5,Price vs entry,<= -1.40187,-1.401869158878526,39,11,28,47,25,22,False
5,Price vs entry,>= -1.40187,-1.401869158878526,39,28,11,47,23,24,False
5,Price vs entry,<= -1.35135,-1.3513513513513544,39,11,28,47,26,21,False
5,Price vs entry,>= -1.35135,-1.3513513513513544,39,28,11,47,22,25,False
5,Price vs entry,<= -1.33779,-1.337792642140471,39,11,28,47,27,20,False
5,Price vs entry,>= -1.33779,-1.337792642140471,39,28,11,47,21,26,False
5,Price vs entry,<= -1.1236,-1.1235955056179847,39,12,27,47,27,20,False
5,Price vs entry,>= -1.1236,-1.1235955056179847,39,28,11,47,20,27,False
5,Price vs entry,<= -1.08565,-1.085645355850417,39,12,27,47,28,19,False
5,Price vs entry,>= -1.08565,-1.085645355850417,39,27,12,47,20,27,False
5,Price vs entry,<= -1.06952,-1.069518716577548,39,12,27,47,29,18,False
5,Price vs entry,>= -1.06952,-1.069518716577548,39,27,12,47,19,28,False
5,Price vs entry,<= -1.05263,-1.05263157894737,39,12,27,47,30,17,False
5,Price vs entry,>= -1.05263,-1.05263157894737,39,27,12,47,18,29,False
5,Price vs entry,<= -1.00756,-1.0075566750629719,39,13,26,47,30,17,False
5,Price vs entry,>= -1.00756,-1.0075566750629719,39,27,12,47,17,30,False
5,Price vs entry,<= -1.00503,-1.0050251256281513,39,14,25,47,30,17,False
5,Price vs entry,>= -1.00503,-1.0050251256281513,39,26,13,47,17,30,False
5,Price vs entry,<= -0.909091,-0.9090909090909207,39,14,25,47,31,16,False
5,Price vs entry,>= -0.909091,-0.9090909090909207,39,25,14,47,17,30,False
5,Price vs entry,<= -0.863931,-0.8639308855291574,39,14,25,47,32,15,False
5,Price vs entry,>= -0.863931,-0.8639308855291574,39,25,14,47,16,31,False
5,Price vs entry,<= -0.862069,-0.8620689655172384,39,15,24,47,32,15,False
5,Price vs entry,>= -0.862069,-0.8620689655172384,39,25,14,47,15,32,False
5,Price vs entry,<= -0.8,-0.7999999999999972,39,15,24,47,33,14,False
5,Price vs entry,>= -0.8,-0.7999999999999972,39,24,15,47,15,32,False
5,Price vs entry,<= -0.765306,-0.7653061224489761,39,16,23,47,33,14,False
5,Price vs entry,>= -0.765306,-0.7653061224489761,39,24,15,47,14,33,False
5,Price vs entry,<= -0.694444,-0.6944444444444571,39,16,23,47,34,13,False
5,Price vs entry,>= -0.694444,-0.6944444444444571,39,23,16,47,14,33,False
5,Price vs entry,<= -0.689655,-0.6896551724137794,39,17,22,47,34,13,False
5,Price vs entry,>= -0.689655,-0.6896551724137794,39,23,16,47,13,34,False
5,Price vs entry,<= -0.680272,-0.6802721088435391,39,18,21,47,34,13,False
5,Price vs entry,>= -0.680272,-0.6802721088435391,39,22,17,47,13,34,False
5,Price vs entry,<= -0.658979,-0.6589785831960455,39,19,20,47,34,13,False
5,Price vs entry,>= -0.658979,-0.6589785831960455,39,21,18,47,13,34,False
5,Price vs entry,<= -0.529101,-0.529100529100532,39,20,19,47,34,13,False
5,Price vs entry,>= -0.529101,-0.529100529100532,39,20,19,47,13,34,False
5,Price vs entry,<= -0.438596,-0.4385964912280542,39,20,19,47,35,12,False
5,Price vs entry,>= -0.438596,-0.4385964912280542,39,19,20,47,13,34,False
5,Price vs entry,<= -0.228833,-0.2288329519450798,39,20,19,47,36,11,False
5,Price vs entry,>= -0.228833,-0.2288329519450798,39,19,20,47,12,35,False
5,Price vs entry,<= -0.151745,-0.15174506828527967,39,21,18,47,36,11,False
5,Price vs entry,>= -0.151745,-0.15174506828527967,39,19,20,47,11,36,False
5,Price vs entry,<= +0,0.0,39,22,17,47,41,6,False
5,Price vs entry,>= +0,0.0,39,18,21,47,11,36,False
5,Price vs entry,<= +0.139276,0.13927576601673763,39,23,16,47,41,6,False
5,Price vs entry,>= +0.139276,0.13927576601673763,39,17,22,47,6,41,False
5,Price vs entry,<= +0.15873,0.15873015873015106,39,23,16,47,42,5,False
5,Price vs entry,>= +0.15873,0.15873015873015106,39,16,23,47,6,41,False
5,Price vs entry,<= +0.273224,0.2732240437158424,39,24,15,47,42,5,False
5,Price vs entry,>= +0.273224,0.2732240437158424,39,16,23,47,5,42,False
5,Price vs entry,<= +0.4329,0.4329004329004249,39,24,15,47,43,4,False
5,Price vs entry,>= +0.4329,0.4329004329004249,39,15,24,47,5,42,False
5,Price vs entry,<= +0.502513,0.5025125628140614,39,24,15,47,44,3,False
5,Price vs entry,>= +0.502513,0.5025125628140614,39,15,24,47,4,43,False
5,Price vs entry,<= +0.518135,0.5181347150259086,39,25,14,47,44,3,False
5,Price vs entry,>= +0.518135,0.5181347150259086,39,15,24,47,3,44,False
5,Price vs entry,<= +0.59312,0.5931198102016708,39,26,13,47,44,3,False
5,Price vs entry,>= +0.59312,0.5931198102016708,39,14,25,47,3,44,False
5,Price vs entry,<= +0.624025,0.6240249609984545,39,27,12,47,44,3,False
5,Price vs entry,>= +0.624025,0.6240249609984545,39,13,26,47,3,44,False
5,Price vs entry,<= +0.831025,0.8310249307479296,39,27,12,47,45,2,False
5,Price vs entry,>= +0.831025,0.8310249307479296,39,12,27,47,3,44,False
5,Price vs entry,<= +1.06061,1.0606060606060765,39,28,11,47,45,2,False
5,Price vs entry,>= +1.06061,1.0606060606060765,39,12,27,47,2,45,False
5,Price vs entry,<= +1.06838,1.0683760683760823,39,29,10,47,45,2,False
5,Price vs entry,>= +1.06838,1.0683760683760823,39,11,28,47,2,45,False
5,Price vs entry,<= +1.15607,1.1560693641618656,39,30,9,47,45,2,False
5,Price vs entry,>= +1.15607,1.1560693641618656,39,10,29,47,2,45,False
5,Price vs entry,<= +1.41753,1.4175257731958766,39,31,8,47,45,2,False
5,Price vs entry,>= +1.41753,1.4175257731958766,39,9,30,47,2,45,False
5,Price vs entry,<= +1.53846,1.538461538461533,39,31,8,47,46,1,False
5,Price vs entry,>= +1.53846,1.538461538461533,39,8,31,47,2,45,False
5,Price vs entry,<= +2.05128,2.051282051282044,39,31,8,47,47,0,False
5,Price vs entry,>= +2.05128,2.051282051282044,39,8,31,47,1,46,False
5,Price vs entry,<= +2.23547,2.2354694485842117,39,32,7,47,47,0,False
5,Price vs entry,>= +2.23547,2.2354694485842117,39,8,31,47,0,47,False
5,Price vs entry,<= +2.46305,2.463054187192128,39,33,6,47,47,0,False
5,Price vs entry,>= +2.46305,2.463054187192128,39,7,32,47,0,47,False
5,Price vs entry,<= +2.69461,2.694610778443135,39,34,5,47,47,0,False
5,Price vs entry,>= +2.69461,2.694610778443135,39,6,33,47,0,47,False
5,Price vs entry,<= +3.25,3.25,39,35,4,47,47,0,False
5,Price vs entry,>= +3.25,3.25,39,5,34,47,0,47,False
5,Price vs entry,<= +3.28638,3.2863849765258237,39,36,3,47,47,0,False
5,Price vs entry,>= +3.28638,3.2863849765258237,39,4,35,47,0,47,False
5,Price vs entry,<= +5.14905,5.149051490514893,39,37,2,47,47,0,False
5,Price vs entry,>= +5.14905,5.149051490514893,39,3,36,47,0,47,False
5,Price vs entry,<= +6.33397,6.333973128598842,39,38,1,47,47,0,False
5,Price vs entry,>= +6.33397,6.333973128598842,39,2,37,47,0,47,False
5,Price vs entry,<= +6.40138,6.401384083044974,39,39,0,47,47,0,False
5,Price vs entry,>= +6.40138,6.401384083044974,39,1,38,47,0,47,False
5,Highest point so far,<= -2.04678,-2.0467836257309813,39,0,39,47,1,46,False
5,Highest point so far,>= -2.04678,-2.0467836257309813,39,39,0,47,47,0,False
5,Highest point so far,<= -1.68224,-1.6822429906542027,39,0,39,47,2,45,False
5,Highest point so far,>= -1.68224,-1.6822429906542027,39,39,0,47,46,1,False
5,Highest point so far,<= -0.909091,-0.9090909090909207,39,0,39,47,3,44,False
5,Highest point so far,>= -0.909091,-0.9090909090909207,39,39,0,47,45,2,False
5,Highest point so far,<= -0.900901,-0.9009009009009077,39,0,39,47,4,43,False
5,Highest point so far,>= -0.900901,-0.9009009009009077,39,39,0,47,44,3,False
5,Highest point so far,<= -0.884956,-0.8849557522123632,39,0,39,47,5,42,False
5,Highest point so far,>= -0.884956,-0.8849557522123632,39,39,0,47,43,4,False
5,Highest point so far,<= -0.835073,-0.8350730688935357,39,0,39,47,6,41,False
5,Highest point so far,>= -0.835073,-0.8350730688935357,39,39,0,47,42,5,False
5,Highest point so far,<= -0.630915,-0.6309148264984117,39,1,38,47,6,41,False
5,Highest point so far,>= -0.630915,-0.6309148264984117,39,39,0,47,41,6,False
5,Highest point so far,<= -0.591716,-0.5917159763313578,39,1,38,47,7,40,False
5,Highest point so far,>= -0.591716,-0.5917159763313578,39,38,1,47,41,6,False
5,Highest point so far,<= -0.534759,-0.5347593582887669,39,1,38,47,8,39,False
5,Highest point so far,>= -0.534759,-0.5347593582887669,39,38,1,47,40,7,False
5,Highest point so far,<= -0.502513,-0.5025125628140756,39,2,37,47,8,39,False
5,Highest point so far,>= -0.502513,-0.5025125628140756,39,38,1,47,39,8,False
5,Highest point so far,<= -0.496278,-0.4962779156327741,39,2,37,47,9,38,False
5,Highest point so far,>= -0.496278,-0.4962779156327741,39,37,2,47,39,8,False
5,Highest point so far,<= -0.460829,-0.4608294930875445,39,2,37,47,10,37,False
5,Highest point so far,>= -0.460829,-0.4608294930875445,39,37,2,47,38,9,False
5,Highest point so far,<= -0.4329,-0.4329004329004391,39,2,37,47,11,36,False
5,Highest point so far,>= -0.4329,-0.4329004329004391,39,37,2,47,37,10,False
5,Highest point so far,<= -0.420168,-0.42016806722688216,39,2,37,47,12,35,False
5,Highest point so far,>= -0.420168,-0.42016806722688216,39,37,2,47,36,11,False
5,Highest point so far,<= -0.41841,-0.41841004184101394,39,3,36,47,12,35,False
5,Highest point so far,>= -0.41841,-0.41841004184101394,39,37,2,47,35,12,False
5,Highest point so far,<= -0.326797,-0.326797385620921,39,3,36,47,13,34,False
5,Highest point so far,>= -0.326797,-0.326797385620921,39,36,3,47,35,12,False
5,Highest point so far,<= -0.309598,-0.30959752321980716,39,4,35,47,13,34,False
5,Highest point so far,>= -0.309598,-0.30959752321980716,39,36,3,47,34,13,False
5,Highest point so far,<= -0.27972,-0.27972027972028,39,5,34,47,13,34,False
5,Highest point so far,>= -0.27972,-0.27972027972028,39,35,4,47,34,13,False
5,Highest point so far,<= -0.251889,-0.2518891687657572,39,6,33,47,13,34,False
5,Highest point so far,>= -0.251889,-0.2518891687657572,39,34,5,47,34,13,False
5,Highest point so far,<= -0.242131,-0.24213075060531253,39,6,33,47,14,33,False
5,Highest point so far,>= -0.242131,-0.24213075060531253,39,33,6,47,34,13,False
5,Highest point so far,<= -0.228833,-0.2288329519450798,39,6,33,47,15,32,False
5,Highest point so far,>= -0.228833,-0.2288329519450798,39,33,6,47,33,14,False
5,Highest point so far,<= -0.215983,-0.21598272138227514,39,6,33,47,16,31,False
5,Highest point so far,>= -0.215983,-0.21598272138227514,39,33,6,47,32,15,False
5,Highest point so far,<= -0.151745,-0.15174506828527967,39,7,32,47,16,31,False
5,Highest point so far,>= -0.151745,-0.15174506828527967,39,33,6,47,31,16,False
5,Highest point so far,<= +0,0.0,39,10,29,47,19,28,False
5,Highest point so far,>= +0,0.0,39,32,7,47,31,16,False
5,Highest point so far,<= +0.229885,0.22988505747127874,39,11,28,47,19,28,False
5,Highest point so far,>= +0.229885,0.22988505747127874,39,29,10,47,28,19,False
5,Highest point so far,<= +0.231481,0.23148148148146674,39,11,28,47,20,27,False
5,Highest point so far,>= +0.231481,0.23148148148146674,39,28,11,47,28,19,False
5,Highest point so far,<= +0.263158,0.2631578947368496,39,11,28,47,21,26,False
5,Highest point so far,>= +0.263158,0.2631578947368496,39,28,11,47,27,20,False
5,Highest point so far,<= +0.318471,0.3184713375796093,39,12,27,47,21,26,False
5,Highest point so far,>= +0.318471,0.3184713375796093,39,28,11,47,26,21,False
5,Highest point so far,<= +0.342857,0.34285714285712743,39,12,27,47,22,25,False
5,Highest point so far,>= +0.342857,0.34285714285712743,39,27,12,47,26,21,False
5,Highest point so far,<= +0.438596,0.43859649122808264,39,12,27,47,23,24,False
5,Highest point so far,>= +0.438596,0.43859649122808264,39,27,12,47,25,22,False
5,Highest point so far,<= +0.45045,0.45045045045044674,39,12,27,47,24,23,False
5,Highest point so far,>= +0.45045,0.45045045045044674,39,27,12,47,24,23,False
5,Highest point so far,<= +0.508647,0.5086469989827265,39,13,26,47,24,23,False
5,Highest point so far,>= +0.508647,0.5086469989827265,39,27,12,47,23,24,False
5,Highest point so far,<= +0.512821,0.512820512820511,39,13,26,47,25,22,False
5,Highest point so far,>= +0.512821,0.512820512820511,39,26,13,47,23,24,False
5,Highest point so far,<= +0.518135,0.5181347150259086,39,14,25,47,25,22,False
5,Highest point so far,>= +0.518135,0.5181347150259086,39,26,13,47,22,25,False
5,Highest point so far,<= +0.765306,0.7653061224489761,39,15,24,47,25,22,False
5,Highest point so far,>= +0.765306,0.7653061224489761,39,25,14,47,22,25,False
5,Highest point so far,<= +0.787402,0.7874015748031411,39,16,23,47,25,22,False
5,Highest point so far,>= +0.787402,0.7874015748031411,39,24,15,47,22,25,False
5,Highest point so far,<= +0.823723,0.823723228995064,39,17,22,47,25,22,False
5,Highest point so far,>= +0.823723,0.823723228995064,39,23,16,47,22,25,False
5,Highest point so far,<= +0.882353,0.8823529411764639,39,17,22,47,26,21,False
5,Highest point so far,>= +0.882353,0.8823529411764639,39,22,17,47,22,25,False
5,Highest point so far,<= +0.892857,0.8928571428571672,39,17,22,47,27,20,False
5,Highest point so far,>= +0.892857,0.8928571428571672,39,22,17,47,21,26,False
5,Highest point so far,<= +1.25392,1.2539184952978104,39,17,22,47,28,19,False
5,Highest point so far,>= +1.25392,1.2539184952978104,39,22,17,47,20,27,False
5,Highest point so far,<= +1.28411,1.2841091492776826,39,18,21,47,28,19,False
5,Highest point so far,>= +1.28411,1.2841091492776826,39,22,17,47,19,28,False
5,Highest point so far,<= +1.33779,1.3377926421404425,39,18,21,47,29,18,False
5,Highest point so far,>= +1.33779,1.3377926421404425,39,21,18,47,19,28,False
5,Highest point so far,<= +1.36054,1.3605442176870781,39,19,20,47,29,18,False
5,Highest point so far,>= +1.36054,1.3605442176870781,39,21,18,47,18,29,False
5,Highest point so far,<= +1.39276,1.3927576601671348,39,20,19,47,29,18,False
5,Highest point so far,>= +1.39276,1.3927576601671348,39,20,19,47,18,29,False
5,Highest point so far,<= +1.43541,1.4354066985646057,39,21,18,47,29,18,False
5,Highest point so far,>= +1.43541,1.4354066985646057,39,19,20,47,18,29,False
5,Highest point so far,<= +1.44509,1.4450867052023142,39,22,17,47,29,18,False
5,Highest point so far,>= +1.44509,1.4450867052023142,39,18,21,47,18,29,False
5,Highest point so far,<= +1.45631,1.4563106796116472,39,23,16,47,29,18,False
5,Highest point so far,>= +1.45631,1.4563106796116472,39,17,22,47,18,29,False
5,Highest point so far,<= +1.53846,1.538461538461533,39,23,16,47,30,17,False
5,Highest point so far,>= +1.53846,1.538461538461533,39,16,23,47,18,29,False
5,Highest point so far,<= +1.5748,1.5748031496062964,39,23,16,47,31,16,False
5,Highest point so far,>= +1.5748,1.5748031496062964,39,16,23,47,17,30,False
5,Highest point so far,<= +1.74603,1.7460317460317611,39,23,16,47,32,15,False
5,Highest point so far,>= +1.74603,1.7460317460317611,39,16,23,47,16,31,False
5,Highest point so far,<= +1.81818,1.8181818181818272,39,23,16,47,33,14,False
5,Highest point so far,>= +1.81818,1.8181818181818272,39,16,23,47,15,32,False
5,Highest point so far,<= +1.84049,1.8404907975460247,39,24,15,47,33,14,False
5,Highest point so far,>= +1.84049,1.8404907975460247,39,16,23,47,14,33,False
5,Highest point so far,<= +1.92308,1.9230769230769198,39,25,14,47,33,14,False
5,Highest point so far,>= +1.92308,1.9230769230769198,39,15,24,47,14,33,False
5,Highest point so far,<= +1.94553,1.9455252918288153,39,25,14,47,34,13,False
5,Highest point so far,>= +1.94553,1.9455252918288153,39,14,25,47,14,33,False
5,Highest point so far,<= +1.95599,1.9559902200489034,39,25,14,47,35,12,False
5,Highest point so far,>= +1.95599,1.9559902200489034,39,14,25,47,13,34,False
5,Highest point so far,<= +2.00573,2.0057306590257866,39,25,14,47,36,11,False
5,Highest point so far,>= +2.00573,2.0057306590257866,39,14,25,47,12,35,False
5,Highest point so far,<= +2.05128,2.051282051282044,39,25,14,47,37,10,False
5,Highest point so far,>= +2.05128,2.051282051282044,39,14,25,47,11,36,False
5,Highest point so far,<= +2.17129,2.1712907117008626,39,25,14,47,38,9,False
5,Highest point so far,>= +2.17129,2.1712907117008626,39,14,25,47,10,37,False
5,Highest point so far,<= +2.4,2.4000000000000057,39,25,14,47,39,8,False
5,Highest point so far,>= +2.4,2.4000000000000057,39,14,25,47,9,38,False
5,Highest point so far,<= +2.53353,2.533532041728776,39,26,13,47,39,8,False
5,Highest point so far,>= +2.53353,2.533532041728776,39,14,25,47,8,39,False
5,Highest point so far,<= +2.63158,2.631578947368425,39,26,13,47,40,7,False
5,Highest point so far,>= +2.63158,2.631578947368425,39,13,26,47,8,39,False
5,Highest point so far,<= +2.73224,2.7322404371584526,39,27,12,47,40,7,False
5,Highest point so far,>= +2.73224,2.7322404371584526,39,13,26,47,7,40,False
5,Highest point so far,<= +2.87879,2.8787878787878753,39,28,11,47,40,7,False
5,Highest point so far,>= +2.87879,2.8787878787878753,39,12,27,47,7,40,False
5,Highest point so far,<= +2.95082,2.9508196721311606,39,28,11,47,41,6,False
5,Highest point so far,>= +2.95082,2.9508196721311606,39,11,28,47,7,40,False
5,Highest point so far,<= +2.95567,2.955665024630534,39,28,11,47,42,5,False
5,Highest point so far,>= +2.95567,2.955665024630534,39,11,28,47,6,41,False
5,Highest point so far,<= +2.96392,2.963917525773212,39,29,10,47,42,5,False
5,Highest point so far,>= +2.96392,2.963917525773212,39,11,28,47,5,42,False
5,Highest point so far,<= +3.34572,3.3457249070632002,39,29,10,47,43,4,False
5,Highest point so far,>= +3.34572,3.3457249070632002,39,10,29,47,5,42,False
5,Highest point so far,<= +3.51759,3.517587939698501,39,29,10,47,44,3,False
5,Highest point so far,>= +3.51759,3.517587939698501,39,10,29,47,4,43,False
5,Highest point so far,<= +3.73832,3.738317757009341,39,29,10,47,45,2,False
5,Highest point so far,>= +3.73832,3.738317757009341,39,10,29,47,3,44,False
5,Highest point so far,<= +3.73961,3.739612188365655,39,29,10,47,46,1,False
5,Highest point so far,>= +3.73961,3.739612188365655,39,10,29,47,2,45,False
5,Highest point so far,<= +3.94089,3.940886699507388,39,30,9,47,46,1,False
5,Highest point so far,>= +3.94089,3.940886699507388,39,10,29,47,1,46,False
5,Highest point so far,<= +4.62633,4.62633451957295,39,31,8,47,46,1,False
5,Highest point so far,>= +4.62633,4.62633451957295,39,9,30,47,1,46,False
5,Highest point so far,<= +4.7619,4.761904761904773,39,31,8,47,47,0,False
5,Highest point so far,>= +4.7619,4.761904761904773,39,8,31,47,1,46,False
5,Highest point so far,<= +5.30421,5.304212168486728,39,32,7,47,47,0,False
5,Highest point so far,>= +5.30421,5.304212168486728,39,8,31,47,0,47,False
5,Highest point so far,<= +6,6.0,39,33,6,47,47,0,False
5,Highest point so far,>= +6,6.0,39,7,32,47,0,47,False
5,Highest point so far,<= +6.57277,6.5727699530516475,39,34,5,47,47,0,False
5,Highest point so far,>= +6.57277,6.5727699530516475,39,6,33,47,0,47,False
5,Highest point so far,<= +6.71785,6.717850287907851,39,35,4,47,47,0,False
5,Highest point so far,>= +6.71785,6.717850287907851,39,5,34,47,0,47,False
5,Highest point so far,<= +6.92042,6.920415224913484,39,36,3,47,47,0,False
5,Highest point so far,>= +6.92042,6.920415224913484,39,4,35,47,0,47,False
5,Highest point so far,<= +7.58808,7.588075880758808,39,37,2,47,47,0,False
5,Highest point so far,>= +7.58808,7.588075880758808,39,3,36,47,0,47,False
5,Highest point so far,<= +7.97297,7.972972972972968,39,38,1,47,47,0,False
5,Highest point so far,>= +7.97297,7.972972972972968,39,2,37,47,0,47,False
5,Highest point so far,<= +10.479,10.47904191616766,39,39,0,47,47,0,False
5,Highest point so far,>= +10.479,10.47904191616766,39,1,38,47,0,47,False
5,Lowest point so far,<= -22.5182,-22.518159806295387,39,0,39,47,1,46,False
5,Lowest point so far,>= -22.5182,-22.518159806295387,39,39,0,47,47,0,False
5,Lowest point so far,<= -18.6246,-18.624641833810898,39,0,39,47,2,45,False
5,Lowest point so far,>= -18.6246,-18.624641833810898,39,39,0,47,46,1,False
5,Lowest point so far,<= -12.8,-12.799999999999997,39,0,39,47,3,44,False
5,Lowest point so far,>= -12.8,-12.799999999999997,39,39,0,47,45,2,False
5,Lowest point so far,<= -9.51557,-9.515570934256061,39,1,38,47,3,44,False
5,Lowest point so far,>= -9.51557,-9.515570934256061,39,39,0,47,44,3,False
5,Lowest point so far,<= -9.33852,-9.338521400778205,39,1,38,47,4,43,False
5,Lowest point so far,>= -9.33852,-9.338521400778205,39,38,1,47,44,3,False
5,Lowest point so far,<= -9.18033,-9.180327868852459,39,1,38,47,5,42,False
5,Lowest point so far,>= -9.18033,-9.180327868852459,39,38,1,47,43,4,False
5,Lowest point so far,<= -8.87574,-8.875739644970409,39,1,38,47,6,41,False
5,Lowest point so far,>= -8.87574,-8.875739644970409,39,38,1,47,42,5,False
5,Lowest point so far,<= -8.57143,-8.57142857142857,39,1,38,47,7,40,False
5,Lowest point so far,>= -8.57143,-8.57142857142857,39,38,1,47,41,6,False
5,Lowest point so far,<= -7.56757,-7.567567567567579,39,2,37,47,7,40,False
5,Lowest point so far,>= -7.56757,-7.567567567567579,39,38,1,47,40,7,False
5,Lowest point so far,<= -7.04225,-7.042253521126753,39,2,37,47,8,39,False
5,Lowest point so far,>= -7.04225,-7.042253521126753,39,37,2,47,40,7,False
5,Lowest point so far,<= -6.84597,-6.845965770171148,39,2,37,47,9,38,False
5,Lowest point so far,>= -6.84597,-6.845965770171148,39,37,2,47,39,8,False
5,Lowest point so far,<= -5.79439,-5.794392523364479,39,2,37,47,10,37,False
5,Lowest point so far,>= -5.79439,-5.794392523364479,39,37,2,47,38,9,False
5,Lowest point so far,<= -5.68862,-5.688622754491007,39,3,36,47,10,37,False
5,Lowest point so far,>= -5.68862,-5.688622754491007,39,37,2,47,37,10,False
5,Lowest point so far,<= -5.49133,-5.49132947976878,39,4,35,47,10,37,False
5,Lowest point so far,>= -5.49133,-5.49132947976878,39,36,3,47,37,10,False
5,Lowest point so far,<= -5.30973,-5.309734513274321,39,4,35,47,11,36,False
5,Lowest point so far,>= -5.30973,-5.309734513274321,39,35,4,47,37,10,False
5,Lowest point so far,<= -5.04202,-5.0420168067227,39,4,35,47,12,35,False
5,Lowest point so far,>= -5.04202,-5.0420168067227,39,35,4,47,36,11,False
5,Lowest point so far,<= -4.72441,-4.7244094488189035,39,5,34,47,12,35,False
5,Lowest point so far,>= -4.72441,-4.7244094488189035,39,35,4,47,35,12,False
5,Lowest point so far,<= -4.38596,-4.3859649122806985,39,5,34,47,13,34,False
5,Lowest point so far,>= -4.38596,-4.3859649122806985,39,34,5,47,35,12,False
5,Lowest point so far,<= -4.37436,-4.374364191251274,39,6,33,47,13,34,False
5,Lowest point so far,>= -4.37436,-4.374364191251274,39,34,5,47,34,13,False
5,Lowest point so far,<= -4.32191,-4.321907600596134,39,7,32,47,13,34,False
5,Lowest point so far,>= -4.32191,-4.321907600596134,39,33,6,47,34,13,False
5,Lowest point so far,<= -4.31755,-4.317548746518099,39,8,31,47,13,34,False
5,Lowest point so far,>= -4.31755,-4.317548746518099,39,32,7,47,34,13,False
5,Lowest point so far,<= -4.20561,-4.205607476635535,39,8,31,47,14,33,False
5,Lowest point so far,>= -4.20561,-4.205607476635535,39,31,8,47,34,13,False
5,Lowest point so far,<= -3.9666,-3.9665970772442734,39,8,31,47,15,32,False
5,Lowest point so far,>= -3.9666,-3.9665970772442734,39,31,8,47,33,14,False
5,Lowest point so far,<= -3.6036,-3.6036036036036165,39,8,31,47,16,31,False
5,Lowest point so far,>= -3.6036,-3.6036036036036165,39,31,8,47,32,15,False
5,Lowest point so far,<= -3.56037,-3.5603715170278605,39,9,30,47,16,31,False
5,Lowest point so far,>= -3.56037,-3.5603715170278605,39,31,8,47,31,16,False
5,Lowest point so far,<= -3.51759,-3.517587939698501,39,9,30,47,17,30,False
5,Lowest point so far,>= -3.51759,-3.517587939698501,39,30,9,47,31,16,False
5,Lowest point so far,<= -3.28638,-3.2863849765258095,39,10,29,47,17,30,False
5,Lowest point so far,>= -3.28638,-3.2863849765258095,39,30,9,47,30,17,False
5,Lowest point so far,<= -3.26797,-3.267973856209153,39,10,29,47,18,29,False
5,Lowest point so far,>= -3.26797,-3.267973856209153,39,29,10,47,30,17,False
5,Lowest point so far,<= -3.21678,-3.2167832167832273,39,11,28,47,18,29,False
5,Lowest point so far,>= -3.21678,-3.2167832167832273,39,29,10,47,29,18,False
5,Lowest point so far,<= -3.14961,-3.149606299212607,39,11,28,47,19,28,False
5,Lowest point so far,>= -3.14961,-3.149606299212607,39,28,11,47,29,18,False
5,Lowest point so far,<= -3.02548,-3.025477707006374,39,12,27,47,19,28,False
5,Lowest point so far,>= -3.02548,-3.025477707006374,39,28,11,47,28,19,False
5,Lowest point so far,<= -2.72873,-2.7287319422151057,39,13,26,47,19,28,False
5,Lowest point so far,>= -2.72873,-2.7287319422151057,39,27,12,47,28,19,False
5,Lowest point so far,<= -2.72727,-2.7272727272727337,39,13,26,47,20,27,False
5,Lowest point so far,>= -2.72727,-2.7272727272727337,39,26,13,47,28,19,False
5,Lowest point so far,<= -2.66458,-2.6645768025078382,39,13,26,47,21,26,False
5,Lowest point so far,>= -2.66458,-2.6645768025078382,39,26,13,47,27,20,False
5,Lowest point so far,<= -2.6455,-2.6455026455026456,39,14,25,47,21,26,False
5,Lowest point so far,>= -2.6455,-2.6455026455026456,39,26,13,47,26,21,False
5,Lowest point so far,<= -2.60973,-2.6097271648873033,39,15,24,47,21,26,False
5,Lowest point so far,>= -2.60973,-2.6097271648873033,39,25,14,47,26,21,False
5,Lowest point so far,<= -2.59179,-2.5917926565874723,39,15,24,47,22,25,False
5,Lowest point so far,>= -2.59179,-2.5917926565874723,39,24,15,47,26,21,False
5,Lowest point so far,<= -2.58621,-2.5862068965517295,39,16,23,47,22,25,False
5,Lowest point so far,>= -2.58621,-2.5862068965517295,39,24,15,47,25,22,False
5,Lowest point so far,<= -2.5641,-2.564102564102569,39,16,23,47,23,24,False
5,Lowest point so far,>= -2.5641,-2.564102564102569,39,23,16,47,25,22,False
5,Lowest point so far,<= -2.51046,-2.5104602510460268,39,17,22,47,23,24,False
5,Lowest point so far,>= -2.51046,-2.5104602510460268,39,23,16,47,24,23,False
5,Lowest point so far,<= -2.5,-2.5,39,18,21,47,23,24,False
5,Lowest point so far,>= -2.5,-2.5,39,22,17,47,24,23,False
5,Lowest point so far,<= -2.45399,-2.4539877300613284,39,19,20,47,23,24,False
5,Lowest point so far,>= -2.45399,-2.4539877300613284,39,21,18,47,24,23,False
5,Lowest point so far,<= -2.4,-2.4000000000000057,39,19,20,47,24,23,False
5,Lowest point so far,>= -2.4,-2.4000000000000057,39,20,19,47,24,23,False
5,Lowest point so far,<= -2.38095,-2.3809523809523796,39,19,20,47,25,22,False
5,Lowest point so far,>= -2.38095,-2.3809523809523796,39,20,19,47,23,24,False
5,Lowest point so far,<= -2.34114,-2.341137123745824,39,19,20,47,26,21,False
5,Lowest point so far,>= -2.34114,-2.341137123745824,39,20,19,47,22,25,False
5,Lowest point so far,<= -2.19298,-2.192982456140342,39,19,20,47,27,20,False
5,Lowest point so far,>= -2.19298,-2.192982456140342,39,20,19,47,21,26,False
5,Lowest point so far,<= -2.12443,-2.1244309559939296,39,20,19,47,27,20,False
5,Lowest point so far,>= -2.12443,-2.1244309559939296,39,20,19,47,20,27,False
5,Lowest point so far,<= -2.07756,-2.0775623268697956,39,20,19,47,28,19,False
5,Lowest point so far,>= -2.07756,-2.0775623268697956,39,19,20,47,20,27,False
5,Lowest point so far,<= -2.05882,-2.058823529411754,39,20,19,47,29,18,False
5,Lowest point so far,>= -2.05882,-2.058823529411754,39,19,20,47,19,28,False
5,Lowest point so far,<= -2.05066,-2.0506634499396768,39,20,19,47,30,17,False
5,Lowest point so far,>= -2.05066,-2.0506634499396768,39,19,20,47,18,29,False
5,Lowest point so far,<= -2.01005,-2.010050251256274,39,21,18,47,30,17,False
5,Lowest point so far,>= -2.01005,-2.010050251256274,39,19,20,47,17,30,False
5,Lowest point so far,<= -1.97044,-1.9704433497536797,39,22,17,47,30,17,False
5,Lowest point so far,>= -1.97044,-1.9704433497536797,39,18,21,47,17,30,False
5,Lowest point so far,<= -1.94175,-1.9417475728155296,39,23,16,47,30,17,False
5,Lowest point so far,>= -1.94175,-1.9417475728155296,39,17,22,47,17,30,False
5,Lowest point so far,<= -1.8797,-1.8796992481203176,39,24,15,47,30,17,False
5,Lowest point so far,>= -1.8797,-1.8796992481203176,39,16,23,47,17,30,False
5,Lowest point so far,<= -1.84332,-1.8433179723502349,39,24,15,47,31,16,False
5,Lowest point so far,>= -1.84332,-1.8433179723502349,39,15,24,47,17,30,False
5,Lowest point so far,<= -1.80412,-1.8041237113401962,39,25,14,47,31,16,False
5,Lowest point so far,>= -1.80412,-1.8041237113401962,39,15,24,47,16,31,False
5,Lowest point so far,<= -1.8018,-1.8018018018018012,39,25,14,47,32,15,False
5,Lowest point so far,>= -1.8018,-1.8018018018018012,39,14,25,47,16,31,False
5,Lowest point so far,<= -1.76322,-1.763224181360215,39,26,13,47,32,15,False
5,Lowest point so far,>= -1.76322,-1.763224181360215,39,14,25,47,15,32,False
5,Lowest point so far,<= -1.73502,-1.7350157728706534,39,27,12,47,32,15,False
5,Lowest point so far,>= -1.73502,-1.7350157728706534,39,13,26,47,15,32,False
5,Lowest point so far,<= -1.63934,-1.639344262295083,39,28,11,47,32,15,False
5,Lowest point so far,>= -1.63934,-1.639344262295083,39,12,27,47,15,32,False
5,Lowest point so far,<= -1.53846,-1.5384615384615472,39,28,11,47,33,14,False
5,Lowest point so far,>= -1.53846,-1.5384615384615472,39,11,28,47,15,32,False
5,Lowest point so far,<= -1.51515,-1.5151515151515156,39,29,10,47,33,14,False
5,Lowest point so far,>= -1.51515,-1.5151515151515156,39,11,28,47,14,33,False
5,Lowest point so far,<= -1.48883,-1.4888337468982655,39,29,10,47,34,13,False
5,Lowest point so far,>= -1.48883,-1.4888337468982655,39,10,29,47,14,33,False
5,Lowest point so far,<= -1.47783,-1.4778325123152598,39,29,10,47,35,12,False
5,Lowest point so far,>= -1.47783,-1.4778325123152598,39,10,29,47,13,34,False
5,Lowest point so far,<= -1.43541,-1.4354066985645773,39,30,9,47,35,12,False
5,Lowest point so far,>= -1.43541,-1.4354066985645773,39,10,29,47,12,35,False
5,Lowest point so far,<= -1.40406,-1.4040561622464907,39,31,8,47,35,12,False
5,Lowest point so far,>= -1.40406,-1.4040561622464907,39,9,30,47,12,35,False
5,Lowest point so far,<= -1.31579,-1.3157894736842053,39,31,8,47,36,11,False
5,Lowest point so far,>= -1.31579,-1.3157894736842053,39,8,31,47,12,35,False
5,Lowest point so far,<= -1.28205,-1.2820512820512704,39,32,7,47,36,11,False
5,Lowest point so far,>= -1.28205,-1.2820512820512704,39,8,31,47,11,36,False
5,Lowest point so far,<= -1.26984,-1.2698412698412795,39,32,7,47,37,10,False
5,Lowest point so far,>= -1.26984,-1.2698412698412795,39,7,32,47,11,36,False
5,Lowest point so far,<= -1.14943,-1.1494252873563227,39,33,6,47,37,10,False
5,Lowest point so far,>= -1.14943,-1.1494252873563227,39,7,32,47,10,37,False
5,Lowest point so far,<= -1.06952,-1.069518716577548,39,33,6,47,38,9,False
5,Lowest point so far,>= -1.06952,-1.069518716577548,39,6,33,47,10,37,False
5,Lowest point so far,<= -1.05566,-1.0556621880998023,39,34,5,47,38,9,False
5,Lowest point so far,>= -1.05566,-1.0556621880998023,39,6,33,47,9,38,False
5,Lowest point so far,<= -1.05263,-1.05263157894737,39,34,5,47,39,8,False
5,Lowest point so far,>= -1.05263,-1.05263157894737,39,5,34,47,9,38,False
5,Lowest point so far,<= -1.02564,-1.025641025641022,39,34,5,47,40,7,False
5,Lowest point so far,>= -1.02564,-1.025641025641022,39,5,34,47,8,39,False
5,Lowest point so far,<= -1.02041,-1.0204081632653015,39,35,4,47,40,7,False
5,Lowest point so far,>= -1.02041,-1.0204081632653015,39,5,34,47,7,40,False
5,Lowest point so far,<= -0.934579,-0.9345794392523317,39,35,4,47,41,6,False
5,Lowest point so far,>= -0.934579,-0.9345794392523317,39,4,35,47,7,40,False
5,Lowest point so far,<= -0.909091,-0.9090909090909207,39,35,4,47,42,5,False
5,Lowest point so far,>= -0.909091,-0.9090909090909207,39,4,35,47,6,41,False
5,Lowest point so far,<= -0.85034,-0.8503401360544132,39,36,3,47,42,5,False
5,Lowest point so far,>= -0.85034,-0.8503401360544132,39,4,35,47,5,42,False
5,Lowest point so far,<= -0.694444,-0.6944444444444571,39,36,3,47,43,4,False
5,Lowest point so far,>= -0.694444,-0.6944444444444571,39,3,36,47,5,42,False
5,Lowest point so far,<= -0.684932,-0.684931506849324,39,36,3,47,44,3,False
5,Lowest point so far,>= -0.684932,-0.684931506849324,39,3,36,47,4,43,False
5,Lowest point so far,<= -0.658979,-0.6589785831960455,39,37,2,47,44,3,False
5,Lowest point so far,>= -0.658979,-0.6589785831960455,39,3,36,47,3,44,False
5,Lowest point so far,<= -0.518135,-0.5181347150259086,39,38,1,47,44,3,False
5,Lowest point so far,>= -0.518135,-0.5181347150259086,39,2,37,47,3,44,False
5,Lowest point so far,<= -0.4329,-0.4329004329004391,39,38,1,47,45,2,False
5,Lowest point so far,>= -0.4329,-0.4329004329004391,39,1,38,47,3,44,False
5,Lowest point so far,<= -0.371747,-0.37174721189589377,39,38,1,47,46,1,False
5,Lowest point so far,>= -0.371747,-0.37174721189589377,39,1,38,47,2,45,False
5,Lowest point so far,<= -0.271003,-0.27100271002709064,39,39,0,47,46,1,False
5,Lowest point so far,>= -0.271003,-0.27100271002709064,39,1,38,47,1,46,False
5,Lowest point so far,<= -0.228833,-0.2288329519450798,39,39,0,47,47,0,False
5,Lowest point so far,>= -0.228833,-0.2288329519450798,39,0,39,47,1,46,False
5,Consecutive new-low minutes,<= +0,0.0,39,32,7,47,33,14,False
5,Consecutive new-low minutes,>= +0,0.0,39,39,0,47,47,0,False
5,Consecutive new-low minutes,<= +1,1.0,39,37,2,47,40,7,False
5,Consecutive new-low minutes,>= +1,1.0,39,7,32,47,14,33,False
5,Consecutive new-low minutes,<= +2,2.0,39,38,1,47,42,5,False
5,Consecutive new-low minutes,>= +2,2.0,39,2,37,47,7,40,False
5,Consecutive new-low minutes,<= +3,3.0,39,39,0,47,43,4,False
5,Consecutive new-low minutes,>= +3,3.0,39,1,38,47,5,42,False
5,Consecutive new-low minutes,<= +4,4.0,39,39,0,47,47,0,False
5,Consecutive new-low minutes,>= +4,4.0,39,0,39,47,4,43,False
5,Touched +2%,is True,True,39,14,25,47,12,35,False
5,Touched +2%,is False,False,39,25,14,47,35,12,False
5,Touched -3%,is True,True,39,12,27,47,19,28,False
5,Touched -3%,is False,False,39,27,12,47,28,19,False
5,Latest minute made new low,is True,True,39,7,32,47,14,33,False
5,Latest minute made new low,is False,False,39,32,7,47,33,14,False
5,Every minute made new low,is True,True,39,0,39,47,4,43,False
5,Every minute made new low,is False,False,39,39,0,47,43,4,False
5,Last bar direction,is up,up,39,15,24,47,17,30,False
5,Last bar direction,is down,down,39,20,19,47,27,20,False
5,Last bar direction,is flat,flat,39,4,35,47,3,44,False
10,Price vs entry,<= -12.605,-12.605042016806706,39,0,39,47,1,46,False
10,Price vs entry,>= -12.605,-12.605042016806706,39,39,0,47,47,0,False
10,Price vs entry,<= -12.1143,-12.114285714285714,39,0,39,47,2,45,False
10,Price vs entry,>= -12.1143,-12.114285714285714,39,39,0,47,46,1,False
10,Price vs entry,<= -10.6017,-10.601719197707737,39,0,39,47,3,44,False
10,Price vs entry,>= -10.6017,-10.601719197707737,39,39,0,47,45,2,False
10,Price vs entry,<= -9.20097,-9.200968523002416,39,0,39,47,4,43,False
10,Price vs entry,>= -9.20097,-9.200968523002416,39,39,0,47,44,3,False
10,Price vs entry,<= -8.41121,-8.411214953271013,39,0,39,47,5,42,False
10,Price vs entry,>= -8.41121,-8.411214953271013,39,39,0,47,43,4,False
10,Price vs entry,<= -7.69231,-7.692307692307693,39,0,39,47,6,41,False
10,Price vs entry,>= -7.69231,-7.692307692307693,39,39,0,47,42,5,False
10,Price vs entry,<= -6.78571,-6.785714285714278,39,0,39,47,7,40,False
10,Price vs entry,>= -6.78571,-6.785714285714278,39,39,0,47,41,6,False
10,Price vs entry,<= -6.19469,-6.194690265486713,39,0,39,47,8,39,False
10,Price vs entry,>= -6.19469,-6.194690265486713,39,39,0,47,40,7,False
10,Price vs entry,<= -5.51181,-5.511811023622045,39,0,39,47,9,38,False
10,Price vs entry,>= -5.51181,-5.511811023622045,39,39,0,47,39,8,False
10,Price vs entry,<= -5.02513,-5.0251256281406995,39,0,39,47,10,37,False
10,Price vs entry,>= -5.02513,-5.0251256281406995,39,39,0,47,38,9,False
10,Price vs entry,<= -4.90605,-4.906054279749483,39,0,39,47,11,36,False
10,Price vs entry,>= -4.90605,-4.906054279749483,39,39,0,47,37,10,False
10,Price vs entry,<= -3.89105,-3.8910505836575737,39,0,39,47,12,35,False
10,Price vs entry,>= -3.89105,-3.8910505836575737,39,39,0,47,36,11,False
10,Price vs entry,<= -3.74332,-3.7433155080213965,39,0,39,47,13,34,False
10,Price vs entry,>= -3.74332,-3.7433155080213965,39,39,0,47,35,12,False
10,Price vs entry,<= -3.66748,-3.6674816625916833,39,0,39,47,14,33,False
10,Price vs entry,>= -3.66748,-3.6674816625916833,39,39,0,47,34,13,False
10,Price vs entry,<= -3.63636,-3.6363636363636402,39,0,39,47,15,32,False
10,Price vs entry,>= -3.63636,-3.6363636363636402,39,39,0,47,33,14,False
10,Price vs entry,<= -3.27103,-3.2710280373831893,39,0,39,47,16,31,False
10,Price vs entry,>= -3.27103,-3.2710280373831893,39,39,0,47,32,15,False
10,Price vs entry,<= -3.2,-3.200000000000003,39,0,39,47,17,30,False
10,Price vs entry,>= -3.2,-3.200000000000003,39,39,0,47,31,16,False
10,Price vs entry,<= -2.97297,-2.9729729729729826,39,1,38,47,17,30,False
10,Price vs entry,>= -2.97297,-2.9729729729729826,39,39,0,47,30,17,False
10,Price vs entry,<= -2.95082,-2.9508196721311464,39,1,38,47,18,29,False
10,Price vs entry,>= -2.95082,-2.9508196721311464,39,38,1,47,30,17,False
10,Price vs entry,<= -2.72727,-2.7272727272727337,39,1,38,47,19,28,False
10,Price vs entry,>= -2.72727,-2.7272727272727337,39,38,1,47,29,18,False
10,Price vs entry,<= -2.7027,-2.702702702702709,39,1,38,47,20,27,False
10,Price vs entry,>= -2.7027,-2.702702702702709,39,38,1,47,28,19,False
10,Price vs entry,<= -2.63158,-2.6315789473684106,39,1,38,47,21,26,False
10,Price vs entry,>= -2.63158,-2.6315789473684106,39,38,1,47,27,20,False
10,Price vs entry,<= -2.38095,-2.3809523809523796,39,1,38,47,22,25,False
10,Price vs entry,>= -2.38095,-2.3809523809523796,39,38,1,47,26,21,False
10,Price vs entry,<= -2.37581,-2.375809935205183,39,1,38,47,23,24,False
10,Price vs entry,>= -2.37581,-2.375809935205183,39,38,1,47,25,22,False
10,Price vs entry,<= -2.27618,-2.2761760242792093,39,2,37,47,23,24,False
10,Price vs entry,>= -2.27618,-2.2761760242792093,39,38,1,47,24,23,False
10,Price vs entry,<= -2.2293,-2.2292993630573363,39,3,36,47,23,24,False
10,Price vs entry,>= -2.2293,-2.2292993630573363,39,37,2,47,24,23,False
10,Price vs entry,<= -2.1164,-2.1164021164020994,39,4,35,47,23,24,False
10,Price vs entry,>= -2.1164,-2.1164021164020994,39,36,3,47,24,23,False
10,Price vs entry,<= -2.01511,-2.0151133501259437,39,5,34,47,23,24,False
10,Price vs entry,>= -2.01511,-2.0151133501259437,39,35,4,47,24,23,False
10,Price vs entry,<= -1.96078,-1.9607843137254974,39,5,34,47,24,23,False
10,Price vs entry,>= -1.96078,-1.9607843137254974,39,34,5,47,24,23,False
10,Price vs entry,<= -1.90058,-1.9005847953216346,39,5,34,47,25,22,False
10,Price vs entry,>= -1.90058,-1.9005847953216346,39,34,5,47,23,24,False
10,Price vs entry,<= -1.53846,-1.5384615384615472,39,5,34,47,26,21,False
10,Price vs entry,>= -1.53846,-1.5384615384615472,39,34,5,47,22,25,False
10,Price vs entry,<= -1.50754,-1.5075376884422127,39,6,33,47,26,21,False
10,Price vs entry,>= -1.50754,-1.5075376884422127,39,34,5,47,21,26,False
10,Price vs entry,<= -1.47783,-1.4778325123152598,39,6,33,47,27,20,False
10,Price vs entry,>= -1.47783,-1.4778325123152598,39,33,6,47,21,26,False
10,Price vs entry,<= -1.35135,-1.3513513513513544,39,6,33,47,28,19,False
10,Price vs entry,>= -1.35135,-1.3513513513513544,39,33,6,47,20,27,False
10,Price vs entry,<= -1.26984,-1.2698412698412795,39,6,33,47,29,18,False
10,Price vs entry,>= -1.26984,-1.2698412698412795,39,33,6,47,19,28,False
10,Price vs entry,<= -1.23839,-1.238390092879257,39,7,32,47,29,18,False
10,Price vs entry,>= -1.23839,-1.238390092879257,39,33,6,47,18,29,False
10,Price vs entry,<= -1.20627,-1.2062726176115746,39,7,32,47,30,17,False
10,Price vs entry,>= -1.20627,-1.2062726176115746,39,32,7,47,18,29,False
10,Price vs entry,<= -1.17647,-1.17647058823529,39,7,32,47,31,16,False
10,Price vs entry,>= -1.17647,-1.17647058823529,39,32,7,47,17,30,False
10,Price vs entry,<= -1.11888,-1.11888111888112,39,8,31,47,31,16,False
10,Price vs entry,>= -1.11888,-1.11888111888112,39,32,7,47,16,31,False
10,Price vs entry,<= -1.05634,-1.0563380281690087,39,8,31,47,32,15,False
10,Price vs entry,>= -1.05634,-1.0563380281690087,39,31,8,47,16,31,False
10,Price vs entry,<= -0.97493,-0.9749303621169929,39,9,30,47,32,15,False
10,Price vs entry,>= -0.97493,-0.9749303621169929,39,31,8,47,15,32,False
10,Price vs entry,<= -0.946372,-0.9463722397476317,39,10,29,47,32,15,False
10,Price vs entry,>= -0.946372,-0.9463722397476317,39,30,9,47,15,32,False
10,Price vs entry,<= -0.925926,-0.9259259259259238,39,10,29,47,33,14,False
10,Price vs entry,>= -0.925926,-0.9259259259259238,39,29,10,47,15,32,False
10,Price vs entry,<= -0.865801,-0.865800865800864,39,10,29,47,34,13,False
10,Price vs entry,>= -0.865801,-0.865800865800864,39,29,10,47,14,33,False
10,Price vs entry,<= -0.823723,-0.823723228995064,39,11,28,47,34,13,False
10,Price vs entry,>= -0.823723,-0.823723228995064,39,29,10,47,13,34,False
10,Price vs entry,<= -0.689655,-0.6896551724137794,39,12,27,47,34,13,False
10,Price vs entry,>= -0.689655,-0.6896551724137794,39,28,11,47,13,34,False
10,Price vs entry,<= -0.510204,-0.5102040816326507,39,13,26,47,34,13,False
10,Price vs entry,>= -0.510204,-0.5102040816326507,39,27,12,47,13,34,False
10,Price vs entry,<= -0.496278,-0.4962779156327741,39,13,26,47,35,12,False
10,Price vs entry,>= -0.496278,-0.4962779156327741,39,26,13,47,13,34,False
10,Price vs entry,<= -0.457666,-0.4576659038901738,39,13,26,47,36,11,False
10,Price vs entry,>= -0.457666,-0.4576659038901738,39,26,13,47,12,35,False
10,Price vs entry,<= -0.273224,-0.2732240437158566,39,14,25,47,36,11,False
10,Price vs entry,>= -0.273224,-0.2732240437158566,39,26,13,47,11,36,False
10,Price vs entry,<= -0.118624,-0.11862396204033132,39,15,24,47,36,11,False
10,Price vs entry,>= -0.118624,-0.11862396204033132,39,25,14,47,11,36,False
10,Price vs entry,<= +0,0.0,39,20,19,47,37,10,False
10,Price vs entry,>= +0,0.0,39,24,15,47,11,36,False
10,Price vs entry,<= +0.203459,0.203458799593065,39,21,18,47,37,10,False
10,Price vs entry,>= +0.203459,0.203458799593065,39,19,20,47,10,37,False
10,Price vs entry,<= +0.334448,0.3344481605351177,39,21,18,47,38,9,False
10,Price vs entry,>= +0.334448,0.3344481605351177,39,18,21,47,10,37,False
10,Price vs entry,<= +0.371747,0.3717472118959222,39,21,18,47,39,8,False
10,Price vs entry,>= +0.371747,0.3717472118959222,39,18,21,47,9,38,False
10,Price vs entry,<= +0.415512,0.4155124653739648,39,21,18,47,40,7,False
10,Price vs entry,>= +0.415512,0.4155124653739648,39,18,21,47,8,39,False
10,Price vs entry,<= +0.42735,0.42735042735044715,39,22,17,47,40,7,False
10,Price vs entry,>= +0.42735,0.42735042735044715,39,18,21,47,7,40,False
10,Price vs entry,<= +0.518135,0.5181347150259086,39,23,16,47,40,7,False
10,Price vs entry,>= +0.518135,0.5181347150259086,39,17,22,47,7,40,False
10,Price vs entry,<= +0.745156,0.7451564828614039,39,24,15,47,40,7,False
10,Price vs entry,>= +0.745156,0.7451564828614039,39,16,23,47,7,40,False
10,Price vs entry,<= +0.877193,0.8771929824561369,39,24,15,47,41,6,False
10,Price vs entry,>= +0.877193,0.8771929824561369,39,15,24,47,7,40,False
10,Price vs entry,<= +0.934579,0.9345794392523459,39,24,15,47,42,5,False
10,Price vs entry,>= +0.934579,0.9345794392523459,39,15,24,47,6,41,False
10,Price vs entry,<= +1.09718,1.097178683385593,39,24,15,47,43,4,False
10,Price vs entry,>= +1.09718,1.097178683385593,39,15,24,47,5,42,False
10,Price vs entry,<= +1.15207,1.1520737327188897,39,24,15,47,44,3,False
10,Price vs entry,>= +1.15207,1.1520737327188897,39,15,24,47,4,43,False
10,Price vs entry,<= +1.45631,1.4563106796116472,39,25,14,47,44,3,False
10,Price vs entry,>= +1.45631,1.4563106796116472,39,15,24,47,3,44,False
10,Price vs entry,<= +1.53846,1.538461538461533,39,25,14,47,46,1,False
10,Price vs entry,>= +1.53846,1.538461538461533,39,14,25,47,3,44,False
10,Price vs entry,<= +1.87793,1.8779342723004788,39,26,13,47,46,1,False
10,Price vs entry,>= +1.87793,1.8779342723004788,39,14,25,47,1,46,False
10,Price vs entry,<= +2.02312,2.0231213872832257,39,27,12,47,46,1,False
10,Price vs entry,>= +2.02312,2.0231213872832257,39,13,26,47,1,46,False
10,Price vs entry,<= +2.05479,2.0547945205479294,39,27,12,47,47,0,False
10,Price vs entry,>= +2.05479,2.0547945205479294,39,12,27,47,1,46,False
10,Price vs entry,<= +2.46305,2.463054187192128,39,28,11,47,47,0,False
10,Price vs entry,>= +2.46305,2.463054187192128,39,12,27,47,0,47,False
10,Price vs entry,<= +2.4961,2.4960998439937754,39,29,10,47,47,0,False
10,Price vs entry,>= +2.4961,2.4960998439937754,39,11,28,47,0,47,False
10,Price vs entry,<= +2.58621,2.5862068965517295,39,30,9,47,47,0,False
10,Price vs entry,>= +2.58621,2.5862068965517295,39,10,29,47,0,47,False
10,Price vs entry,<= +3.09278,3.0927835051546566,39,31,8,47,47,0,False
10,Price vs entry,>= +3.09278,3.0927835051546566,39,9,30,47,0,47,False
10,Price vs entry,<= +4.60705,4.607046070460697,39,32,7,47,47,0,False
10,Price vs entry,>= +4.60705,4.607046070460697,39,8,31,47,0,47,False
10,Price vs entry,<= +5.19031,5.190311418685113,39,33,6,47,47,0,False
10,Price vs entry,>= +5.19031,5.190311418685113,39,7,32,47,0,47,False
10,Price vs entry,<= +5.23952,5.239520958083844,39,34,5,47,47,0,False
10,Price vs entry,>= +5.23952,5.239520958083844,39,6,33,47,0,47,False
10,Price vs entry,<= +5.90909,5.9090909090909065,39,35,4,47,47,0,False
10,Price vs entry,>= +5.90909,5.9090909090909065,39,5,34,47,0,47,False
10,Price vs entry,<= +6.29921,6.299212598425214,39,36,3,47,47,0,False
10,Price vs entry,>= +6.29921,6.299212598425214,39,4,35,47,0,47,False
10,Price vs entry,<= +7.5,7.5,39,37,2,47,47,0,False
10,Price vs entry,>= +7.5,7.5,39,3,36,47,0,47,False
10,Price vs entry,<= +8.4453,8.445297504798475,39,38,1,47,47,0,False
10,Price vs entry,>= +8.4453,8.445297504798475,39,2,37,47,0,47,False
10,Price vs entry,<= +18.4049,18.404907975460134,39,39,0,47,47,0,False
10,Price vs entry,>= +18.4049,18.404907975460134,39,1,38,47,0,47,False
10,Highest point so far,<= -1.68224,-1.6822429906542027,39,0,39,47,1,46,False
10,Highest point so far,>= -1.68224,-1.6822429906542027,39,39,0,47,47,0,False
10,Highest point so far,<= -0.909091,-0.9090909090909207,39,0,39,47,2,45,False
10,Highest point so far,>= -0.909091,-0.9090909090909207,39,39,0,47,46,1,False
10,Highest point so far,<= -0.900901,-0.9009009009009077,39,0,39,47,3,44,False
10,Highest point so far,>= -0.900901,-0.9009009009009077,39,39,0,47,45,2,False
10,Highest point so far,<= -0.884956,-0.8849557522123632,39,0,39,47,4,43,False
10,Highest point so far,>= -0.884956,-0.8849557522123632,39,39,0,47,44,3,False
10,Highest point so far,<= -0.835073,-0.8350730688935357,39,0,39,47,5,42,False
10,Highest point so far,>= -0.835073,-0.8350730688935357,39,39,0,47,43,4,False
10,Highest point so far,<= -0.584795,-0.5847953216374293,39,0,39,47,6,41,False
10,Highest point so far,>= -0.584795,-0.5847953216374293,39,39,0,47,42,5,False
10,Highest point so far,<= -0.534759,-0.5347593582887669,39,0,39,47,7,40,False
10,Highest point so far,>= -0.534759,-0.5347593582887669,39,39,0,47,41,6,False
10,Highest point so far,<= -0.502513,-0.5025125628140756,39,1,38,47,7,40,False
10,Highest point so far,>= -0.502513,-0.5025125628140756,39,39,0,47,40,7,False
10,Highest point so far,<= -0.4329,-0.4329004329004391,39,1,38,47,8,39,False
10,Highest point so far,>= -0.4329,-0.4329004329004391,39,38,1,47,40,7,False
10,Highest point so far,<= -0.420168,-0.42016806722688216,39,1,38,47,9,38,False
10,Highest point so far,>= -0.420168,-0.42016806722688216,39,38,1,47,39,8,False
10,Highest point so far,<= -0.326797,-0.326797385620921,39,1,38,47,10,37,False
10,Highest point so far,>= -0.326797,-0.326797385620921,39,38,1,47,38,9,False
10,Highest point so far,<= -0.315457,-0.31545741324920584,39,2,37,47,10,37,False
10,Highest point so far,>= -0.315457,-0.31545741324920584,39,38,1,47,37,10,False
10,Highest point so far,<= -0.309598,-0.30959752321980716,39,3,36,47,10,37,False
10,Highest point so far,>= -0.309598,-0.30959752321980716,39,37,2,47,37,10,False
10,Highest point so far,<= -0.251889,-0.2518891687657572,39,4,35,47,10,37,False
10,Highest point so far,>= -0.251889,-0.2518891687657572,39,36,3,47,37,10,False
10,Highest point so far,<= -0.242131,-0.24213075060531253,39,4,35,47,11,36,False
10,Highest point so far,>= -0.242131,-0.24213075060531253,39,35,4,47,37,10,False
10,Highest point so far,<= -0.215983,-0.21598272138227514,39,4,35,47,12,35,False
10,Highest point so far,>= -0.215983,-0.21598272138227514,39,35,4,47,36,11,False
10,Highest point so far,<= +0,0.0,39,6,33,47,14,33,False
10,Highest point so far,>= +0,0.0,39,35,4,47,35,12,False
10,Highest point so far,<= +0.228833,0.2288329519450656,39,6,33,47,15,32,False
10,Highest point so far,>= +0.228833,0.2288329519450656,39,33,6,47,33,14,False
10,Highest point so far,<= +0.229885,0.22988505747127874,39,7,32,47,15,32,False
10,Highest point so far,>= +0.229885,0.22988505747127874,39,33,6,47,32,15,False
10,Highest point so far,<= +0.231481,0.23148148148146674,39,7,32,47,16,31,False
10,Highest point so far,>= +0.231481,0.23148148148146674,39,32,7,47,32,15,False
10,Highest point so far,<= +0.263158,0.2631578947368496,39,7,32,47,17,30,False
10,Highest point so far,>= +0.263158,0.2631578947368496,39,32,7,47,31,16,False
10,Highest point so far,<= +0.318471,0.3184713375796093,39,8,31,47,17,30,False
10,Highest point so far,>= +0.318471,0.3184713375796093,39,32,7,47,30,17,False
10,Highest point so far,<= +0.342857,0.34285714285712743,39,8,31,47,18,29,False
10,Highest point so far,>= +0.342857,0.34285714285712743,39,31,8,47,30,17,False
10,Highest point so far,<= +0.37594,0.3759398496240465,39,9,30,47,18,29,False
10,Highest point so far,>= +0.37594,0.3759398496240465,39,31,8,47,29,18,False
10,Highest point so far,<= +0.438596,0.43859649122808264,39,9,30,47,19,28,False
10,Highest point so far,>= +0.438596,0.43859649122808264,39,30,9,47,29,18,False
10,Highest point so far,<= +0.45045,0.45045045045044674,39,9,30,47,20,27,False
10,Highest point so far,>= +0.45045,0.45045045045044674,39,30,9,47,28,19,False
10,Highest point so far,<= +0.512821,0.512820512820511,39,9,30,47,21,26,False
10,Highest point so far,>= +0.512821,0.512820512820511,39,30,9,47,27,20,False
10,Highest point so far,<= +0.518135,0.5181347150259086,39,10,29,47,21,26,False
10,Highest point so far,>= +0.518135,0.5181347150259086,39,30,9,47,26,21,False
10,Highest point so far,<= +0.60698,0.6069802731411187,39,11,28,47,21,26,False
10,Highest point so far,>= +0.60698,0.6069802731411187,39,29,10,47,26,21,False
10,Highest point so far,<= +0.704225,0.7042253521126725,39,11,28,47,22,25,False
10,Highest point so far,>= +0.704225,0.7042253521126725,39,28,11,47,26,21,False
10,Highest point so far,<= +0.765306,0.7653061224489761,39,12,27,47,22,25,False
10,Highest point so far,>= +0.765306,0.7653061224489761,39,28,11,47,25,22,False
10,Highest point so far,<= +0.823723,0.823723228995064,39,13,26,47,22,25,False
10,Highest point so far,>= +0.823723,0.823723228995064,39,27,12,47,25,22,False
10,Highest point so far,<= +0.882353,0.8823529411764639,39,13,26,47,23,24,False
10,Highest point so far,>= +0.882353,0.8823529411764639,39,26,13,47,25,22,False
10,Highest point so far,<= +0.892857,0.8928571428571672,39,13,26,47,24,23,False
10,Highest point so far,>= +0.892857,0.8928571428571672,39,26,13,47,24,23,False
10,Highest point so far,<= +0.915565,0.9155645981688565,39,14,25,47,24,23,False
10,Highest point so far,>= +0.915565,0.9155645981688565,39,26,13,47,23,24,False
10,Highest point so far,<= +1.15207,1.1520737327188897,39,14,25,47,25,22,False
10,Highest point so far,>= +1.15207,1.1520737327188897,39,25,14,47,23,24,False
10,Highest point so far,<= +1.18343,1.1834319526627297,39,14,25,47,26,21,False
10,Highest point so far,>= +1.18343,1.1834319526627297,39,25,14,47,22,25,False
10,Highest point so far,<= +1.28411,1.2841091492776826,39,15,24,47,26,21,False
10,Highest point so far,>= +1.28411,1.2841091492776826,39,25,14,47,21,26,False
10,Highest point so far,<= +1.33779,1.3377926421404425,39,15,24,47,27,20,False
10,Highest point so far,>= +1.33779,1.3377926421404425,39,24,15,47,21,26,False
10,Highest point so far,<= +1.36054,1.3605442176870781,39,16,23,47,27,20,False
10,Highest point so far,>= +1.36054,1.3605442176870781,39,24,15,47,20,27,False
10,Highest point so far,<= +1.41066,1.4106583072100278,39,16,23,47,28,19,False
10,Highest point so far,>= +1.41066,1.4106583072100278,39,23,16,47,20,27,False
10,Highest point so far,<= +1.43541,1.4354066985646057,39,17,22,47,28,19,False
10,Highest point so far,>= +1.43541,1.4354066985646057,39,23,16,47,19,28,False
10,Highest point so far,<= +1.5748,1.5748031496062964,39,17,22,47,29,18,False
10,Highest point so far,>= +1.5748,1.5748031496062964,39,22,17,47,19,28,False
10,Highest point so far,<= +1.74603,1.7460317460317611,39,17,22,47,30,17,False
10,Highest point so far,>= +1.74603,1.7460317460317611,39,22,17,47,18,29,False
10,Highest point so far,<= +1.81818,1.8181818181818272,39,17,22,47,31,16,False
10,Highest point so far,>= +1.81818,1.8181818181818272,39,22,17,47,17,30,False
10,Highest point so far,<= +1.94553,1.9455252918288153,39,17,22,47,32,15,False
10,Highest point so far,>= +1.94553,1.9455252918288153,39,22,17,47,16,31,False
10,Highest point so far,<= +1.95599,1.9559902200489034,39,17,22,47,33,14,False
10,Highest point so far,>= +1.95599,1.9559902200489034,39,22,17,47,15,32,False
10,Highest point so far,<= +2.00573,2.0057306590257866,39,17,22,47,34,13,False
10,Highest point so far,>= +2.00573,2.0057306590257866,39,22,17,47,14,33,False
10,Highest point so far,<= +2.09205,2.092050209205027,39,18,21,47,34,13,False
10,Highest point so far,>= +2.09205,2.092050209205027,39,22,17,47,13,34,False
10,Highest point so far,<= +2.17129,2.1712907117008626,39,18,21,47,35,12,False
10,Highest point so far,>= +2.17129,2.1712907117008626,39,21,18,47,13,34,False
10,Highest point so far,<= +2.4,2.4000000000000057,39,18,21,47,36,11,False
10,Highest point so far,>= +2.4,2.4000000000000057,39,21,18,47,12,35,False
10,Highest point so far,<= +2.42718,2.427184466019412,39,19,20,47,36,11,False
10,Highest point so far,>= +2.42718,2.427184466019412,39,21,18,47,11,36,False
10,Highest point so far,<= +2.50696,2.506963788300837,39,20,19,47,36,11,False
10,Highest point so far,>= +2.50696,2.506963788300837,39,20,19,47,11,36,False
10,Highest point so far,<= +2.95082,2.9508196721311606,39,20,19,47,37,10,False
10,Highest point so far,>= +2.95082,2.9508196721311606,39,19,20,47,11,36,False
10,Highest point so far,<= +2.95567,2.955665024630534,39,20,19,47,38,9,False
10,Highest point so far,>= +2.95567,2.955665024630534,39,19,20,47,10,37,False
10,Highest point so far,<= +3.07692,3.076923076923066,39,20,19,47,39,8,False
10,Highest point so far,>= +3.07692,3.076923076923066,39,19,20,47,9,38,False
10,Highest point so far,<= +3.19635,3.1963470319634553,39,20,19,47,40,7,False
10,Highest point so far,>= +3.19635,3.1963470319634553,39,19,20,47,8,39,False
10,Highest point so far,<= +3.20513,3.2051282051282186,39,21,18,47,40,7,False
10,Highest point so far,>= +3.20513,3.2051282051282186,39,19,20,47,7,40,False
10,Highest point so far,<= +3.27869,3.2786885245901516,39,22,17,47,40,7,False
10,Highest point so far,>= +3.27869,3.2786885245901516,39,18,21,47,7,40,False
10,Highest point so far,<= +3.34572,3.3457249070632002,39,22,17,47,41,6,False
10,Highest point so far,>= +3.34572,3.3457249070632002,39,17,22,47,7,40,False
10,Highest point so far,<= +3.42772,3.427719821162455,39,23,16,47,41,6,False
10,Highest point so far,>= +3.42772,3.427719821162455,39,17,22,47,6,41,False
10,Highest point so far,<= +3.51759,3.517587939698501,39,23,16,47,42,5,False
10,Highest point so far,>= +3.51759,3.517587939698501,39,16,23,47,6,41,False
10,Highest point so far,<= +3.73832,3.738317757009341,39,23,16,47,43,4,False
10,Highest point so far,>= +3.73832,3.738317757009341,39,16,23,47,5,42,False
10,Highest point so far,<= +3.73961,3.739612188365655,39,23,16,47,44,3,False
10,Highest point so far,>= +3.73961,3.739612188365655,39,16,23,47,4,43,False
10,Highest point so far,<= +3.94089,3.940886699507388,39,24,15,47,44,3,False
10,Highest point so far,>= +3.94089,3.940886699507388,39,16,23,47,3,44,False
10,Highest point so far,<= +4.10256,4.102564102564088,39,24,15,47,45,2,False
10,Highest point so far,>= +4.10256,4.102564102564088,39,15,24,47,3,44,False
10,Highest point so far,<= +4.38596,4.385964912280713,39,24,15,47,46,1,False
10,Highest point so far,>= +4.38596,4.385964912280713,39,15,24,47,2,45,False
10,Highest point so far,<= +4.62633,4.62633451957295,39,25,14,47,46,1,False
10,Highest point so far,>= +4.62633,4.62633451957295,39,15,24,47,1,46,False
10,Highest point so far,<= +4.63918,4.639175257731949,39,26,13,47,46,1,False
10,Highest point so far,>= +4.63918,4.639175257731949,39,14,25,47,1,46,False
10,Highest point so far,<= +4.7619,4.761904761904773,39,26,13,47,47,0,False
10,Highest point so far,>= +4.7619,4.761904761904773,39,13,26,47,1,46,False
10,Highest point so far,<= +5.17241,5.172413793103445,39,27,12,47,47,0,False
10,Highest point so far,>= +5.17241,5.172413793103445,39,13,26,47,0,47,False
10,Highest point so far,<= +5.30421,5.304212168486728,39,28,11,47,47,0,False
10,Highest point so far,>= +5.30421,5.304212168486728,39,12,27,47,0,47,False
10,Highest point so far,<= +6.06936,6.069364161849705,39,29,10,47,47,0,False
10,Highest point so far,>= +6.06936,6.069364161849705,39,11,28,47,0,47,False
10,Highest point so far,<= +6.29921,6.299212598425214,39,30,9,47,47,0,False
10,Highest point so far,>= +6.29921,6.299212598425214,39,10,29,47,0,47,False
10,Highest point so far,<= +6.92042,6.920415224913484,39,31,8,47,47,0,False
10,Highest point so far,>= +6.92042,6.920415224913484,39,9,30,47,0,47,False
10,Highest point so far,<= +7.58808,7.588075880758808,39,32,7,47,47,0,False
10,Highest point so far,>= +7.58808,7.588075880758808,39,8,31,47,0,47,False
10,Highest point so far,<= +7.87879,7.8787878787878896,39,33,6,47,47,0,False
10,Highest point so far,>= +7.87879,7.8787878787878896,39,7,32,47,0,47,False
10,Highest point so far,<= +7.97297,7.972972972972968,39,34,5,47,47,0,False
10,Highest point so far,>= +7.97297,7.972972972972968,39,6,33,47,0,47,False
10,Highest point so far,<= +7.98122,7.981220657276992,39,35,4,47,47,0,False
10,Highest point so far,>= +7.98122,7.981220657276992,39,5,34,47,0,47,False
10,Highest point so far,<= +8.25,8.25,39,36,3,47,47,0,False
10,Highest point so far,>= +8.25,8.25,39,4,35,47,0,47,False
10,Highest point so far,<= +10.479,10.47904191616766,39,37,2,47,47,0,False
10,Highest point so far,>= +10.479,10.47904191616766,39,3,36,47,0,47,False
10,Highest point so far,<= +13.4357,13.43570057581573,39,38,1,47,47,0,False
10,Highest point so far,>= +13.4357,13.43570057581573,39,2,37,47,0,47,False
10,Highest point so far,<= +19.6319,19.631901840490798,39,39,0,47,47,0,False
10,Highest point so far,>= +19.6319,19.631901840490798,39,1,38,47,0,47,False
10,Lowest point so far,<= -22.5182,-22.518159806295387,39,0,39,47,1,46,False
10,Lowest point so far,>= -22.5182,-22.518159806295387,39,39,0,47,47,0,False
10,Lowest point so far,<= -22.2689,-22.268907563025195,39,0,39,47,2,45,False
10,Lowest point so far,>= -22.2689,-22.268907563025195,39,39,0,47,46,1,False
10,Lowest point so far,<= -19.6571,-19.657142857142844,39,0,39,47,3,44,False
10,Lowest point so far,>= -19.6571,-19.657142857142844,39,39,0,47,45,2,False
10,Lowest point so far,<= -18.6246,-18.624641833810898,39,0,39,47,4,43,False
10,Lowest point so far,>= -18.6246,-18.624641833810898,39,39,0,47,44,3,False
10,Lowest point so far,<= -12.5,-12.499999999999986,39,0,39,47,5,42,False
10,Lowest point so far,>= -12.5,-12.499999999999986,39,39,0,47,43,4,False
10,Lowest point so far,<= -9.51557,-9.515570934256061,39,1,38,47,5,42,False
10,Lowest point so far,>= -9.51557,-9.515570934256061,39,39,0,47,42,5,False
10,Lowest point so far,<= -9.46746,-9.467455621301767,39,1,38,47,6,41,False
10,Lowest point so far,>= -9.46746,-9.467455621301767,39,38,1,47,42,5,False
10,Lowest point so far,<= -9.33852,-9.338521400778205,39,1,38,47,7,40,False
10,Lowest point so far,>= -9.33852,-9.338521400778205,39,38,1,47,41,6,False
10,Lowest point so far,<= -9.18033,-9.180327868852459,39,1,38,47,8,39,False
10,Lowest point so far,>= -9.18033,-9.180327868852459,39,38,1,47,40,7,False
10,Lowest point so far,<= -8.41121,-8.411214953271013,39,1,38,47,9,38,False
10,Lowest point so far,>= -8.41121,-8.411214953271013,39,38,1,47,39,8,False
10,Lowest point so far,<= -8.0402,-8.040201005025125,39,1,38,47,10,37,False
10,Lowest point so far,>= -8.0402,-8.040201005025125,39,38,1,47,38,9,False
10,Lowest point so far,<= -7.56757,-7.567567567567579,39,2,37,47,10,37,False
10,Lowest point so far,>= -7.56757,-7.567567567567579,39,38,1,47,37,10,False
10,Lowest point so far,<= -7.07965,-7.079646017699105,39,2,37,47,11,36,False
10,Lowest point so far,>= -7.07965,-7.079646017699105,39,37,2,47,37,10,False
10,Lowest point so far,<= -7.04225,-7.042253521126753,39,2,37,47,12,35,False
10,Lowest point so far,>= -7.04225,-7.042253521126753,39,37,2,47,36,11,False
10,Lowest point so far,<= -6.84597,-6.845965770171148,39,2,37,47,13,34,False
10,Lowest point so far,>= -6.84597,-6.845965770171148,39,37,2,47,35,12,False
10,Lowest point so far,<= -6.15866,-6.158663883089758,39,2,37,47,14,33,False
10,Lowest point so far,>= -6.15866,-6.158663883089758,39,37,2,47,34,13,False
10,Lowest point so far,<= -5.68862,-5.688622754491007,39,3,36,47,14,33,False
10,Lowest point so far,>= -5.68862,-5.688622754491007,39,37,2,47,33,14,False
10,Lowest point so far,<= -5.51181,-5.511811023622045,39,3,36,47,15,32,False
10,Lowest point so far,>= -5.51181,-5.511811023622045,39,36,3,47,33,14,False
10,Lowest point so far,<= -5.49133,-5.49132947976878,39,4,35,47,15,32,False
10,Lowest point so far,>= -5.49133,-5.49132947976878,39,36,3,47,32,15,False
10,Lowest point so far,<= -5.45455,-5.454545454545453,39,4,35,47,16,31,False
10,Lowest point so far,>= -5.45455,-5.454545454545453,39,35,4,47,32,15,False
10,Lowest point so far,<= -5.1532,-5.153203342618383,39,5,34,47,16,31,False
10,Lowest point so far,>= -5.1532,-5.153203342618383,39,35,4,47,31,16,False
10,Lowest point so far,<= -5.14019,-5.140186915887867,39,5,34,47,17,30,False
10,Lowest point so far,>= -5.14019,-5.140186915887867,39,34,5,47,31,16,False
10,Lowest point so far,<= -4.8,-4.800000000000011,39,5,34,47,18,29,False
10,Lowest point so far,>= -4.8,-4.800000000000011,39,34,5,47,30,17,False
10,Lowest point so far,<= -4.72441,-4.7244094488189035,39,6,33,47,18,29,False
10,Lowest point so far,>= -4.72441,-4.7244094488189035,39,34,5,47,29,18,False
10,Lowest point so far,<= -4.38596,-4.3859649122806985,39,6,33,47,19,28,False
10,Lowest point so far,>= -4.38596,-4.3859649122806985,39,33,6,47,29,18,False
10,Lowest point so far,<= -4.37436,-4.374364191251274,39,7,32,47,19,28,False
10,Lowest point so far,>= -4.37436,-4.374364191251274,39,33,6,47,28,19,False
10,Lowest point so far,<= -4.32191,-4.321907600596134,39,8,31,47,19,28,False
10,Lowest point so far,>= -4.32191,-4.321907600596134,39,32,7,47,28,19,False
10,Lowest point so far,<= -4.05405,-4.054054054054063,39,8,31,47,20,27,False
10,Lowest point so far,>= -4.05405,-4.054054054054063,39,31,8,47,28,19,False
10,Lowest point so far,<= -3.92157,-3.921568627450995,39,8,31,47,21,26,False
10,Lowest point so far,>= -3.92157,-3.921568627450995,39,31,8,47,27,20,False
10,Lowest point so far,<= -3.84615,-3.8461538461538396,39,9,30,47,21,26,False
10,Lowest point so far,>= -3.84615,-3.8461538461538396,39,31,8,47,26,21,False
10,Lowest point so far,<= -3.74332,-3.7433155080213965,39,9,30,47,22,25,False
10,Lowest point so far,>= -3.74332,-3.7433155080213965,39,30,9,47,26,21,False
10,Lowest point so far,<= -3.63636,-3.6363636363636402,39,9,30,47,23,24,False
10,Lowest point so far,>= -3.63636,-3.6363636363636402,39,30,9,47,25,22,False
10,Lowest point so far,<= -3.6036,-3.6036036036036165,39,9,30,47,24,23,False
10,Lowest point so far,>= -3.6036,-3.6036036036036165,39,30,9,47,24,23,False
10,Lowest point so far,<= -3.56037,-3.5603715170278605,39,10,29,47,24,23,False
10,Lowest point so far,>= -3.56037,-3.5603715170278605,39,30,9,47,23,24,False
10,Lowest point so far,<= -3.28638,-3.2863849765258095,39,11,28,47,24,23,False
10,Lowest point so far,>= -3.28638,-3.2863849765258095,39,29,10,47,23,24,False
10,Lowest point so far,<= -3.21678,-3.2167832167832273,39,12,27,47,24,23,False
10,Lowest point so far,>= -3.21678,-3.2167832167832273,39,28,11,47,23,24,False
10,Lowest point so far,<= -3.07018,-3.0701754385964932,39,12,27,47,25,22,False
10,Lowest point so far,>= -3.07018,-3.0701754385964932,39,27,12,47,23,24,False
10,Lowest point so far,<= -3.0303,-3.030303030303031,39,12,27,47,26,21,False
10,Lowest point so far,>= -3.0303,-3.030303030303031,39,27,12,47,22,25,False
10,Lowest point so far,<= -3.02548,-3.025477707006374,39,13,26,47,26,21,False
10,Lowest point so far,>= -3.02548,-3.025477707006374,39,27,12,47,21,26,False
10,Lowest point so far,<= -2.98851,-2.988505747126439,39,14,25,47,26,21,False
10,Lowest point so far,>= -2.98851,-2.988505747126439,39,26,13,47,21,26,False
10,Lowest point so far,<= -2.92887,-2.9288702928870407,39,15,24,47,26,21,False
10,Lowest point so far,>= -2.92887,-2.9288702928870407,39,25,14,47,21,26,False
10,Lowest point so far,<= -2.82132,-2.8213166144200557,39,15,24,47,27,20,False
10,Lowest point so far,>= -2.82132,-2.8213166144200557,39,24,15,47,21,26,False
10,Lowest point so far,<= -2.80778,-2.8077753779697616,39,15,24,47,28,19,False
10,Lowest point so far,>= -2.80778,-2.8077753779697616,39,24,15,47,20,27,False
10,Lowest point so far,<= -2.72873,-2.7287319422151057,39,16,23,47,28,19,False
10,Lowest point so far,>= -2.72873,-2.7287319422151057,39,24,15,47,19,28,False
10,Lowest point so far,<= -2.67559,-2.675585284280942,39,16,23,47,29,18,False
10,Lowest point so far,>= -2.67559,-2.675585284280942,39,23,16,47,19,28,False
10,Lowest point so far,<= -2.6455,-2.6455026455026456,39,17,22,47,29,18,False
10,Lowest point so far,>= -2.6455,-2.6455026455026456,39,23,16,47,18,29,False
10,Lowest point so far,<= -2.63158,-2.6315789473684106,39,17,22,47,30,17,False
10,Lowest point so far,>= -2.63158,-2.6315789473684106,39,22,17,47,18,29,False
10,Lowest point so far,<= -2.60973,-2.6097271648873033,39,18,21,47,30,17,False
10,Lowest point so far,>= -2.60973,-2.6097271648873033,39,22,17,47,17,30,False
10,Lowest point so far,<= -2.5974,-2.597402597402592,39,18,21,47,31,16,False
10,Lowest point so far,>= -2.5974,-2.597402597402592,39,21,18,47,17,30,False
10,Lowest point so far,<= -2.58621,-2.5862068965517295,39,19,20,47,31,16,False
10,Lowest point so far,>= -2.58621,-2.5862068965517295,39,21,18,47,16,31,False
10,Lowest point so far,<= -2.57967,-2.5796661608497686,39,20,19,47,31,16,False
10,Lowest point so far,>= -2.57967,-2.5796661608497686,39,20,19,47,16,31,False
10,Lowest point so far,<= -2.5641,-2.564102564102569,39,20,19,47,32,15,False
10,Lowest point so far,>= -2.5641,-2.564102564102569,39,19,20,47,16,31,False
10,Lowest point so far,<= -2.51889,-2.5188916876574297,39,21,18,47,32,15,False
10,Lowest point so far,>= -2.51889,-2.5188916876574297,39,19,20,47,15,32,False
10,Lowest point so far,<= -2.5,-2.5,39,22,17,47,32,15,False
10,Lowest point so far,>= -2.5,-2.5,39,18,21,47,15,32,False
10,Lowest point so far,<= -2.45399,-2.4539877300613284,39,23,16,47,32,15,False
10,Lowest point so far,>= -2.45399,-2.4539877300613284,39,17,22,47,15,32,False
10,Lowest point so far,<= -2.39234,-2.3923444976076524,39,24,15,47,32,15,False
10,Lowest point so far,>= -2.39234,-2.3923444976076524,39,16,23,47,15,32,False
10,Lowest point so far,<= -2.19298,-2.192982456140342,39,24,15,47,33,14,False
10,Lowest point so far,>= -2.19298,-2.192982456140342,39,15,24,47,15,32,False
10,Lowest point so far,<= -2.17129,-2.1712907117008484,39,24,15,47,34,13,False
10,Lowest point so far,>= -2.17129,-2.1712907117008484,39,15,24,47,14,33,False
10,Lowest point so far,<= -2.08333,-2.0833333333333286,39,24,15,47,35,12,False
10,Lowest point so far,>= -2.08333,-2.0833333333333286,39,15,24,47,13,34,False
10,Lowest point so far,<= -2.07756,-2.0775623268697956,39,24,15,47,36,11,False
10,Lowest point so far,>= -2.07756,-2.0775623268697956,39,15,24,47,12,35,False
10,Lowest point so far,<= -2.05882,-2.058823529411754,39,24,15,47,37,10,False
10,Lowest point so far,>= -2.05882,-2.058823529411754,39,15,24,47,11,36,False
10,Lowest point so far,<= -2.01005,-2.010050251256274,39,25,14,47,37,10,False
10,Lowest point so far,>= -2.01005,-2.010050251256274,39,15,24,47,10,37,False
10,Lowest point so far,<= -1.97044,-1.9704433497536797,39,26,13,47,37,10,False
10,Lowest point so far,>= -1.97044,-1.9704433497536797,39,14,25,47,10,37,False
10,Lowest point so far,<= -1.94175,-1.9417475728155296,39,27,12,47,37,10,False
10,Lowest point so far,>= -1.94175,-1.9417475728155296,39,13,26,47,10,37,False
10,Lowest point so far,<= -1.8797,-1.8796992481203176,39,28,11,47,37,10,False
10,Lowest point so far,>= -1.8797,-1.8796992481203176,39,12,27,47,10,37,False
10,Lowest point so far,<= -1.84332,-1.8433179723502349,39,28,11,47,38,9,False
10,Lowest point so far,>= -1.84332,-1.8433179723502349,39,11,28,47,10,37,False
10,Lowest point so far,<= -1.80412,-1.8041237113401962,39,29,10,47,38,9,False
10,Lowest point so far,>= -1.80412,-1.8041237113401962,39,11,28,47,9,38,False
10,Lowest point so far,<= -1.73502,-1.7350157728706534,39,30,9,47,38,9,False
10,Lowest point so far,>= -1.73502,-1.7350157728706534,39,10,29,47,9,38,False
10,Lowest point so far,<= -1.63934,-1.639344262295083,39,31,8,47,38,9,False
10,Lowest point so far,>= -1.63934,-1.639344262295083,39,9,30,47,9,38,False
10,Lowest point so far,<= -1.5873,-1.5873015873015817,39,31,8,47,39,8,False
10,Lowest point so far,>= -1.5873,-1.5873015873015817,39,8,31,47,9,38,False
10,Lowest point so far,<= -1.53846,-1.5384615384615472,39,31,8,47,40,7,False
10,Lowest point so far,>= -1.53846,-1.5384615384615472,39,8,31,47,8,39,False
10,Lowest point so far,<= -1.51515,-1.5151515151515156,39,32,7,47,40,7,False
10,Lowest point so far,>= -1.51515,-1.5151515151515156,39,8,31,47,7,40,False
10,Lowest point so far,<= -1.48883,-1.4888337468982655,39,32,7,47,41,6,False
10,Lowest point so far,>= -1.48883,-1.4888337468982655,39,7,32,47,7,40,False
10,Lowest point so far,<= -1.4827,-1.4827018121910953,39,33,6,47,41,6,False
10,Lowest point so far,>= -1.4827,-1.4827018121910953,39,7,32,47,6,41,False
10,Lowest point so far,<= -1.47783,-1.4778325123152598,39,33,6,47,42,5,False
10,Lowest point so far,>= -1.47783,-1.4778325123152598,39,6,33,47,6,41,False
10,Lowest point so far,<= -1.40406,-1.4040561622464907,39,34,5,47,42,5,False
10,Lowest point so far,>= -1.40406,-1.4040561622464907,39,6,33,47,5,42,False
10,Lowest point so far,<= -1.36054,-1.3605442176870781,39,35,4,47,42,5,False
10,Lowest point so far,>= -1.36054,-1.3605442176870781,39,5,34,47,5,42,False
10,Lowest point so far,<= -1.27551,-1.2755102040816269,39,36,3,47,42,5,False
10,Lowest point so far,>= -1.27551,-1.2755102040816269,39,4,35,47,5,42,False
10,Lowest point so far,<= -1.11524,-1.115241635687724,39,36,3,47,43,4,False
10,Lowest point so far,>= -1.11524,-1.115241635687724,39,3,36,47,5,42,False
10,Lowest point so far,<= -1.05566,-1.0556621880998023,39,37,2,47,43,4,False
10,Lowest point so far,>= -1.05566,-1.0556621880998023,39,3,36,47,4,43,False
10,Lowest point so far,<= -1.02564,-1.025641025641022,39,37,2,47,44,3,False
10,Lowest point so far,>= -1.02564,-1.025641025641022,39,2,37,47,4,43,False
10,Lowest point so far,<= -0.934579,-0.9345794392523317,39,37,2,47,45,2,False
10,Lowest point so far,>= -0.934579,-0.9345794392523317,39,2,37,47,3,44,False
10,Lowest point so far,<= -0.684932,-0.684931506849324,39,37,2,47,46,1,False
10,Lowest point so far,>= -0.684932,-0.684931506849324,39,2,37,47,2,45,False
10,Lowest point so far,<= -0.518135,-0.5181347150259086,39,38,1,47,46,1,False
10,Lowest point so far,>= -0.518135,-0.5181347150259086,39,2,37,47,1,46,False
10,Lowest point so far,<= -0.457666,-0.4576659038901738,39,38,1,47,47,0,False
10,Lowest point so far,>= -0.457666,-0.4576659038901738,39,1,38,47,1,46,False
10,Lowest point so far,<= -0.271003,-0.27100271002709064,39,39,0,47,47,0,False
10,Lowest point so far,>= -0.271003,-0.27100271002709064,39,1,38,47,0,47,False
10,Consecutive new-low minutes,<= +0,0.0,39,39,0,47,39,8,False
10,Consecutive new-low minutes,>= +0,0.0,39,39,0,47,47,0,False
10,Consecutive new-low minutes,<= +1,1.0,39,39,0,47,45,2,False
10,Consecutive new-low minutes,>= +1,1.0,39,0,39,47,8,39,False
10,Consecutive new-low minutes,<= +2,2.0,39,39,0,47,46,1,False
10,Consecutive new-low minutes,>= +2,2.0,39,0,39,47,2,45,False
10,Consecutive new-low minutes,<= +5,5.0,39,39,0,47,47,0,False
10,Consecutive new-low minutes,>= +5,5.0,39,0,39,47,1,46,False
10,Touched +2%,is True,True,39,22,17,47,14,33,False
10,Touched +2%,is False,False,39,17,22,47,33,14,False
10,Touched -3%,is True,True,39,13,26,47,26,21,False
10,Touched -3%,is False,False,39,26,13,47,21,26,False
10,Latest minute made new low,is True,True,39,0,39,47,8,39,False
10,Latest minute made new low,is False,False,39,39,0,47,39,8,False
10,Every minute made new low,is True,True,39,0,39,47,0,47,False
10,Every minute made new low,is False,False,39,39,0,47,47,0,False
10,Last bar direction,is up,up,39,22,17,47,23,24,False
10,Last bar direction,is down,down,39,16,23,47,24,23,False
10,Last bar direction,is flat,flat,39,1,38,47,0,47,False
