checkpoint_minutes,conditions,condition_count,build_winner_total,build_loser_total,build_winner_assessed,build_loser_assessed,build_winner_removed,build_loser_removed,build_winner_kept,build_loser_kept,build_winner_keep_rate,build_loser_remove_rate,build_unassessed,holdout_winner_total,holdout_loser_total,holdout_winner_assessed,holdout_loser_assessed,holdout_winner_removed,holdout_loser_removed,holdout_winner_kept,holdout_loser_kept,holdout_winner_keep_rate,holdout_loser_remove_rate,holdout_unassessed
0,price_vs_entry_pct >= -3 AND volume_ratio_20 <= +2,2,28,39,28,39,6,21,22,18,0.7857142857142857,0.5384615384615384,0,14,16,14,16,6,3,8,13,0.5714285714285714,0.1875,0
0,price_vs_entry_pct >= -3 AND price_vs_vwap_pct >= -2,2,28,39,28,39,8,21,20,18,0.7142857142857143,0.5384615384615384,0,14,16,14,16,3,7,11,9,0.7857142857142857,0.4375,0
0,price_vs_entry_pct >= -1 AND volume_ratio_20 <= +2,2,28,39,28,39,6,20,22,19,0.7857142857142857,0.5128205128205128,0,14,16,14,16,6,3,8,13,0.5714285714285714,0.1875,0
0,price_vs_entry_pct >= -1 AND price_vs_vwap_pct >= -2,2,28,39,28,39,7,21,21,18,0.75,0.5384615384615384,0,14,16,14,16,3,6,11,10,0.7857142857142857,0.375,0
0,price_vs_entry_pct <= +0 AND volume_ratio_20 <= +2,2,28,39,28,39,7,22,21,17,0.75,0.5641025641025641,0,14,16,14,16,6,3,8,13,0.5714285714285714,0.1875,0
0,max_down_so_far_pct >= -5 AND volume_ratio_20 <= +2,2,28,39,28,39,7,21,21,18,0.75,0.5384615384615384,0,14,16,14,16,6,3,8,13,0.5714285714285714,0.1875,0
0,volume_ratio_20 >= +0.5 AND price_vs_vwap_pct >= -2,2,28,39,28,39,8,20,20,19,0.7142857142857143,0.5128205128205128,0,14,16,14,16,2,7,12,9,0.8571428571428571,0.4375,0
0,volume_ratio_20 >= +1 AND price_vs_vwap_pct >= -2,2,28,39,28,39,8,18,20,21,0.7142857142857143,0.46153846153846156,0,14,16,14,16,2,7,12,9,0.8571428571428571,0.4375,0
0,volume_ratio_20 <= +2 AND rsi >= +50,2,28,39,28,39,7,20,21,19,0.75,0.5128205128205128,0,14,16,14,16,6,3,8,13,0.5714285714285714,0.1875,0
0,volume_ratio_20 <= +2 AND price_vs_vwap_pct <= +0,2,28,39,28,39,6,18,22,21,0.7857142857142857,0.46153846153846156,0,14,16,14,16,6,2,8,14,0.5714285714285714,0.125,0
0,volume_ratio_20 <= +2 AND price_vs_vwap_pct <= +1,2,28,39,28,39,6,19,22,20,0.7857142857142857,0.48717948717948717,0,14,16,14,16,6,2,8,14,0.5714285714285714,0.125,0
0,volume_ratio_20 <= +2 AND last_bar_direction is up,2,28,39,28,39,7,21,21,18,0.75,0.5384615384615384,0,14,16,14,16,6,3,8,13,0.5714285714285714,0.1875,0
0,rsi >= +50 AND price_vs_vwap_pct >= -2,2,28,39,28,39,8,20,20,19,0.7142857142857143,0.5128205128205128,0,14,16,14,16,3,7,11,9,0.7857142857142857,0.4375,0
0,price_vs_entry_pct >= -3 AND volume_ratio_20 <= +2 AND rsi >= +50,3,28,39,28,39,6,20,22,19,0.7857142857142857,0.5128205128205128,0,14,16,14,16,6,3,8,13,0.5714285714285714,0.1875,0
0,price_vs_entry_pct >= -3 AND volume_ratio_20 <= +2 AND price_vs_vwap_pct <= +1,3,28,39,28,39,5,18,23,21,0.8214285714285714,0.46153846153846156,0,14,16,14,16,6,2,8,14,0.5714285714285714,0.125,0
0,price_vs_entry_pct >= -3 AND volume_ratio_20 <= +2 AND last_bar_direction is up,3,28,39,28,39,6,20,22,19,0.7857142857142857,0.5128205128205128,0,14,16,14,16,6,3,8,13,0.5714285714285714,0.1875,0
0,price_vs_entry_pct >= -1 AND volume_ratio_20 >= +0.5 AND price_vs_vwap_pct >= -2,3,28,39,28,39,7,20,21,19,0.75,0.5128205128205128,0,14,16,14,16,2,6,12,10,0.8571428571428571,0.375,0
0,price_vs_entry_pct >= -1 AND volume_ratio_20 >= +1 AND price_vs_vwap_pct >= -2,3,28,39,28,39,7,18,21,21,0.75,0.46153846153846156,0,14,16,14,16,2,6,12,10,0.8571428571428571,0.375,0
0,price_vs_entry_pct >= -1 AND volume_ratio_20 <= +2 AND rsi >= +50,3,28,39,28,39,6,19,22,20,0.7857142857142857,0.48717948717948717,0,14,16,14,16,6,3,8,13,0.5714285714285714,0.1875,0
0,price_vs_entry_pct >= -1 AND volume_ratio_20 <= +2 AND last_bar_direction is up,3,28,39,28,39,6,19,22,20,0.7857142857142857,0.48717948717948717,0,14,16,14,16,6,3,8,13,0.5714285714285714,0.1875,0
0,price_vs_entry_pct >= -1 AND rsi >= +50 AND price_vs_vwap_pct >= -2,3,28,39,28,39,7,20,21,19,0.75,0.5128205128205128,0,14,16,14,16,3,6,11,10,0.7857142857142857,0.375,0
0,max_down_so_far_pct >= -5 AND volume_ratio_20 <= +2 AND price_vs_vwap_pct <= +1,3,28,39,28,39,6,18,22,21,0.7857142857142857,0.46153846153846156,0,14,16,14,16,6,2,8,14,0.5714285714285714,0.125,0
0,max_down_so_far_pct >= -5 AND volume_ratio_20 <= +2 AND last_bar_direction is up,3,28,39,28,39,7,20,21,19,0.75,0.5128205128205128,0,14,16,14,16,6,3,8,13,0.5714285714285714,0.1875,0
0,volume_ratio_20 >= +0.5 AND rsi >= +50 AND price_vs_vwap_pct >= -2,3,28,39,28,39,8,19,20,20,0.7142857142857143,0.48717948717948717,0,14,16,14,16,2,7,12,9,0.8571428571428571,0.4375,0
0,volume_ratio_20 <= +2 AND rsi >= +50 AND last_bar_direction is up,3,28,39,28,39,7,19,21,20,0.75,0.48717948717948717,0,14,16,14,16,6,3,8,13,0.5714285714285714,0.1875,0
0,volume_ratio_20 <= +2 AND price_vs_vwap_pct <= +1 AND last_bar_direction is up,3,28,39,28,39,6,18,22,21,0.7857142857142857,0.46153846153846156,0,14,16,14,16,6,2,8,14,0.5714285714285714,0.125,0
3,price_vs_entry_pct >= -3 AND max_up_so_far_pct <= +1,2,28,39,28,37,8,19,20,20,0.7142857142857143,0.48717948717948717,2,14,16,14,16,9,5,5,11,0.35714285714285715,0.3125,0
3,price_vs_entry_pct <= +0 AND last_bar_direction is down,2,28,39,26,36,7,18,21,21,0.75,0.46153846153846156,5,14,16,14,16,8,12,6,4,0.42857142857142855,0.75,0
3,price_vs_entry_pct <= +1 AND volume_ratio_20 >= +1,2,28,39,26,36,7,21,21,18,0.75,0.5384615384615384,5,14,16,14,16,8,10,6,6,0.42857142857142855,0.625,0
3,max_up_so_far_pct <= +0 AND max_down_so_far_pct <= +0,2,28,39,28,39,6,19,22,20,0.7857142857142857,0.48717948717948717,0,14,16,14,16,7,6,7,10,0.5,0.375,0
3,max_up_so_far_pct <= +1 AND volume_ratio_20 >= +0.5,2,28,39,26,36,7,20,21,19,0.75,0.5128205128205128,5,14,16,14,16,8,6,6,10,0.42857142857142855,0.375,0
3,volume_ratio_20 >= +0.75 AND macd_histogram_direction is falling,2,28,39,26,36,8,20,20,19,0.7142857142857143,0.5128205128205128,5,14,16,14,16,5,13,9,3,0.6428571428571429,0.8125,0
3,volume_ratio_20 >= +1 AND price_vs_vwap_pct <= -2,2,28,39,26,36,8,19,20,20,0.7142857142857143,0.48717948717948717,5,14,16,14,16,6,4,8,12,0.5714285714285714,0.25,0
3,volume_ratio_20 >= +1 AND macd_histogram_direction is falling,2,28,39,26,36,4,18,24,21,0.8571428571428571,0.46153846153846156,5,14,16,14,16,5,10,9,6,0.6428571428571429,0.625,0
3,volume_ratio_20 <= +2 AND last_bar_direction is down,2,28,39,26,36,8,20,20,19,0.7142857142857143,0.5128205128205128,5,14,16,14,16,8,11,6,5,0.42857142857142855,0.6875,0
3,macd_histogram_direction is falling AND last_bar_direction is down,2,28,39,26,36,7,19,21,20,0.75,0.48717948717948717,5,14,16,14,16,8,12,6,4,0.42857142857142855,0.75,0
3,price_vs_entry_pct >= -3 AND max_up_so_far_pct <= +1 AND volume_ratio_20 <= +2,3,28,39,26,36,8,18,20,21,0.7142857142857143,0.46153846153846156,5,14,16,14,16,9,5,5,11,0.35714285714285715,0.3125,0
3,price_vs_entry_pct >= -3 AND max_up_so_far_pct <= +3 AND volume_ratio_20 >= +1,3,28,39,26,36,8,19,20,20,0.7142857142857143,0.48717948717948717,5,14,16,14,16,7,9,7,7,0.5,0.5625,0
3,price_vs_entry_pct >= -3 AND max_up_so_far_pct <= +4 AND volume_ratio_20 >= +1,3,28,39,26,36,8,22,20,17,0.7142857142857143,0.5641025641025641,5,14,16,14,16,7,9,7,7,0.5,0.5625,0
3,price_vs_entry_pct >= -3 AND volume_ratio_20 >= +0.5 AND macd_histogram_direction is falling,3,28,39,26,36,8,20,20,19,0.7142857142857143,0.5128205128205128,5,14,16,14,16,7,10,7,6,0.5,0.625,0
3,price_vs_entry_pct >= -3 AND volume_ratio_20 >= +1 AND price_vs_vwap_pct <= +0,3,28,39,26,36,8,18,20,21,0.7142857142857143,0.46153846153846156,5,14,16,14,16,10,6,4,10,0.2857142857142857,0.375,0
3,price_vs_entry_pct >= -3 AND volume_ratio_20 >= +1 AND price_vs_vwap_pct <= +1,3,28,39,26,36,8,19,20,20,0.7142857142857143,0.48717948717948717,5,14,16,14,16,10,6,4,10,0.2857142857142857,0.375,0
3,price_vs_entry_pct >= -3 AND volume_ratio_20 <= +2 AND macd_histogram_direction is falling,3,28,39,26,36,8,19,20,20,0.7142857142857143,0.48717948717948717,5,14,16,14,16,6,10,8,6,0.5714285714285714,0.625,0
3,price_vs_entry_pct >= -3 AND rsi <= +70 AND last_bar_direction is down,3,28,39,26,36,8,18,20,21,0.7142857142857143,0.46153846153846156,5,14,16,14,16,10,10,4,6,0.2857142857142857,0.625,0
3,price_vs_entry_pct >= -3 AND price_vs_vwap_pct <= +1 AND macd_histogram_direction is falling,3,28,39,26,36,8,18,20,21,0.7142857142857143,0.46153846153846156,5,14,16,14,16,8,8,6,8,0.42857142857142855,0.5,0
3,price_vs_entry_pct >= -2 AND max_up_so_far_pct <= +4 AND volume_ratio_20 >= +1,3,28,39,26,36,7,19,21,20,0.75,0.48717948717948717,5,14,16,14,16,6,9,8,7,0.5714285714285714,0.5625,0
3,price_vs_entry_pct <= -1 AND volume_ratio_20 >= +0.5 AND macd_histogram_direction is falling,3,28,39,26,36,8,18,20,21,0.7142857142857143,0.46153846153846156,5,14,16,14,16,5,9,9,7,0.6428571428571429,0.5625,0
3,price_vs_entry_pct <= +0 AND max_up_so_far_pct <= +1 AND volume_ratio_20 >= +0.5,3,28,39,26,36,6,20,22,19,0.7857142857142857,0.5128205128205128,5,14,16,14,16,8,6,6,10,0.42857142857142855,0.375,0
3,price_vs_entry_pct <= +0 AND volume_ratio_20 >= +0.5 AND stochastic <= +70,3,28,39,26,36,7,19,21,20,0.75,0.48717948717948717,5,14,16,14,16,6,10,8,6,0.5714285714285714,0.625,0
3,price_vs_entry_pct <= +1 AND max_up_so_far_pct <= +3 AND volume_ratio_20 >= +1,3,28,39,26,36,7,18,21,21,0.75,0.46153846153846156,5,14,16,14,16,7,10,7,6,0.5,0.625,0
3,price_vs_entry_pct <= +1 AND max_up_so_far_pct <= +4 AND volume_ratio_20 >= +1,3,28,39,26,36,7,20,21,19,0.75,0.5128205128205128,5,14,16,14,16,7,10,7,6,0.5,0.625,0
3,price_vs_entry_pct <= +1 AND max_down_so_far_pct >= -5 AND volume_ratio_20 >= +1,3,28,39,26,36,6,19,22,20,0.7857142857142857,0.48717948717948717,5,14,16,14,16,8,9,6,7,0.42857142857142855,0.5625,0
3,price_vs_entry_pct <= +1 AND volume_ratio_20 >= +0.5 AND stochastic <= +70,3,28,39,26,36,7,20,21,19,0.75,0.5128205128205128,5,14,16,14,16,7,10,7,6,0.5,0.625,0
3,price_vs_entry_pct <= +1 AND volume_ratio_20 >= +1 AND macd_histogram_pct >= +0,3,28,39,26,36,7,20,21,19,0.75,0.5128205128205128,5,14,16,14,16,8,9,6,7,0.42857142857142855,0.5625,0
3,price_vs_entry_pct <= +1 AND volume_ratio_20 >= +1 AND stochastic >= +30,3,28,39,26,36,7,19,21,20,0.75,0.48717948717948717,5,14,16,14,16,8,9,6,7,0.42857142857142855,0.5625,0
3,price_vs_entry_pct <= +1 AND volume_ratio_20 >= +1 AND rsi >= +50,3,28,39,26,36,7,18,21,21,0.75,0.46153846153846156,5,14,16,14,16,7,9,7,7,0.5,0.5625,0
3,price_vs_entry_pct <= +1 AND volume_ratio_20 <= +2 AND last_bar_direction is down,3,28,39,26,36,8,19,20,20,0.7142857142857143,0.48717948717948717,5,14,16,14,16,8,11,6,5,0.42857142857142855,0.6875,0
3,price_vs_entry_pct <= +2 AND max_up_so_far_pct <= +3 AND volume_ratio_20 >= +1,3,28,39,26,36,8,21,20,18,0.7142857142857143,0.5384615384615384,5,14,16,14,16,7,10,7,6,0.5,0.625,0
3,price_vs_entry_pct <= +2 AND max_up_so_far_pct <= +4 AND volume_ratio_20 >= +1,3,28,39,26,36,8,23,20,16,0.7142857142857143,0.5897435897435898,5,14,16,14,16,7,10,7,6,0.5,0.625,0
3,price_vs_entry_pct <= +2 AND max_down_so_far_pct >= -5 AND volume_ratio_20 >= +1,3,28,39,26,36,7,22,21,17,0.75,0.5641025641025641,5,14,16,14,16,8,9,6,7,0.42857142857142855,0.5625,0
3,price_vs_entry_pct <= +2 AND max_down_so_far_pct >= -3 AND volume_ratio_20 >= +1,3,28,39,26,36,6,18,22,21,0.7857142857142857,0.46153846153846156,5,14,16,14,16,7,8,7,8,0.5,0.5,0
3,price_vs_entry_pct <= +2 AND max_down_so_far_pct <= -1 AND volume_ratio_20 >= +1,3,28,39,26,36,7,19,21,20,0.75,0.48717948717948717,5,14,16,14,16,7,8,7,8,0.5,0.5,0
3,price_vs_entry_pct <= +2 AND volume_ratio_20 >= +0.5 AND stochastic <= +70,3,28,39,26,36,8,20,20,19,0.7142857142857143,0.5128205128205128,5,14,16,14,16,7,10,7,6,0.5,0.625,0
3,price_vs_entry_pct <= +2 AND volume_ratio_20 >= +1 AND dot_consensus >= +1,3,28,39,26,36,8,20,20,19,0.7142857142857143,0.5128205128205128,5,14,16,14,16,6,8,8,8,0.5714285714285714,0.5,0
3,price_vs_entry_pct <= +2 AND volume_ratio_20 >= +1 AND dot_consensus >= +2,3,28,39,26,36,8,19,20,20,0.7142857142857143,0.48717948717948717,5,14,16,14,16,6,8,8,8,0.5714285714285714,0.5,0
3,price_vs_entry_pct <= +2 AND volume_ratio_20 >= +1 AND price_vs_vwap_pct <= -2,3,28,39,26,36,7,18,21,21,0.75,0.46153846153846156,5,14,16,14,16,5,4,9,12,0.6428571428571429,0.25,0
3,price_vs_entry_pct <= +2 AND volume_ratio_20 >= +1 AND price_vs_vwap_pct <= +0,3,28,39,26,36,7,19,21,20,0.75,0.48717948717948717,5,14,16,14,16,8,6,6,10,0.42857142857142855,0.375,0
3,price_vs_entry_pct <= +2 AND volume_ratio_20 >= +1 AND price_vs_vwap_pct <= +1,3,28,39,26,36,7,20,21,19,0.75,0.5128205128205128,5,14,16,14,16,8,7,6,9,0.42857142857142855,0.4375,0
3,price_vs_entry_pct <= +3 AND max_down_so_far_pct >= -3 AND volume_ratio_20 >= +1,3,28,39,26,36,7,19,21,20,0.75,0.48717948717948717,5,14,16,14,16,8,8,6,8,0.42857142857142855,0.5,0
3,price_vs_entry_pct <= +3 AND volume_ratio_20 >= +1 AND price_vs_vwap_pct <= +0,3,28,39,26,36,8,20,20,19,0.7142857142857143,0.5128205128205128,5,14,16,14,16,9,6,5,10,0.35714285714285715,0.375,0
3,price_vs_entry_pct <= +3 AND volume_ratio_20 >= +1 AND price_vs_vwap_pct <= +1,3,28,39,26,36,8,21,20,18,0.7142857142857143,0.5384615384615384,5,14,16,14,16,9,7,5,9,0.35714285714285715,0.4375,0
3,max_up_so_far_pct <= +1 AND volume_ratio_20 >= +0.5 AND macd_histogram_pct >= +0,3,28,39,26,36,7,18,21,21,0.75,0.46153846153846156,5,14,16,14,16,8,6,6,10,0.42857142857142855,0.375,0
3,max_up_so_far_pct <= +3 AND max_down_so_far_pct >= -5 AND volume_ratio_20 >= +1,3,28,39,26,36,7,19,21,20,0.75,0.48717948717948717,5,14,16,14,16,7,9,7,7,0.5,0.5625,0
3,max_up_so_far_pct <= +3 AND max_down_so_far_pct <= -1 AND volume_ratio_20 >= +1,3,28,39,26,36,7,19,21,20,0.75,0.48717948717948717,5,14,16,14,16,6,8,8,8,0.5714285714285714,0.5,0
3,max_up_so_far_pct <= +3 AND volume_ratio_20 >= +1 AND rsi <= +70,3,28,39,26,36,8,19,20,20,0.7142857142857143,0.48717948717948717,5,14,16,14,16,7,10,7,6,0.5,0.625,0
3,max_up_so_far_pct <= +3 AND volume_ratio_20 >= +1 AND price_vs_vwap_pct <= +1,3,28,39,26,36,7,18,21,21,0.75,0.46153846153846156,5,14,16,14,16,7,7,7,9,0.5,0.4375,0
3,max_up_so_far_pct <= +4 AND max_down_so_far_pct >= -5 AND volume_ratio_20 >= +1,3,28,39,26,36,7,22,21,17,0.75,0.5641025641025641,5,14,16,14,16,7,9,7,7,0.5,0.5625,0
3,max_up_so_far_pct <= +4 AND max_down_so_far_pct >= -3 AND volume_ratio_20 >= +1,3,28,39,26,36,6,18,22,21,0.7857142857142857,0.46153846153846156,5,14,16,14,16,6,8,8,8,0.5714285714285714,0.5,0
3,max_up_so_far_pct <= +4 AND max_down_so_far_pct <= -1 AND volume_ratio_20 >= +1,3,28,39,26,36,7,20,21,19,0.75,0.5128205128205128,5,14,16,14,16,6,8,8,8,0.5714285714285714,0.5,0
3,max_up_so_far_pct <= +4 AND volume_ratio_20 >= +0.75 AND macd_histogram_direction is falling,3,28,39,26,36,8,19,20,20,0.7142857142857143,0.48717948717948717,5,14,16,14,16,4,13,10,3,0.7142857142857143,0.8125,0
3,max_up_so_far_pct <= +4 AND volume_ratio_20 >= +1 AND rsi <= +70,3,28,39,26,36,8,22,20,17,0.7142857142857143,0.5641025641025641,5,14,16,14,16,7,10,7,6,0.5,0.625,0
3,max_up_so_far_pct <= +4 AND volume_ratio_20 >= +1 AND dot_consensus >= +1,3,28,39,26,36,8,20,20,19,0.7142857142857143,0.5128205128205128,5,14,16,14,16,5,8,9,8,0.6428571428571429,0.5,0
3,max_up_so_far_pct <= +4 AND volume_ratio_20 >= +1 AND dot_consensus >= +2,3,28,39,26,36,8,19,20,20,0.7142857142857143,0.48717948717948717,5,14,16,14,16,5,8,9,8,0.6428571428571429,0.5,0
3,max_up_so_far_pct <= +4 AND volume_ratio_20 >= +1 AND price_vs_vwap_pct <= -2,3,28,39,26,36,7,19,21,20,0.75,0.48717948717948717,5,14,16,14,16,5,4,9,12,0.6428571428571429,0.25,0
3,max_up_so_far_pct <= +4 AND volume_ratio_20 >= +1 AND price_vs_vwap_pct <= +0,3,28,39,26,36,7,20,21,19,0.75,0.5128205128205128,5,14,16,14,16,7,6,7,10,0.5,0.375,0
3,max_up_so_far_pct <= +4 AND volume_ratio_20 >= +1 AND price_vs_vwap_pct <= +1,3,28,39,26,36,7,21,21,18,0.75,0.5384615384615384,5,14,16,14,16,7,7,7,9,0.5,0.4375,0
3,max_up_so_far_pct <= +4 AND volume_ratio_20 <= +2 AND last_bar_direction is down,3,28,39,26,36,8,19,20,20,0.7142857142857143,0.48717948717948717,5,14,16,14,16,8,11,6,5,0.42857142857142855,0.6875,0
3,max_up_so_far_pct <= +4 AND macd_histogram_direction is falling AND last_bar_direction is down,3,28,39,26,36,7,18,21,21,0.75,0.46153846153846156,5,14,16,14,16,7,12,7,4,0.5,0.75,0
3,max_down_so_far_pct >= -5 AND volume_ratio_20 >= +1 AND rsi <= +70,3,28,39,26,36,8,21,20,18,0.7142857142857143,0.5384615384615384,5,14,16,14,16,8,9,6,7,0.42857142857142855,0.5625,0
3,max_down_so_far_pct >= -5 AND volume_ratio_20 >= +1 AND price_vs_vwap_pct <= +0,3,28,39,26,36,7,18,21,21,0.75,0.46153846153846156,5,14,16,14,16,10,6,4,10,0.2857142857142857,0.375,0
3,max_down_so_far_pct >= -5 AND volume_ratio_20 >= +1 AND price_vs_vwap_pct <= +1,3,28,39,26,36,7,19,21,20,0.75,0.48717948717948717,5,14,16,14,16,10,6,4,10,0.2857142857142857,0.375,0
3,max_down_so_far_pct >= -5 AND volume_ratio_20 >= +1 AND price_vs_vwap_pct <= +2,3,28,39,26,36,8,19,20,20,0.7142857142857143,0.48717948717948717,5,14,16,14,16,10,7,4,9,0.2857142857142857,0.4375,0
3,max_down_so_far_pct <= -1 AND volume_ratio_20 >= +1 AND rsi <= +70,3,28,39,26,36,8,18,20,21,0.7142857142857143,0.46153846153846156,5,14,16,14,16,7,8,7,8,0.5,0.5,0
3,volume_ratio_20 >= +0.5 AND stochastic <= +70 AND macd_histogram_direction is falling,3,28,39,26,36,6,19,22,20,0.7857142857142857,0.48717948717948717,5,14,16,14,16,7,10,7,6,0.5,0.625,0
3,volume_ratio_20 >= +0.5 AND price_vs_vwap_pct <= +0 AND macd_histogram_direction is falling,3,28,39,26,36,8,18,20,21,0.7142857142857143,0.46153846153846156,5,14,16,14,16,7,9,7,7,0.5,0.5625,0
3,volume_ratio_20 >= +0.5 AND price_vs_vwap_pct <= +1 AND macd_histogram_direction is falling,3,28,39,26,36,8,20,20,19,0.7142857142857143,0.5128205128205128,5,14,16,14,16,7,10,7,6,0.5,0.625,0
3,volume_ratio_20 >= +0.75 AND macd_histogram_pct >= +0 AND macd_histogram_direction is falling,3,28,39,26,36,8,18,20,21,0.7142857142857143,0.46153846153846156,5,14,16,14,16,5,11,9,5,0.6428571428571429,0.6875,0
3,volume_ratio_20 >= +0.75 AND stochastic >= +30 AND macd_histogram_direction is falling,3,28,39,26,36,8,18,20,21,0.7142857142857143,0.46153846153846156,5,14,16,14,16,5,11,9,5,0.6428571428571429,0.6875,0
3,volume_ratio_20 >= +1 AND macd_histogram_pct >= +0 AND price_vs_vwap_pct <= -2,3,28,39,26,36,8,18,20,21,0.7142857142857143,0.46153846153846156,5,14,16,14,16,6,4,8,12,0.5714285714285714,0.25,0
3,volume_ratio_20 >= +1 AND rsi <= +70 AND price_vs_vwap_pct <= +0,3,28,39,26,36,7,18,21,21,0.75,0.46153846153846156,5,14,16,14,16,8,6,6,10,0.42857142857142855,0.375,0
3,volume_ratio_20 >= +1 AND rsi <= +70 AND price_vs_vwap_pct <= +1,3,28,39,26,36,7,19,21,20,0.75,0.48717948717948717,5,14,16,14,16,8,7,6,9,0.42857142857142855,0.4375,0
3,volume_ratio_20 >= +1 AND dot_consensus >= +1 AND price_vs_vwap_pct <= -2,3,28,39,26,36,7,18,21,21,0.75,0.46153846153846156,5,14,16,14,16,4,4,10,12,0.7142857142857143,0.25,0
3,volume_ratio_20 >= +1 AND dot_consensus >= +1 AND price_vs_vwap_pct <= +0,3,28,39,26,36,8,18,20,21,0.7142857142857143,0.46153846153846156,5,14,16,14,16,8,5,6,11,0.42857142857142855,0.3125,0
3,volume_ratio_20 >= +1 AND dot_consensus >= +1 AND price_vs_vwap_pct <= +1,3,28,39,26,36,8,19,20,20,0.7142857142857143,0.48717948717948717,5,14,16,14,16,8,6,6,10,0.42857142857142855,0.375,0
3,volume_ratio_20 >= +1 AND dot_consensus >= +2 AND price_vs_vwap_pct <= +1,3,28,39,26,36,8,18,20,21,0.7142857142857143,0.46153846153846156,5,14,16,14,16,8,6,6,10,0.42857142857142855,0.375,0
3,volume_ratio_20 <= +2 AND macd_histogram_pct >= +0 AND last_bar_direction is down,3,28,39,26,36,8,19,20,20,0.7142857142857143,0.48717948717948717,5,14,16,14,16,8,10,6,6,0.42857142857142855,0.625,0
3,volume_ratio_20 <= +2 AND stochastic >= +30 AND last_bar_direction is down,3,28,39,26,36,8,18,20,21,0.7142857142857143,0.46153846153846156,5,14,16,14,16,8,10,6,6,0.42857142857142855,0.625,0
3,macd_histogram_pct >= +0 AND macd_histogram_direction is falling AND last_bar_direction is down,3,28,39,26,36,7,18,21,21,0.75,0.46153846153846156,5,14,16,14,16,8,11,6,5,0.42857142857142855,0.6875,0
5,price_vs_entry_pct <= -1 AND max_up_so_far_pct <= +3,2,28,39,28,36,8,20,20,19,0.7142857142857143,0.5128205128205128,3,14,16,14,14,5,12,9,4,0.6428571428571429,0.75,2
5,price_vs_entry_pct <= -1 AND stochastic <= +70,2,28,39,26,36,8,18,20,21,0.7142857142857143,0.46153846153846156,5,14,16,14,14,5,12,9,4,0.6428571428571429,0.75,2
5,price_vs_entry_pct <= -1 AND dot_consensus <= +2,2,28,39,26,36,7,18,21,21,0.75,0.46153846153846156,5,14,16,14,14,5,10,9,6,0.6428571428571429,0.625,2
5,price_vs_entry_pct <= -1 AND macd_histogram_direction is falling,2,28,39,26,36,7,19,21,20,0.75,0.48717948717948717,5,14,16,14,14,5,10,9,6,0.6428571428571429,0.625,2
5,price_vs_entry_pct <= +0 AND max_up_so_far_pct <= +1,2,28,39,28,36,8,21,20,18,0.7142857142857143,0.5384615384615384,3,14,16,14,14,8,8,6,8,0.42857142857142855,0.5,2
5,price_vs_entry_pct <= +0 AND max_down_so_far_pct >= -3,2,28,39,28,36,8,18,20,21,0.7142857142857143,0.46153846153846156,3,14,16,14,14,8,6,6,10,0.42857142857142855,0.375,2
5,price_vs_entry_pct <= +0 AND volume_ratio_20 <= +1,2,28,39,26,36,6,18,22,21,0.7857142857142857,0.46153846153846156,5,14,16,14,14,7,11,7,5,0.5,0.6875,2
5,price_vs_entry_pct <= +0 AND dot_consensus <= +1,2,28,39,26,36,4,18,24,21,0.8571428571428571,0.46153846153846156,5,14,16,14,14,5,11,9,5,0.6428571428571429,0.6875,2
5,price_vs_entry_pct <= +1 AND volume_ratio_20 <= +0.75,2,28,39,26,36,4,18,24,21,0.8571428571428571,0.46153846153846156,5,14,16,14,14,5,8,9,8,0.6428571428571429,0.5,2
5,price_vs_entry_pct <= +1 AND volume_ratio_20 <= +1,2,28,39,26,36,7,21,21,18,0.75,0.5384615384615384,5,14,16,14,14,7,11,7,5,0.5,0.6875,2
5,price_vs_entry_pct <= +1 AND dot_consensus <= +1,2,28,39,26,36,5,19,23,20,0.8214285714285714,0.48717948717948717,5,14,16,14,14,6,11,8,5,0.5714285714285714,0.6875,2
5,max_up_so_far_pct <= +0 AND max_down_so_far_pct <= +0,2,28,39,28,39,4,18,24,21,0.8571428571428571,0.46153846153846156,0,14,16,14,16,6,6,8,10,0.5714285714285714,0.375,0
5,max_up_so_far_pct <= +1 AND max_down_so_far_pct <= -1,2,28,39,28,39,8,20,20,19,0.7142857142857143,0.5128205128205128,0,14,16,14,16,7,8,7,8,0.5,0.5,0
5,max_up_so_far_pct <= +1 AND dot_consensus <= +2,2,28,39,26,36,5,18,23,21,0.8214285714285714,0.46153846153846156,5,14,16,14,14,6,7,8,9,0.5714285714285714,0.4375,2
5,max_up_so_far_pct <= +1 AND macd_histogram_direction is falling,2,28,39,26,36,6,19,22,20,0.7857142857142857,0.48717948717948717,5,14,16,14,14,7,7,7,9,0.5,0.4375,2
5,max_up_so_far_pct <= +2 AND dot_consensus <= +2,2,28,39,26,36,8,19,20,20,0.7142857142857143,0.48717948717948717,5,14,16,14,14,7,11,7,5,0.5,0.6875,2
5,max_up_so_far_pct <= +3 AND stochastic <= +70,2,28,39,26,36,8,22,20,17,0.7142857142857143,0.5641025641025641,5,14,16,14,14,7,13,7,3,0.5,0.8125,2
5,max_up_so_far_pct <= +3 AND dot_consensus <= +2,2,28,39,26,36,8,25,20,14,0.7142857142857143,0.6410256410256411,5,14,16,14,14,7,11,7,5,0.5,0.6875,2
5,max_up_so_far_pct <= +4 AND volume_ratio_20 <= +1,2,28,39,26,36,7,20,21,19,0.75,0.5128205128205128,5,14,16,14,14,7,11,7,5,0.5,0.6875,2
5,max_up_so_far_pct <= +4 AND stochastic <= +70,2,28,39,26,36,8,25,20,14,0.7142857142857143,0.6410256410256411,5,14,16,14,14,7,13,7,3,0.5,0.8125,2
5,max_up_so_far_pct <= +4 AND dot_consensus <= +1,2,28,39,26,36,4,19,24,20,0.8571428571428571,0.48717948717948717,5,14,16,14,14,5,11,9,5,0.6428571428571429,0.6875,2
5,max_up_so_far_pct <= +4 AND dot_consensus <= +2,2,28,39,26,36,8,28,20,11,0.7142857142857143,0.717948717948718,5,14,16,14,14,7,11,7,5,0.5,0.6875,2
5,max_down_so_far_pct >= -5 AND volume_ratio_20 <= +1,2,28,39,26,36,7,18,21,21,0.75,0.46153846153846156,5,14,16,14,14,7,7,7,9,0.5,0.4375,2
5,max_down_so_far_pct >= -3 AND dot_consensus <= +2,2,28,39,26,36,6,19,22,20,0.7857142857142857,0.48717948717948717,5,14,16,14,14,7,5,7,11,0.5,0.3125,2
5,volume_ratio_20 <= +1 AND macd_histogram_pct >= +0,2,28,39,26,36,7,19,21,20,0.75,0.48717948717948717,5,14,16,14,14,7,10,7,6,0.5,0.625,2
5,volume_ratio_20 <= +1 AND stochastic >= +30,2,28,39,26,36,7,19,21,20,0.75,0.48717948717948717,5,14,16,14,14,5,9,9,7,0.6428571428571429,0.5625,2
5,volume_ratio_20 <= +1 AND macd_histogram_direction is falling,2,28,39,26,36,5,19,23,20,0.8214285714285714,0.48717948717948717,5,14,16,14,14,6,9,8,7,0.5714285714285714,0.5625,2
5,stochastic <= +70 AND dot_consensus <= +1,2,28,39,26,36,4,18,24,21,0.8571428571428571,0.46153846153846156,5,14,16,14,14,6,11,8,5,0.5714285714285714,0.6875,2
5,price_vs_entry_pct >= -3 AND max_up_so_far_pct <= +4 AND dot_consensus <= +2,3,28,39,26,36,7,19,21,20,0.75,0.48717948717948717,5,14,16,14,14,6,7,8,9,0.5714285714285714,0.4375,2
5,price_vs_entry_pct >= -3 AND volume_ratio_20 <= +1.5 AND dot_consensus <= +2,3,28,39,26,36,8,19,20,20,0.7142857142857143,0.48717948717948717,5,14,16,14,14,7,7,7,9,0.5,0.4375,2
5,price_vs_entry_pct <= -1 AND max_up_so_far_pct <= +3 AND stochastic <= +70,3,28,39,26,36,7,18,21,21,0.75,0.46153846153846156,5,14,16,14,14,5,12,9,4,0.6428571428571429,0.75,2
5,price_vs_entry_pct <= -1 AND max_up_so_far_pct <= +3 AND rsi >= +30,3,28,39,26,36,8,20,20,19,0.7142857142857143,0.5128205128205128,5,14,16,14,14,5,12,9,4,0.6428571428571429,0.75,2
5,price_vs_entry_pct <= -1 AND max_up_so_far_pct <= +3 AND dot_consensus <= +2,3,28,39,26,36,6,18,22,21,0.7857142857142857,0.46153846153846156,5,14,16,14,14,5,10,9,6,0.6428571428571429,0.625,2
5,price_vs_entry_pct <= -1 AND max_up_so_far_pct <= +3 AND macd_histogram_direction is falling,3,28,39,26,36,6,19,22,20,0.7857142857142857,0.48717948717948717,5,14,16,14,14,5,10,9,6,0.6428571428571429,0.625,2
5,price_vs_entry_pct <= -1 AND max_up_so_far_pct <= +3 AND atr_direction is long,3,28,39,26,36,8,18,20,21,0.7142857142857143,0.46153846153846156,5,14,16,14,14,5,11,9,5,0.6428571428571429,0.6875,2
5,price_vs_entry_pct <= +0 AND max_up_so_far_pct <= +1 AND volume_ratio_20 <= +1.5,3,28,39,26,36,8,19,20,20,0.7142857142857143,0.48717948717948717,5,14,16,14,14,8,8,6,8,0.42857142857142855,0.5,2
5,price_vs_entry_pct <= +0 AND max_up_so_far_pct <= +1 AND rsi >= +30,3,28,39,26,36,8,21,20,18,0.7142857142857143,0.5384615384615384,5,14,16,14,14,8,8,6,8,0.42857142857142855,0.5,2
5,price_vs_entry_pct <= +0 AND max_up_so_far_pct <= +1 AND macd_histogram_direction is falling,3,28,39,26,36,5,19,23,20,0.8214285714285714,0.48717948717948717,5,14,16,14,14,7,7,7,9,0.5,0.4375,2
5,price_vs_entry_pct <= +0 AND max_up_so_far_pct <= +1 AND atr_direction is long,3,28,39,26,36,8,20,20,19,0.7142857142857143,0.5128205128205128,5,14,16,14,14,8,8,6,8,0.42857142857142855,0.5,2
5,price_vs_entry_pct <= +0 AND max_up_so_far_pct <= +3 AND max_down_so_far_pct <= -2,3,28,39,28,36,8,20,20,19,0.7142857142857143,0.5128205128205128,3,14,16,14,14,4,10,10,6,0.7142857142857143,0.625,2
5,price_vs_entry_pct <= +0 AND max_up_so_far_pct <= +4 AND stochastic <= +70,3,28,39,26,36,8,24,20,15,0.7142857142857143,0.6153846153846154,5,14,16,14,14,7,13,7,3,0.5,0.8125,2
5,price_vs_entry_pct <= +0 AND max_up_so_far_pct <= +4 AND dot_consensus <= +2,3,28,39,26,36,8,27,20,12,0.7142857142857143,0.6923076923076923,5,14,16,14,14,7,11,7,5,0.5,0.6875,2
5,price_vs_entry_pct <= +0 AND max_down_so_far_pct >= -5 AND dot_consensus <= +2,3,28,39,26,36,8,20,20,19,0.7142857142857143,0.5128205128205128,5,14,16,14,14,7,8,7,8,0.5,0.5,2
5,price_vs_entry_pct <= +0 AND max_down_so_far_pct >= -3 AND rsi >= +30,3,28,39,26,36,8,18,20,21,0.7142857142857143,0.46153846153846156,5,14,16,14,14,8,6,6,10,0.42857142857142855,0.375,2
5,price_vs_entry_pct <= +0 AND max_down_so_far_pct <= -2 AND volume_ratio_20 >= +0.5,3,28,39,26,36,8,18,20,21,0.7142857142857143,0.46153846153846156,5,14,16,14,14,4,7,10,9,0.7142857142857143,0.4375,2
5,price_vs_entry_pct <= +0 AND max_down_so_far_pct <= -2 AND stochastic <= +70,3,28,39,26,36,7,18,21,21,0.75,0.46153846153846156,5,14,16,14,14,2,10,12,6,0.8571428571428571,0.625,2
5,price_vs_entry_pct <= +0 AND max_down_so_far_pct <= -2 AND dot_consensus <= +2,3,28,39,26,36,6,18,22,21,0.7857142857142857,0.46153846153846156,5,14,16,14,14,2,8,12,8,0.8571428571428571,0.5,2
5,price_vs_entry_pct <= +0 AND max_down_so_far_pct <= -2 AND macd_histogram_direction is falling,3,28,39,26,36,6,19,22,20,0.7857142857142857,0.48717948717948717,5,14,16,14,14,3,8,11,8,0.7857142857142857,0.5,2
5,price_vs_entry_pct <= +0 AND max_down_so_far_pct <= -1 AND dot_consensus <= +2,3,28,39,26,36,8,22,20,17,0.7142857142857143,0.5641025641025641,5,14,16,14,14,6,10,8,6,0.5714285714285714,0.625,2
5,price_vs_entry_pct <= +0 AND volume_ratio_20 >= +0.5 AND stochastic <= +70,3,28,39,26,36,8,19,20,20,0.7142857142857143,0.48717948717948717,5,14,16,14,14,5,9,9,7,0.6428571428571429,0.5625,2
5,price_vs_entry_pct <= +0 AND volume_ratio_20 >= +0.5 AND dot_consensus <= +2,3,28,39,26,36,8,21,20,18,0.7142857142857143,0.5384615384615384,5,14,16,14,14,5,8,9,8,0.6428571428571429,0.5,2
5,price_vs_entry_pct <= +0 AND volume_ratio_20 >= +0.5 AND macd_histogram_direction is falling,3,28,39,26,36,8,22,20,17,0.7142857142857143,0.5641025641025641,5,14,16,14,14,6,8,8,8,0.5714285714285714,0.5,2
5,price_vs_entry_pct <= +0 AND volume_ratio_20 <= +1.5 AND stochastic <= +70,3,28,39,26,36,7,20,21,19,0.75,0.5128205128205128,5,14,16,14,14,7,12,7,4,0.5,0.75,2
5,price_vs_entry_pct <= +0 AND volume_ratio_20 <= +1.5 AND dot_consensus <= +2,3,28,39,26,36,7,23,21,16,0.75,0.5897435897435898,5,14,16,14,14,7,10,7,6,0.5,0.625,2
5,price_vs_entry_pct <= +0 AND volume_ratio_20 <= +1.5 AND macd_histogram_direction is falling,3,28,39,26,36,8,24,20,15,0.7142857142857143,0.6153846153846154,5,14,16,14,14,8,10,6,6,0.42857142857142855,0.625,2
5,price_vs_entry_pct <= +0 AND stochastic <= +70 AND dot_consensus <= +2,3,28,39,26,36,8,23,20,16,0.7142857142857143,0.5897435897435898,5,14,16,14,14,7,11,7,5,0.5,0.6875,2
5,price_vs_entry_pct <= +0 AND stochastic <= +70 AND price_vs_vwap_pct <= -1,3,28,39,26,36,8,18,20,21,0.7142857142857143,0.46153846153846156,5,14,16,14,14,7,8,7,8,0.5,0.5,2
5,price_vs_entry_pct <= +0 AND stochastic <= +70 AND price_vs_vwap_pct <= +0,3,28,39,26,36,8,20,20,19,0.7142857142857143,0.5128205128205128,5,14,16,14,14,7,9,7,7,0.5,0.5625,2
5,price_vs_entry_pct <= +0 AND stochastic <= +70 AND price_vs_vwap_pct <= +2,3,28,39,26,36,8,21,20,18,0.7142857142857143,0.5384615384615384,5,14,16,14,14,7,9,7,7,0.5,0.5625,2
5,price_vs_entry_pct <= +0 AND dot_consensus <= +2 AND price_vs_vwap_pct <= -1,3,28,39,26,36,8,20,20,19,0.7142857142857143,0.5128205128205128,5,14,16,14,14,7,8,7,8,0.5,0.5,2
5,price_vs_entry_pct <= +0 AND dot_consensus <= +2 AND price_vs_vwap_pct <= +0,3,28,39,26,36,8,22,20,17,0.7142857142857143,0.5641025641025641,5,14,16,14,14,7,9,7,7,0.5,0.5625,2
5,price_vs_entry_pct <= +0 AND dot_consensus <= +2 AND price_vs_vwap_pct <= +1,3,28,39,26,36,8,23,20,16,0.7142857142857143,0.5897435897435898,5,14,16,14,14,7,9,7,7,0.5,0.5625,2
5,price_vs_entry_pct <= +0 AND dot_consensus <= +2 AND price_vs_vwap_pct <= +2,3,28,39,26,36,8,24,20,15,0.7142857142857143,0.6153846153846154,5,14,16,14,14,7,9,7,7,0.5,0.5625,2
5,price_vs_entry_pct <= +1 AND max_up_so_far_pct <= +4 AND last_bar_direction is down,3,28,39,26,36,8,20,20,19,0.7142857142857143,0.5128205128205128,5,14,16,14,14,4,9,10,7,0.7142857142857143,0.5625,2
5,price_vs_entry_pct <= +1 AND max_down_so_far_pct <= -2 AND stochastic <= +70,3,28,39,26,36,8,19,20,20,0.7142857142857143,0.48717948717948717,5,14,16,14,14,2,10,12,6,0.8571428571428571,0.625,2
5,price_vs_entry_pct <= +1 AND max_down_so_far_pct <= -2 AND dot_consensus <= +2,3,28,39,26,36,7,19,21,20,0.75,0.48717948717948717,5,14,16,14,14,2,8,12,8,0.8571428571428571,0.5,2
5,price_vs_entry_pct <= +1 AND max_down_so_far_pct <= -2 AND macd_histogram_direction is falling,3,28,39,26,36,7,21,21,18,0.75,0.5384615384615384,5,14,16,14,14,3,8,11,8,0.7857142857142857,0.5,2
5,price_vs_entry_pct <= +1 AND max_down_so_far_pct <= -1 AND last_bar_direction is down,3,28,39,26,36,7,18,21,21,0.75,0.46153846153846156,5,14,16,14,14,4,8,10,8,0.7142857142857143,0.5,2
5,price_vs_entry_pct <= +1 AND volume_ratio_20 >= +0.5 AND last_bar_direction is down,3,28,39,26,36,7,18,21,21,0.75,0.46153846153846156,5,14,16,14,14,4,7,10,9,0.7142857142857143,0.4375,2
5,price_vs_entry_pct <= +1 AND volume_ratio_20 <= +1.5 AND stochastic <= +70,3,28,39,26,36,8,22,20,17,0.7142857142857143,0.5641025641025641,5,14,16,14,14,8,12,6,4,0.42857142857142855,0.75,2
5,price_vs_entry_pct <= +1 AND volume_ratio_20 <= +1.5 AND dot_consensus <= +2,3,28,39,26,36,8,25,20,14,0.7142857142857143,0.6410256410256411,5,14,16,14,14,8,10,6,6,0.42857142857142855,0.625,2
5,price_vs_entry_pct <= +1 AND dot_consensus <= +2 AND last_bar_direction is down,3,28,39,26,36,7,18,21,21,0.75,0.46153846153846156,5,14,16,14,14,5,9,9,7,0.6428571428571429,0.5625,2
5,price_vs_entry_pct <= +1 AND price_vs_vwap_pct <= +2 AND last_bar_direction is down,3,28,39,26,36,8,18,20,21,0.7142857142857143,0.46153846153846156,5,14,16,14,14,5,7,9,9,0.6428571428571429,0.4375,2
5,price_vs_entry_pct <= +2 AND max_down_so_far_pct <= -1 AND last_bar_direction is down,3,28,39,26,36,8,18,20,21,0.7142857142857143,0.46153846153846156,5,14,16,14,14,4,8,10,8,0.7142857142857143,0.5,2
5,price_vs_entry_pct <= +2 AND volume_ratio_20 >= +0.5 AND last_bar_direction is down,3,28,39,26,36,8,18,20,21,0.7142857142857143,0.46153846153846156,5,14,16,14,14,4,7,10,9,0.7142857142857143,0.4375,2
5,price_vs_entry_pct <= +3 AND max_down_so_far_pct <= -2 AND dot_consensus <= +2,3,28,39,26,36,8,19,20,20,0.7142857142857143,0.48717948717948717,5,14,16,14,14,2,8,12,8,0.8571428571428571,0.5,2
5,price_vs_entry_pct <= +3 AND max_down_so_far_pct <= -2 AND macd_histogram_direction is falling,3,28,39,26,36,8,21,20,18,0.7142857142857143,0.5384615384615384,5,14,16,14,14,3,8,11,8,0.7857142857142857,0.5,2
5,price_vs_entry_pct <= +3 AND dot_consensus <= +2 AND last_bar_direction is down,3,28,39,26,36,8,18,20,21,0.7142857142857143,0.46153846153846156,5,14,16,14,14,5,9,9,7,0.6428571428571429,0.5625,2
5,max_up_so_far_pct <= +1 AND macd_histogram_direction is falling AND atr_direction is long,3,28,39,26,36,6,18,22,21,0.7857142857142857,0.46153846153846156,5,14,16,14,14,7,7,7,9,0.5,0.4375,2
5,max_up_so_far_pct <= +2 AND max_down_so_far_pct <= -1 AND macd_histogram_direction is falling,3,28,39,26,36,8,18,20,21,0.7142857142857143,0.46153846153846156,5,14,16,14,14,7,10,7,6,0.5,0.625,2
5,max_up_so_far_pct <= +2 AND dot_consensus <= +2 AND atr_direction is long,3,28,39,26,36,8,18,20,21,0.7142857142857143,0.46153846153846156,5,14,16,14,14,7,10,7,6,0.5,0.625,2
5,max_up_so_far_pct <= +3 AND max_down_so_far_pct >= -5 AND dot_consensus <= +2,3,28,39,26,36,8,18,20,21,0.7142857142857143,0.46153846153846156,5,14,16,14,14,7,8,7,8,0.5,0.5,2
5,max_up_so_far_pct <= +3 AND max_down_so_far_pct <= -2 AND stochastic <= +70,3,28,39,26,36,6,18,22,21,0.7857142857142857,0.46153846153846156,5,14,16,14,14,2,10,12,6,0.8571428571428571,0.625,2
5,max_up_so_far_pct <= +3 AND max_down_so_far_pct <= -2 AND dot_consensus <= +2,3,28,39,26,36,5,18,23,21,0.8214285714285714,0.46153846153846156,5,14,16,14,14,2,8,12,8,0.8571428571428571,0.5,2
5,max_up_so_far_pct <= +3 AND max_down_so_far_pct <= -2 AND macd_histogram_direction is falling,3,28,39,26,36,5,19,23,20,0.8214285714285714,0.48717948717948717,5,14,16,14,14,3,8,11,8,0.7857142857142857,0.5,2
5,max_up_so_far_pct <= +3 AND max_down_so_far_pct <= -1 AND stochastic <= +70,3,28,39,26,36,8,20,20,19,0.7142857142857143,0.5128205128205128,5,14,16,14,14,6,12,8,4,0.5714285714285714,0.75,2
5,max_up_so_far_pct <= +3 AND max_down_so_far_pct <= -1 AND dot_consensus <= +2,3,28,39,26,36,7,22,21,17,0.75,0.5641025641025641,5,14,16,14,14,6,10,8,6,0.5714285714285714,0.625,2
5,max_up_so_far_pct <= +3 AND volume_ratio_20 >= +0.5 AND stochastic <= +70,3,28,39,26,36,7,18,21,21,0.75,0.46153846153846156,5,14,16,14,14,5,9,9,7,0.6428571428571429,0.5625,2
5,max_up_so_far_pct <= +3 AND volume_ratio_20 >= +0.5 AND dot_consensus <= +2,3,28,39,26,36,7,20,21,19,0.75,0.5128205128205128,5,14,16,14,14,5,8,9,8,0.6428571428571429,0.5,2
5,max_up_so_far_pct <= +3 AND volume_ratio_20 <= +1.5 AND stochastic <= +70,3,28,39,26,36,7,18,21,21,0.75,0.46153846153846156,5,14,16,14,14,7,12,7,4,0.5,0.75,2
5,max_up_so_far_pct <= +3 AND volume_ratio_20 <= +1.5 AND dot_consensus <= +2,3,28,39,26,36,7,21,21,18,0.75,0.5384615384615384,5,14,16,14,14,7,10,7,6,0.5,0.625,2
5,max_up_so_far_pct <= +3 AND volume_ratio_20 <= +2 AND stochastic <= +70,3,28,39,26,36,8,19,20,20,0.7142857142857143,0.48717948717948717,5,14,16,14,14,7,13,7,3,0.5,0.8125,2
5,max_up_so_far_pct <= +3 AND volume_ratio_20 <= +2 AND dot_consensus <= +2,3,28,39,26,36,8,22,20,17,0.7142857142857143,0.5641025641025641,5,14,16,14,14,7,11,7,5,0.5,0.6875,2
5,max_up_so_far_pct <= +3 AND macd_histogram_pct >= +0 AND dot_consensus <= +2,3,28,39,26,36,8,20,20,19,0.7142857142857143,0.5128205128205128,5,14,16,14,14,7,10,7,6,0.5,0.625,2
5,max_up_so_far_pct <= +3 AND stochastic >= +30 AND dot_consensus <= +2,3,28,39,26,36,8,18,20,21,0.7142857142857143,0.46153846153846156,5,14,16,14,14,5,8,9,8,0.6428571428571429,0.5,2
5,max_up_so_far_pct <= +3 AND stochastic <= +70 AND dot_consensus <= +2,3,28,39,26,36,7,21,21,18,0.75,0.5384615384615384,5,14,16,14,14,7,11,7,5,0.5,0.6875,2
5,max_up_so_far_pct <= +3 AND stochastic <= +70 AND price_vs_vwap_pct <= +0,3,28,39,26,36,7,18,21,21,0.75,0.46153846153846156,5,14,16,14,14,7,9,7,7,0.5,0.5625,2
5,max_up_so_far_pct <= +3 AND stochastic <= +70 AND price_vs_vwap_pct <= +2,3,28,39,26,36,7,19,21,20,0.75,0.48717948717948717,5,14,16,14,14,7,9,7,7,0.5,0.5625,2
5,max_up_so_far_pct <= +3 AND stochastic <= +70 AND atr_direction is long,3,28,39,26,36,8,20,20,19,0.7142857142857143,0.5128205128205128,5,14,16,14,14,7,12,7,4,0.5,0.75,2
5,max_up_so_far_pct <= +3 AND dot_consensus <= +2 AND price_vs_vwap_pct <= -1,3,28,39,26,36,7,18,21,21,0.75,0.46153846153846156,5,14,16,14,14,7,8,7,8,0.5,0.5,2
5,max_up_so_far_pct <= +3 AND dot_consensus <= +2 AND price_vs_vwap_pct <= +0,3,28,39,26,36,7,20,21,19,0.75,0.5128205128205128,5,14,16,14,14,7,9,7,7,0.5,0.5625,2
5,max_up_so_far_pct <= +3 AND dot_consensus <= +2 AND price_vs_vwap_pct <= +1,3,28,39,26,36,7,21,21,18,0.75,0.5384615384615384,5,14,16,14,14,7,9,7,7,0.5,0.5625,2
5,max_up_so_far_pct <= +3 AND dot_consensus <= +2 AND price_vs_vwap_pct <= +2,3,28,39,26,36,7,22,21,17,0.75,0.5641025641025641,5,14,16,14,14,7,9,7,7,0.5,0.5625,2
5,max_up_so_far_pct <= +3 AND dot_consensus <= +2 AND atr_direction is long,3,28,39,26,36,8,23,20,16,0.7142857142857143,0.5897435897435898,5,14,16,14,14,7,10,7,6,0.5,0.625,2
5,max_up_so_far_pct <= +4 AND max_down_so_far_pct >= -5 AND dot_consensus <= +2,3,28,39,26,36,8,21,20,18,0.7142857142857143,0.5384615384615384,5,14,16,14,14,7,8,7,8,0.5,0.5,2
5,max_up_so_far_pct <= +4 AND max_down_so_far_pct >= -3 AND dot_consensus <= +2,3,28,39,26,36,5,18,23,21,0.8214285714285714,0.46153846153846156,5,14,16,14,14,6,5,8,11,0.5714285714285714,0.3125,2
5,max_up_so_far_pct <= +4 AND max_down_so_far_pct <= -2 AND stochastic <= +70,3,28,39,26,36,6,19,22,20,0.7857142857142857,0.48717948717948717,5,14,16,14,14,2,10,12,6,0.8571428571428571,0.625,2
5,max_up_so_far_pct <= +4 AND max_down_so_far_pct <= -2 AND dot_consensus <= +2,3,28,39,26,36,5,19,23,20,0.8214285714285714,0.48717948717948717,5,14,16,14,14,2,8,12,8,0.8571428571428571,0.5,2
5,max_up_so_far_pct <= +4 AND max_down_so_far_pct <= -2 AND macd_histogram_direction is falling,3,28,39,26,36,5,21,23,18,0.8214285714285714,0.5384615384615384,5,14,16,14,14,3,8,11,8,0.7857142857142857,0.5,2
5,max_up_so_far_pct <= +4 AND max_down_so_far_pct <= -1 AND stochastic <= +70,3,28,39,26,36,8,21,20,18,0.7142857142857143,0.5384615384615384,5,14,16,14,14,6,12,8,4,0.5714285714285714,0.75,2
5,max_up_so_far_pct <= +4 AND max_down_so_far_pct <= -1 AND dot_consensus <= +2,3,28,39,26,36,7,23,21,16,0.75,0.5897435897435898,5,14,16,14,14,6,10,8,6,0.5714285714285714,0.625,2
5,max_up_so_far_pct <= +4 AND max_down_so_far_pct <= -1 AND last_bar_direction is down,3,28,39,26,36,8,18,20,21,0.7142857142857143,0.46153846153846156,5,14,16,14,14,3,8,11,8,0.7857142857142857,0.5,2
5,max_up_so_far_pct <= +4 AND volume_ratio_20 >= +0.5 AND stochastic <= +70,3,28,39,26,36,7,20,21,19,0.75,0.5128205128205128,5,14,16,14,14,5,9,9,7,0.6428571428571429,0.5625,2
5,max_up_so_far_pct <= +4 AND volume_ratio_20 >= +0.5 AND dot_consensus <= +2,3,28,39,26,36,7,22,21,17,0.75,0.5641025641025641,5,14,16,14,14,5,8,9,8,0.6428571428571429,0.5,2
5,max_up_so_far_pct <= +4 AND volume_ratio_20 >= +0.5 AND last_bar_direction is down,3,28,39,26,36,8,18,20,21,0.7142857142857143,0.46153846153846156,5,14,16,14,14,3,7,11,9,0.7857142857142857,0.4375,2
5,max_up_so_far_pct <= +4 AND volume_ratio_20 <= +1 AND macd_histogram_pct >= +0,3,28,39,26,36,7,18,21,21,0.75,0.46153846153846156,5,14,16,14,14,7,10,7,6,0.5,0.625,2
5,max_up_so_far_pct <= +4 AND volume_ratio_20 <= +1 AND stochastic >= +30,3,28,39,26,36,7,18,21,21,0.75,0.46153846153846156,5,14,16,14,14,5,9,9,7,0.6428571428571429,0.5625,2
5,max_up_so_far_pct <= +4 AND volume_ratio_20 <= +1 AND macd_histogram_direction is falling,3,28,39,26,36,5,18,23,21,0.8214285714285714,0.46153846153846156,5,14,16,14,14,6,9,8,7,0.5714285714285714,0.5625,2
5,max_up_so_far_pct <= +4 AND volume_ratio_20 <= +1.5 AND stochastic <= +70,3,28,39,26,36,7,21,21,18,0.75,0.5384615384615384,5,14,16,14,14,7,12,7,4,0.5,0.75,2
5,max_up_so_far_pct <= +4 AND volume_ratio_20 <= +1.5 AND dot_consensus <= +2,3,28,39,26,36,7,24,21,15,0.75,0.6153846153846154,5,14,16,14,14,7,10,7,6,0.5,0.625,2
5,max_up_so_far_pct <= +4 AND volume_ratio_20 <= +2 AND stochastic <= +70,3,28,39,26,36,8,22,20,17,0.7142857142857143,0.5641025641025641,5,14,16,14,14,7,13,7,3,0.5,0.8125,2
5,max_up_so_far_pct <= +4 AND volume_ratio_20 <= +2 AND dot_consensus <= +2,3,28,39,26,36,8,25,20,14,0.7142857142857143,0.6410256410256411,5,14,16,14,14,7,11,7,5,0.5,0.6875,2
5,max_up_so_far_pct <= +4 AND macd_histogram_pct >= +0 AND stochastic <= +70,3,28,39,26,36,8,19,20,20,0.7142857142857143,0.48717948717948717,5,14,16,14,14,7,11,7,5,0.5,0.6875,2
5,max_up_so_far_pct <= +4 AND macd_histogram_pct >= +0 AND dot_consensus <= +2,3,28,39,26,36,8,23,20,16,0.7142857142857143,0.5897435897435898,5,14,16,14,14,7,10,7,6,0.5,0.625,2
5,max_up_so_far_pct <= +4 AND stochastic >= +30 AND dot_consensus <= +2,3,28,39,26,36,8,21,20,18,0.7142857142857143,0.5384615384615384,5,14,16,14,14,5,8,9,8,0.6428571428571429,0.5,2
5,max_up_so_far_pct <= +4 AND stochastic <= +70 AND dot_consensus <= +1,3,28,39,26,36,3,18,25,21,0.8928571428571429,0.46153846153846156,5,14,16,14,14,5,11,9,5,0.6428571428571429,0.6875,2
5,max_up_so_far_pct <= +4 AND stochastic <= +70 AND dot_consensus <= +2,3,28,39,26,36,7,24,21,15,0.75,0.6153846153846154,5,14,16,14,14,7,11,7,5,0.5,0.6875,2
5,max_up_so_far_pct <= +4 AND stochastic <= +70 AND price_vs_vwap_pct <= -1,3,28,39,26,36,7,19,21,20,0.75,0.48717948717948717,5,14,16,14,14,7,8,7,8,0.5,0.5,2
5,max_up_so_far_pct <= +4 AND stochastic <= +70 AND price_vs_vwap_pct <= +0,3,28,39,26,36,7,21,21,18,0.75,0.5384615384615384,5,14,16,14,14,7,9,7,7,0.5,0.5625,2
5,max_up_so_far_pct <= +4 AND stochastic <= +70 AND price_vs_vwap_pct <= +2,3,28,39,26,36,7,22,21,17,0.75,0.5641025641025641,5,14,16,14,14,7,9,7,7,0.5,0.5625,2
5,max_up_so_far_pct <= +4 AND stochastic <= +70 AND atr_direction is long,3,28,39,26,36,8,23,20,16,0.7142857142857143,0.5897435897435898,5,14,16,14,14,7,12,7,4,0.5,0.75,2
5,max_up_so_far_pct <= +4 AND dot_consensus <= +2 AND price_vs_vwap_pct <= -2,3,28,39,26,36,7,18,21,21,0.75,0.46153846153846156,5,14,16,14,14,6,8,8,8,0.5714285714285714,0.5,2
5,max_up_so_far_pct <= +4 AND dot_consensus <= +2 AND price_vs_vwap_pct <= -1,3,28,39,26,36,7,21,21,18,0.75,0.5384615384615384,5,14,16,14,14,7,8,7,8,0.5,0.5,2
5,max_up_so_far_pct <= +4 AND dot_consensus <= +2 AND price_vs_vwap_pct <= +0,3,28,39,26,36,7,23,21,16,0.75,0.5897435897435898,5,14,16,14,14,7,9,7,7,0.5,0.5625,2
5,max_up_so_far_pct <= +4 AND dot_consensus <= +2 AND price_vs_vwap_pct <= +1,3,28,39,26,36,7,24,21,15,0.75,0.6153846153846154,5,14,16,14,14,7,9,7,7,0.5,0.5625,2
5,max_up_so_far_pct <= +4 AND dot_consensus <= +2 AND price_vs_vwap_pct <= +2,3,28,39,26,36,7,25,21,14,0.75,0.6410256410256411,5,14,16,14,14,7,9,7,7,0.5,0.5625,2
5,max_up_so_far_pct <= +4 AND dot_consensus <= +2 AND atr_direction is long,3,28,39,26,36,8,26,20,13,0.7142857142857143,0.6666666666666666,5,14,16,14,14,7,10,7,6,0.5,0.625,2
5,max_up_so_far_pct <= +4 AND dot_consensus <= +2 AND last_bar_direction is down,3,28,39,26,36,6,18,22,21,0.7857142857142857,0.46153846153846156,5,14,16,14,14,4,9,10,7,0.7142857142857143,0.5625,2
5,max_up_so_far_pct <= +4 AND price_vs_vwap_pct <= +2 AND last_bar_direction is down,3,28,39,26,36,8,18,20,21,0.7142857142857143,0.46153846153846156,5,14,16,14,14,4,7,10,9,0.7142857142857143,0.4375,2
5,max_down_so_far_pct >= -5 AND volume_ratio_20 <= +1.5 AND dot_consensus <= +2,3,28,39,26,36,8,21,20,18,0.7142857142857143,0.5384615384615384,5,14,16,14,14,8,8,6,8,0.42857142857142855,0.5,2
5,max_down_so_far_pct >= -5 AND stochastic <= +70 AND dot_consensus <= +2,3,28,39,26,36,8,18,20,21,0.7142857142857143,0.46153846153846156,5,14,16,14,14,8,8,6,8,0.42857142857142855,0.5,2
5,max_down_so_far_pct >= -5 AND dot_consensus <= +2 AND price_vs_vwap_pct <= +0,3,28,39,26,36,8,18,20,21,0.7142857142857143,0.46153846153846156,5,14,16,14,14,8,6,6,10,0.42857142857142855,0.375,2
5,max_down_so_far_pct >= -5 AND dot_consensus <= +2 AND price_vs_vwap_pct <= +1,3,28,39,26,36,8,19,20,20,0.7142857142857143,0.48717948717948717,5,14,16,14,14,8,6,6,10,0.42857142857142855,0.375,2
5,max_down_so_far_pct >= -5 AND dot_consensus <= +2 AND price_vs_vwap_pct <= +2,3,28,39,26,36,8,20,20,19,0.7142857142857143,0.5128205128205128,5,14,16,14,14,8,6,6,10,0.42857142857142855,0.375,2
5,max_down_so_far_pct >= -3 AND volume_ratio_20 <= +1.5 AND dot_consensus <= +2,3,28,39,26,36,5,18,23,21,0.8214285714285714,0.46153846153846156,5,14,16,14,14,7,5,7,11,0.5,0.3125,2
5,max_down_so_far_pct >= -3 AND volume_ratio_20 <= +2 AND dot_consensus <= +2,3,28,39,26,36,6,18,22,21,0.7857142857142857,0.46153846153846156,5,14,16,14,14,7,5,7,11,0.5,0.3125,2
5,max_down_so_far_pct >= -3 AND dot_consensus <= +2 AND price_vs_vwap_pct <= +2,3,28,39,26,36,6,18,22,21,0.7857142857142857,0.46153846153846156,5,14,16,14,14,7,4,7,12,0.5,0.25,2
5,max_down_so_far_pct <= -2 AND volume_ratio_20 <= +2 AND macd_histogram_direction is falling,3,28,39,26,36,8,18,20,21,0.7142857142857143,0.46153846153846156,5,14,16,14,14,3,8,11,8,0.7857142857142857,0.5,2
5,max_down_so_far_pct <= -2 AND stochastic <= +70 AND dot_consensus <= +2,3,28,39,26,36,8,18,20,21,0.7142857142857143,0.46153846153846156,5,14,16,14,14,2,8,12,8,0.8571428571428571,0.5,2
5,max_down_so_far_pct <= -1 AND volume_ratio_20 <= +1.5 AND dot_consensus <= +2,3,28,39,26,36,8,19,20,20,0.7142857142857143,0.48717948717948717,5,14,16,14,14,7,9,7,7,0.5,0.5625,2
5,volume_ratio_20 <= +1 AND macd_histogram_pct >= +0 AND stochastic >= +30,3,28,39,26,36,7,18,21,21,0.75,0.46153846153846156,5,14,16,14,14,5,8,9,8,0.6428571428571429,0.5,2
5,volume_ratio_20 <= +1 AND macd_histogram_pct >= +0 AND macd_histogram_direction is falling,3,28,39,26,36,5,18,23,21,0.8214285714285714,0.46153846153846156,5,14,16,14,14,6,9,8,7,0.5714285714285714,0.5625,2
5,volume_ratio_20 <= +1.5 AND stochastic <= +70 AND dot_consensus <= +2,3,28,39,26,36,8,21,20,18,0.7142857142857143,0.5384615384615384,5,14,16,14,14,8,10,6,6,0.42857142857142855,0.625,2
5,volume_ratio_20 <= +1.5 AND stochastic <= +70 AND price_vs_vwap_pct <= +0,3,28,39,26,36,8,18,20,21,0.7142857142857143,0.46153846153846156,5,14,16,14,14,8,8,6,8,0.42857142857142855,0.5,2
5,volume_ratio_20 <= +1.5 AND dot_consensus <= +2 AND price_vs_vwap_pct <= -1,3,28,39,26,36,7,18,21,21,0.75,0.46153846153846156,5,14,16,14,14,8,7,6,9,0.42857142857142855,0.4375,2
5,volume_ratio_20 <= +1.5 AND dot_consensus <= +2 AND price_vs_vwap_pct <= +0,3,28,39,26,36,8,20,20,19,0.7142857142857143,0.5128205128205128,5,14,16,14,14,8,8,6,8,0.42857142857142855,0.5,2
5,volume_ratio_20 <= +1.5 AND dot_consensus <= +2 AND price_vs_vwap_pct <= +1,3,28,39,26,36,8,21,20,18,0.7142857142857143,0.5384615384615384,5,14,16,14,14,8,8,6,8,0.42857142857142855,0.5,2
5,stochastic <= +70 AND dot_consensus <= +2 AND price_vs_vwap_pct <= -1,3,28,39,26,36,8,19,20,20,0.7142857142857143,0.48717948717948717,5,14,16,14,14,8,8,6,8,0.42857142857142855,0.5,2
10,price_vs_entry_pct <= -1 AND max_up_so_far_pct <= +2,2,28,39,26,35,3,18,25,21,0.8928571428571429,0.46153846153846156,6,14,16,14,14,4,9,10,7,0.7142857142857143,0.5625,2
10,price_vs_entry_pct <= -1 AND max_up_so_far_pct <= +3,2,28,39,26,35,3,22,25,17,0.8928571428571429,0.5641025641025641,6,14,16,14,14,4,10,10,6,0.7142857142857143,0.625,2
10,price_vs_entry_pct <= -1 AND max_up_so_far_pct <= +4,2,28,39,26,35,3,23,25,16,0.8928571428571429,0.5897435897435898,6,14,16,14,14,4,10,10,6,0.7142857142857143,0.625,2
10,price_vs_entry_pct <= -1 AND max_down_so_far_pct <= -2,2,28,39,26,35,4,21,24,18,0.8571428571428571,0.5384615384615384,6,14,16,14,14,4,10,10,6,0.7142857142857143,0.625,2
10,price_vs_entry_pct <= -1 AND max_down_so_far_pct <= -1,2,28,39,26,35,4,23,24,16,0.8571428571428571,0.5897435897435898,6,14,16,14,14,4,10,10,6,0.7142857142857143,0.625,2
10,price_vs_entry_pct <= -1 AND volume_ratio_20 <= +1.5,2,28,39,25,35,3,20,25,19,0.8928571428571429,0.5128205128205128,7,14,16,14,14,4,7,10,9,0.7142857142857143,0.4375,2
10,price_vs_entry_pct <= -1 AND volume_ratio_20 <= +2,2,28,39,25,35,3,22,25,17,0.8928571428571429,0.5641025641025641,7,14,16,14,14,4,9,10,7,0.7142857142857143,0.5625,2
10,price_vs_entry_pct <= -1 AND stochastic <= +50,2,28,39,25,35,4,20,24,19,0.8571428571428571,0.5128205128205128,7,14,16,14,14,3,8,11,8,0.7857142857142857,0.5,2
10,price_vs_entry_pct <= -1 AND stochastic <= +70,2,28,39,25,35,4,22,24,17,0.8571428571428571,0.5641025641025641,7,14,16,14,14,3,10,11,6,0.7857142857142857,0.625,2
10,price_vs_entry_pct <= -1 AND rsi >= +30,2,28,39,25,35,4,23,24,16,0.8571428571428571,0.5897435897435898,7,14,16,14,14,4,10,10,6,0.7142857142857143,0.625,2
10,price_vs_entry_pct <= -1 AND dot_consensus >= +1,2,28,39,25,35,3,20,25,19,0.8928571428571429,0.5128205128205128,7,14,16,14,14,3,8,11,8,0.7857142857142857,0.5,2
10,price_vs_entry_pct <= -1 AND price_vs_vwap_pct <= +0,2,28,39,25,35,4,18,24,21,0.8571428571428571,0.46153846153846156,7,14,16,14,14,4,7,10,9,0.7142857142857143,0.4375,2
10,price_vs_entry_pct <= -1 AND price_vs_vwap_pct <= +2,2,28,39,25,35,4,19,24,20,0.8571428571428571,0.48717948717948717,7,14,16,14,14,4,8,10,8,0.7142857142857143,0.5,2
10,price_vs_entry_pct <= -1 AND atr_direction is long,2,28,39,25,35,4,18,24,21,0.8571428571428571,0.46153846153846156,7,14,16,14,14,4,9,10,7,0.7142857142857143,0.5625,2
10,price_vs_entry_pct <= -1 AND latest_minute_new_low is False,2,28,39,26,35,4,19,24,20,0.8571428571428571,0.48717948717948717,6,14,16,14,14,4,7,10,9,0.7142857142857143,0.4375,2
10,price_vs_entry_pct <= +0 AND max_up_so_far_pct <= +2,2,28,39,26,35,8,20,20,19,0.7142857142857143,0.5128205128205128,6,14,16,14,14,7,11,7,5,0.5,0.6875,2
10,price_vs_entry_pct <= +0 AND volume_ratio_20 >= +0.5,2,28,39,25,35,6,18,22,21,0.7857142857142857,0.46153846153846156,7,14,16,14,14,4,10,10,6,0.7142857142857143,0.625,2
10,price_vs_entry_pct <= +0 AND volume_ratio_20 <= +1,2,28,39,25,35,8,19,20,20,0.7142857142857143,0.48717948717948717,7,14,16,14,14,5,5,9,11,0.6428571428571429,0.3125,2
10,price_vs_entry_pct <= +0 AND macd_histogram_pct <= +0,2,28,39,25,35,1,18,27,21,0.9642857142857143,0.46153846153846156,7,14,16,14,14,3,4,11,12,0.7857142857142857,0.25,2
10,price_vs_entry_pct <= +0 AND stochastic <= +50,2,28,39,25,35,7,23,21,16,0.75,0.5897435897435898,7,14,16,14,14,4,8,10,8,0.7142857142857143,0.5,2
10,price_vs_entry_pct <= +1 AND max_up_so_far_pct <= +1,2,28,39,26,35,7,18,21,21,0.75,0.46153846153846156,6,14,16,14,14,7,7,7,9,0.5,0.4375,2
10,price_vs_entry_pct <= +1 AND volume_ratio_20 >= +0.5,2,28,39,25,35,8,19,20,20,0.7142857142857143,0.48717948717948717,7,14,16,14,14,5,11,9,5,0.6428571428571429,0.6875,2
10,price_vs_entry_pct <= +1 AND volume_ratio_20 <= +0.75,2,28,39,25,35,8,20,20,19,0.7142857142857143,0.5128205128205128,7,14,16,14,14,5,5,9,11,0.6428571428571429,0.3125,2
10,price_vs_entry_pct <= +1 AND stochastic <= +50,2,28,39,25,35,7,27,21,12,0.75,0.6923076923076923,7,14,16,14,14,4,8,10,8,0.7142857142857143,0.5,2
10,price_vs_entry_pct <= +1 AND dot_consensus <= +2,2,28,39,25,35,8,18,20,21,0.7142857142857143,0.46153846153846156,7,14,16,14,14,3,4,11,12,0.7857142857142857,0.25,2
10,price_vs_entry_pct <= +2 AND stochastic <= +50,2,28,39,25,35,8,27,20,12,0.7142857142857143,0.6923076923076923,7,14,16,14,14,4,8,10,8,0.7142857142857143,0.5,2
10,price_vs_entry_pct <= +2 AND last_bar_direction is up,2,28,39,25,35,8,18,20,21,0.7142857142857143,0.46153846153846156,7,14,16,14,14,6,5,8,11,0.5714285714285714,0.3125,2
10,max_up_so_far_pct >= +0 AND stochastic <= +50,2,28,39,25,35,7,20,21,19,0.75,0.5128205128205128,7,14,16,14,14,3,5,11,11,0.7857142857142857,0.3125,2
10,max_up_so_far_pct <= +1 AND max_down_so_far_pct <= -2,2,28,39,28,39,5,19,23,20,0.8214285714285714,0.48717948717948717,0,14,16,14,16,4,6,10,10,0.7142857142857143,0.375,0
10,max_up_so_far_pct <= +1 AND max_down_so_far_pct <= -1,2,28,39,28,39,6,19,22,20,0.7857142857142857,0.48717948717948717,0,14,16,14,16,7,7,7,9,0.5,0.4375,0
10,max_up_so_far_pct <= +1 AND max_down_so_far_pct <= +0,2,28,39,28,39,7,21,21,18,0.75,0.5384615384615384,0,14,16,14,16,7,7,7,9,0.5,0.4375,0
10,max_up_so_far_pct <= +1 AND volume_ratio_20 <= +2,2,28,39,25,35,6,18,22,21,0.7857142857142857,0.46153846153846156,7,14,16,14,14,7,6,7,10,0.5,0.375,2
10,max_up_so_far_pct <= +1 AND rsi >= +30,2,28,39,25,35,7,18,21,21,0.75,0.46153846153846156,7,14,16,14,14,7,7,7,9,0.5,0.4375,2
10,max_up_so_far_pct <= +2 AND max_down_so_far_pct <= -2,2,28,39,28,39,7,21,21,18,0.75,0.5384615384615384,0,14,16,14,16,4,12,10,4,0.7142857142857143,0.75,0
10,max_up_so_far_pct <= +2 AND volume_ratio_20 <= +1.5,2,28,39,25,35,8,19,20,20,0.7142857142857143,0.48717948717948717,7,14,16,14,14,7,6,7,10,0.5,0.375,2
10,max_up_so_far_pct <= +2 AND stochastic <= +70,2,28,39,25,35,6,19,22,20,0.7857142857142857,0.48717948717948717,7,14,16,14,14,6,10,8,6,0.5714285714285714,0.625,2
10,max_up_so_far_pct <= +3 AND max_down_so_far_pct <= -3,2,28,39,28,39,4,20,24,19,0.8571428571428571,0.5128205128205128,0,14,16,14,16,1,10,13,6,0.9285714285714286,0.625,0
10,max_up_so_far_pct <= +3 AND max_down_so_far_pct <= -2,2,28,39,28,39,8,25,20,14,0.7142857142857143,0.6410256410256411,0,14,16,14,16,5,13,9,3,0.6428571428571429,0.8125,0
10,max_up_so_far_pct <= +3 AND volume_ratio_20 <= +1,2,28,39,25,35,7,18,21,21,0.75,0.46153846153846156,7,14,16,14,14,5,5,9,11,0.6428571428571429,0.3125,2
10,max_up_so_far_pct <= +3 AND volume_ratio_20 <= +1.5,2,28,39,25,35,8,22,20,17,0.7142857142857143,0.5641025641025641,7,14,16,14,14,8,7,6,9,0.42857142857142855,0.4375,2
10,max_up_so_far_pct <= +3 AND stochastic <= +50,2,28,39,25,35,4,21,24,18,0.8571428571428571,0.5384615384615384,7,14,16,14,14,4,8,10,8,0.7142857142857143,0.5,2
10,max_up_so_far_pct <= +3 AND stochastic <= +70,2,28,39,25,35,7,23,21,16,0.75,0.5897435897435898,7,14,16,14,14,7,11,7,5,0.5,0.6875,2
10,max_up_so_far_pct <= +4 AND max_down_so_far_pct <= -3,2,28,39,28,39,5,21,23,18,0.8214285714285714,0.5384615384615384,0,14,16,14,16,2,10,12,6,0.8571428571428571,0.625,0
10,max_up_so_far_pct <= +4 AND volume_ratio_20 <= +0.75,2,28,39,25,35,6,18,22,21,0.7857142857142857,0.46153846153846156,7,14,16,14,14,5,5,9,11,0.6428571428571429,0.3125,2
10,max_up_so_far_pct <= +4 AND volume_ratio_20 <= +1,2,28,39,25,35,8,21,20,18,0.7142857142857143,0.5384615384615384,7,14,16,14,14,6,5,8,11,0.5714285714285714,0.3125,2
10,max_up_so_far_pct <= +4 AND stochastic <= +50,2,28,39,25,35,5,25,23,14,0.8214285714285714,0.6410256410256411,7,14,16,14,14,4,8,10,8,0.7142857142857143,0.5,2
10,max_up_so_far_pct <= +4 AND stochastic <= +70,2,28,39,25,35,8,28,20,11,0.7142857142857143,0.717948717948718,7,14,16,14,14,8,11,6,5,0.42857142857142855,0.6875,2
10,max_down_so_far_pct >= -5 AND stochastic <= +50,2,28,39,25,35,7,18,21,21,0.75,0.46153846153846156,7,14,16,14,14,4,3,10,13,0.7142857142857143,0.1875,2
10,max_down_so_far_pct <= -2 AND stochastic <= +50,2,28,39,25,35,6,22,22,17,0.7857142857142857,0.5641025641025641,7,14,16,14,14,3,8,11,8,0.7857142857142857,0.5,2
10,max_down_so_far_pct <= -1 AND volume_ratio_20 <= +0.75,2,28,39,25,35,8,18,20,21,0.7142857142857143,0.46153846153846156,7,14,16,14,14,6,5,8,11,0.5714285714285714,0.3125,2
10,max_down_so_far_pct <= -1 AND stochastic <= +50,2,28,39,25,35,8,25,20,14,0.7142857142857143,0.6410256410256411,7,14,16,14,14,4,8,10,8,0.7142857142857143,0.5,2
10,volume_ratio_20 <= +0.75 AND stochastic <= +50,2,28,39,25,35,6,18,22,21,0.7857142857142857,0.46153846153846156,7,14,16,14,14,3,4,11,12,0.7857142857142857,0.25,2
10,volume_ratio_20 <= +0.75 AND stochastic <= +70,2,28,39,25,35,7,19,21,20,0.75,0.48717948717948717,7,14,16,14,14,6,5,8,11,0.5714285714285714,0.3125,2
10,volume_ratio_20 <= +0.75 AND dot_consensus >= +1,2,28,39,25,35,8,20,20,19,0.7142857142857143,0.5128205128205128,7,14,16,14,14,5,5,9,11,0.6428571428571429,0.3125,2
10,volume_ratio_20 <= +1 AND stochastic <= +50,2,28,39,25,35,6,20,22,19,0.7857142857142857,0.5128205128205128,7,14,16,14,14,4,4,10,12,0.7142857142857143,0.25,2
10,volume_ratio_20 <= +1 AND stochastic <= +70,2,28,39,25,35,8,22,20,17,0.7142857142857143,0.5641025641025641,7,14,16,14,14,7,5,7,11,0.5,0.3125,2
10,volume_ratio_20 <= +1 AND price_vs_vwap_pct <= +0,2,28,39,25,35,8,18,20,21,0.7142857142857143,0.46153846153846156,7,14,16,14,14,6,2,8,14,0.5714285714285714,0.125,2
10,volume_ratio_20 <= +1.5 AND stochastic <= +50,2,28,39,25,35,7,24,21,15,0.75,0.6153846153846154,7,14,16,14,14,4,5,10,11,0.7142857142857143,0.3125,2
10,volume_ratio_20 <= +2 AND stochastic <= +50,2,28,39,25,35,7,26,21,13,0.75,0.6666666666666666,7,14,16,14,14,4,7,10,9,0.7142857142857143,0.4375,2
10,stochastic <= +50 AND dot_consensus >= +1,2,28,39,25,35,6,23,22,16,0.7857142857142857,0.5897435897435898,7,14,16,14,14,3,6,11,10,0.7857142857142857,0.375,2
10,stochastic <= +50 AND dot_consensus <= +2,2,28,39,25,35,7,18,21,21,0.75,0.46153846153846156,7,14,16,14,14,2,4,12,12,0.8571428571428571,0.25,2
10,stochastic <= +50 AND price_vs_vwap_pct <= -1,2,28,39,25,35,7,19,21,20,0.75,0.48717948717948717,7,14,16,14,14,4,6,10,10,0.7142857142857143,0.375,2
10,stochastic <= +50 AND price_vs_vwap_pct <= +0,2,28,39,25,35,7,22,21,17,0.75,0.5641025641025641,7,14,16,14,14,4,6,10,10,0.7142857142857143,0.375,2
10,stochastic <= +50 AND price_vs_vwap_pct <= +2,2,28,39,25,35,7,23,21,16,0.75,0.5897435897435898,7,14,16,14,14,4,7,10,9,0.7142857142857143,0.4375,2
10,stochastic <= +50 AND macd_histogram_direction is falling,2,28,39,25,35,7,21,21,18,0.75,0.5384615384615384,7,14,16,14,14,2,7,12,9,0.8571428571428571,0.4375,2
10,stochastic <= +50 AND atr_direction is long,2,28,39,25,35,8,21,20,18,0.7142857142857143,0.5384615384615384,7,14,16,14,14,4,7,10,9,0.7142857142857143,0.4375,2
10,stochastic <= +50 AND latest_minute_new_low is False,2,28,39,25,35,8,22,20,17,0.7142857142857143,0.5641025641025641,7,14,16,14,14,4,5,10,11,0.7142857142857143,0.3125,2
10,price_vs_entry_pct <= -1 AND max_up_so_far_pct <= +2 AND rsi >= +30,3,28,39,25,35,3,18,25,21,0.8928571428571429,0.46153846153846156,7,14,16,14,14,4,9,10,7,0.7142857142857143,0.5625,2
10,price_vs_entry_pct <= -1 AND max_up_so_far_pct <= +3 AND max_down_so_far_pct <= -2,3,28,39,26,35,3,20,25,19,0.8928571428571429,0.5128205128205128,6,14,16,14,14,4,10,10,6,0.7142857142857143,0.625,2
10,price_vs_entry_pct <= -1 AND max_up_so_far_pct <= +3 AND volume_ratio_20 <= +1.5,3,28,39,25,35,2,19,26,20,0.9285714285714286,0.48717948717948717,7,14,16,14,14,4,7,10,9,0.7142857142857143,0.4375,2
10,price_vs_entry_pct <= -1 AND max_up_so_far_pct <= +3 AND volume_ratio_20 <= +2,3,28,39,25,35,2,21,26,18,0.9285714285714286,0.5384615384615384,7,14,16,14,14,4,9,10,7,0.7142857142857143,0.5625,2
10,price_vs_entry_pct <= -1 AND max_up_so_far_pct <= +3 AND stochastic <= +50,3,28,39,25,35,3,19,25,20,0.8928571428571429,0.48717948717948717,7,14,16,14,14,3,8,11,8,0.7857142857142857,0.5,2
10,price_vs_entry_pct <= -1 AND max_up_so_far_pct <= +3 AND stochastic <= +70,3,28,39,25,35,3,21,25,18,0.8928571428571429,0.5384615384615384,7,14,16,14,14,3,10,11,6,0.7857142857142857,0.625,2
10,price_vs_entry_pct <= -1 AND max_up_so_far_pct <= +3 AND rsi >= +30,3,28,39,25,35,3,22,25,17,0.8928571428571429,0.5641025641025641,7,14,16,14,14,4,10,10,6,0.7142857142857143,0.625,2
10,price_vs_entry_pct <= -1 AND max_up_so_far_pct <= +3 AND dot_consensus >= +1,3,28,39,25,35,2,19,26,20,0.9285714285714286,0.48717948717948717,7,14,16,14,14,3,8,11,8,0.7857142857142857,0.5,2
10,price_vs_entry_pct <= -1 AND max_up_so_far_pct <= +3 AND price_vs_vwap_pct <= +2,3,28,39,25,35,3,18,25,21,0.8928571428571429,0.46153846153846156,7,14,16,14,14,4,8,10,8,0.7142857142857143,0.5,2
10,price_vs_entry_pct <= -1 AND max_up_so_far_pct <= +3 AND latest_minute_new_low is False,3,28,39,26,35,3,19,25,20,0.8928571428571429,0.48717948717948717,6,14,16,14,14,4,7,10,9,0.7142857142857143,0.4375,2
10,price_vs_entry_pct <= -1 AND max_up_so_far_pct <= +4 AND max_down_so_far_pct <= -2,3,28,39,26,35,3,21,25,18,0.8928571428571429,0.5384615384615384,6,14,16,14,14,4,10,10,6,0.7142857142857143,0.625,2
10,price_vs_entry_pct <= -1 AND max_up_so_far_pct <= +4 AND volume_ratio_20 <= +1.5,3,28,39,25,35,2,20,26,19,0.9285714285714286,0.5128205128205128,7,14,16,14,14,4,7,10,9,0.7142857142857143,0.4375,2
10,price_vs_entry_pct <= -1 AND max_up_so_far_pct <= +4 AND volume_ratio_20 <= +2,3,28,39,25,35,2,22,26,17,0.9285714285714286,0.5641025641025641,7,14,16,14,14,4,9,10,7,0.7142857142857143,0.5625,2
10,price_vs_entry_pct <= -1 AND max_up_so_far_pct <= +4 AND stochastic <= +50,3,28,39,25,35,3,20,25,19,0.8928571428571429,0.5128205128205128,7,14,16,14,14,3,8,11,8,0.7857142857142857,0.5,2
10,price_vs_entry_pct <= -1 AND max_up_so_far_pct <= +4 AND stochastic <= +70,3,28,39,25,35,3,22,25,17,0.8928571428571429,0.5641025641025641,7,14,16,14,14,3,10,11,6,0.7857142857142857,0.625,2
10,price_vs_entry_pct <= -1 AND max_up_so_far_pct <= +4 AND rsi >= +30,3,28,39,25,35,3,23,25,16,0.8928571428571429,0.5897435897435898,7,14,16,14,14,4,10,10,6,0.7142857142857143,0.625,2
10,price_vs_entry_pct <= -1 AND max_up_so_far_pct <= +4 AND dot_consensus >= +1,3,28,39,25,35,2,20,26,19,0.9285714285714286,0.5128205128205128,7,14,16,14,14,3,8,11,8,0.7857142857142857,0.5,2
10,price_vs_entry_pct <= -1 AND max_up_so_far_pct <= +4 AND price_vs_vwap_pct <= +0,3,28,39,25,35,3,18,25,21,0.8928571428571429,0.46153846153846156,7,14,16,14,14,4,7,10,9,0.7142857142857143,0.4375,2
10,price_vs_entry_pct <= -1 AND max_up_so_far_pct <= +4 AND price_vs_vwap_pct <= +2,3,28,39,25,35,3,19,25,20,0.8928571428571429,0.48717948717948717,7,14,16,14,14,4,8,10,8,0.7142857142857143,0.5,2
10,price_vs_entry_pct <= -1 AND max_up_so_far_pct <= +4 AND atr_direction is long,3,28,39,25,35,3,18,25,21,0.8928571428571429,0.46153846153846156,7,14,16,14,14,4,9,10,7,0.7142857142857143,0.5625,2
10,price_vs_entry_pct <= -1 AND max_down_so_far_pct <= -2 AND volume_ratio_20 <= +1.5,3,28,39,25,35,3,19,25,20,0.8928571428571429,0.48717948717948717,7,14,16,14,14,4,7,10,9,0.7142857142857143,0.4375,2
10,price_vs_entry_pct <= -1 AND max_down_so_far_pct <= -2 AND volume_ratio_20 <= +2,3,28,39,25,35,3,20,25,19,0.8928571428571429,0.5128205128205128,7,14,16,14,14,4,9,10,7,0.7142857142857143,0.5625,2
10,price_vs_entry_pct <= -1 AND max_down_so_far_pct <= -2 AND stochastic <= +50,3,28,39,25,35,4,18,24,21,0.8571428571428571,0.46153846153846156,7,14,16,14,14,3,8,11,8,0.7857142857142857,0.5,2
10,price_vs_entry_pct <= -1 AND max_down_so_far_pct <= -2 AND stochastic <= +70,3,28,39,25,35,4,20,24,19,0.8571428571428571,0.5128205128205128,7,14,16,14,14,3,10,11,6,0.7857142857142857,0.625,2
10,price_vs_entry_pct <= -1 AND max_down_so_far_pct <= -2 AND rsi >= +30,3,28,39,25,35,4,21,24,18,0.8571428571428571,0.5384615384615384,7,14,16,14,14,4,10,10,6,0.7142857142857143,0.625,2
10,price_vs_entry_pct <= -1 AND max_down_so_far_pct <= -2 AND dot_consensus >= +1,3,28,39,25,35,3,19,25,20,0.8928571428571429,0.48717948717948717,7,14,16,14,14,3,8,11,8,0.7857142857142857,0.5,2
10,price_vs_entry_pct <= -1 AND volume_ratio_20 <= +1.5 AND stochastic <= +70,3,28,39,25,35,3,19,25,20,0.8928571428571429,0.48717948717948717,7,14,16,14,14,3,7,11,9,0.7857142857142857,0.4375,2
10,price_vs_entry_pct <= -1 AND volume_ratio_20 <= +1.5 AND dot_consensus >= +1,3,28,39,25,35,2,19,26,20,0.9285714285714286,0.48717948717948717,7,14,16,14,14,3,6,11,10,0.7857142857142857,0.375,2
10,price_vs_entry_pct <= -1 AND volume_ratio_20 <= +1.5 AND latest_minute_new_low is False,3,28,39,25,35,3,18,25,21,0.8928571428571429,0.46153846153846156,7,14,16,14,14,4,6,10,10,0.7142857142857143,0.375,2
10,price_vs_entry_pct <= -1 AND volume_ratio_20 <= +2 AND stochastic <= +50,3,28,39,25,35,3,19,25,20,0.8928571428571429,0.48717948717948717,7,14,16,14,14,3,7,11,9,0.7857142857142857,0.4375,2
10,price_vs_entry_pct <= -1 AND volume_ratio_20 <= +2 AND stochastic <= +70,3,28,39,25,35,3,21,25,18,0.8928571428571429,0.5384615384615384,7,14,16,14,14,3,9,11,7,0.7857142857142857,0.5625,2
10,price_vs_entry_pct <= -1 AND volume_ratio_20 <= +2 AND price_vs_vwap_pct <= +2,3,28,39,25,35,3,18,25,21,0.8928571428571429,0.46153846153846156,7,14,16,14,14,4,7,10,9,0.7142857142857143,0.4375,2
10,price_vs_entry_pct <= -1 AND volume_ratio_20 <= +2 AND atr_direction is long,3,28,39,25,35,3,18,25,21,0.8928571428571429,0.46153846153846156,7,14,16,14,14,4,8,10,8,0.7142857142857143,0.5,2
10,price_vs_entry_pct <= -1 AND volume_ratio_20 <= +2 AND latest_minute_new_low is False,3,28,39,25,35,3,19,25,20,0.8928571428571429,0.48717948717948717,7,14,16,14,14,4,6,10,10,0.7142857142857143,0.375,2
10,price_vs_entry_pct <= -1 AND stochastic <= +70 AND dot_consensus >= +1,3,28,39,25,35,3,19,25,20,0.8928571428571429,0.48717948717948717,7,14,16,14,14,2,8,12,8,0.8571428571428571,0.5,2
10,price_vs_entry_pct <= -1 AND stochastic <= +70 AND price_vs_vwap_pct <= +2,3,28,39,25,35,4,18,24,21,0.8571428571428571,0.46153846153846156,7,14,16,14,14,3,8,11,8,0.7857142857142857,0.5,2
10,price_vs_entry_pct <= -1 AND stochastic <= +70 AND latest_minute_new_low is False,3,28,39,25,35,4,18,24,21,0.8571428571428571,0.46153846153846156,7,14,16,14,14,3,7,11,9,0.7857142857142857,0.4375,2
10,price_vs_entry_pct <= -1 AND rsi >= +30 AND latest_minute_new_low is False,3,28,39,25,35,4,19,24,20,0.8571428571428571,0.48717948717948717,7,14,16,14,14,4,7,10,9,0.7142857142857143,0.4375,2
10,price_vs_entry_pct <= -1 AND dot_consensus >= +1 AND latest_minute_new_low is False,3,28,39,25,35,3,18,25,21,0.8928571428571429,0.46153846153846156,7,14,16,14,14,3,7,11,9,0.7857142857142857,0.4375,2
10,price_vs_entry_pct <= +0 AND max_up_so_far_pct <= +2 AND max_down_so_far_pct <= -2,3,28,39,26,35,6,18,22,21,0.7857142857142857,0.46153846153846156,6,14,16,14,14,4,10,10,6,0.7142857142857143,0.625,2
10,price_vs_entry_pct <= +0 AND max_up_so_far_pct <= +2 AND max_down_so_far_pct <= -1,3,28,39,26,35,8,19,20,20,0.7142857142857143,0.48717948717948717,6,14,16,14,14,7,11,7,5,0.5,0.6875,2
10,price_vs_entry_pct <= +0 AND max_up_so_far_pct <= +2 AND volume_ratio_20 <= +1.5,3,28,39,25,35,7,18,21,21,0.75,0.46153846153846156,7,14,16,14,14,7,6,7,10,0.5,0.375,2
10,price_vs_entry_pct <= +0 AND max_up_so_far_pct <= +2 AND volume_ratio_20 <= +2,3,28,39,25,35,7,19,21,20,0.75,0.48717948717948717,7,14,16,14,14,7,9,7,7,0.5,0.5625,2
10,price_vs_entry_pct <= +0 AND max_up_so_far_pct <= +2 AND rsi >= +30,3,28,39,25,35,8,20,20,19,0.7142857142857143,0.5128205128205128,7,14,16,14,14,7,11,7,5,0.5,0.6875,2
10,price_vs_entry_pct <= +0 AND max_up_so_far_pct <= +3 AND max_down_so_far_pct <= -2,3,28,39,26,35,7,21,21,18,0.75,0.5384615384615384,6,14,16,14,14,5,11,9,5,0.6428571428571429,0.6875,2
10,price_vs_entry_pct <= +0 AND max_up_so_far_pct <= +3 AND volume_ratio_20 <= +1.5,3,28,39,25,35,7,21,21,18,0.75,0.5384615384615384,7,14,16,14,14,8,7,6,9,0.42857142857142855,0.4375,2
10,price_vs_entry_pct <= +0 AND max_up_so_far_pct <= +3 AND volume_ratio_20 <= +2,3,28,39,25,35,8,23,20,16,0.7142857142857143,0.5897435897435898,7,14,16,14,14,8,10,6,6,0.42857142857142855,0.625,2
10,price_vs_entry_pct <= +0 AND max_up_so_far_pct <= +3 AND dot_consensus >= +1,3,28,39,25,35,7,20,21,19,0.75,0.5128205128205128,7,14,16,14,14,7,10,7,6,0.5,0.625,2
10,price_vs_entry_pct <= +0 AND max_up_so_far_pct <= +3 AND price_vs_vwap_pct <= +0,3,28,39,25,35,8,19,20,20,0.7142857142857143,0.48717948717948717,7,14,16,14,14,8,9,6,7,0.42857142857142855,0.5625,2
10,price_vs_entry_pct <= +0 AND max_up_so_far_pct <= +4 AND max_down_so_far_pct <= -2,3,28,39,26,35,7,22,21,17,0.75,0.5641025641025641,6,14,16,14,14,5,11,9,5,0.6428571428571429,0.6875,2
10,price_vs_entry_pct <= +0 AND max_up_so_far_pct <= +4 AND volume_ratio_20 <= +1,3,28,39,25,35,6,18,22,21,0.7857142857142857,0.46153846153846156,7,14,16,14,14,5,5,9,11,0.6428571428571429,0.3125,2
10,price_vs_entry_pct <= +0 AND max_up_so_far_pct <= +4 AND volume_ratio_20 <= +1.5,3,28,39,25,35,8,22,20,17,0.7142857142857143,0.5641025641025641,7,14,16,14,14,8,7,6,9,0.42857142857142855,0.4375,2
10,price_vs_entry_pct <= +0 AND max_up_so_far_pct <= +4 AND stochastic <= +50,3,28,39,25,35,5,22,23,17,0.8214285714285714,0.5641025641025641,7,14,16,14,14,4,8,10,8,0.7142857142857143,0.5,2
10,price_vs_entry_pct <= +0 AND max_up_so_far_pct <= +4 AND stochastic <= +70,3,28,39,25,35,8,24,20,15,0.7142857142857143,0.6153846153846154,7,14,16,14,14,7,11,7,5,0.5,0.6875,2
10,price_vs_entry_pct <= +0 AND max_up_so_far_pct <= +4 AND dot_consensus >= +1,3,28,39,25,35,7,21,21,18,0.75,0.5384615384615384,7,14,16,14,14,7,10,7,6,0.5,0.625,2
10,price_vs_entry_pct <= +0 AND max_down_so_far_pct <= -2 AND volume_ratio_20 <= +1.5,3,28,39,25,35,7,21,21,18,0.75,0.5384615384615384,7,14,16,14,14,5,7,9,9,0.6428571428571429,0.4375,2
10,price_vs_entry_pct <= +0 AND max_down_so_far_pct <= -2 AND volume_ratio_20 <= +2,3,28,39,25,35,8,22,20,17,0.7142857142857143,0.5641025641025641,7,14,16,14,14,5,10,9,6,0.6428571428571429,0.625,2
10,price_vs_entry_pct <= +0 AND max_down_so_far_pct <= -2 AND stochastic <= +50,3,28,39,25,35,5,20,23,19,0.8214285714285714,0.5128205128205128,7,14,16,14,14,3,8,11,8,0.7857142857142857,0.5,2
10,price_vs_entry_pct <= +0 AND max_down_so_far_pct <= -2 AND stochastic <= +70,3,28,39,25,35,8,22,20,17,0.7142857142857143,0.5641025641025641,7,14,16,14,14,4,10,10,6,0.7142857142857143,0.625,2
10,price_vs_entry_pct <= +0 AND max_down_so_far_pct <= -2 AND dot_consensus >= +1,3,28,39,25,35,7,21,21,18,0.75,0.5384615384615384,7,14,16,14,14,4,9,10,7,0.7142857142857143,0.5625,2
10,price_vs_entry_pct <= +0 AND max_down_so_far_pct <= -1 AND volume_ratio_20 <= +1,3,28,39,25,35,8,18,20,21,0.7142857142857143,0.46153846153846156,7,14,16,14,14,5,5,9,11,0.6428571428571429,0.3125,2
10,price_vs_entry_pct <= +0 AND max_down_so_far_pct <= -1 AND stochastic <= +50,3,28,39,25,35,7,22,21,17,0.75,0.5641025641025641,7,14,16,14,14,4,8,10,8,0.7142857142857143,0.5,2
10,price_vs_entry_pct <= +0 AND volume_ratio_20 <= +1 AND stochastic <= +70,3,28,39,25,35,7,19,21,20,0.75,0.48717948717948717,7,14,16,14,14,5,5,9,11,0.6428571428571429,0.3125,2
10,price_vs_entry_pct <= +0 AND volume_ratio_20 <= +1 AND dot_consensus >= +1,3,28,39,25,35,7,18,21,21,0.75,0.46153846153846156,7,14,16,14,14,4,5,10,11,0.7142857142857143,0.3125,2
10,price_vs_entry_pct <= +0 AND volume_ratio_20 <= +1.5 AND stochastic <= +50,3,28,39,25,35,6,20,22,19,0.7857142857142857,0.5128205128205128,7,14,16,14,14,4,5,10,11,0.7142857142857143,0.3125,2
10,price_vs_entry_pct <= +0 AND volume_ratio_20 <= +1.5 AND stochastic <= +70,3,28,39,25,35,8,22,20,17,0.7142857142857143,0.5641025641025641,7,14,16,14,14,7,7,7,9,0.5,0.4375,2
10,price_vs_entry_pct <= +0 AND volume_ratio_20 <= +1.5 AND dot_consensus >= +1,3,28,39,25,35,8,21,20,18,0.7142857142857143,0.5384615384615384,7,14,16,14,14,7,6,7,10,0.5,0.375,2
10,price_vs_entry_pct <= +0 AND volume_ratio_20 <= +2 AND stochastic <= +50,3,28,39,25,35,6,22,22,17,0.7857142857142857,0.5641025641025641,7,14,16,14,14,4,7,10,9,0.7142857142857143,0.4375,2
10,price_vs_entry_pct <= +0 AND stochastic <= +50 AND dot_consensus >= +1,3,28,39,25,35,5,19,23,20,0.8214285714285714,0.48717948717948717,7,14,16,14,14,3,6,11,10,0.7857142857142857,0.375,2
10,price_vs_entry_pct <= +0 AND stochastic <= +50 AND price_vs_vwap_pct <= +0,3,28,39,25,35,7,18,21,21,0.75,0.46153846153846156,7,14,16,14,14,4,6,10,10,0.7142857142857143,0.375,2
10,price_vs_entry_pct <= +0 AND stochastic <= +50 AND price_vs_vwap_pct <= +2,3,28,39,25,35,7,19,21,20,0.75,0.48717948717948717,7,14,16,14,14,4,7,10,9,0.7142857142857143,0.4375,2
10,price_vs_entry_pct <= +0 AND stochastic <= +50 AND latest_minute_new_low is False,3,28,39,25,35,7,18,21,21,0.75,0.46153846153846156,7,14,16,14,14,4,5,10,11,0.7142857142857143,0.3125,2
10,price_vs_entry_pct <= +0 AND stochastic <= +70 AND dot_consensus >= +1,3,28,39,25,35,7,21,21,18,0.75,0.5384615384615384,7,14,16,14,14,6,9,8,7,0.5714285714285714,0.5625,2
10,price_vs_entry_pct <= +1 AND max_up_so_far_pct >= +0 AND stochastic <= +50,3,28,39,25,35,6,20,22,19,0.7857142857142857,0.5128205128205128,7,14,16,14,14,3,5,11,11,0.7857142857142857,0.3125,2
10,price_vs_entry_pct <= +1 AND max_up_so_far_pct <= +2 AND max_down_so_far_pct <= -2,3,28,39,26,35,7,18,21,21,0.75,0.46153846153846156,6,14,16,14,14,4,11,10,5,0.7142857142857143,0.6875,2
10,price_vs_entry_pct <= +1 AND max_up_so_far_pct <= +3 AND max_down_so_far_pct <= -2,3,28,39,26,35,8,21,20,18,0.7142857142857143,0.5384615384615384,6,14,16,14,14,5,12,9,4,0.6428571428571429,0.75,2
10,price_vs_entry_pct <= +1 AND max_up_so_far_pct <= +4 AND volume_ratio_20 >= +0.5,3,28,39,25,35,8,18,20,21,0.7142857142857143,0.46153846153846156,7,14,16,14,14,5,11,9,5,0.6428571428571429,0.6875,2
10,price_vs_entry_pct <= +1 AND max_up_so_far_pct <= +4 AND stochastic <= +70,3,28,39,25,35,8,27,20,12,0.7142857142857143,0.6923076923076923,7,14,16,14,14,8,11,6,5,0.42857142857142855,0.6875,2
10,price_vs_entry_pct <= +1 AND max_down_so_far_pct >= -5 AND stochastic <= +50,3,28,39,25,35,6,18,22,21,0.7857142857142857,0.46153846153846156,7,14,16,14,14,4,3,10,13,0.7142857142857143,0.1875,2
10,price_vs_entry_pct <= +1 AND max_down_so_far_pct >= -5 AND stochastic <= +70,3,28,39,25,35,8,19,20,20,0.7142857142857143,0.48717948717948717,7,14,16,14,14,8,5,6,11,0.42857142857142855,0.3125,2
10,price_vs_entry_pct <= +1 AND max_down_so_far_pct <= -2 AND volume_ratio_20 <= +1,3,28,39,25,35,8,18,20,21,0.7142857142857143,0.46153846153846156,7,14,16,14,14,4,5,10,11,0.7142857142857143,0.3125,2
10,price_vs_entry_pct <= +1 AND max_down_so_far_pct <= -2 AND volume_ratio_20 <= +1.5,3,28,39,25,35,8,23,20,16,0.7142857142857143,0.5897435897435898,7,14,16,14,14,6,7,8,9,0.5714285714285714,0.4375,2
10,price_vs_entry_pct <= +1 AND max_down_so_far_pct <= -2 AND stochastic <= +50,3,28,39,25,35,5,22,23,17,0.8214285714285714,0.5641025641025641,7,14,16,14,14,3,8,11,8,0.7857142857142857,0.5,2
10,price_vs_entry_pct <= +1 AND max_down_so_far_pct <= -2 AND stochastic <= +70,3,28,39,25,35,8,24,20,15,0.7142857142857143,0.6153846153846154,7,14,16,14,14,5,10,9,6,0.6428571428571429,0.625,2
10,price_vs_entry_pct <= +1 AND max_down_so_far_pct <= -2 AND price_vs_vwap_pct <= +0,3,28,39,25,35,8,19,20,20,0.7142857142857143,0.48717948717948717,7,14,16,14,14,6,8,8,8,0.5714285714285714,0.5,2
10,price_vs_entry_pct <= +1 AND max_down_so_far_pct <= -1 AND volume_ratio_20 >= +0.5,3,28,39,25,35,8,18,20,21,0.7142857142857143,0.46153846153846156,7,14,16,14,14,5,11,9,5,0.6428571428571429,0.6875,2
10,price_vs_entry_pct <= +1 AND max_down_so_far_pct <= -1 AND volume_ratio_20 <= +0.75,3,28,39,25,35,7,18,21,21,0.75,0.46153846153846156,7,14,16,14,14,5,5,9,11,0.6428571428571429,0.3125,2
10,price_vs_entry_pct <= +1 AND max_down_so_far_pct <= -1 AND stochastic <= +50,3,28,39,25,35,7,25,21,14,0.75,0.6410256410256411,7,14,16,14,14,4,8,10,8,0.7142857142857143,0.5,2
10,price_vs_entry_pct <= +1 AND volume_ratio_20 >= +0.5 AND stochastic <= +70,3,28,39,25,35,5,18,23,21,0.8214285714285714,0.46153846153846156,7,14,16,14,14,4,9,10,7,0.7142857142857143,0.5625,2
10,price_vs_entry_pct <= +1 AND volume_ratio_20 <= +0.75 AND stochastic <= +50,3,28,39,25,35,5,18,23,21,0.8214285714285714,0.46153846153846156,7,14,16,14,14,3,4,11,12,0.7857142857142857,0.25,2
10,price_vs_entry_pct <= +1 AND volume_ratio_20 <= +0.75 AND stochastic <= +70,3,28,39,25,35,6,19,22,20,0.7857142857142857,0.48717948717948717,7,14,16,14,14,5,5,9,11,0.6428571428571429,0.3125,2
10,price_vs_entry_pct <= +1 AND volume_ratio_20 <= +0.75 AND dot_consensus >= +1,3,28,39,25,35,7,20,21,19,0.75,0.5128205128205128,7,14,16,14,14,4,5,10,11,0.7142857142857143,0.3125,2
10,price_vs_entry_pct <= +1 AND volume_ratio_20 <= +0.75 AND latest_minute_new_low is False,3,28,39,25,35,8,19,20,20,0.7142857142857143,0.48717948717948717,7,14,16,14,14,5,5,9,11,0.6428571428571429,0.3125,2
10,price_vs_entry_pct <= +1 AND volume_ratio_20 <= +1 AND stochastic <= +50,3,28,39,25,35,5,20,23,19,0.8214285714285714,0.5128205128205128,7,14,16,14,14,4,4,10,12,0.7142857142857143,0.25,2
10,price_vs_entry_pct <= +1 AND volume_ratio_20 <= +1 AND stochastic <= +70,3,28,39,25,35,7,22,21,17,0.75,0.5641025641025641,7,14,16,14,14,6,5,8,11,0.5714285714285714,0.3125,2
10,price_vs_entry_pct <= +1 AND volume_ratio_20 <= +1.5 AND stochastic <= +50,3,28,39,25,35,6,24,22,15,0.7857142857142857,0.6153846153846154,7,14,16,14,14,4,5,10,11,0.7142857142857143,0.3125,2
10,price_vs_entry_pct <= +1 AND volume_ratio_20 <= +1.5 AND stochastic <= +70,3,28,39,25,35,8,26,20,13,0.7142857142857143,0.6666666666666666,7,14,16,14,14,8,7,6,9,0.42857142857142855,0.4375,2
10,price_vs_entry_pct <= +1 AND volume_ratio_20 <= +2 AND stochastic <= +50,3,28,39,25,35,6,26,22,13,0.7857142857142857,0.6666666666666666,7,14,16,14,14,4,7,10,9,0.7142857142857143,0.4375,2
10,price_vs_entry_pct <= +1 AND stochastic <= +50 AND dot_consensus >= +1,3,28,39,25,35,5,23,23,16,0.8214285714285714,0.5897435897435898,7,14,16,14,14,3,6,11,10,0.7857142857142857,0.375,2
10,price_vs_entry_pct <= +1 AND stochastic <= +50 AND dot_consensus <= +2,3,28,39,25,35,6,18,22,21,0.7857142857142857,0.46153846153846156,7,14,16,14,14,2,4,12,12,0.8571428571428571,0.25,2
10,price_vs_entry_pct <= +1 AND stochastic <= +50 AND macd_histogram_direction is falling,3,28,39,25,35,6,21,22,18,0.7857142857142857,0.5384615384615384,7,14,16,14,14,2,7,12,9,0.8571428571428571,0.4375,2
10,price_vs_entry_pct <= +1 AND stochastic <= +50 AND atr_direction is long,3,28,39,25,35,7,21,21,18,0.75,0.5384615384615384,7,14,16,14,14,4,7,10,9,0.7142857142857143,0.4375,2
10,price_vs_entry_pct <= +1 AND stochastic <= +50 AND latest_minute_new_low is False,3,28,39,25,35,7,22,21,17,0.75,0.5641025641025641,7,14,16,14,14,4,5,10,11,0.7142857142857143,0.3125,2
10,price_vs_entry_pct <= +1 AND stochastic <= +70 AND dot_consensus >= +1,3,28,39,25,35,7,25,21,14,0.75,0.6410256410256411,7,14,16,14,14,7,9,7,7,0.5,0.5625,2
10,price_vs_entry_pct <= +1 AND stochastic <= +70 AND dot_consensus <= +2,3,28,39,25,35,7,18,21,21,0.75,0.46153846153846156,7,14,16,14,14,3,4,11,12,0.7857142857142857,0.25,2
10,price_vs_entry_pct <= +1 AND stochastic <= +70 AND macd_histogram_direction is falling,3,28,39,25,35,8,21,20,18,0.7142857142857143,0.5384615384615384,7,14,16,14,14,5,7,9,9,0.6428571428571429,0.4375,2
10,price_vs_entry_pct <= +1 AND dot_consensus >= +1 AND macd_histogram_direction is falling,3,28,39,25,35,8,18,20,21,0.7142857142857143,0.46153846153846156,7,14,16,14,14,4,5,10,11,0.7142857142857143,0.3125,2
10,price_vs_entry_pct <= +2 AND max_up_so_far_pct >= +0 AND volume_ratio_20 >= +0.5,3,28,39,25,35,8,18,20,21,0.7142857142857143,0.46153846153846156,7,14,16,14,14,4,8,10,8,0.7142857142857143,0.5,2
10,price_vs_entry_pct <= +2 AND max_up_so_far_pct <= +4 AND volume_ratio_20 >= +0.5,3,28,39,25,35,8,20,20,19,0.7142857142857143,0.5128205128205128,7,14,16,14,14,6,12,8,4,0.5714285714285714,0.75,2
10,price_vs_entry_pct <= +2 AND max_up_so_far_pct <= +4 AND dot_consensus >= +2,3,28,39,25,35,8,18,20,21,0.7142857142857143,0.46153846153846156,7,14,16,14,14,7,10,7,6,0.5,0.625,2
10,price_vs_entry_pct <= +2 AND volume_ratio_20 >= +0.5 AND stochastic <= +70,3,28,39,25,35,6,20,22,19,0.7857142857142857,0.5128205128205128,7,14,16,14,14,4,9,10,7,0.7142857142857143,0.5625,2
10,price_vs_entry_pct <= +2 AND volume_ratio_20 >= +0.5 AND price_vs_vwap_pct <= +1,3,28,39,25,35,6,18,22,21,0.7857142857142857,0.46153846153846156,7,14,16,14,14,6,8,8,8,0.5714285714285714,0.5,2
10,price_vs_entry_pct <= +2 AND volume_ratio_20 >= +0.5 AND price_vs_vwap_pct <= +2,3,28,39,25,35,6,19,22,20,0.7857142857142857,0.48717948717948717,7,14,16,14,14,6,9,8,7,0.5714285714285714,0.5625,2
10,price_vs_entry_pct <= +2 AND volume_ratio_20 <= +2 AND dot_consensus <= +2,3,28,39,25,35,8,18,20,21,0.7142857142857143,0.46153846153846156,7,14,16,14,14,3,4,11,12,0.7857142857142857,0.25,2
10,price_vs_entry_pct <= +2 AND stochastic <= +70 AND dot_consensus >= +1,3,28,39,25,35,8,25,20,14,0.7142857142857143,0.6410256410256411,7,14,16,14,14,7,9,7,7,0.5,0.5625,2
10,price_vs_entry_pct <= +2 AND stochastic <= +70 AND dot_consensus <= +2,3,28,39,25,35,8,20,20,19,0.7142857142857143,0.5128205128205128,7,14,16,14,14,3,4,11,12,0.7857142857142857,0.25,2
10,price_vs_entry_pct <= +3 AND volume_ratio_20 >= +0.5 AND stochastic <= +70,3,28,39,25,35,8,20,20,19,0.7142857142857143,0.5128205128205128,7,14,16,14,14,5,9,9,7,0.6428571428571429,0.5625,2
10,price_vs_entry_pct <= +3 AND volume_ratio_20 >= +0.5 AND price_vs_vwap_pct <= +1,3,28,39,25,35,8,18,20,21,0.7142857142857143,0.46153846153846156,7,14,16,14,14,7,8,7,8,0.5,0.5,2
10,price_vs_entry_pct <= +3 AND volume_ratio_20 >= +0.5 AND price_vs_vwap_pct <= +2,3,28,39,25,35,8,19,20,20,0.7142857142857143,0.48717948717948717,7,14,16,14,14,7,9,7,7,0.5,0.5625,2
10,max_up_so_far_pct >= +0 AND max_down_so_far_pct <= -1 AND stochastic <= +50,3,28,39,25,35,7,18,21,21,0.75,0.46153846153846156,7,14,16,14,14,3,5,11,11,0.7857142857142857,0.3125,2
10,max_up_so_far_pct >= +0 AND volume_ratio_20 <= +1.5 AND stochastic <= +50,3,28,39,25,35,7,18,21,21,0.75,0.46153846153846156,7,14,16,14,14,3,4,11,12,0.7857142857142857,0.25,2
10,max_up_so_far_pct >= +0 AND volume_ratio_20 <= +2 AND stochastic <= +50,3,28,39,25,35,7,19,21,20,0.75,0.48717948717948717,7,14,16,14,14,3,4,11,12,0.7857142857142857,0.25,2
10,max_up_so_far_pct >= +0 AND stochastic <= +50 AND price_vs_vwap_pct <= +0,3,28,39,25,35,6,18,22,21,0.7857142857142857,0.46153846153846156,7,14,16,14,14,3,4,11,12,0.7857142857142857,0.25,2
10,max_up_so_far_pct <= +2 AND max_down_so_far_pct <= -2 AND rsi >= +30,3,28,39,25,35,7,18,21,21,0.75,0.46153846153846156,7,14,16,14,14,4,12,10,4,0.7142857142857143,0.75,2
10,max_up_so_far_pct <= +2 AND max_down_so_far_pct <= -1 AND volume_ratio_20 <= +2,3,28,39,25,35,8,18,20,21,0.7142857142857143,0.46153846153846156,7,14,16,14,14,7,10,7,6,0.5,0.625,2
10,max_up_so_far_pct <= +2 AND max_down_so_far_pct <= -1 AND stochastic <= +70,3,28,39,25,35,6,18,22,21,0.7857142857142857,0.46153846153846156,7,14,16,14,14,6,10,8,6,0.5714285714285714,0.625,2
10,max_up_so_far_pct <= +2 AND max_down_so_far_pct <= -1 AND dot_consensus >= +1,3,28,39,25,35,8,18,20,21,0.7142857142857143,0.46153846153846156,7,14,16,14,14,6,11,8,5,0.5714285714285714,0.6875,2
10,max_up_so_far_pct <= +2 AND volume_ratio_20 <= +2 AND stochastic <= +70,3,28,39,25,35,5,18,23,21,0.8214285714285714,0.46153846153846156,7,14,16,14,14,6,8,8,8,0.5714285714285714,0.5,2
10,max_up_so_far_pct <= +3 AND max_down_so_far_pct <= -2 AND volume_ratio_20 <= +1.5,3,28,39,25,35,5,19,23,20,0.8214285714285714,0.48717948717948717,7,14,16,14,14,5,7,9,9,0.6428571428571429,0.4375,2
10,max_up_so_far_pct <= +3 AND max_down_so_far_pct <= -2 AND volume_ratio_20 <= +2,3,28,39,25,35,7,20,21,19,0.75,0.5128205128205128,7,14,16,14,14,5,11,9,5,0.6428571428571429,0.6875,2
10,max_up_so_far_pct <= +3 AND max_down_so_far_pct <= -2 AND stochastic <= +50,3,28,39,25,35,3,18,25,21,0.8928571428571429,0.46153846153846156,7,14,16,14,14,3,8,11,8,0.7857142857142857,0.5,2
10,max_up_so_far_pct <= +3 AND max_down_so_far_pct <= -2 AND stochastic <= +70,3,28,39,25,35,6,20,22,19,0.7857142857142857,0.5128205128205128,7,14,16,14,14,4,10,10,6,0.7142857142857143,0.625,2
10,max_up_so_far_pct <= +3 AND max_down_so_far_pct <= -2 AND rsi >= +30,3,28,39,25,35,8,21,20,18,0.7142857142857143,0.5384615384615384,7,14,16,14,14,5,13,9,3,0.6428571428571429,0.8125,2
10,max_up_so_far_pct <= +3 AND max_down_so_far_pct <= -2 AND dot_consensus >= +1,3,28,39,25,35,6,19,22,20,0.7857142857142857,0.48717948717948717,7,14,16,14,14,4,11,10,5,0.7142857142857143,0.6875,2
10,max_up_so_far_pct <= +3 AND max_down_so_far_pct <= -2 AND latest_minute_new_low is False,3,28,39,26,35,8,18,20,21,0.7142857142857143,0.46153846153846156,6,14,16,14,14,5,10,9,6,0.6428571428571429,0.625,2
10,max_up_so_far_pct <= +3 AND max_down_so_far_pct <= -1 AND volume_ratio_20 <= +1.5,3,28,39,25,35,7,20,21,19,0.75,0.5128205128205128,7,14,16,14,14,8,7,6,9,0.42857142857142855,0.4375,2
10,max_up_so_far_pct <= +3 AND max_down_so_far_pct <= -1 AND stochastic <= +50,3,28,39,25,35,4,20,24,19,0.8571428571428571,0.5128205128205128,7,14,16,14,14,4,8,10,8,0.7142857142857143,0.5,2
10,max_up_so_far_pct <= +3 AND max_down_so_far_pct <= -1 AND stochastic <= +70,3,28,39,25,35,7,22,21,17,0.75,0.5641025641025641,7,14,16,14,14,7,11,7,5,0.5,0.6875,2
10,max_up_so_far_pct <= +3 AND max_down_so_far_pct <= -1 AND dot_consensus >= +1,3,28,39,25,35,8,21,20,18,0.7142857142857143,0.5384615384615384,7,14,16,14,14,8,12,6,4,0.42857142857142855,0.75,2
10,max_up_so_far_pct <= +3 AND max_down_so_far_pct <= -1 AND price_vs_vwap_pct <= +0,3,28,39,25,35,8,18,20,21,0.7142857142857143,0.46153846153846156,7,14,16,14,14,9,10,5,6,0.35714285714285715,0.625,2
10,max_up_so_far_pct <= +3 AND volume_ratio_20 <= +1.5 AND stochastic <= +50,3,28,39,25,35,3,18,25,21,0.8928571428571429,0.46153846153846156,7,14,16,14,14,4,5,10,11,0.7142857142857143,0.3125,2
10,max_up_so_far_pct <= +3 AND volume_ratio_20 <= +1.5 AND stochastic <= +70,3,28,39,25,35,5,20,23,19,0.8214285714285714,0.5128205128205128,7,14,16,14,14,7,7,7,9,0.5,0.4375,2
10,max_up_so_far_pct <= +3 AND volume_ratio_20 <= +1.5 AND dot_consensus >= +1,3,28,39,25,35,7,20,21,19,0.75,0.5128205128205128,7,14,16,14,14,7,6,7,10,0.5,0.375,2
10,max_up_so_far_pct <= +3 AND volume_ratio_20 <= +1.5 AND price_vs_vwap_pct <= +2,3,28,39,25,35,8,18,20,21,0.7142857142857143,0.46153846153846156,7,14,16,14,14,8,5,6,11,0.42857142857142855,0.3125,2
10,max_up_so_far_pct <= +3 AND volume_ratio_20 <= +1.5 AND atr_direction is long,3,28,39,25,35,8,18,20,21,0.7142857142857143,0.46153846153846156,7,14,16,14,14,8,6,6,10,0.42857142857142855,0.375,2
10,max_up_so_far_pct <= +3 AND volume_ratio_20 <= +1.5 AND latest_minute_new_low is False,3,28,39,25,35,8,20,20,19,0.7142857142857143,0.5128205128205128,7,14,16,14,14,8,6,6,10,0.42857142857142855,0.375,2
10,max_up_so_far_pct <= +3 AND volume_ratio_20 <= +2 AND stochastic <= +50,3,28,39,25,35,3,20,25,19,0.8928571428571429,0.5128205128205128,7,14,16,14,14,4,7,10,9,0.7142857142857143,0.4375,2
10,max_up_so_far_pct <= +3 AND volume_ratio_20 <= +2 AND stochastic <= +70,3,28,39,25,35,6,22,22,17,0.7857142857142857,0.5641025641025641,7,14,16,14,14,7,9,7,7,0.5,0.5625,2
10,max_up_so_far_pct <= +3 AND volume_ratio_20 <= +2 AND dot_consensus >= +1,3,28,39,25,35,8,20,20,19,0.7142857142857143,0.5128205128205128,7,14,16,14,14,7,9,7,7,0.5,0.5625,2
10,max_up_so_far_pct <= +3 AND volume_ratio_20 <= +2 AND price_vs_vwap_pct <= +0,3,28,39,25,35,8,19,20,20,0.7142857142857143,0.48717948717948717,7,14,16,14,14,8,8,6,8,0.42857142857142855,0.5,2
10,max_up_so_far_pct <= +3 AND stochastic <= +50 AND price_vs_vwap_pct <= +2,3,28,39,25,35,4,18,24,21,0.8571428571428571,0.46153846153846156,7,14,16,14,14,4,7,10,9,0.7142857142857143,0.4375,2
10,max_up_so_far_pct <= +3 AND stochastic <= +70 AND dot_consensus >= +1,3,28,39,25,35,5,19,23,20,0.8214285714285714,0.48717948717948717,7,14,16,14,14,6,9,8,7,0.5714285714285714,0.5625,2
10,max_up_so_far_pct <= +3 AND stochastic <= +70 AND price_vs_vwap_pct <= +0,3,28,39,25,35,6,18,22,21,0.7857142857142857,0.46153846153846156,7,14,16,14,14,7,8,7,8,0.5,0.5,2
10,max_up_so_far_pct <= +3 AND stochastic <= +70 AND price_vs_vwap_pct <= +1,3,28,39,25,35,7,18,21,21,0.75,0.46153846153846156,7,14,16,14,14,7,8,7,8,0.5,0.5,2
10,max_up_so_far_pct <= +3 AND stochastic <= +70 AND price_vs_vwap_pct <= +2,3,28,39,25,35,7,19,21,20,0.75,0.48717948717948717,7,14,16,14,14,7,9,7,7,0.5,0.5625,2
10,max_up_so_far_pct <= +3 AND stochastic <= +70 AND latest_minute_new_low is False,3,28,39,25,35,7,19,21,20,0.75,0.48717948717948717,7,14,16,14,14,7,8,7,8,0.5,0.5,2
10,max_up_so_far_pct <= +3 AND dot_consensus >= +1 AND price_vs_vwap_pct <= +2,3,28,39,25,35,8,18,20,21,0.7142857142857143,0.46153846153846156,7,14,16,14,14,8,9,6,7,0.42857142857142855,0.5625,2
10,max_up_so_far_pct <= +4 AND max_down_so_far_pct >= -5 AND stochastic <= +70,3,28,39,25,35,7,18,21,21,0.75,0.46153846153846156,7,14,16,14,14,8,5,6,11,0.42857142857142855,0.3125,2
10,max_up_so_far_pct <= +4 AND max_down_so_far_pct <= -2 AND volume_ratio_20 <= +1.5,3,28,39,25,35,6,21,22,18,0.7857142857142857,0.5384615384615384,7,14,16,14,14,6,7,8,9,0.5714285714285714,0.4375,2
10,max_up_so_far_pct <= +4 AND max_down_so_far_pct <= -2 AND volume_ratio_20 <= +2,3,28,39,25,35,8,22,20,17,0.7142857142857143,0.5641025641025641,7,14,16,14,14,6,11,8,5,0.5714285714285714,0.6875,2
10,max_up_so_far_pct <= +4 AND max_down_so_far_pct <= -2 AND stochastic <= +50,3,28,39,25,35,3,20,25,19,0.8928571428571429,0.5128205128205128,7,14,16,14,14,3,8,11,8,0.7857142857142857,0.5,2
10,max_up_so_far_pct <= +4 AND max_down_so_far_pct <= -2 AND stochastic <= +70,3,28,39,25,35,6,22,22,17,0.7857142857142857,0.5641025641025641,7,14,16,14,14,5,10,9,6,0.6428571428571429,0.625,2
10,max_up_so_far_pct <= +4 AND max_down_so_far_pct <= -2 AND dot_consensus >= +1,3,28,39,25,35,7,21,21,18,0.75,0.5384615384615384,7,14,16,14,14,5,11,9,5,0.6428571428571429,0.6875,2
10,max_up_so_far_pct <= +4 AND max_down_so_far_pct <= -2 AND price_vs_vwap_pct <= +0,3,28,39,25,35,6,18,22,21,0.7857142857142857,0.46153846153846156,7,14,16,14,14,6,9,8,7,0.5714285714285714,0.5625,2
10,max_up_so_far_pct <= +4 AND max_down_so_far_pct <= -2 AND price_vs_vwap_pct <= +1,3,28,39,25,35,7,18,21,21,0.75,0.46153846153846156,7,14,16,14,14,6,9,8,7,0.5714285714285714,0.5625,2
10,max_up_so_far_pct <= +4 AND max_down_so_far_pct <= -2 AND price_vs_vwap_pct <= +2,3,28,39,25,35,7,19,21,20,0.75,0.48717948717948717,7,14,16,14,14,6,10,8,6,0.5714285714285714,0.625,2
10,max_up_so_far_pct <= +4 AND max_down_so_far_pct <= -1 AND volume_ratio_20 <= +1,3,28,39,25,35,7,18,21,21,0.75,0.46153846153846156,7,14,16,14,14,6,5,8,11,0.5714285714285714,0.3125,2
10,max_up_so_far_pct <= +4 AND max_down_so_far_pct <= -1 AND stochastic <= +50,3,28,39,25,35,5,23,23,16,0.8214285714285714,0.5897435897435898,7,14,16,14,14,4,8,10,8,0.7142857142857143,0.5,2
10,max_up_so_far_pct <= +4 AND max_down_so_far_pct <= -1 AND stochastic <= +70,3,28,39,25,35,8,26,20,13,0.7142857142857143,0.6666666666666666,7,14,16,14,14,8,11,6,5,0.42857142857142855,0.6875,2
10,max_up_so_far_pct <= +4 AND volume_ratio_20 >= +0.5 AND stochastic <= +70,3,28,39,25,35,5,18,23,21,0.8214285714285714,0.46153846153846156,7,14,16,14,14,4,9,10,7,0.7142857142857143,0.5625,2
10,max_up_so_far_pct <= +4 AND volume_ratio_20 >= +0.5 AND price_vs_vwap_pct <= +2,3,28,39,25,35,6,18,22,21,0.7857142857142857,0.46153846153846156,7,14,16,14,14,6,9,8,7,0.5714285714285714,0.5625,2
10,max_up_so_far_pct <= +4 AND volume_ratio_20 <= +0.75 AND dot_consensus >= +1,3,28,39,25,35,5,18,23,21,0.8214285714285714,0.46153846153846156,7,14,16,14,14,4,5,10,11,0.7142857142857143,0.3125,2
10,max_up_so_far_pct <= +4 AND volume_ratio_20 <= +1 AND stochastic <= +50,3,28,39,25,35,3,18,25,21,0.8928571428571429,0.46153846153846156,7,14,16,14,14,4,4,10,12,0.7142857142857143,0.25,2
10,max_up_so_far_pct <= +4 AND volume_ratio_20 <= +1 AND stochastic <= +70,3,28,39,25,35,5,20,23,19,0.8214285714285714,0.5128205128205128,7,14,16,14,14,6,5,8,11,0.5714285714285714,0.3125,2
10,max_up_so_far_pct <= +4 AND volume_ratio_20 <= +1 AND dot_consensus >= +1,3,28,39,25,35,7,20,21,19,0.75,0.5128205128205128,7,14,16,14,14,5,5,9,11,0.6428571428571429,0.3125,2
10,max_up_so_far_pct <= +4 AND volume_ratio_20 <= +1 AND atr_direction is long,3,28,39,25,35,8,18,20,21,0.7142857142857143,0.46153846153846156,7,14,16,14,14,6,4,8,12,0.5714285714285714,0.25,2
10,max_up_so_far_pct <= +4 AND volume_ratio_20 <= +1 AND latest_minute_new_low is False,3,28,39,25,35,8,19,20,20,0.7142857142857143,0.48717948717948717,7,14,16,14,14,6,5,8,11,0.5714285714285714,0.3125,2
10,max_up_so_far_pct <= +4 AND volume_ratio_20 <= +1.5 AND stochastic <= +50,3,28,39,25,35,4,22,24,17,0.8571428571428571,0.5641025641025641,7,14,16,14,14,4,5,10,11,0.7142857142857143,0.3125,2
10,max_up_so_far_pct <= +4 AND volume_ratio_20 <= +1.5 AND stochastic <= +70,3,28,39,25,35,6,25,22,14,0.7857142857142857,0.6410256410256411,7,14,16,14,14,8,7,6,9,0.42857142857142855,0.4375,2
10,max_up_so_far_pct <= +4 AND volume_ratio_20 <= +1.5 AND price_vs_vwap_pct <= -1,3,28,39,25,35,8,19,20,20,0.7142857142857143,0.48717948717948717,7,14,16,14,14,9,4,5,12,0.35714285714285715,0.25,2
10,max_up_so_far_pct <= +4 AND volume_ratio_20 <= +1.5 AND price_vs_vwap_pct <= +0,3,28,39,25,35,8,22,20,17,0.7142857142857143,0.5641025641025641,7,14,16,14,14,9,4,5,12,0.35714285714285715,0.25,2
10,max_up_so_far_pct <= +4 AND volume_ratio_20 <= +1.5 AND macd_histogram_direction is falling,3,28,39,25,35,8,18,20,21,0.7142857142857143,0.46153846153846156,7,14,16,14,14,5,4,9,12,0.6428571428571429,0.25,2
10,max_up_so_far_pct <= +4 AND volume_ratio_20 <= +2 AND stochastic <= +50,3,28,39,25,35,4,24,24,15,0.8571428571428571,0.6153846153846154,7,14,16,14,14,4,7,10,9,0.7142857142857143,0.4375,2
10,max_up_so_far_pct <= +4 AND volume_ratio_20 <= +2 AND stochastic <= +70,3,28,39,25,35,7,27,21,12,0.75,0.6923076923076923,7,14,16,14,14,8,9,6,7,0.42857142857142855,0.5625,2
10,max_up_so_far_pct <= +4 AND stochastic <= +50 AND dot_consensus >= +1,3,28,39,25,35,3,21,25,18,0.8928571428571429,0.5384615384615384,7,14,16,14,14,3,6,11,10,0.7857142857142857,0.375,2
10,max_up_so_far_pct <= +4 AND stochastic <= +50 AND price_vs_vwap_pct <= -1,3,28,39,25,35,5,18,23,21,0.8214285714285714,0.46153846153846156,7,14,16,14,14,4,6,10,10,0.7142857142857143,0.375,2
10,max_up_so_far_pct <= +4 AND stochastic <= +50 AND price_vs_vwap_pct <= +0,3,28,39,25,35,5,21,23,18,0.8214285714285714,0.5384615384615384,7,14,16,14,14,4,6,10,10,0.7142857142857143,0.375,2
10,max_up_so_far_pct <= +4 AND stochastic <= +50 AND price_vs_vwap_pct <= +2,3,28,39,25,35,5,22,23,17,0.8214285714285714,0.5641025641025641,7,14,16,14,14,4,7,10,9,0.7142857142857143,0.4375,2
10,max_up_so_far_pct <= +4 AND stochastic <= +50 AND macd_histogram_direction is falling,3,28,39,25,35,4,19,24,20,0.8571428571428571,0.48717948717948717,7,14,16,14,14,2,7,12,9,0.8571428571428571,0.4375,2
10,max_up_so_far_pct <= +4 AND stochastic <= +50 AND atr_direction is long,3,28,39,25,35,5,19,23,20,0.8214285714285714,0.48717948717948717,7,14,16,14,14,4,7,10,9,0.7142857142857143,0.4375,2
10,max_up_so_far_pct <= +4 AND stochastic <= +50 AND latest_minute_new_low is False,3,28,39,25,35,5,20,23,19,0.8214285714285714,0.5128205128205128,7,14,16,14,14,4,5,10,11,0.7142857142857143,0.3125,2
10,max_up_so_far_pct <= +4 AND stochastic <= +70 AND dot_consensus >= +1,3,28,39,25,35,5,23,23,16,0.8214285714285714,0.5897435897435898,7,14,16,14,14,7,9,7,7,0.5,0.5625,2
10,max_up_so_far_pct <= +4 AND stochastic <= +70 AND price_vs_vwap_pct <= -1,3,28,39,25,35,7,20,21,19,0.75,0.5128205128205128,7,14,16,14,14,8,7,6,9,0.42857142857142855,0.4375,2
10,max_up_so_far_pct <= +4 AND stochastic <= +70 AND price_vs_vwap_pct <= +0,3,28,39,25,35,7,23,21,16,0.75,0.5897435897435898,7,14,16,14,14,8,8,6,8,0.42857142857142855,0.5,2
10,max_up_so_far_pct <= +4 AND stochastic <= +70 AND price_vs_vwap_pct <= +1,3,28,39,25,35,8,23,20,16,0.7142857142857143,0.5897435897435898,7,14,16,14,14,8,8,6,8,0.42857142857142855,0.5,2
10,max_up_so_far_pct <= +4 AND stochastic <= +70 AND price_vs_vwap_pct <= +2,3,28,39,25,35,8,24,20,15,0.7142857142857143,0.6153846153846154,7,14,16,14,14,8,9,6,7,0.42857142857142855,0.5625,2
10,max_up_so_far_pct <= +4 AND stochastic <= +70 AND macd_histogram_direction is falling,3,28,39,25,35,6,20,22,19,0.7857142857142857,0.5128205128205128,7,14,16,14,14,5,7,9,9,0.6428571428571429,0.4375,2
10,max_up_so_far_pct <= +4 AND stochastic <= +70 AND atr_direction is long,3,28,39,25,35,8,22,20,17,0.7142857142857143,0.5641025641025641,7,14,16,14,14,8,10,6,6,0.42857142857142855,0.625,2
10,max_up_so_far_pct <= +4 AND stochastic <= +70 AND latest_minute_new_low is False,3,28,39,25,35,8,23,20,16,0.7142857142857143,0.5897435897435898,7,14,16,14,14,8,8,6,8,0.42857142857142855,0.5,2
10,max_up_so_far_pct <= +4 AND dot_consensus >= +1 AND price_vs_vwap_pct <= -1,3,28,39,25,35,7,18,21,21,0.75,0.46153846153846156,7,14,16,14,14,9,7,5,9,0.35714285714285715,0.4375,2
10,max_up_so_far_pct <= +4 AND dot_consensus >= +1 AND price_vs_vwap_pct <= +0,3,28,39,25,35,7,20,21,19,0.75,0.5128205128205128,7,14,16,14,14,9,8,5,8,0.35714285714285715,0.5,2
10,max_up_so_far_pct <= +4 AND dot_consensus >= +1 AND price_vs_vwap_pct <= +1,3,28,39,25,35,8,21,20,18,0.7142857142857143,0.5384615384615384,7,14,16,14,14,9,8,5,8,0.35714285714285715,0.5,2
10,max_up_so_far_pct <= +4 AND dot_consensus >= +1 AND price_vs_vwap_pct <= +2,3,28,39,25,35,8,22,20,17,0.7142857142857143,0.5641025641025641,7,14,16,14,14,9,9,5,7,0.35714285714285715,0.5625,2
10,max_up_so_far_pct <= +4 AND price_vs_vwap_pct <= +0 AND macd_histogram_direction is falling,3,28,39,25,35,8,18,20,21,0.7142857142857143,0.46153846153846156,7,14,16,14,14,6,5,8,11,0.5714285714285714,0.3125,2
10,max_down_so_far_pct >= -5 AND volume_ratio_20 <= +2 AND stochastic <= +50,3,28,39,25,35,6,18,22,21,0.7857142857142857,0.46153846153846156,7,14,16,14,14,4,2,10,14,0.7142857142857143,0.125,2
10,max_down_so_far_pct >= -5 AND stochastic <= +70 AND price_vs_vwap_pct <= +0,3,28,39,25,35,8,18,20,21,0.7142857142857143,0.46153846153846156,7,14,16,14,14,9,4,5,12,0.35714285714285715,0.25,2
10,max_down_so_far_pct <= -2 AND volume_ratio_20 <= +1 AND stochastic <= +70,3,28,39,25,35,7,18,21,21,0.75,0.46153846153846156,7,14,16,14,14,4,5,10,11,0.7142857142857143,0.3125,2
10,max_down_so_far_pct <= -2 AND volume_ratio_20 <= +1 AND dot_consensus >= +1,3,28,39,25,35,8,18,20,21,0.7142857142857143,0.46153846153846156,7,14,16,14,14,3,5,11,11,0.7857142857142857,0.3125,2
10,max_down_so_far_pct <= -2 AND volume_ratio_20 <= +1.5 AND stochastic <= +50,3,28,39,25,35,5,20,23,19,0.8214285714285714,0.5128205128205128,7,14,16,14,14,3,5,11,11,0.7857142857142857,0.3125,2
10,max_down_so_far_pct <= -2 AND volume_ratio_20 <= +2 AND stochastic <= +50,3,28,39,25,35,5,21,23,18,0.8214285714285714,0.5384615384615384,7,14,16,14,14,3,7,11,9,0.7857142857142857,0.4375,2
10,max_down_so_far_pct <= -2 AND stochastic <= +50 AND dot_consensus >= +1,3,28,39,25,35,5,20,23,19,0.8214285714285714,0.5128205128205128,7,14,16,14,14,2,6,12,10,0.8571428571428571,0.375,2
10,max_down_so_far_pct <= -2 AND stochastic <= +50 AND price_vs_vwap_pct <= +2,3,28,39,25,35,5,18,23,21,0.8214285714285714,0.46153846153846156,7,14,16,14,14,3,7,11,9,0.7857142857142857,0.4375,2
10,max_down_so_far_pct <= -2 AND stochastic <= +50 AND latest_minute_new_low is False,3,28,39,25,35,6,18,22,21,0.7857142857142857,0.46153846153846156,7,14,16,14,14,3,5,11,11,0.7857142857142857,0.3125,2
10,max_down_so_far_pct <= -1 AND volume_ratio_20 >= +0.5 AND stochastic <= +70,3,28,39,25,35,8,19,20,20,0.7142857142857143,0.48717948717948717,7,14,16,14,14,6,9,8,7,0.5714285714285714,0.5625,2
10,max_down_so_far_pct <= -1 AND volume_ratio_20 <= +0.75 AND stochastic <= +70,3,28,39,25,35,7,18,21,21,0.75,0.46153846153846156,7,14,16,14,14,6,5,8,11,0.5714285714285714,0.3125,2
10,max_down_so_far_pct <= -1 AND volume_ratio_20 <= +0.75 AND dot_consensus >= +1,3,28,39,25,35,7,18,21,21,0.75,0.46153846153846156,7,14,16,14,14,5,5,9,11,0.6428571428571429,0.3125,2
10,max_down_so_far_pct <= -1 AND volume_ratio_20 <= +1 AND stochastic <= +50,3,28,39,25,35,6,18,22,21,0.7857142857142857,0.46153846153846156,7,14,16,14,14,4,4,10,12,0.7142857142857143,0.25,2
10,max_down_so_far_pct <= -1 AND volume_ratio_20 <= +1 AND stochastic <= +70,3,28,39,25,35,8,20,20,19,0.7142857142857143,0.5128205128205128,7,14,16,14,14,7,5,7,11,0.5,0.3125,2
10,max_down_so_far_pct <= -1 AND volume_ratio_20 <= +1.5 AND stochastic <= +50,3,28,39,25,35,7,22,21,17,0.75,0.5641025641025641,7,14,16,14,14,4,5,10,11,0.7142857142857143,0.3125,2
10,max_down_so_far_pct <= -1 AND volume_ratio_20 <= +2 AND stochastic <= +50,3,28,39,25,35,7,24,21,15,0.75,0.6153846153846154,7,14,16,14,14,4,7,10,9,0.7142857142857143,0.4375,2
10,max_down_so_far_pct <= -1 AND stochastic <= +50 AND dot_consensus >= +1,3,28,39,25,35,6,22,22,17,0.7857142857142857,0.5641025641025641,7,14,16,14,14,3,6,11,10,0.7857142857142857,0.375,2
10,max_down_so_far_pct <= -1 AND stochastic <= +50 AND price_vs_vwap_pct <= -1,3,28,39,25,35,7,18,21,21,0.75,0.46153846153846156,7,14,16,14,14,4,6,10,10,0.7142857142857143,0.375,2
10,max_down_so_far_pct <= -1 AND stochastic <= +50 AND price_vs_vwap_pct <= +0,3,28,39,25,35,7,20,21,19,0.75,0.5128205128205128,7,14,16,14,14,4,6,10,10,0.7142857142857143,0.375,2
10,max_down_so_far_pct <= -1 AND stochastic <= +50 AND price_vs_vwap_pct <= +2,3,28,39,25,35,7,21,21,18,0.75,0.5384615384615384,7,14,16,14,14,4,7,10,9,0.7142857142857143,0.4375,2
10,max_down_so_far_pct <= -1 AND stochastic <= +50 AND macd_histogram_direction is falling,3,28,39,25,35,7,19,21,20,0.75,0.48717948717948717,7,14,16,14,14,2,7,12,9,0.8571428571428571,0.4375,2
10,max_down_so_far_pct <= -1 AND stochastic <= +50 AND atr_direction is long,3,28,39,25,35,8,19,20,20,0.7142857142857143,0.48717948717948717,7,14,16,14,14,4,7,10,9,0.7142857142857143,0.4375,2
10,max_down_so_far_pct <= -1 AND stochastic <= +50 AND latest_minute_new_low is False,3,28,39,25,35,8,21,20,18,0.7142857142857143,0.5384615384615384,7,14,16,14,14,4,5,10,11,0.7142857142857143,0.3125,2
10,volume_ratio_20 <= +0.75 AND stochastic <= +50 AND dot_consensus >= +1,3,28,39,25,35,5,18,23,21,0.8214285714285714,0.46153846153846156,7,14,16,14,14,2,4,12,12,0.8571428571428571,0.25,2
10,volume_ratio_20 <= +0.75 AND stochastic <= +70 AND dot_consensus >= +1,3,28,39,25,35,6,19,22,20,0.7857142857142857,0.48717948717948717,7,14,16,14,14,5,5,9,11,0.6428571428571429,0.3125,2
10,volume_ratio_20 <= +0.75 AND stochastic <= +70 AND latest_minute_new_low is False,3,28,39,25,35,7,18,21,21,0.75,0.46153846153846156,7,14,16,14,14,6,5,8,11,0.5714285714285714,0.3125,2
10,volume_ratio_20 <= +0.75 AND dot_consensus >= +1 AND latest_minute_new_low is False,3,28,39,25,35,8,19,20,20,0.7142857142857143,0.48717948717948717,7,14,16,14,14,5,5,9,11,0.6428571428571429,0.3125,2
10,volume_ratio_20 <= +1 AND stochastic <= +50 AND dot_consensus >= +1,3,28,39,25,35,5,19,23,20,0.8214285714285714,0.48717948717948717,7,14,16,14,14,3,4,11,12,0.7857142857142857,0.25,2
10,volume_ratio_20 <= +1 AND stochastic <= +50 AND latest_minute_new_low is False,3,28,39,25,35,6,18,22,21,0.7857142857142857,0.46153846153846156,7,14,16,14,14,4,4,10,12,0.7142857142857143,0.25,2
10,volume_ratio_20 <= +1 AND stochastic <= +70 AND dot_consensus >= +1,3,28,39,25,35,7,21,21,18,0.75,0.5384615384615384,7,14,16,14,14,6,5,8,11,0.5714285714285714,0.3125,2
10,volume_ratio_20 <= +1 AND stochastic <= +70 AND atr_direction is long,3,28,39,25,35,8,19,20,20,0.7142857142857143,0.48717948717948717,7,14,16,14,14,7,4,7,12,0.5,0.25,2
10,volume_ratio_20 <= +1 AND stochastic <= +70 AND latest_minute_new_low is False,3,28,39,25,35,8,20,20,19,0.7142857142857143,0.5128205128205128,7,14,16,14,14,7,5,7,11,0.5,0.3125,2
10,volume_ratio_20 <= +1.5 AND stochastic <= +50 AND dot_consensus >= +1,3,28,39,25,35,5,22,23,17,0.8214285714285714,0.5641025641025641,7,14,16,14,14,3,4,11,12,0.7857142857142857,0.25,2
10,volume_ratio_20 <= +1.5 AND stochastic <= +50 AND price_vs_vwap_pct <= +0,3,28,39,25,35,6,19,22,20,0.7857142857142857,0.48717948717948717,7,14,16,14,14,4,3,10,13,0.7142857142857143,0.1875,2
10,volume_ratio_20 <= +1.5 AND stochastic <= +50 AND price_vs_vwap_pct <= +2,3,28,39,25,35,6,20,22,19,0.7857142857142857,0.5128205128205128,7,14,16,14,14,4,4,10,12,0.7142857142857143,0.25,2
10,volume_ratio_20 <= +1.5 AND stochastic <= +50 AND macd_histogram_direction is falling,3,28,39,25,35,6,18,22,21,0.7857142857142857,0.46153846153846156,7,14,16,14,14,2,4,12,12,0.8571428571428571,0.25,2
10,volume_ratio_20 <= +1.5 AND stochastic <= +50 AND atr_direction is long,3,28,39,25,35,7,20,21,19,0.75,0.5128205128205128,7,14,16,14,14,4,4,10,12,0.7142857142857143,0.25,2
10,volume_ratio_20 <= +1.5 AND stochastic <= +50 AND latest_minute_new_low is False,3,28,39,25,35,7,21,21,18,0.75,0.5384615384615384,7,14,16,14,14,4,4,10,12,0.7142857142857143,0.25,2
10,volume_ratio_20 <= +2 AND stochastic <= +50 AND price_vs_vwap_pct <= -1,3,28,39,25,35,6,18,22,21,0.7857142857142857,0.46153846153846156,7,14,16,14,14,4,5,10,11,0.7142857142857143,0.3125,2
10,volume_ratio_20 <= +2 AND stochastic <= +50 AND price_vs_vwap_pct <= +0,3,28,39,25,35,6,21,22,18,0.7857142857142857,0.5384615384615384,7,14,16,14,14,4,5,10,11,0.7142857142857143,0.3125,2
10,volume_ratio_20 <= +2 AND stochastic <= +50 AND price_vs_vwap_pct <= +2,3,28,39,25,35,6,22,22,17,0.7857142857142857,0.5641025641025641,7,14,16,14,14,4,6,10,10,0.7142857142857143,0.375,2
10,volume_ratio_20 <= +2 AND stochastic <= +50 AND macd_histogram_direction is falling,3,28,39,25,35,6,20,22,19,0.7857142857142857,0.5128205128205128,7,14,16,14,14,2,6,12,10,0.8571428571428571,0.375,2
10,volume_ratio_20 <= +2 AND stochastic <= +50 AND atr_direction is long,3,28,39,25,35,7,21,21,18,0.75,0.5384615384615384,7,14,16,14,14,4,6,10,10,0.7142857142857143,0.375,2
10,volume_ratio_20 <= +2 AND stochastic <= +50 AND latest_minute_new_low is False,3,28,39,25,35,7,22,21,17,0.75,0.5641025641025641,7,14,16,14,14,4,4,10,12,0.7142857142857143,0.25,2
10,stochastic <= +50 AND dot_consensus >= +1 AND price_vs_vwap_pct <= +0,3,28,39,25,35,5,18,23,21,0.8214285714285714,0.46153846153846156,7,14,16,14,14,3,4,11,12,0.7857142857142857,0.25,2
10,stochastic <= +50 AND dot_consensus >= +1 AND price_vs_vwap_pct <= +2,3,28,39,25,35,5,19,23,20,0.8214285714285714,0.48717948717948717,7,14,16,14,14,3,5,11,11,0.7857142857142857,0.3125,2
10,stochastic <= +50 AND dot_consensus >= +1 AND atr_direction is long,3,28,39,25,35,6,18,22,21,0.7857142857142857,0.46153846153846156,7,14,16,14,14,3,5,11,11,0.7857142857142857,0.3125,2
10,stochastic <= +50 AND dot_consensus >= +1 AND latest_minute_new_low is False,3,28,39,25,35,6,21,22,18,0.7857142857142857,0.5384615384615384,7,14,16,14,14,3,5,11,11,0.7857142857142857,0.3125,2
10,stochastic <= +50 AND price_vs_vwap_pct <= +2 AND latest_minute_new_low is False,3,28,39,25,35,7,18,21,21,0.75,0.46153846153846156,7,14,16,14,14,4,4,10,12,0.7142857142857143,0.25,2
10,stochastic <= +50 AND atr_direction is long AND latest_minute_new_low is False,3,28,39,25,35,8,18,20,21,0.7142857142857143,0.46153846153846156,7,14,16,14,14,4,4,10,12,0.7142857142857143,0.25,2
10,stochastic <= +70 AND dot_consensus >= +1 AND price_vs_vwap_pct <= +0,3,28,39,25,35,8,19,20,20,0.7142857142857143,0.48717948717948717,7,14,16,14,14,8,6,6,10,0.42857142857142855,0.375,2
