session_day_et,split,symbol,buy_signal_ts,entry_ts,entry_px,never_touched_plus_1,bar_number,bar_start_ts,bar_close_ts,strategy_bar_available,post_fill_trade_prints,missing_state,close_vs_entry_pct,close_above_entry,traded_above_entry,bar_direction,running_low_pct,volume_ratio_20,macd_histogram,macd_histogram_pct,macd_histogram_direction,stochastic,rsi,dot_consensus,vwap,price_vs_vwap_pct,above_vwap,atr_trailing_stop,atr_stop_vs_price_pct,atr_stop_position
2026-08-24,build,BTCT,2026-08-24T13:27:00+00:00,2026-08-24T13:27:00.003525+00:00,1.69,True,1,2026-08-24T13:27:00+00:00,2026-08-24T13:28:00+00:00,True,294,,-1.183431952662728,False,False,down,-1.183431952662728,0.8964424005809196,0.009949925914881795,0.5958039469989099,rising,74.99999999999996,57.06471493731471,3,1.6857118429169655,-0.9320598287888671,False,1.5810601116235385,-5.325741818949781,below
2026-08-24,build,BTCT,2026-08-24T13:27:00+00:00,2026-08-24T13:27:00.003525+00:00,1.69,True,2,2026-08-24T13:28:00+00:00,2026-08-24T13:29:00+00:00,True,397,,-2.9585798816568087,False,False,down,-3.4911242603550274,0.6413729056224123,0.008054913113055609,0.4911532386009517,falling,45.45454545454535,49.46227349012151,1,1.6856413502629712,-2.7076548790079813,False,1.5810601116235385,-3.593895632711064,below
2026-08-24,build,BTCT,2026-08-24T13:27:00+00:00,2026-08-24T13:27:00.003525+00:00,1.69,True,3,2026-08-24T13:29:00+00:00,2026-08-24T13:30:00+00:00,True,490,,-3.2544378698224796,False,False,down,-4.142011834319515,0.8311539472206941,0.0062138134396441495,0.38004975166019267,falling,40.90909090909089,48.30714515481378,0,1.6855193094518273,-2.9972548619604633,False,1.5810601116235385,-3.2990757416796024,below
2026-08-24,build,BTCT,2026-08-24T13:27:00+00:00,2026-08-24T13:27:00.003525+00:00,1.69,True,4,2026-08-24T13:30:00+00:00,2026-08-24T13:31:00+00:00,True,1061,,-5.917159763313606,False,False,down,-5.917159763313606,2.734355360254434,0.0019361498673451244,0.12177043190849839,falling,0.0,39.39094590027953,0,1.6848393120049956,-5.628982617466038,False,1.5810601116235385,-0.5622571305950674,below
2026-08-24,build,BTCT,2026-08-24T13:27:00+00:00,2026-08-24T13:27:00.003525+00:00,1.69,True,5,2026-08-24T13:31:00+00:00,2026-08-24T13:32:00+00:00,True,1654,,-5.934911242603558,False,False,down,-8.875739644970404,4.021703235765273,-0.0007962258642672734,-0.05008654867379213,falling,31.062499999999925,39.33881645460361,1,1.682975774883018,-5.542312389463932,False,1.5810601116235385,-0.5434917516802806,below
2026-08-24,build,BTCT,2026-08-24T13:55:00+00:00,2026-08-24T13:55:00.494736+00:00,1.63,False,1,2026-08-24T13:55:00+00:00,2026-08-24T13:56:00+00:00,True,792,,-1.834355828220846,False,False,down,-2.4539877300613355,1.1625813593509378,0.013242647774171269,0.8276137600257025,rising,77.00000000000013,54.874879829336805,3,1.6644753115939865,-3.867603871657155,False,1.4800945505587948,-7.499871848084827,below
2026-08-24,build,BTCT,2026-08-24T13:55:00+00:00,2026-08-24T13:55:00.494736+00:00,1.63,False,2,2026-08-24T13:56:00+00:00,2026-08-24T13:57:00+00:00,True,1169,,0.018404907975466678,True,True,up,-2.4539877300613355,1.8650124574499054,0.01489152806991382,0.9134225645533841,rising,76.64705882352949,59.12409928903301,3,1.6640922611045101,-2.0306723307565333,False,1.4800945505587948,-9.213362537030322,below
2026-08-24,build,BTCT,2026-08-24T13:55:00+00:00,2026-08-24T13:55:00.494736+00:00,1.63,False,3,2026-08-24T13:57:00+00:00,2026-08-24T13:58:00+00:00,True,585,,-1.5337423312883347,False,True,down,-2.4539877300613355,0.881327553289755,0.013654015833915019,0.8507174974401881,falling,61.764705882352956,54.49451649328875,2,1.663831964183804,-3.535931839887696,False,1.4800945505587948,-7.782270993221507,below
2026-08-24,build,BTCT,2026-08-24T13:55:00+00:00,2026-08-24T13:55:00.494736+00:00,1.63,False,4,2026-08-24T13:58:00+00:00,2026-08-24T13:59:00+00:00,True,314,,-1.8282208588956905,False,False,down,-2.4539877300613355,0.4820646114530105,0.011949382958292447,0.7467430920067771,falling,58.941176470588296,53.63640760605401,1,1.663657938814181,-3.8143621554447837,False,1.4800945505587948,-7.505652383527384,below
2026-08-24,build,BTCT,2026-08-24T13:55:00+00:00,2026-08-24T13:55:00.494736+00:00,1.63,False,5,2026-08-24T13:59:00+00:00,2026-08-24T14:00:00+00:00,True,296,,-1.7852760736196238,False,False,down,-2.4539877300613355,0.5103486836735016,0.010365089677620216,0.647453912025749,falling,59.352941176470615,53.750783752366345,2,1.6634855474435826,-3.7623138679962143,False,1.482756582327106,-7.379812460047097,below
2026-08-24,build,BTCT,2026-08-24T15:28:00+00:00,2026-08-24T15:28:00.598358+00:00,2.38,True,1,2026-08-24T15:28:00+00:00,2026-08-24T15:29:00+00:00,True,1766,,-0.8403361344537785,False,False,down,-2.5210084033613467,1.9111078043378547,0.007598753029801163,0.32198106058479503,rising,83.33333333333333,55.31523857422039,3,2.060083845978836,14.558444046177188,True,2.1685937790154544,-8.110433092565483,below
2026-08-24,build,BTCT,2026-08-24T15:28:00+00:00,2026-08-24T15:28:00.598358+00:00,2.38,True,2,2026-08-24T15:29:00+00:00,2026-08-24T15:30:00+00:00,True,1927,,-2.1008403361344463,False,False,down,-5.042016806722693,1.7745989484743618,0.006595408401526183,0.2830647382629263,falling,58.33333333333352,52.09521282015645,3,2.0615183451154415,13.023490939127402,True,2.1685937790154544,-6.927305621654323,below
2026-08-24,build,BTCT,2026-08-24T15:28:00+00:00,2026-08-24T15:28:00.598358+00:00,2.38,True,3,2026-08-24T15:30:00+00:00,2026-08-24T15:31:00+00:00,True,917,,-3.777310924369748,False,False,down,-5.042016806722693,0.6944419239513957,0.00306555882413334,0.13386135208651762,falling,25.083333333333325,48.08591119721804,0,2.0620253226527865,11.060711759533405,True,2.1685937790154544,-5.305716823917972,below
2026-08-24,build,BTCT,2026-08-24T15:28:00+00:00,2026-08-24T15:28:00.598358+00:00,2.38,True,4,2026-08-24T15:31:00+00:00,2026-08-24T15:32:00+00:00,True,418,,-4.168067226890749,False,False,down,-5.042016806722693,0.3347021162417921,8.301892297581841e-05,0.003639903673089197,falling,17.33333333333363,47.17458524085419,0,2.062251212964833,10.597583148997947,True,2.1685937790154544,-4.9195993065830335,below
2026-08-24,build,BTCT,2026-08-24T15:28:00+00:00,2026-08-24T15:28:00.598358+00:00,2.38,True,5,2026-08-24T15:32:00+00:00,2026-08-24T15:33:00+00:00,True,621,,-3.7268907563025144,False,False,up,-5.042016806722693,0.5682526626537263,-0.0011367276795641254,-0.049610600076992334,falling,26.083333333333584,48.364444989792375,1,2.0626036548149416,11.087750409594687,True,2.1685937790154544,-5.355310128946266,below
2026-08-24,build,BTCT,2026-08-24T16:06:00+00:00,2026-08-24T16:06:00.301511+00:00,2.31,False,1,2026-08-24T16:06:00+00:00,2026-08-24T16:07:00+00:00,True,3691,,4.329004329004338,True,True,up,-0.43290043290044045,3.443393163547778,0.01900518098074966,0.7885967211929319,rising,92.85714285714285,69.14033254614272,3,2.0702467938501283,16.411241749492955,True,2.142726775445191,-11.090175292730676,below
2026-08-24,build,BTCT,2026-08-24T16:06:00+00:00,2026-08-24T16:06:00.301511+00:00,2.31,False,2,2026-08-24T16:07:00+00:00,2026-08-24T16:08:00+00:00,True,2121,,2.2900432900432754,True,True,down,-0.43290043290044045,1.5482729447014592,0.020623388698576228,0.8727998941375525,rising,76.03571428571416,63.14210559007976,3,2.071139740486071,14.086942267133363,True,2.142726775445191,-9.317923930543358,below
2026-08-24,build,BTCT,2026-08-24T16:06:00+00:00,2026-08-24T16:06:00.301511+00:00,2.31,False,3,2026-08-24T16:08:00+00:00,2026-08-24T16:09:00+00:00,True,1404,,0.44588744588744955,True,True,down,-0.43290043290044045,1.3086043576628386,0.017694220889478415,0.7625833249785983,falling,60.82142857142856,58.22223501120457,3,2.0718169900002468,11.99348259035773,True,2.142726775445191,-7.653028683998153,below
2026-08-24,build,BTCT,2026-08-24T16:06:00+00:00,2026-08-24T16:06:00.301511+00:00,2.31,False,4,2026-08-24T16:09:00+00:00,2026-08-24T16:10:00+00:00,True,593,,0.43290043290042934,True,True,down,-0.43290043290044045,0.38441632531436637,0.01472755648508834,0.6348084691848422,falling,60.71428571428564,58.18785046703089,1,2.072007672806336,11.968697338740153,True,2.142726775445191,-7.641087265293489,below
2026-08-24,build,BTCT,2026-08-24T16:06:00+00:00,2026-08-24T16:06:00.301511+00:00,2.31,False,5,2026-08-24T16:10:00+00:00,2026-08-24T16:11:00+00:00,True,670,,0.6493506493506551,True,True,up,-0.43290043290044045,0.5945259164448335,0.012197573929383726,0.5246268356724182,falling,62.50000000000004,58.6264124802334,2,2.072297788849658,12.194300090944864,True,2.142726775445191,-7.8397085830025475,below
2026-08-24,build,BTCT,2026-08-24T17:29:00+00:00,2026-08-24T17:29:00.001103+00:00,2.09,False,1,2026-08-24T17:29:00+00:00,2026-08-24T17:30:00+00:00,True,731,,1.1961722488038395,True,True,up,-1.4354066985645786,1.543649168196763,0.008100827121232793,0.38301783079114854,rising,96.87500000000007,56.29117612946076,3,2.078761727985695,1.7432624204323677,True,1.941002198393407,-8.226846411659261,below
2026-08-24,build,BTCT,2026-08-24T17:29:00+00:00,2026-08-24T17:29:00.001103+00:00,2.09,False,2,2026-08-24T17:30:00+00:00,2026-08-24T17:31:00+00:00,True,607,,1.1961722488038395,True,True,flat,-1.4354066985645786,1.3134087925373306,0.011861792322277652,0.5608412445521348,rising,91.17647058823547,56.29117612946076,3,2.0788060160717277,1.741094823107514,True,1.9618017587147256,-7.243415663606367,below
2026-08-24,build,BTCT,2026-08-24T17:29:00+00:00,2026-08-24T17:29:00.001103+00:00,2.09,False,3,2026-08-24T17:31:00+00:00,2026-08-24T17:32:00+00:00,True,425,,0.9569377990430672,True,True,down,-1.4354066985645786,0.7862844768134297,0.013542514909257591,0.6418253511496489,rising,88.23529411764704,55.263468605926015,3,2.0788252945841457,1.4996308490700105,True,1.96644140697178,-6.8037247880673,below
2026-08-24,build,BTCT,2026-08-24T17:29:00+00:00,2026-08-24T17:29:00.001103+00:00,2.09,False,4,2026-08-24T17:32:00+00:00,2026-08-24T17:33:00+00:00,True,267,,0.004784688995229658,True,True,down,-1.4354066985645786,0.4487047870628867,0.012849526149735249,0.614780448291242,falling,76.52941176470597,51.252818958529026,3,2.0788337094912546,0.5419524638891282,True,1.96644140697178,-5.91639601111048,below
2026-08-24,build,BTCT,2026-08-24T17:29:00+00:00,2026-08-24T17:29:00.001103+00:00,2.09,False,5,2026-08-24T17:33:00+00:00,2026-08-24T17:34:00+00:00,True,103,,0.23923444976077235,True,True,down,-1.4354066985645786,0.12461481665649557,0.012258460113931079,0.5851293610468294,falling,79.41176470588252,52.173216493702355,3,2.078835430217113,0.7775781357160616,True,1.9793225004619392,-5.521599023296464,below
2026-08-24,build,BTCT,2026-08-24T18:48:00+00:00,2026-08-24T18:48:04.154702+00:00,1.95,True,1,2026-08-24T18:48:00+00:00,2026-08-24T18:49:00+00:00,True,244,,-1.533333333333331,False,True,down,-1.538461538461544,0.43942464190821534,0.007499655094706004,0.39058669312567074,falling,50.09999999999988,50.04281996856685,3,2.072278859656568,-7.343551228515077,False,1.822927833654448,-5.060786747854373,below
2026-08-24,build,BTCT,2026-08-24T18:48:00+00:00,2026-08-24T18:48:04.154702+00:00,1.95,True,2,2026-08-24T18:49:00+00:00,2026-08-24T18:50:00+00:00,True,131,,-0.517948717948713,False,False,up,-1.538461538461544,0.23581188211154636,0.008009483746756843,0.41288126948589327,rising,69.89999999999995,54.71474179777017,3,2.0722609934983978,-6.38727428222955,False,1.822927833654448,-6.029803925230781,below
2026-08-24,build,BTCT,2026-08-24T18:48:00+00:00,2026-08-24T18:48:04.154702+00:00,1.95,True,3,2026-08-24T18:50:00+00:00,2026-08-24T18:51:00+00:00,True,235,,-2.046153846153853,False,False,down,-2.051282051282055,0.6501580575002088,0.006107896471826486,0.31976841379124055,falling,40.09999999999986,47.51288025634759,0,2.072206047215116,-7.8228729924311295,False,1.822927833654448,-4.563748827053649,below
2026-08-24,build,BTCT,2026-08-24T18:48:00+00:00,2026-08-24T18:48:04.154702+00:00,1.95,True,4,2026-08-24T18:51:00+00:00,2026-08-24T18:52:00+00:00,True,85,,-1.7948717948717885,False,False,flat,-2.051282051282055,0.18891083188430885,0.004995116560842897,0.2608415958664698,falling,44.999999999999986,48.70838495403564,2,2.0721916637693383,-7.58576856174612,False,1.822927833654448,-4.807946023266418,below
2026-08-24,build,BTCT,2026-08-24T18:48:00+00:00,2026-08-24T18:48:04.154702+00:00,1.95,True,5,2026-08-24T18:52:00+00:00,2026-08-24T18:53:00+00:00,True,81,,-1.7948717948717885,False,False,flat,-2.051282051282055,0.16061428825359608,0.00411098815180169,0.21467301053794724,falling,44.999999999999986,48.70838495403564,2,2.072179847271165,-7.585241574381374,False,1.8282080325318895,-4.532217622355638,below
2026-08-24,build,BTCT,2026-08-24T19:47:00+00:00,2026-08-24T19:47:00.061639+00:00,1.87,True,1,2026-08-24T19:47:00+00:00,2026-08-24T19:48:00+00:00,True,91,,-0.8021390374331583,False,False,down,-1.0695187165775444,0.24425305421093438,0.003919215241693665,0.21127844968699006,rising,64.28571428571433,46.99153708326849,3,2.067878511738248,-10.294536672722787,False,1.7910552580402257,-3.4471559007964614,below
2026-08-24,build,BTCT,2026-08-24T19:47:00+00:00,2026-08-24T19:47:00.061639+00:00,1.87,True,2,2026-08-24T19:48:00+00:00,2026-08-24T19:49:00+00:00,True,149,,-0.8021390374331583,False,False,up,-1.0695187165775444,0.3853646541927147,0.004008101638410786,0.2160701691865653,rising,64.28571428571433,46.99153708326849,3,2.06784241219989,-10.292970631812114,False,1.7910552580402257,-3.4471559007964614,below
2026-08-24,build,BTCT,2026-08-24T19:47:00+00:00,2026-08-24T19:47:00.061639+00:00,1.87,True,3,2026-08-24T19:49:00+00:00,2026-08-24T19:50:00+00:00,True,199,,-0.8021390374331583,False,False,up,-1.0695187165775444,1.1653747876025808,0.00399091007130499,0.21514340007034988,falling,64.28571428571433,46.99153708326849,3,2.0677292812024435,-10.288062520386386,False,1.7930202921165956,-3.341224144657917,below
2026-08-24,build,BTCT,2026-08-24T19:47:00+00:00,2026-08-24T19:47:00.061639+00:00,1.87,True,4,2026-08-24T19:50:00+00:00,2026-08-24T19:51:00+00:00,True,111,,-0.8021390374331583,False,False,flat,-1.0695187165775444,0.5738607217623979,0.0038990360105714793,0.21019062051598272,falling,64.28571428571433,46.99153708326849,3,2.0676747248102347,-10.285695436440246,False,1.7984162336932763,-3.0503378062923803,below
2026-08-24,build,BTCT,2026-08-24T19:47:00+00:00,2026-08-24T19:47:00.061639+00:00,1.87,True,5,2026-08-24T19:51:00+00:00,2026-08-24T19:52:00+00:00,True,199,,-1.0695187165775444,False,False,down,-1.0695187165775444,0.3603902568527245,0.0034371935889007093,0.18579424804868697,falling,57.14285714285732,45.38340644686459,0,2.0676408375057482,-10.526046572396696,False,1.7984162336932763,-2.788311692255341,below
2026-08-24,build,DAIC,2026-08-24T15:55:00+00:00,2026-08-24T15:55:00.214528+00:00,2.28,False,1,2026-08-24T15:55:00+00:00,2026-08-24T15:56:00+00:00,True,3719,,3.947368421052655,True,True,up,-3.50877192982455,1.0592692933041894,0.03735947799604626,1.5763492825335974,rising,100.00000000000001,63.450396863182725,3,1.8023781387690507,31.492939745630256,True,1.7145551225606153,-27.655902001661804,below
2026-08-24,build,DAIC,2026-08-24T15:55:00+00:00,2026-08-24T15:55:00.214528+00:00,2.28,False,2,2026-08-24T15:56:00+00:00,2026-08-24T15:57:00+00:00,False,0,"strategy_bar,trade_prints",,,,,-3.50877192982455,,,,,,,,,,,,,
2026-08-24,build,DAIC,2026-08-24T15:55:00+00:00,2026-08-24T15:55:00.214528+00:00,2.28,False,3,2026-08-24T15:57:00+00:00,2026-08-24T15:58:00+00:00,False,0,"strategy_bar,trade_prints",,,,,-3.50877192982455,,,,,,,,,,,,,
2026-08-24,build,DAIC,2026-08-24T15:55:00+00:00,2026-08-24T15:55:00.214528+00:00,2.28,False,4,2026-08-24T15:58:00+00:00,2026-08-24T15:59:00+00:00,False,0,"strategy_bar,trade_prints",,,,,-3.50877192982455,,,,,,,,,,,,,
2026-08-24,build,DAIC,2026-08-24T15:55:00+00:00,2026-08-24T15:55:00.214528+00:00,2.28,False,5,2026-08-24T15:59:00+00:00,2026-08-24T16:00:00+00:00,False,0,"strategy_bar,trade_prints",,,,,-3.50877192982455,,,,,,,,,,,,,
2026-08-24,build,DAIC,2026-08-24T16:57:00+00:00,2026-08-24T16:57:00.261108+00:00,2.64,False,1,2026-08-24T16:57:00+00:00,2026-08-24T16:58:00+00:00,True,1157,,-0.37878787878788955,False,False,flat,-1.8939393939394034,0.39553304985163706,0.03545451018159956,1.3480802350418086,rising,100.0,67.00685752821576,3,1.9212648073081513,36.88899052311505,True,2.1397482251709485,-18.64075189464074,below
2026-08-24,build,DAIC,2026-08-24T16:57:00+00:00,2026-08-24T16:57:00.261108+00:00,2.64,False,2,2026-08-24T16:58:00+00:00,2026-08-24T16:59:00+00:00,False,0,"strategy_bar,trade_prints",,,,,-1.8939393939394034,,,,,,,,,,,,,
2026-08-24,build,DAIC,2026-08-24T16:57:00+00:00,2026-08-24T16:57:00.261108+00:00,2.64,False,3,2026-08-24T16:59:00+00:00,2026-08-24T17:00:00+00:00,False,0,"strategy_bar,trade_prints",,,,,-1.8939393939394034,,,,,,,,,,,,,
2026-08-24,build,DAIC,2026-08-24T16:57:00+00:00,2026-08-24T16:57:00.261108+00:00,2.64,False,4,2026-08-24T17:00:00+00:00,2026-08-24T17:01:00+00:00,False,0,"strategy_bar,trade_prints",,,,,-1.8939393939394034,,,,,,,,,,,,,
2026-08-24,build,DAIC,2026-08-24T16:57:00+00:00,2026-08-24T16:57:00.261108+00:00,2.64,False,5,2026-08-24T17:01:00+00:00,2026-08-24T17:02:00+00:00,False,0,"strategy_bar,trade_prints",,,,,-1.8939393939394034,,,,,,,,,,,,,
2026-08-24,build,LUCY,2026-08-24T18:51:00+00:00,2026-08-24T18:51:00.619173+00:00,1.1,True,1,2026-08-24T18:51:00+00:00,2026-08-24T18:52:00+00:00,True,275,,-0.454545454545463,False,False,flat,-1.8181818181818188,1.9979307384881009,0.002578805675413635,0.2355073676176836,rising,89.99999999999977,65.53792549286959,3,1.0508690867265977,4.199468214529722,True,1.0432922648439464,-4.722167594160142,below
2026-08-24,build,LUCY,2026-08-24T18:51:00+00:00,2026-08-24T18:51:00.619173+00:00,1.1,True,2,2026-08-24T18:52:00+00:00,2026-08-24T18:53:00+00:00,True,185,,-0.9000000000000008,False,False,down,-1.8181818181818188,1.4662986432375695,0.002599811918994591,0.2384929748641951,rising,80.19999999999997,61.88602324829734,3,1.0508968540829562,3.7304465956607746,True,1.0432922648439464,-4.293893693794482,below
2026-08-24,build,LUCY,2026-08-24T18:51:00+00:00,2026-08-24T18:51:00.619173+00:00,1.1,True,3,2026-08-24T18:53:00+00:00,2026-08-24T18:54:00+00:00,True,157,,-0.454545454545463,False,False,down,-1.8181818181818188,1.010812154496291,0.0027493610508771147,0.2510832009933438,rising,89.99999999999977,64.04369882738791,3,1.0509169141274937,4.194726079664024,True,1.0469656396001006,-4.3866995798994886,below
2026-08-24,build,LUCY,2026-08-24T18:51:00+00:00,2026-08-24T18:51:00.619173+00:00,1.1,True,4,2026-08-24T18:54:00+00:00,2026-08-24T18:55:00+00:00,True,249,,-2.7181818181818196,False,False,down,-2.7272727272727337,1.5955021619292196,0.0010636060305057038,0.09939314367869392,falling,25.24999999999997,48.89556053984775,0,1.0509369845263499,1.8234219325992118,True,1.0469656396001006,-2.1618877114194412,below
2026-08-24,build,LUCY,2026-08-24T18:51:00+00:00,2026-08-24T18:51:00.619173+00:00,1.1,True,5,2026-08-24T18:55:00+00:00,2026-08-24T18:56:00+00:00,True,290,,-2.7181818181818196,False,False,down,-2.7272727272727337,2.5885219927207594,-9.74763572313183e-05,-0.009109088611467926,falling,0.33333333333329634,48.89556053984775,0,1.0509649495747821,1.8207125207134522,True,1.0469656396001006,-2.1618877114194412,below
2026-08-24,build,LUCY,2026-08-24T19:20:00+00:00,2026-08-24T19:20:00.988445+00:00,1.11,True,1,2026-08-24T19:20:00+00:00,2026-08-24T19:21:00+00:00,True,271,,-2.7027027027027084,False,False,down,-2.7027027027027084,2.102815141395795,0.0043536819434511894,0.40311869846770276,rising,53.333333333333414,55.898466967539854,3,1.0511506160204167,2.7445528300030997,True,1.0279206033300436,-4.822166358329294,below
2026-08-24,build,LUCY,2026-08-24T19:20:00+00:00,2026-08-24T19:20:00.988445+00:00,1.11,True,2,2026-08-24T19:21:00+00:00,2026-08-24T19:22:00+00:00,True,87,,-2.6936936936936995,False,False,down,-2.7027027027027084,0.8746860106587725,0.004624044115626879,0.428112592873519,rising,53.46666666666673,55.926510738923284,3,1.0511627683252027,2.752878293140326,True,1.0279206033300436,-4.830978304782563,below
2026-08-24,build,LUCY,2026-08-24T19:20:00+00:00,2026-08-24T19:20:00.988445+00:00,1.11,True,3,2026-08-24T19:22:00+00:00,2026-08-24T19:23:00+00:00,True,80,,-1.8018018018018056,False,False,up,-2.7027027027027084,0.7895228950953785,0.005208076374460537,0.4778051719688566,rising,66.66666666666677,58.724795112893034,3,1.0511749747637564,3.6934883504974314,True,1.0279206033300436,-5.69535749265655,below
2026-08-24,build,LUCY,2026-08-24T19:20:00+00:00,2026-08-24T19:20:00.988445+00:00,1.11,True,4,2026-08-24T19:23:00+00:00,2026-08-24T19:24:00+00:00,True,66,,-2.2522522522522626,False,False,flat,-2.7027027027027084,0.5448276552226892,0.004995341580309997,0.46040014565069093,falling,59.99999999999994,56.76454683518693,3,1.051183139631507,3.2170284219310785,True,1.0279206033300436,-5.26077388663192,below
2026-08-24,build,LUCY,2026-08-24T19:20:00+00:00,2026-08-24T19:20:00.988445+00:00,1.11,True,5,2026-08-24T19:24:00+00:00,2026-08-24T19:25:00+00:00,True,115,,-3.1531531531531654,False,False,down,-3.603603603603611,0.7028371400142965,0.003963886829725184,0.3687336585790869,falling,46.666666666666586,52.957144194793486,0,1.051190791092786,2.264975027270033,True,1.0279206033300436,-4.379478759995936,below
2026-08-24,build,LUCY,2026-08-24T19:56:00+00:00,2026-08-24T19:56:00.913644+00:00,1.13,True,1,2026-08-24T19:56:00+00:00,2026-08-24T19:57:00+00:00,True,571,,-1.0442477876106082,False,False,down,-1.7699115044247593,3.1602982620806217,0.006219121199002069,0.5561725271867348,rising,83.14285714285738,67.04550734797613,3,1.0517622012989554,6.316807983686057,True,1.0644069590014598,-4.810681541633011,below
2026-08-24,build,LUCY,2026-08-24T19:56:00+00:00,2026-08-24T19:56:00.913644+00:00,1.13,True,2,2026-08-24T19:57:00+00:00,2026-08-24T19:58:00+00:00,True,308,,-1.7699115044247593,False,False,down,-1.7699115044247593,1.3454749441698137,0.0053771739268520715,0.48443008350018657,falling,71.42857142857166,62.41599710736451,2,1.0518093263660144,5.532435601710595,True,1.0644069590014598,-4.107481171039673,below
2026-08-24,build,LUCY,2026-08-24T19:56:00+00:00,2026-08-24T19:56:00.913644+00:00,1.13,True,3,2026-08-24T19:58:00+00:00,2026-08-24T19:59:00+00:00,True,274,,-1.7699115044247593,False,False,down,-1.7699115044247593,1.3296201620282768,0.004504479004926468,0.4058089193627448,falling,66.66666666666691,62.41599710736451,0,1.0518585471462427,5.527497305745022,True,1.0644069590014598,-4.107481171039673,below
2026-08-24,build,LUCY,2026-08-24T19:56:00+00:00,2026-08-24T19:56:00.913644+00:00,1.13,True,4,2026-08-24T19:59:00+00:00,2026-08-24T20:00:00+00:00,True,589,,-2.663716814159278,False,False,down,-3.539823008849541,2.649774245522772,0.0030034351382967842,0.27306438206171324,falling,48.63481228668976,56.812182849514855,0,1.051958288769413,4.557377582591182,True,1.0644069590014598,-3.226933448362612,below
2026-08-24,build,LUCY,2026-08-24T19:56:00+00:00,2026-08-24T19:56:00.913644+00:00,1.13,True,5,2026-08-24T20:00:00+00:00,2026-08-24T20:01:00+00:00,False,0,"strategy_bar,trade_prints",,,,,-3.539823008849541,,,,,,,,,,,,,
2026-08-24,build,PMI,2026-08-24T11:34:00+00:00,2026-08-24T11:34:00.855962+00:00,4.37,True,1,2026-08-24T11:34:00+00:00,2026-08-24T11:35:00+00:00,True,160,,-0.006864988558352714,False,False,flat,-0.22883295194507935,0.6357561895397603,0.02274684757657916,0.5205585641252067,rising,99.8235294117646,48.66700684120352,3,4.388350416812812,-0.4249983488410103,False,4.269681487926317,-2.288910270125699,below
2026-08-24,build,PMI,2026-08-24T11:34:00+00:00,2026-08-24T11:34:00.855962+00:00,4.37,True,2,2026-08-24T11:35:00+00:00,2026-08-24T11:36:00+00:00,True,160,,-0.03432494279176357,False,False,up,-0.22883295194507935,0.6661410510879936,0.022801363979053836,0.5219495016379497,rising,98.92857142857139,48.48270205142182,3,4.388020181354906,-0.4448516767960431,False,4.281485190341054,-1.9918692837117113,below
2026-08-24,build,PMI,2026-08-24T11:34:00+00:00,2026-08-24T11:34:00.855962+00:00,4.37,True,3,2026-08-24T11:36:00+00:00,2026-08-24T11:37:00+00:00,True,101,,-0.22883295194507935,False,False,flat,-0.22883295194507935,0.5672630881378397,0.02150578597929459,0.49325197200216947,falling,91.66666666666686,47.12143645281919,3,4.387726721528323,-0.6319154151575135,False,4.283388152272844,-1.7571524708063446,below
2026-08-24,build,PMI,2026-08-24T11:34:00+00:00,2026-08-24T11:34:00.855962+00:00,4.37,True,4,2026-08-24T11:37:00+00:00,2026-08-24T11:38:00+00:00,True,83,,-0.22883295194507935,False,False,down,-0.22883295194507935,0.4255102801710989,0.019925345409509417,0.4570033350804911,falling,91.66666666666686,47.12143645281919,2,4.387521022664174,-0.6272567703268228,False,4.291710521818275,-1.5662724353606716,below
2026-08-24,build,PMI,2026-08-24T11:34:00+00:00,2026-08-24T11:34:00.855962+00:00,4.37,True,5,2026-08-24T11:38:00+00:00,2026-08-24T11:39:00+00:00,True,120,,-0.22883295194507935,False,False,flat,-0.22883295194507935,0.832328065161766,0.018203793913087737,0.41751820901577374,falling,91.65971643035883,47.12143645281919,1,4.387129511130379,-0.618388653937596,False,4.29836841745462,-1.4135684070041288,below
2026-08-24,build,PMI,2026-08-24T12:02:00+00:00,2026-08-24T12:02:02.082785+00:00,4.34,False,1,2026-08-24T12:02:00+00:00,2026-08-24T12:03:00+00:00,True,106,,-0.463133640553004,False,False,down,-0.691244239631339,1.0418493889765956,0.006954131337816766,0.16097898881494402,rising,80.58064516129024,53.58277688335825,3,4.366192630612799,-1.0602516775880866,False,4.16222319436441,-3.6500105473642797,below
2026-08-24,build,PMI,2026-08-24T12:02:00+00:00,2026-08-24T12:02:02.082785+00:00,4.34,False,2,2026-08-24T12:03:00+00:00,2026-08-24T12:04:00+00:00,True,59,,-0.4608294930875445,False,False,up,-0.691244239631339,0.20078006524792533,0.008860437548307426,0.20510272102563484,rising,80.64516129032292,53.59812423935027,3,4.366102418560859,-1.0559170202895651,False,4.186858555491528,-3.081977882140552,below
2026-08-24,build,PMI,2026-08-24T12:02:00+00:00,2026-08-24T12:02:02.082785+00:00,4.34,False,3,2026-08-24T12:04:00+00:00,2026-08-24T12:05:00+00:00,True,56,,-0.46543778801843017,False,False,up,-0.691244239631339,0.6123521989063888,0.009741131645001545,0.2254995982453249,rising,80.51612903225812,53.559981708115075,3,4.365840392282019,-1.054559675690614,False,4.2062868443932215,-2.6277409974253096,below
2026-08-24,build,PMI,2026-08-24T12:02:00+00:00,2026-08-24T12:02:02.082785+00:00,4.34,False,4,2026-08-24T12:05:00+00:00,2026-08-24T12:06:00+00:00,True,73,,-0.691244239631339,False,False,down,-0.691244239631339,0.27775612388690674,0.009297972916251479,0.2157302300754404,falling,74.19354838709664,51.62145871963187,3,4.365717861314815,-1.2762588670362507,False,4.212189475514577,-2.2693857189193256,below
2026-08-24,build,PMI,2026-08-24T12:02:00+00:00,2026-08-24T12:02:02.082785+00:00,4.34,False,5,2026-08-24T12:06:00+00:00,2026-08-24T12:07:00+00:00,True,110,,-1.8433179723502335,False,False,down,-1.8433179723502335,0.6887131560028756,0.005461617950119391,0.128206994134258,falling,41.935483870967595,43.05859549148941,0,4.365223691731066,-2.4104994190879303,False,4.212189475514577,-1.1223127813479672,below
2026-08-24,build,PMI,2026-08-24T12:50:00+00:00,2026-08-24T12:50:03.990114+00:00,4.32,True,1,2026-08-24T12:50:00+00:00,2026-08-24T12:51:00+00:00,True,98,,0.23148148148146586,True,True,up,-0.11574074074073293,0.6826798746411274,0.003943432580054029,0.09107234595967735,rising,100.0,53.57590572290683,3,4.360258694801719,-0.6939655859821703,False,4.252840241344267,-1.7819805694164637,below
2026-08-24,build,PMI,2026-08-24T12:50:00+00:00,2026-08-24T12:50:03.990114+00:00,4.32,True,2,2026-08-24T12:51:00+00:00,2026-08-24T12:52:00+00:00,True,68,,0.23148148148146586,True,True,up,-0.11574074074073293,0.678590331686662,0.00584221026702423,0.1349240246425919,rising,90.90909090909106,53.575905722906846,3,4.360127769434344,-0.6909836368912736,False,4.254272193075414,-1.7489100906371013,below
2026-08-24,build,PMI,2026-08-24T12:50:00+00:00,2026-08-24T12:50:03.990114+00:00,4.32,True,3,2026-08-24T12:52:00+00:00,2026-08-24T12:53:00+00:00,True,57,,0.02777777777778212,True,True,down,-0.11574074074073293,0.31105140881514187,0.006312572017809687,0.14608377343815807,rising,82.90909090909109,51.21457223796547,3,4.360055624174475,-0.8911726712622303,False,4.254272193075414,-1.548824560876294,below
2026-08-24,build,PMI,2026-08-24T12:50:00+00:00,2026-08-24T12:50:03.990114+00:00,4.32,True,4,2026-08-24T12:53:00+00:00,2026-08-24T12:54:00+00:00,True,48,,0.23148148148146586,True,True,up,-0.11574074074073293,0.1974910858629955,0.006971776447258039,0.16101100340087848,rising,90.90909090909106,53.42523822619809,3,4.360014603269384,-0.6884060261375669,False,4.268934203568265,-1.4102955296012687,below
2026-08-24,build,PMI,2026-08-24T12:50:00+00:00,2026-08-24T12:50:03.990114+00:00,4.32,True,5,2026-08-24T12:54:00+00:00,2026-08-24T12:55:00+00:00,True,74,,-0.62268518518519,False,True,down,-0.6944444444444531,0.7387883337503823,0.004782429898490951,0.11139805498336752,falling,57.363636363636196,44.3500523942299,0,4.3597474556975016,-1.5286999161018833,False,4.268934203568265,-0.5628985216215465,below
2026-08-24,build,PMI,2026-08-24T13:17:00+00:00,2026-08-24T13:17:00.592729+00:00,4.38,False,1,2026-08-24T13:17:00+00:00,2026-08-24T13:18:00+00:00,True,133,,0.0,False,True,up,-0.22831050228310223,1.2603896389463038,0.006863692418621638,0.1567053063612246,rising,88.88888888888911,63.52665512355335,3,4.355872144535506,0.5539156032107639,True,4.286668394474899,-2.1308585736324437,below
2026-08-24,build,PMI,2026-08-24T13:17:00+00:00,2026-08-24T13:17:00.592729+00:00,4.38,False,2,2026-08-24T13:18:00+00:00,2026-08-24T13:19:00+00:00,True,149,,0.0,False,True,up,-0.22831050228310223,0.5813375947480942,0.007177361964017966,0.1638667115072595,rising,88.88888888888911,63.52665512355335,3,4.355933606344532,0.5524967970222061,True,4.291544715579919,-2.0195270415543587,below
2026-08-24,build,PMI,2026-08-24T13:17:00+00:00,2026-08-24T13:17:00.592729+00:00,4.38,False,3,2026-08-24T13:19:00+00:00,2026-08-24T13:20:00+00:00,True,110,,0.0,False,False,flat,-0.6849315068493178,1.2897642986649085,0.006916418376149822,0.15790909534588635,falling,88.88888888888911,63.52665512355335,3,4.356016099509685,0.5505925584851301,True,4.291544715579919,-2.0195270415543587,below
2026-08-24,build,PMI,2026-08-24T13:17:00+00:00,2026-08-24T13:17:00.592729+00:00,4.38,False,4,2026-08-24T13:20:00+00:00,2026-08-24T13:21:00+00:00,True,85,,-0.6757990867579999,False,False,up,-0.6849315068493178,0.8684996029246652,0.00440423073699186,0.10123737442515311,falling,55.999999999999844,54.17781994643538,0,4.356006171205948,-0.12869979944027943,False,4.291544715579919,-1.3528706422416437,below
2026-08-24,build,PMI,2026-08-24T13:17:00+00:00,2026-08-24T13:17:00.592729+00:00,4.38,False,5,2026-08-24T13:21:00+00:00,2026-08-24T13:22:00+00:00,True,54,,0.15753424657534154,True,True,up,-0.6849315068493178,0.36677290781801786,0.004821009413182194,0.10989558488185723,rising,96.55555555555569,61.668816243346036,3,4.356044159419418,0.7083454494798858,True,4.291544715579919,-2.173637065355516,below
2026-08-24,build,PMI,2026-08-24T15:58:00+00:00,2026-08-24T15:58:00.551569+00:00,4.35,False,1,2026-08-24T15:58:00+00:00,2026-08-24T15:59:00+00:00,True,203,,-0.45977011494251485,False,True,down,-1.1471264367816092,3.186791401244104,0.011343670479098861,0.2619785330045926,rising,76.92307692307705,53.249031139527894,3,4.560991137788408,-5.0644943348961196,False,4.2101538008935355,-2.7678106029206617,below
2026-08-24,build,PMI,2026-08-24T15:58:00+00:00,2026-08-24T15:58:00.551569+00:00,4.35,False,2,2026-08-24T15:59:00+00:00,2026-08-24T16:00:00+00:00,True,49,,-0.002298850574711242,False,False,up,-1.1471264367816092,0.4677882330576941,0.013394951580659748,0.30793700040598054,rising,83.94957983193284,56.000675053185965,3,4.560857355042316,-4.625388136927578,False,4.2101538008935355,-3.212630154864815,below
2026-08-24,build,PMI,2026-08-24T15:58:00+00:00,2026-08-24T15:58:00.551569+00:00,4.35,False,3,2026-08-24T16:00:00+00:00,2026-08-24T16:01:00+00:00,True,44,,-0.45977011494251485,False,False,flat,-1.1471264367816092,0.19158239307994593,0.012901372578252981,0.29795317732685866,falling,64.25297891842365,52.66265421520476,2,4.560803127419323,-5.060580800599479,False,4.2101538008935355,-2.7678106029206617,below
2026-08-24,build,PMI,2026-08-24T15:58:00+00:00,2026-08-24T15:58:00.551569+00:00,4.35,False,4,2026-08-24T16:01:00+00:00,2026-08-24T16:02:00+00:00,True,46,,-0.45977011494251485,False,False,flat,-1.1471264367816092,0.22588664235996023,0.01207916546390636,0.2789645603673524,falling,64.25297891842365,52.66265421520476,2,4.560740809084049,-5.0592835406138565,False,4.216284596845993,-2.6262217818477374,below
2026-08-24,build,PMI,2026-08-24T15:58:00+00:00,2026-08-24T15:58:00.551569+00:00,4.35,False,5,2026-08-24T16:02:00+00:00,2026-08-24T16:03:00+00:00,True,33,,-0.6689655172413711,False,False,down,-1.1471264367816092,0.28809229925255436,0.010485810468948965,0.2426765365768466,falling,55.91200733272235,51.048891129693004,0,4.560662577391137,-5.257187378424522,False,4.223487677476794,-2.2544451971396207,below
2026-08-24,build,PMI,2026-08-24T17:42:00+00:00,2026-08-24T17:42:00.137546+00:00,4.63,True,1,2026-08-24T17:42:00+00:00,2026-08-24T17:43:00+00:00,True,152,,-1.1879049676025821,False,False,down,-2.591792656587477,3.445196677221479,0.012549247114106155,0.27430048336844054,rising,65.6035021888681,60.29781844585168,3,4.571175734144246,0.08366044269942918,True,4.480901640520768,-2.056794742715451,below
2026-08-24,build,PMI,2026-08-24T17:42:00+00:00,2026-08-24T17:42:00.137546+00:00,4.63,True,2,2026-08-24T17:43:00+00:00,2026-08-24T17:44:00+00:00,True,80,,-0.8682505399567941,False,False,up,-2.591792656587477,1.3005314160675212,0.013306754789144426,0.2899201444320978,rising,74.8592870544092,62.213748316812314,3,4.571187974834105,0.40715947951299736,True,4.480901640520768,-2.372616660404203,below
2026-08-24,build,PMI,2026-08-24T17:42:00+00:00,2026-08-24T17:42:00.137546+00:00,4.63,True,3,2026-08-24T17:44:00+00:00,2026-08-24T17:45:00+00:00,True,40,,-0.9719222462203025,False,False,flat,-2.591792656587477,0.5294937296795169,0.012749725769766478,0.27807471689785124,falling,71.85741088180107,61.182515391056775,3,4.571192717148407,0.302049896076273,True,4.480901640520768,-2.270411329972344,below
2026-08-24,build,PMI,2026-08-24T17:42:00+00:00,2026-08-24T17:42:00.137546+00:00,4.63,True,4,2026-08-24T17:45:00+00:00,2026-08-24T17:46:00+00:00,True,63,,-0.7775377969762354,False,False,up,-2.591792656587477,1.5737021984665203,0.012249595555429295,0.26664335122832594,falling,77.48592870544108,62.439661781447384,3,4.571218477950225,0.4983686988417668,True,4.480901640520768,-2.4618711249288605,below
2026-08-24,build,PMI,2026-08-24T17:42:00+00:00,2026-08-24T17:42:00.137546+00:00,4.63,True,5,2026-08-24T17:46:00+00:00,2026-08-24T17:47:00+00:00,True,76,,-0.6695464362850956,False,False,down,-2.591792656587477,1.2435227233731025,0.011528156100660186,0.250666581879978,falling,80.61288305190757,63.153608180605026,2,4.5712469303972565,0.607122520951453,True,4.480901640520768,-2.5679138830013493,below
2026-08-24,build,PMI,2026-08-24T18:17:00+00:00,2026-08-24T18:17:00.122862+00:00,4.51,True,1,2026-08-24T18:17:00+00:00,2026-08-24T18:18:00+00:00,True,21,,-0.22838137472284137,False,False,down,-0.44124168514412254,0.6609292765015472,0.009873392147884227,0.21942334262026864,falling,81.04651162790681,55.0239906506472,3,4.57004051807196,-1.5391661801203438,False,4.431026111830438,-1.5261881496446694,below
2026-08-24,build,PMI,2026-08-24T18:17:00+00:00,2026-08-24T18:17:00.122862+00:00,4.51,True,2,2026-08-24T18:18:00+00:00,2026-08-24T18:19:00+00:00,True,11,,-0.44124168514412254,False,False,down,-0.44124168514412254,0.34456476030277544,0.008684196739867322,0.19340764659734352,falling,65.92105263157873,52.70076630536773,3,4.570032625571992,-1.7490602829555835,False,4.431026111830438,-1.315647494923533,below
2026-08-24,build,PMI,2026-08-24T18:17:00+00:00,2026-08-24T18:17:00.122862+00:00,4.51,True,3,2026-08-24T18:19:00+00:00,2026-08-24T18:20:00+00:00,False,13,strategy_bar,,,False,,-0.44124168514412254,,,,,,,,,,,,,
2026-08-24,build,PMI,2026-08-24T18:17:00+00:00,2026-08-24T18:17:00.122862+00:00,4.51,True,4,2026-08-24T18:20:00+00:00,2026-08-24T18:21:00+00:00,True,15,,-0.22172949002217113,False,False,flat,-0.6651884700665023,0.5393888724075622,0.00818355423272311,0.18185676072718024,falling,77.52808988764048,54.81932464900544,2,4.570021243881058,-1.53218639792565,False,4.4451461692571845,-1.2189740165070129,below
2026-08-24,build,PMI,2026-08-24T18:17:00+00:00,2026-08-24T18:17:00.122862+00:00,4.51,True,5,2026-08-24T18:21:00+00:00,2026-08-24T18:22:00+00:00,True,12,,-0.44345898004433115,False,False,flat,-0.6651884700665023,0.028676301904106447,0.0068521043664265665,0.15260811506517966,falling,63.38028169014098,52.27244385970365,1,4.570020593634364,-1.7509897820991327,False,4.4451461692571845,-0.9989717314658253,below
2026-08-24,build,PMI,2026-08-24T18:43:00+00:00,2026-08-24T18:43:00.203558+00:00,4.62,True,1,2026-08-24T18:43:00+00:00,2026-08-24T18:44:00+00:00,True,128,,-0.515151515151524,False,False,down,-1.0822510822510734,7.246097895764643,0.011379184205964857,0.2475780907263578,rising,84.13333333333304,69.03406464798259,3,4.56982659101499,0.577120563761957,True,4.504439311630988,-1.9964468119100909,below
2026-08-24,build,PMI,2026-08-24T18:43:00+00:00,2026-08-24T18:43:00.203558+00:00,4.62,True,2,2026-08-24T18:44:00+00:00,2026-08-24T18:45:00+00:00,True,58,,-1.0584415584415474,False,False,down,-1.0822510822510734,0.5723501922997395,0.010672137808506853,0.2334697952026176,falling,66.64392905866329,62.21500499790978,2,4.569828077948626,0.02783303944215998,True,4.504439311630988,-1.4583073739146468,below
2026-08-24,build,PMI,2026-08-24T18:43:00+00:00,2026-08-24T18:43:00.203558+00:00,4.62,True,3,2026-08-24T18:45:00+00:00,2026-08-24T18:46:00+00:00,True,82,,-1.9480519480519431,False,False,down,-2.16450216450218,1.7964443754366897,0.0069520665857464164,0.153467253548486,falling,37.80234968901196,52.98563653957013,0,4.569814397373477,-0.8712475805660813,False,4.504439311630988,-0.5642536063799608,below
2026-08-24,build,PMI,2026-08-24T18:43:00+00:00,2026-08-24T18:43:00.203558+00:00,4.62,True,4,2026-08-24T18:46:00+00:00,2026-08-24T18:47:00+00:00,True,59,,-1.515151515151525,False,False,up,-2.16450216450218,1.0213788490598756,0.005421916148352756,0.11916299227148915,falling,51.624049758120144,56.37693402015733,2,4.569805038086965,-0.43338912539814256,False,4.504439311630988,-1.0013338103079472,below
2026-08-24,build,PMI,2026-08-24T18:43:00+00:00,2026-08-24T18:43:00.203558+00:00,4.62,True,5,2026-08-24T18:47:00+00:00,2026-08-24T18:48:00+00:00,True,34,,-1.4696969696969653,False,False,up,-2.16450216450218,1.4690088713941603,0.004189884821815246,0.09204289936106952,falling,53.07532826537683,56.72987126936218,2,4.569796856093888,-0.38725695367156643,False,4.504439311630988,-1.047004423650888,below
2026-08-24,build,PMI,2026-08-24T19:14:00+00:00,2026-08-24T19:14:00.205665+00:00,4.68,False,1,2026-08-24T19:14:00+00:00,2026-08-24T19:15:00+00:00,True,132,,-1.0940170940170857,False,False,down,-1.175213675213671,1.0448905469014342,0.01042080220769116,0.22512967092315847,falling,65.86666666666675,59.821755563586514,2,4.569516525542595,1.2973686412123264,True,4.515907640321265,-2.438912022095041,below
2026-08-24,build,PMI,2026-08-24T19:14:00+00:00,2026-08-24T19:14:00.205665+00:00,4.68,False,2,2026-08-24T19:15:00+00:00,2026-08-24T19:16:00+00:00,True,387,,1.9230769230769162,True,True,up,-1.2585470085469952,3.5485464112380662,0.01838830983328271,0.38549915793045514,rising,100.0,71.39060024674234,3,4.570082383529941,4.374486052823445,True,4.53534088980561,-4.919478201140237,below
2026-08-24,build,PMI,2026-08-24T19:14:00+00:00,2026-08-24T19:14:00.205665+00:00,4.68,False,3,2026-08-24T19:16:00+00:00,2026-08-24T19:17:00+00:00,True,252,,0.45726495726494676,True,True,down,-1.2585470085469952,2.302886426474665,0.017852025895338602,0.3797172309384142,falling,71.41666666666659,62.043639814517185,3,4.570472390053237,2.864640649218253,True,4.53534088980561,-3.5321204363463976,below
2026-08-24,build,PMI,2026-08-24T19:14:00+00:00,2026-08-24T19:14:00.205665+00:00,4.68,False,4,2026-08-24T19:17:00+00:00,2026-08-24T19:18:00+00:00,True,149,,-0.32051282051280827,False,True,down,-1.2585470085469952,1.6246047675812625,0.014028083438203144,0.30070918409867403,falling,56.23176323468123,57.72492340000522,2,4.570658452617175,2.064069069278296,True,4.53534088980561,-2.7794021477897113,below
2026-08-24,build,PMI,2026-08-24T19:14:00+00:00,2026-08-24T19:14:00.205665+00:00,4.68,False,5,2026-08-24T19:18:00+00:00,2026-08-24T19:19:00+00:00,True,269,,1.141025641025628,True,True,up,-1.2799145299145276,2.8879740005759365,0.015000076024482549,0.3168985512418674,rising,84.74364318466026,62.94464983660359,3,4.57113411117494,3.5497949716323474,True,4.53534088980561,-4.1842884648326635,below
2026-08-24,build,XPON,2026-08-24T13:34:00+00:00,2026-08-24T13:34:00.057978+00:00,8.75,False,1,2026-08-24T13:34:00+00:00,2026-08-24T13:35:00+00:00,True,11104,,-4.571428571428571,False,True,down,-11.998857142857144,3.010502012071287,0.013219932775935321,0.15832254821479427,rising,60.61018405786717,51.795045870125186,3,7.740985121431022,7.867407946346661,True,6.863251693003461,-17.805368946066334,below
2026-08-24,build,XPON,2026-08-24T13:34:00+00:00,2026-08-24T13:34:00.057978+00:00,8.75,False,2,2026-08-24T13:35:00+00:00,2026-08-24T13:36:00+00:00,True,4631,,-6.683428571428562,False,False,down,-11.998857142857144,1.4959505509318414,0.001734414953807096,0.021241548937038845,falling,47.375205901310615,48.49792708079738,2,7.750560007921935,5.349806874009833,True,6.863251693003461,-15.945087774904954,below
2026-08-24,build,XPON,2026-08-24T13:34:00+00:00,2026-08-24T13:34:00.057978+00:00,8.75,False,3,2026-08-24T13:36:00+00:00,2026-08-24T13:37:00+00:00,True,3925,,-7.599999999999996,False,False,down,-11.998857142857144,0.9854301067858671,-0.01073922529453749,-0.13282900797201594,falling,41.631454558476015,47.09674570453754,0,7.754804355258002,4.257949390020599,True,6.863251693003461,-15.111296314119226,below
2026-08-24,build,XPON,2026-08-24T13:34:00+00:00,2026-08-24T13:34:00.057978+00:00,8.75,False,4,2026-08-24T13:37:00+00:00,2026-08-24T13:38:00+00:00,True,4334,,-9.482285714285709,False,False,down,-11.998857142857144,0.9692516443585852,-0.028546428428816533,-0.3604210500715444,falling,29.83599512998638,44.26817699953086,0,7.757953790721016,2.092642127788391,True,6.863251693003461,-13.34606400005731,below
2026-08-24,build,XPON,2026-08-24T13:34:00+00:00,2026-08-24T13:34:00.057978+00:00,8.75,False,5,2026-08-24T13:38:00+00:00,2026-08-24T13:39:00+00:00,True,4593,,-9.085714285714285,False,False,down,-12.913142857142857,1.0438049857840392,-0.03597281718842721,-0.4522038615767091,falling,32.32113442669912,45.01741797840698,2,7.759851024261389,2.514854668323818,True,6.863251693003461,-13.724051627863476,below
2026-08-24,build,XPON,2026-08-24T14:56:00+00:00,2026-08-24T14:56:00.226711+00:00,7.18,False,1,2026-08-24T14:56:00+00:00,2026-08-24T14:57:00+00:00,True,3624,,-0.696378830083566,False,True,down,-2.506963788300831,2.926606231457027,0.050030398403106566,0.7016886171543698,rising,76.3888888888889,59.91159322469778,3,7.6097300337827045,-6.3041662667793315,False,6.323464426969257,-11.31185936929513,below
2026-08-24,build,XPON,2026-08-24T14:56:00+00:00,2026-08-24T14:56:00.226711+00:00,7.18,False,2,2026-08-24T14:57:00+00:00,2026-08-24T14:58:00+00:00,True,2018,,-2.089136490250687,False,True,down,-2.646239554317542,1.1622601142943485,0.043898744940955255,0.6244487189325071,falling,62.50000000000004,55.976617544772886,3,7.607657737904843,-7.593108914806801,False,6.323464426969257,-10.05029264624101,below
2026-08-24,build,XPON,2026-08-24T14:56:00+00:00,2026-08-24T14:56:00.226711+00:00,7.18,False,3,2026-08-24T14:58:00+00:00,2026-08-24T14:59:00+00:00,True,1519,,-2.8328690807799317,False,False,down,-3.760445682451252,1.0110274200898701,0.034127825116422365,0.4891756029645151,falling,55.07709404083907,53.939283252439594,0,7.605516557794458,-8.269215549204445,False,6.323464426969257,-9.361803357376708,below
2026-08-24,build,XPON,2026-08-24T14:56:00+00:00,2026-08-24T14:56:00.226711+00:00,7.18,False,4,2026-08-24T14:59:00+00:00,2026-08-24T15:00:00+00:00,True,1083,,-3.344011142061276,False,False,down,-4.317548746518096,0.613885768829315,0.023576062172101543,0.3397176064799427,falling,44.599999999999945,52.52438214618432,0,7.60406914877805,-8.734391229001126,False,6.323464426969257,-8.882484949793845,below
2026-08-24,build,XPON,2026-08-24T14:56:00+00:00,2026-08-24T14:56:00.226711+00:00,7.18,False,5,2026-08-24T15:00:00+00:00,2026-08-24T15:01:00+00:00,True,2201,,0.18105849582172873,True,True,up,-4.317548746518096,1.3685181309964047,0.031528647096967455,0.43832402470412146,rising,83.53846153846149,60.26543663136242,3,7.601677061663202,-5.376143426616265,False,6.408682823429285,-10.9038951281901,below
2026-08-24,build,XPON,2026-08-24T17:32:00+00:00,2026-08-24T17:32:00.617511+00:00,7.22,False,1,2026-08-24T17:32:00+00:00,2026-08-24T17:33:00+00:00,True,519,,-1.1066481994459698,False,False,down,-2.0775623268697974,0.644558285751806,0.048688797879461926,0.6819063861775314,rising,83.71096142069815,53.60324412953063,3,7.697639812716271,-7.242996896207476,False,6.716326047448338,-5.935126294472937,below
2026-08-24,build,XPON,2026-08-24T17:32:00+00:00,2026-08-24T17:32:00.617511+00:00,7.22,False,2,2026-08-24T17:33:00+00:00,2026-08-24T17:34:00+00:00,True,1836,,3.371191135734075,True,True,up,-2.0775623268697974,2.3234886155278565,0.06862960072315157,0.9195487408306076,rising,93.57894736842105,63.52864789617113,3,7.696671468313382,-3.0308097373487164,False,6.805238670366937,-8.818518766688943,below
2026-08-24,build,XPON,2026-08-24T17:32:00+00:00,2026-08-24T17:32:00.617511+00:00,7.22,False,3,2026-08-24T17:34:00+00:00,2026-08-24T17:35:00+00:00,True,1172,,2.4930747922437657,True,True,down,-2.0775623268697974,1.3543924993578218,0.0740158620814326,1.000214352451792,rising,82.45614035087726,60.78260018224622,3,7.69612877421068,-3.84776272459203,False,6.805238670366937,-8.037315265311662,below
2026-08-24,build,XPON,2026-08-24T17:32:00+00:00,2026-08-24T17:32:00.617511+00:00,7.22,False,4,2026-08-24T17:35:00+00:00,2026-08-24T17:36:00+00:00,True,618,,1.3684210526315965,True,True,down,-2.0775623268697974,0.7807177415222912,0.06869261054670053,0.9385775065133701,falling,68.21052631578955,57.36265484443409,3,7.695792437478559,-4.898682501396523,False,6.805238670366937,-7.017015489329714,below
2026-08-24,build,XPON,2026-08-24T17:32:00+00:00,2026-08-24T17:32:00.617511+00:00,7.22,False,5,2026-08-24T17:36:00+00:00,2026-08-24T17:37:00+00:00,True,562,,0.9002770083102574,True,True,down,-2.0775623268697974,0.6015524383566736,0.059804290360511755,0.8209236837407241,falling,60.90909090909093,55.951429297717404,1,7.695523461130231,-5.334574875949216,False,6.805238670366937,-6.58560507389242,below
2026-08-24,build,XPON,2026-08-24T18:52:00+00:00,2026-08-24T18:52:00.470706+00:00,7.4,False,1,2026-08-24T18:52:00+00:00,2026-08-24T18:53:00+00:00,True,673,,1.0810810810810922,True,True,up,-0.9459459459459474,1.3450584549009934,0.02541085420370079,0.3397173021885132,rising,83.33333333333348,71.17384201792544,3,7.6709074640848325,-2.488720728005911,False,7.013137620250528,-6.241475665099905,below
2026-08-24,build,XPON,2026-08-24T18:52:00+00:00,2026-08-24T18:52:00.470706+00:00,7.4,False,2,2026-08-24T18:53:00+00:00,2026-08-24T18:54:00+00:00,True,1911,,3.1391891891891843,True,True,up,-0.9459459459459474,3.5542655064451525,0.03776079211755545,0.49474984103815955,rising,81.74576271186433,77.427325820031,3,7.6706550036613725,-0.5000225357947308,False,7.075144096200422,-7.299973845362184,below
2026-08-24,build,XPON,2026-08-24T18:52:00+00:00,2026-08-24T18:52:00.470706+00:00,7.4,False,3,2026-08-24T18:54:00+00:00,2026-08-24T18:55:00+00:00,True,1690,,3.6486486486486447,True,True,up,-0.9459459459459474,2.3639298585615314,0.045554090501705516,0.5939255606480511,rising,88.13559322033893,78.6613625378215,3,7.670555279450605,-0.007239103694267612,False,7.112275276960337,-7.271508774963009,below
2026-08-24,build,XPON,2026-08-24T18:52:00+00:00,2026-08-24T18:52:00.470706+00:00,7.4,False,4,2026-08-24T18:55:00+00:00,2026-08-24T18:56:00+00:00,True,5143,,-2.8040540540540615,False,True,down,-7.567567567567579,6.485218023966076,0.017100150540541176,0.2377497468271279,falling,30.387931034482754,45.06017386251456,0,7.6674143774234125,-6.193931279125742,False,7.112275276960337,-1.115394133328651,below
2026-08-24,build,XPON,2026-08-24T18:52:00+00:00,2026-08-24T18:52:00.470706+00:00,7.4,False,5,2026-08-24T18:56:00+00:00,2026-08-24T18:57:00+00:00,True,1942,,-1.9729729729729861,False,False,up,-7.567567567567579,1.6164915181295632,0.0017774924565388123,0.024503618094000725,falling,35.689655172413765,48.13321870380779,2,7.6663250233756735,-5.378392151629874,False,7.112275276960337,-1.9537458373264815,below
2026-08-25,build,AIXI,2026-08-25T16:24:00+00:00,2026-08-25T16:24:00.285366+00:00,1.16,False,1,2026-08-25T16:24:00+00:00,2026-08-25T16:25:00+00:00,True,348,,-0.8620689655172376,False,True,down,-1.7241379310344862,0.9050307854342571,0.005228037000348022,0.454611913073741,falling,74.99999999999993,54.986425897378844,3,1.3383449023503353,-14.07297192372261,False,1.093111621089457,-4.946815557438522,below
2026-08-25,build,AIXI,2026-08-25T16:24:00+00:00,2026-08-25T16:24:00.285366+00:00,1.16,False,2,2026-08-25T16:25:00+00:00,2026-08-25T16:26:00+00:00,True,272,,-1.7241379310344862,False,False,down,-2.5862068965517238,0.6906314340117693,0.004107391420261933,0.36029749300543273,falling,57.142857142857004,51.784128721163206,0,1.338079253560952,-14.803252724666006,False,1.093111621089457,-4.113015693907284,below
2026-08-25,build,AIXI,2026-08-25T16:24:00+00:00,2026-08-25T16:24:00.285366+00:00,1.16,False,3,2026-08-25T16:26:00+00:00,2026-08-25T16:27:00+00:00,True,199,,-1.2931034482758563,False,False,up,-2.5862068965517238,0.44471951119430486,0.003512181673870247,0.30674075754325303,falling,58.333333333333364,53.25015254074645,2,1.3379122184954246,-14.418899523345996,False,1.093111621089457,-4.531736149392406,below
2026-08-25,build,AIXI,2026-08-25T16:24:00+00:00,2026-08-25T16:24:00.285366+00:00,1.16,False,4,2026-08-25T16:27:00+00:00,2026-08-25T16:28:00+00:00,True,150,,-1.2931034482758563,False,False,up,-2.5862068965517238,0.3681846051643403,0.002950413515533606,0.25767803629114466,falling,50.0,53.25015254074646,1,1.3377763709921586,-14.410208998473074,False,1.093111621089457,-4.531736149392406,below
2026-08-25,build,AIXI,2026-08-25T16:24:00+00:00,2026-08-25T16:24:00.285366+00:00,1.16,False,5,2026-08-25T16:28:00+00:00,2026-08-25T16:29:00+00:00,True,214,,0.0,False,False,up,-2.5862068965517238,0.4879324721496232,0.0033895950799120596,0.29220647240621206,rising,79.99999999999991,57.72264333102889,3,1.337606406785211,-13.277927339782137,False,1.0937810879985932,-5.7085268966729945,below
2026-08-25,build,AIXI,2026-08-25T17:36:00+00:00,2026-08-25T17:36:01.808671+00:00,1.25,False,1,2026-08-25T17:36:00+00:00,2026-08-25T17:37:00+00:00,True,1044,,-0.8000000000000007,False,True,down,-1.6000000000000014,3.6730332132374164,0.009427378116874196,0.7602724287801771,rising,83.33333333333333,67.36296467748306,3,1.3203556720687144,-6.085911074461803,False,1.1406157521915827,-8.0148586942272,below
2026-08-25,build,AIXI,2026-08-25T17:36:00+00:00,2026-08-25T17:36:01.808671+00:00,1.25,False,2,2026-08-25T17:37:00+00:00,2026-08-25T17:38:00+00:00,True,1038,,1.4480000000000048,True,True,up,-1.6000000000000014,2.8639720342868578,0.011762370660831927,0.9275586042766286,rising,85.45586107091172,71.9370727245817,3,1.3201319165706278,-3.9414179687279782,False,1.1530520814026128,-9.072464206086838,below
2026-08-25,build,AIXI,2026-08-25T17:36:00+00:00,2026-08-25T17:36:01.808671+00:00,1.25,False,3,2026-08-25T17:38:00+00:00,2026-08-25T17:39:00+00:00,True,921,,2.3840000000000083,True,True,up,-1.6000000000000014,3.002009614953792,0.013312923780175602,1.0402347069991875,rising,92.15384615384617,73.59636777466284,3,1.3199373691071363,-3.0408540622110736,False,1.1667616651220905,-8.832499990460196,below
2026-08-25,build,AIXI,2026-08-25T17:36:00+00:00,2026-08-25T17:36:01.808671+00:00,1.25,False,4,2026-08-25T17:39:00+00:00,2026-08-25T17:40:00+00:00,True,995,,0.8000000000000007,True,True,down,-1.6000000000000014,1.9111329941912758,0.012249923652125298,0.972216162867087,falling,71.42857142857143,66.43714881935938,3,1.3197747471377206,-4.529162818682342,False,1.1667616651220905,-7.399867847453134,below
2026-08-25,build,AIXI,2026-08-25T17:36:00+00:00,2026-08-25T17:36:01.808671+00:00,1.25,False,5,2026-08-25T17:40:00+00:00,2026-08-25T17:41:00+00:00,True,361,,0.0,False,True,down,-1.6000000000000014,0.5919907434026646,0.010202016256291115,0.8161613005032893,falling,64.28571428571428,63.09866753914387,0,1.319708165727585,-5.282089445067073,False,1.1667616651220905,-6.659066790232759,below
2026-08-25,build,AIXI,2026-08-25T18:13:00+00:00,2026-08-25T18:13:01.160804+00:00,1.27,False,1,2026-08-25T18:13:00+00:00,2026-08-25T18:14:00+00:00,True,1197,,1.1811023622047223,True,True,up,-5.503937007874027,4.2077048719344745,0.009653122859330702,0.7512157867183425,rising,95.45454545454535,71.91106768029717,3,1.3149560983698043,-2.2781063494775267,False,1.183071293684071,-7.932195044041157,below
2026-08-25,build,AIXI,2026-08-25T18:13:00+00:00,2026-08-25T18:13:01.160804+00:00,1.27,False,2,2026-08-25T18:14:00+00:00,2026-08-25T18:15:00+00:00,True,718,,2.3622047244094446,True,True,up,-5.503937007874027,2.147281247100306,0.012102211009868278,0.9309393084514059,rising,100.00000000000001,74.09675401394918,3,1.3148839024244023,-1.1319556347871629,False,1.1842216279578055,-8.906028618630346,below
2026-08-25,build,AIXI,2026-08-25T18:13:00+00:00,2026-08-25T18:13:01.160804+00:00,1.27,False,3,2026-08-25T18:15:00+00:00,2026-08-25T18:16:00+00:00,True,867,,-1.1811023622047334,False,True,down,-5.503937007874027,2.2322234507834327,0.010078741959468986,0.8030870087226284,falling,59.09090909090899,59.211271130129724,2,1.3147308723959845,-4.543201475685299,False,1.1842216279578055,-5.6397109196967605,below
2026-08-25,build,AIXI,2026-08-25T18:13:00+00:00,2026-08-25T18:13:01.160804+00:00,1.27,False,4,2026-08-25T18:16:00+00:00,2026-08-25T18:17:00+00:00,True,628,,-2.3622047244094557,False,False,down,-5.503937007874027,1.4846984355106032,0.007249592717484515,0.5846445739906867,falling,45.45454545454545,55.22845662469173,0,1.314578637469674,-5.673197125219098,False,1.1842216279578055,-4.49825580985439,below
2026-08-25,build,AIXI,2026-08-25T18:13:00+00:00,2026-08-25T18:13:01.160804+00:00,1.27,False,5,2026-08-25T18:17:00+00:00,2026-08-25T18:18:00+00:00,True,450,,-1.9685039370078705,False,False,up,-5.503937007874027,1.3223549297819441,0.005323597406354196,0.427598185249333,falling,50.0000000000001,56.28403193678406,2,1.3144410159262694,-5.282931305771454,False,1.1842216279578055,-4.881796951180284,below
2026-08-25,build,AIXI,2026-08-25T19:45:00+00:00,2026-08-25T19:45:00.371530+00:00,1.27,False,1,2026-08-25T19:45:00+00:00,2026-08-25T19:46:00+00:00,True,868,,0.7795275590551265,True,True,up,-0.7874015748031482,2.3148398946774935,0.007964532622795655,0.6222777266033014,rising,91.58333333333334,70.2525840876068,3,1.304943595157624,-1.9191323863004928,False,1.1777981054264557,-7.977333742756809,below
2026-08-25,build,AIXI,2026-08-25T19:45:00+00:00,2026-08-25T19:45:00.371530+00:00,1.27,False,2,2026-08-25T19:46:00+00:00,2026-08-25T19:47:00+00:00,True,1197,,-2.944881889763784,False,True,down,-3.937007874015752,3.0087193062691706,0.006003862621253949,0.4870892926540605,falling,52.166666666666615,54.310213371063114,1,1.304699956660512,-5.526171461295815,False,1.1777981054264557,-4.446040448932687,below
2026-08-25,build,AIXI,2026-08-25T19:45:00+00:00,2026-08-25T19:45:00.371530+00:00,1.27,False,3,2026-08-25T19:47:00+00:00,2026-08-25T19:48:00+00:00,True,547,,-4.7244094488189,False,False,down,-4.7244094488189,0.9318430429858797,0.0029666527829348742,0.2451779159450309,falling,33.333333333333336,48.63161358518877,0,1.3045854938586279,-7.250233449926569,False,1.1777981054264557,-2.661313601119364,below
2026-08-25,build,AIXI,2026-08-25T19:45:00+00:00,2026-08-25T19:45:00.371530+00:00,1.27,False,4,2026-08-25T19:48:00+00:00,2026-08-25T19:49:00+00:00,True,498,,-3.937007874015752,False,False,flat,-4.7244094488189,1.1596590191965228,0.00148759842811386,0.12193429738638197,falling,36.36363636363637,51.069511674333654,2,1.3044426658689214,-6.473467027596202,False,1.1777981054264557,-3.4591716863560884,below
2026-08-25,build,AIXI,2026-08-25T19:45:00+00:00,2026-08-25T19:45:00.371530+00:00,1.27,False,5,2026-08-25T19:49:00+00:00,2026-08-25T19:50:00+00:00,True,585,,-2.3622047244094557,False,False,up,-4.7244094488189,1.2657798993447575,0.0016974863176113988,0.136894057871887,rising,54.54545454545455,55.60731543875289,3,1.3043154880923196,-4.93097633812406,False,1.1777981054264557,-5.016281820447121,below
2026-08-25,build,DAIC,2026-08-25T16:06:00+00:00,2026-08-25T16:06:00.328641+00:00,3.46,False,1,2026-08-25T16:06:00+00:00,2026-08-25T16:07:00+00:00,True,2692,,-0.8670520231213841,False,True,down,-2.023121387283233,4.783866088183035,0.03222038344345722,0.9393697796926302,rising,79.0697674418605,74.91740176248396,3,3.881010176925729,-11.620948061594326,False,3.103629223253421,-9.515182995527095,below
2026-08-25,build,DAIC,2026-08-25T16:06:00+00:00,2026-08-25T16:06:00.328641+00:00,3.46,False,2,2026-08-25T16:07:00+00:00,2026-08-25T16:08:00+00:00,True,1913,,-2.867052023121397,False,False,down,-5.491329479768781,2.7048912782339416,0.031603275327205874,0.9403497776483539,falling,62.97674418604647,66.10784658559997,2,3.879252250140163,-13.364747036530833,False,3.103629223253421,-7.652070243590181,below
2026-08-25,build,DAIC,2026-08-25T16:06:00+00:00,2026-08-25T16:06:00.328641+00:00,3.46,False,3,2026-08-25T16:08:00+00:00,2026-08-25T16:09:00+00:00,True,1366,,-1.8786127167630062,False,False,up,-5.491329479768781,2.0264870401569666,0.03150771530287627,0.9280623064175632,falling,70.23809523809523,68.10407905041669,3,3.8779245239054254,-12.453169754296201,False,3.103629223253421,-8.582349830532522,below
2026-08-25,build,DAIC,2026-08-25T16:06:00+00:00,2026-08-25T16:06:00.328641+00:00,3.46,False,4,2026-08-25T16:09:00+00:00,2026-08-25T16:10:00+00:00,True,1342,,-3.6127167630057855,False,False,down,-5.491329479768781,1.7372704364698226,0.025660624544724307,0.7694340193320632,falling,55.95238095238093,61.28429005512355,1,3.8766129096334945,-13.971292008226332,False,3.103629223253421,-6.9376544751597935,below
2026-08-25,build,DAIC,2026-08-25T16:06:00+00:00,2026-08-25T16:06:00.328641+00:00,3.46,False,5,2026-08-25T16:10:00+00:00,2026-08-25T16:11:00+00:00,True,1553,,1.1560693641618602,True,True,up,-5.491329479768781,2.077585518469001,0.030815588512706882,0.8804453860773396,rising,95.23809523809524,70.13971079314811,3,3.8752175810535716,-9.682490678408817,False,3.103629223253421,-11.324879335616544,below
2026-08-25,build,DAIC,2026-08-25T18:03:00+00:00,2026-08-25T18:03:00.400137+00:00,3.66,False,1,2026-08-25T18:03:00+00:00,2026-08-25T18:04:00+00:00,True,1156,,0.6830601092896238,True,True,up,-1.6393442622950838,3.371346645801512,0.027752144192841204,0.7531111042833434,rising,95.58823529411761,70.52998554588035,3,3.843678386890925,-4.128295110020286,False,3.3509753827041067,-9.064440089440795,below
2026-08-25,build,DAIC,2026-08-25T18:03:00+00:00,2026-08-25T18:03:00.400137+00:00,3.66,False,2,2026-08-25T18:04:00+00:00,2026-08-25T18:05:00+00:00,True,835,,0.5464480874316946,True,True,down,-1.6393442622950838,2.4363574395409717,0.03250898078179601,0.8833962168966307,rising,92.03336209375904,69.8463850907227,3,3.843436822925235,-4.252361374860413,False,3.3653903061632855,-8.5491764629542,below
2026-08-25,build,DAIC,2026-08-25T18:03:00+00:00,2026-08-25T18:03:00.400137+00:00,3.66,False,3,2026-08-25T18:05:00+00:00,2026-08-25T18:06:00+00:00,True,1251,,2.284153005464473,True,True,up,-1.6393442622950838,2.7415733019152633,0.03782080878908885,1.0102791107246727,rising,91.33333333333333,73.3806405948225,3,3.843226387191813,-2.5922591373704784,False,3.4018222449306283,-9.129654745949656,below
2026-08-25,build,DAIC,2026-08-25T18:03:00+00:00,2026-08-25T18:03:00.400137+00:00,3.66,False,4,2026-08-25T18:06:00+00:00,2026-08-25T18:07:00+00:00,True,1639,,0.0,False,True,down,-1.6393442622950838,2.0327839280688087,0.033721878476350275,0.9213627999002808,falling,71.4285714285715,62.938102889326984,3,3.8430006314681804,-4.761920411089459,False,3.4018222449306283,-7.054037023753324,below
2026-08-25,build,DAIC,2026-08-25T18:03:00+00:00,2026-08-25T18:03:00.400137+00:00,3.66,False,5,2026-08-25T18:07:00+00:00,2026-08-25T18:08:00+00:00,True,523,,0.4098360655737654,True,True,up,-1.6393442622950838,0.8076029656657367,0.030154902535595735,0.8205415655944417,falling,75.0,63.92994162080707,3,3.8428997619568737,-4.369090331707648,False,3.4018222449306283,-7.43340830120739,below
2026-08-25,build,DAIC,2026-08-25T19:45:00+00:00,2026-08-25T19:45:00.370510+00:00,3.69,False,1,2026-08-25T19:45:00+00:00,2026-08-25T19:46:00+00:00,True,1499,,5.420054200542013,True,True,up,-0.27100271002709064,3.91436066859842,0.04020565320530242,1.033564349750705,rising,100.00000000000001,76.31101192758601,3,3.8359486982037976,1.4090725932156545,True,3.5313495106158745,-9.219806925041784,below
2026-08-25,build,DAIC,2026-08-25T19:45:00+00:00,2026-08-25T19:45:00.370510+00:00,3.69,False,2,2026-08-25T19:46:00+00:00,2026-08-25T19:47:00+00:00,True,2524,,1.8970189701897011,True,True,down,-0.27100271002709064,4.711039928135675,0.043165243215002286,1.1480117876330396,rising,64.70588235294113,62.9362681128225,3,3.83584718779297,-1.9773255836244674,False,3.5313495106158745,-6.081130036811844,below
2026-08-25,build,DAIC,2026-08-25T19:45:00+00:00,2026-08-25T19:45:00.370510+00:00,3.69,False,3,2026-08-25T19:47:00+00:00,2026-08-25T19:48:00+00:00,True,1266,,5.555555555555558,True,True,up,-0.27100271002709064,2.42874183525247,0.05154298058924722,1.3233114400320212,rising,91.1764705882353,69.01045978282644,3,3.8358720940859503,1.541446233444832,True,3.5313495106158745,-9.336341190863296,below
2026-08-25,build,DAIC,2026-08-25T19:45:00+00:00,2026-08-25T19:45:00.370510+00:00,3.69,False,4,2026-08-25T19:48:00+00:00,2026-08-25T19:49:00+00:00,True,1518,,6.639566395663965,True,True,up,-0.27100271002709064,2.122478015658148,0.05669737798640542,1.4408482334537591,rising,97.11538461538458,70.550486910959,3,3.836022424890489,2.580213673081877,True,3.5313495106158745,-10.2579539868901,below
2026-08-25,build,DAIC,2026-08-25T19:45:00+00:00,2026-08-25T19:45:00.370510+00:00,3.69,False,5,2026-08-25T19:49:00+00:00,2026-08-25T19:50:00+00:00,True,1483,,5.284552845528445,True,True,down,-0.27100271002709064,2.083849567606317,0.0536884317668796,1.3819416156210966,falling,82.72727272727269,66.12678988277281,3,3.8361457324564863,1.2735248072087701,True,3.5313495106158745,-9.10297269972008,below
2026-08-25,build,PMI,2026-08-25T16:21:00+00:00,2026-08-25T16:21:00.067792+00:00,7.76,False,1,2026-08-25T16:21:00+00:00,2026-08-25T16:22:00+00:00,True,262,,-1.0953608247422641,False,True,down,-1.4175257731958713,1.974489580123383,0.028247420448992026,0.3680445661106453,falling,74.32432432432434,56.3889043559698,3,8.165577385669776,-6.007871366582329,False,7.286954157857345,-5.0559718845948565,below
2026-08-25,build,PMI,2026-08-25T16:21:00+00:00,2026-08-25T16:21:00.067792+00:00,7.76,False,2,2026-08-25T16:22:00+00:00,2026-08-25T16:23:00+00:00,True,124,,0.3350515463917514,True,True,up,-1.4175257731958713,1.1020850572837146,0.03264994911431995,0.4193417558993058,rising,89.767441860465,61.63201335984269,3,8.165140863166222,-4.643408723988651,False,7.3014586610287004,-6.223238363361149,below
2026-08-25,build,PMI,2026-08-25T16:21:00+00:00,2026-08-25T16:21:00.067792+00:00,7.76,False,3,2026-08-25T16:23:00+00:00,2026-08-25T16:24:00+00:00,True,241,,0.6649484536082495,True,True,up,-1.4175257731958713,1.6477855612487657,0.03524288814239841,0.45116094196321377,rising,89.47597303761688,62.74447301577655,3,8.164507679477074,-4.322461235037711,False,7.318126928822961,-6.3171830505535205,below
2026-08-25,build,PMI,2026-08-25T16:21:00+00:00,2026-08-25T16:21:00.067792+00:00,7.76,False,4,2026-08-25T16:24:00+00:00,2026-08-25T16:25:00+00:00,True,354,,1.997422680412364,True,True,up,-1.4175257731958713,2.276152702032722,0.041450373868980525,0.523693921275812,rising,98.99658840056193,66.9168826712406,3,8.163764274537883,-3.047176108621341,False,7.437691543058369,-6.030429020109052,below
2026-08-25,build,PMI,2026-08-25T16:21:00+00:00,2026-08-25T16:21:00.067792+00:00,7.76,False,5,2026-08-25T16:25:00+00:00,2026-08-25T16:26:00+00:00,True,475,,1.546391752577314,True,True,down,-1.4175257731958713,3.201273277096928,0.04067114232264764,0.5161312477493355,falling,72.95447309773964,64.29214249830298,3,8.162782477608655,-3.4642902513249196,False,7.437691543058369,-5.613051484030851,below
2026-08-25,build,PMI,2026-08-25T18:41:00+00:00,2026-08-25T18:41:00.137993+00:00,9.83,False,1,2026-08-25T18:41:00+00:00,2026-08-25T18:42:00+00:00,True,897,,-1.8301119023397705,False,True,down,-2.136317395727372,1.855742538903671,0.08007741521109663,0.8298091751494454,falling,71.09638554216862,58.463220778336726,3,8.65718431132482,11.469268216645311,True,9.005904698632826,-6.6755298014235525,below
2026-08-25,build,PMI,2026-08-25T18:41:00+00:00,2026-08-25T18:41:00.137993+00:00,9.83,False,2,2026-08-25T18:42:00+00:00,2026-08-25T18:43:00+00:00,True,841,,-2.7222787385554392,False,False,down,-4.374364191251267,1.7580120562165136,0.06715551304212385,0.702287219130384,falling,60.530120481927675,54.34965098109546,2,8.659726483420014,10.423810940313793,True,9.005904698632826,-5.819619565874412,below
2026-08-25,build,PMI,2026-08-25T18:41:00+00:00,2026-08-25T18:41:00.137993+00:00,9.83,False,3,2026-08-25T18:43:00+00:00,2026-08-25T18:44:00+00:00,True,307,,-3.1566632756866664,False,False,up,-4.374364191251267,0.32787456142641974,0.053094475060866744,0.5577326497774797,falling,51.27631578947363,52.41585019291253,0,8.660179770757408,9.924969827357533,True,9.005904698632826,-5.397179547330011,below
2026-08-25,build,PMI,2026-08-25T18:41:00+00:00,2026-08-25T18:41:00.137993+00:00,9.83,False,4,2026-08-25T18:44:00+00:00,2026-08-25T18:45:00+00:00,True,345,,-1.7599186164801606,False,False,up,-4.374364191251267,0.6438641152268845,0.05042271810554687,0.5221364616914866,falling,65.48148148148144,57.63553250180959,3,8.661139700894719,11.498028359967538,True,9.005904698632826,-6.74221084567852,below
2026-08-25,build,PMI,2026-08-25T18:41:00+00:00,2026-08-25T18:41:00.137993+00:00,9.83,False,5,2026-08-25T18:45:00+00:00,2026-08-25T18:46:00+00:00,True,650,,-2.0885045778229805,False,False,down,-4.374364191251267,1.32665785864766,0.044091200407205454,0.45810467242828823,falling,57.209677419354925,56.07711405488012,2,8.663216463782438,11.098459102772672,True,9.005904698632826,-6.429242484100028,below
2026-08-25,build,WVVIP,2026-08-25T15:55:00+00:00,2026-08-25T15:55:00.522967+00:00,5.78,False,1,2026-08-25T15:55:00+00:00,2026-08-25T15:56:00+00:00,True,148,,-5.017301038062283,False,True,down,-6.055363321799312,1.7630989589742327,0.07382778949893738,1.3447684790334677,falling,57.97101449275364,55.17304912708281,2,8.251349628819511,-33.46542993615175,False,5.198068244016204,-5.317518323930715,below
2026-08-25,build,WVVIP,2026-08-25T15:55:00+00:00,2026-08-25T15:55:00.522967+00:00,5.78,False,2,2026-08-25T15:56:00+00:00,2026-08-25T15:57:00+00:00,True,119,,-3.114186851211087,False,True,up,-6.055363321799312,1.2708175624526874,0.0764640236698465,1.3654289941044018,rising,73.52941176470581,58.131484752007296,3,8.236454025730879,-32.00957617798308,False,5.198068244016204,-7.177352785424929,below
2026-08-25,build,WVVIP,2026-08-25T15:55:00+00:00,2026-08-25T15:55:00.522967+00:00,5.78,False,3,2026-08-25T15:57:00+00:00,2026-08-25T15:58:00+00:00,True,236,,1.903114186851207,True,True,up,-6.055363321799312,1.763948206901227,0.09309619424249531,1.5805805474107864,rising,93.5897435897435,64.73860755302925,3,8.21694353233805,-28.318845361177036,False,5.198068244016204,-11.74756801330723,below
2026-08-25,build,WVVIP,2026-08-25T15:55:00+00:00,2026-08-25T15:55:00.522967+00:00,5.78,False,4,2026-08-25T15:58:00+00:00,2026-08-25T15:59:00+00:00,True,411,,2.941176470588225,True,True,up,-6.055363321799312,2.8505244320723766,0.10273861300446632,1.726699378226325,rising,94.05881652577686,65.93632467797721,3,8.183856065255501,-27.295886528837176,False,5.244722752749037,-11.85339911346157,below
2026-08-25,build,WVVIP,2026-08-25T15:55:00+00:00,2026-08-25T15:55:00.522967+00:00,5.78,False,5,2026-08-25T15:59:00+00:00,2026-08-25T16:00:00+00:00,True,555,,6.747404844290661,True,True,up,-6.055363321799312,4.264338162333797,0.11747118335055905,1.9039089684045225,rising,98.05825242718441,69.96480601409004,3,8.128654261309357,-24.095676828477373,False,5.416778202199229,-12.20780871638203,below
2026-08-25,build,WVVIP,2026-08-25T16:38:00+00:00,2026-08-25T16:38:01.778848+00:00,5.6,True,1,2026-08-25T16:38:00+00:00,2026-08-25T16:39:00+00:00,True,111,,-0.35714285714284477,False,True,down,-1.6071428571428514,1.1959436659740352,0.05479820769825171,0.982046732943579,rising,79.62962962962958,58.919899010012614,3,7.7851857047180735,-28.325409159882465,False,5.294984209886951,-5.107809858656798,below
2026-08-25,build,WVVIP,2026-08-25T16:38:00+00:00,2026-08-25T16:38:01.778848+00:00,5.6,True,2,2026-08-25T16:39:00+00:00,2026-08-25T16:40:00+00:00,True,57,,1.3607142857142929,True,True,up,-1.7857142857142794,1.130807397383852,0.06235414058563248,1.0985190899833073,rising,97.44444444444431,62.285162051603656,3,7.780587049935428,-27.046635895589553,False,5.294984209886951,-6.716038725081019,below
2026-08-25,build,WVVIP,2026-08-25T16:38:00+00:00,2026-08-25T16:38:01.778848+00:00,5.6,True,3,2026-08-25T16:40:00+00:00,2026-08-25T16:41:00+00:00,True,41,,-1.2482142857142775,False,True,down,-1.7857142857142794,0.6951305575158787,0.05485291581440599,0.9918973583552917,falling,69.54285714285709,54.92604562288991,2,7.777606475268222,-28.897148273250906,False,5.294984209886951,-4.251564892371729,below
2026-08-25,build,WVVIP,2026-08-25T16:38:00+00:00,2026-08-25T16:38:01.778848+00:00,5.6,True,4,2026-08-25T16:41:00+00:00,2026-08-25T16:42:00+00:00,True,71,,-2.678571428571419,False,False,down,-2.678571428571419,2.8068215988659304,0.042394327847297575,0.777877575179772,falling,47.25274725274721,51.34425715643475,0,7.764973232774828,-29.813022703074633,False,5.294984209886951,-2.844326424092647,below
2026-08-25,build,WVVIP,2026-08-25T16:38:00+00:00,2026-08-25T16:38:01.778848+00:00,5.6,True,5,2026-08-25T16:42:00+00:00,2026-08-25T16:43:00+00:00,True,96,,-7.499999999999996,False,False,down,-7.499999999999996,1.0702079472925674,0.01526606082954345,0.29471159902593536,falling,0.0,41.516429572032436,0,7.759525496170848,-33.24334068421821,False,5.687111426904244,9.789795886182318,above
2026-08-25,build,WVVIP,2026-08-25T19:42:00+00:00,2026-08-25T19:42:03.110480+00:00,3.5,True,1,2026-08-25T19:42:00+00:00,2026-08-25T19:43:00+00:00,False,13,strategy_bar,,,False,,-8.285714285714285,,,,,,,,,,,,,
2026-08-25,build,WVVIP,2026-08-25T19:42:00+00:00,2026-08-25T19:42:03.110480+00:00,3.5,True,2,2026-08-25T19:43:00+00:00,2026-08-25T19:44:00+00:00,False,9,strategy_bar,,,False,,-8.285714285714285,,,,,,,,,,,,,
2026-08-25,build,WVVIP,2026-08-25T19:42:00+00:00,2026-08-25T19:42:03.110480+00:00,3.5,True,3,2026-08-25T19:44:00+00:00,2026-08-25T19:45:00+00:00,False,0,"strategy_bar,trade_prints",,,,,-8.285714285714285,,,,,,,,,,,,,
2026-08-25,build,WVVIP,2026-08-25T19:42:00+00:00,2026-08-25T19:42:03.110480+00:00,3.5,True,4,2026-08-25T19:45:00+00:00,2026-08-25T19:46:00+00:00,False,0,"strategy_bar,trade_prints",,,,,-8.285714285714285,,,,,,,,,,,,,
2026-08-25,build,WVVIP,2026-08-25T19:42:00+00:00,2026-08-25T19:42:03.110480+00:00,3.5,True,5,2026-08-25T19:46:00+00:00,2026-08-25T19:47:00+00:00,False,0,"strategy_bar,trade_prints",,,,,-8.285714285714285,,,,,,,,,,,,,
2026-08-26,build,CDTG,2026-08-26T19:28:00+00:00,2026-08-26T19:28:02.563357+00:00,1.3,True,1,2026-08-26T19:28:00+00:00,2026-08-26T19:29:00+00:00,True,176,,-1.1538461538461608,False,False,down,-2.3076923076923106,4.003463361978541,0.003476044517087222,0.2705093009406399,rising,88.23529411764704,60.80876112756836,3,1.3078766330805192,-1.7491430385629392,False,1.2114553878651582,-5.723316119442934,below
2026-08-26,build,CDTG,2026-08-26T19:28:00+00:00,2026-08-26T19:28:02.563357+00:00,1.3,True,2,2026-08-26T19:29:00+00:00,2026-08-26T19:30:00+00:00,False,98,strategy_bar,,,False,,-3.0692307692307685,,,,,,,,,,,,,
2026-08-26,build,CDTG,2026-08-26T19:28:00+00:00,2026-08-26T19:28:02.563357+00:00,1.3,True,3,2026-08-26T19:30:00+00:00,2026-08-26T19:31:00+00:00,False,0,"strategy_bar,trade_prints",,,,,-3.0692307692307685,,,,,,,,,,,,,
2026-08-26,build,CDTG,2026-08-26T19:28:00+00:00,2026-08-26T19:28:02.563357+00:00,1.3,True,4,2026-08-26T19:31:00+00:00,2026-08-26T19:32:00+00:00,False,0,"strategy_bar,trade_prints",,,,,-3.0692307692307685,,,,,,,,,,,,,
2026-08-26,build,CDTG,2026-08-26T19:28:00+00:00,2026-08-26T19:28:02.563357+00:00,1.3,True,5,2026-08-26T19:32:00+00:00,2026-08-26T19:33:00+00:00,False,0,"strategy_bar,trade_prints",,,,,-3.0692307692307685,,,,,,,,,,,,,
2026-08-26,build,CRE,2026-08-26T12:58:00+00:00,2026-08-26T12:58:00.245641+00:00,6.98,False,1,2026-08-26T12:58:00+00:00,2026-08-26T12:59:00+00:00,True,5008,,-2.4312320916905494,False,True,down,-2.5787965616045905,3.300028862589006,0.055163903704296594,0.8100069557038103,rising,68.34653465346534,55.568978994603796,3,6.970403457824012,-2.296903741551748,False,6.074399275337646,-10.805702019916218,below
2026-08-26,build,CRE,2026-08-26T12:58:00+00:00,2026-08-26T12:58:00.245641+00:00,6.98,False,2,2026-08-26T12:59:00+00:00,2026-08-26T13:00:00+00:00,True,2344,,-1.8624641833810962,False,True,down,-3.7249283667621924,1.5800388442258815,0.06500509257428605,0.9489794536392124,rising,72.27722772277225,56.46946620586945,3,6.969292607296271,-1.71168889036718,False,6.074399275337646,-11.322638316238741,below
2026-08-26,build,CRE,2026-08-26T12:58:00+00:00,2026-08-26T12:58:00.245641+00:00,6.98,False,3,2026-08-26T13:00:00+00:00,2026-08-26T13:01:00+00:00,True,1963,,-4.584527220630374,False,False,down,-5.873925501432664,1.2182077736206962,0.05634323409024505,0.8459945058595353,falling,53.46534653465348,51.12869758206255,3,6.967410418190933,-4.412118703217582,False,6.074399275337646,-8.79280367360893,below
2026-08-26,build,CRE,2026-08-26T12:58:00+00:00,2026-08-26T12:58:00.245641+00:00,6.98,False,4,2026-08-26T13:01:00+00:00,2026-08-26T13:02:00+00:00,True,2800,,-9.598853868194857,False,False,down,-11.031518624641844,1.948897052028722,0.026198849084686816,0.41519570657189886,falling,18.811881188118768,43.05123707515398,0,6.960411219559331,-9.344436686896064,False,6.074399275337646,-3.73376742729562,below
2026-08-26,build,CRE,2026-08-26T12:58:00+00:00,2026-08-26T12:58:00.245641+00:00,6.98,False,5,2026-08-26T13:02:00+00:00,2026-08-26T13:03:00+00:00,True,3716,,-17.604584527220634,False,False,down,-18.624641833810895,1.9816925659190392,-0.029214989567309252,-0.5079807617072829,falling,4.910344827586217,33.85506978309199,0,6.9463655609878,-17.20562430085876,False,7.10085233345736,23.46731696789124,above
2026-08-26,build,CRE,2026-08-26T13:31:00+00:00,2026-08-26T13:31:00.100384+00:00,6.68,False,1,2026-08-26T13:31:00+00:00,2026-08-26T13:32:00+00:00,True,9097,,4.041916167664672,True,True,up,-5.6871257485029965,8.40633759121582,0.05936389210464112,0.854156720930088,rising,95.7627118644068,67.4708477786036,3,6.8881063180449,0.8985587489112268,True,5.884236484787875,-15.334726837584533,below
2026-08-26,build,CRE,2026-08-26T13:31:00+00:00,2026-08-26T13:31:00.100384+00:00,6.68,False,2,2026-08-26T13:32:00+00:00,2026-08-26T13:33:00+00:00,True,13793,,4.339820359281443,True,True,up,-5.6871257485029965,7.286957325501763,0.08112850327602034,1.163983748346753,rising,73.24203821656052,67.85572231420102,3,6.8957250533691,1.0756656632453732,True,5.884236484787875,-15.576457556236456,below
2026-08-26,build,CRE,2026-08-26T13:31:00+00:00,2026-08-26T13:31:00.100384+00:00,6.68,False,3,2026-08-26T13:33:00+00:00,2026-08-26T13:34:00+00:00,True,10237,,4.739520958083832,True,True,up,-5.6871257485029965,3.9128697153873304,0.0922279849923298,1.3181829030147472,rising,74.94267515923568,68.39601751981101,3,6.901177811089614,1.3826942519442165,True,5.884236484787875,-15.89862955166974,below
2026-08-26,build,CRE,2026-08-26T13:31:00+00:00,2026-08-26T13:31:00.100384+00:00,6.68,False,4,2026-08-26T13:34:00+00:00,2026-08-26T13:35:00+00:00,True,7656,,3.5179640718562943,True,True,down,-5.6871257485029965,2.5403619737257332,0.08893925778644632,1.2861787098546105,falling,69.74522292993632,64.81062089399984,3,6.90165035363623,0.19342687154149107,True,5.884236484787875,-14.90619689388467,below
2026-08-26,build,CRE,2026-08-26T13:31:00+00:00,2026-08-26T13:31:00.100384+00:00,6.68,False,5,2026-08-26T13:35:00+00:00,2026-08-26T13:36:00+00:00,True,4649,,2.6961077844311454,True,True,down,-5.6871257485029965,1.3163184211014107,0.07830590155343348,1.1414688058983613,falling,66.2484076433121,62.43908453941586,2,6.901463170179389,-0.5993391424316541,False,5.884236484787875,-14.225208309093528,below
2026-08-26,build,CRE,2026-08-26T16:20:00+00:00,2026-08-26T16:20:00.032365+00:00,6.3,False,1,2026-08-26T16:20:00+00:00,2026-08-26T16:21:00+00:00,True,517,,0.31587301587301386,True,True,up,-0.6349206349206327,1.6423547380985997,0.03176561689201819,0.5026284734255003,rising,92.8214285714285,55.521381950156474,3,7.044194727234955,-10.282150838826421,False,6.038441033127174,-4.453535133037323,below
2026-08-26,build,CRE,2026-08-26T16:20:00+00:00,2026-08-26T16:20:00.032365+00:00,6.3,False,2,2026-08-26T16:21:00+00:00,2026-08-26T16:22:00+00:00,True,375,,-0.20158730158729155,False,True,down,-1.2698412698412764,0.8545174789927112,0.032061845844607556,0.5099461747428555,rising,81.17857142857153,51.67405043961336,3,7.043726265366238,-10.739007123055877,False,6.038441033127174,-3.9581214014414168,below
2026-08-26,build,CRE,2026-08-26T16:20:00+00:00,2026-08-26T16:20:00.032365+00:00,6.3,False,3,2026-08-26T16:22:00+00:00,2026-08-26T16:23:00+00:00,True,591,,1.1111111111111072,True,True,up,-1.2698412698412764,1.6550157224130724,0.03645703085438627,0.5723238752650907,rising,88.57142857142858,59.36637355871421,3,7.042987437578606,-9.555425784061612,False,6.042376261201391,-5.143229808455397,below
2026-08-26,build,CRE,2026-08-26T16:20:00+00:00,2026-08-26T16:20:00.032365+00:00,6.3,False,4,2026-08-26T16:23:00+00:00,2026-08-26T16:24:00+00:00,True,528,,0.7142857142857117,True,True,down,-1.2698412698412764,1.6019807305334806,0.0362347039089458,0.5710749237028495,falling,79.16666666666663,56.441578399482125,3,7.042289732738815,-9.901463291082635,False,6.042376261201391,-4.7694836690088005,below
2026-08-26,build,CRE,2026-08-26T16:20:00+00:00,2026-08-26T16:20:00.032365+00:00,6.3,False,5,2026-08-26T16:24:00+00:00,2026-08-26T16:25:00+00:00,True,405,,0.31746031746031633,True,True,down,-1.2698412698412764,0.8334195253691892,0.03304727845216898,0.5228999755090028,falling,72.22222222222234,53.59785701463996,3,7.041913875044419,-10.25167146111774,False,6.042376261201391,-4.392780677193187,below
2026-08-26,build,CRE,2026-08-26T16:50:00+00:00,2026-08-26T16:50:03.164961+00:00,6.28,False,1,2026-08-26T16:50:00+00:00,2026-08-26T16:51:00+00:00,True,507,,-0.4777070063694322,False,True,down,-0.7961783439490389,1.3328453728788066,0.040667961970929555,0.6506873915348729,rising,86.36363636363643,61.35801639740053,3,7.025876972082611,-11.043133478789413,False,5.949760235950086,-4.80383622479863,below
2026-08-26,build,CRE,2026-08-26T16:50:00+00:00,2026-08-26T16:50:03.164961+00:00,6.28,False,2,2026-08-26T16:51:00+00:00,2026-08-26T16:52:00+00:00,True,475,,-1.5923566878981,False,False,down,-2.547770700636942,0.7916839557666411,0.037572404439053006,0.6079677093697898,falling,69.04761904761907,54.933051949972224,2,7.025373404268351,-12.03314550874598,False,5.949760235950086,-3.7255625250795177,below
2026-08-26,build,CRE,2026-08-26T16:50:00+00:00,2026-08-26T16:50:03.164961+00:00,6.28,False,3,2026-08-26T16:52:00+00:00,2026-08-26T16:53:00+00:00,True,359,,-1.7515923566879033,False,False,down,-2.866242038216571,0.9682145317682034,0.033359582197925994,0.5406739416195461,falling,61.111111111111136,54.0621300448237,2,7.02477356068661,-12.167987384963673,False,5.949760235950086,-3.5695261596420447,below
2026-08-26,build,CRE,2026-08-26T16:50:00+00:00,2026-08-26T16:50:03.164961+00:00,6.28,False,4,2026-08-26T16:53:00+00:00,2026-08-26T16:54:00+00:00,True,318,,-1.3535031847133783,False,False,up,-3.0254777070063743,0.7605134610228678,0.030824908183133274,0.4975772103814895,falling,68.0555555555557,55.942694032122596,2,7.024308869535647,-11.806269982408523,False,5.949760235950086,-3.9586725431786096,below
2026-08-26,build,CRE,2026-08-26T16:50:00+00:00,2026-08-26T16:50:03.164961+00:00,6.28,False,5,2026-08-26T16:54:00+00:00,2026-08-26T16:55:00+00:00,True,504,,-1.273885350318471,False,True,up,-3.0254777070063743,1.0902536090518924,0.028128327288338677,0.4536826981990109,falling,67.76904310111141,56.327761995780264,2,7.023668799874839,-11.727044986653079,False,5.949760235950086,-4.03612522661152,below
2026-08-26,build,CRE,2026-08-26T19:25:00+00:00,2026-08-26T19:25:00.266263+00:00,6.23,False,1,2026-08-26T19:25:00+00:00,2026-08-26T19:26:00+00:00,True,707,,0.32102728731941976,True,True,up,-0.9630818619582704,3.6290933651938735,0.024982662679581623,0.39972260287330597,rising,76.7441860465117,61.88403184993483,3,6.974118048060403,-10.382933627884173,False,5.786137058659,-7.421807061455999,below
2026-08-26,build,CRE,2026-08-26T19:25:00+00:00,2026-08-26T19:25:00.266263+00:00,6.23,False,2,2026-08-26T19:26:00+00:00,2026-08-26T19:27:00+00:00,True,402,,-0.6436597110754505,False,True,down,-1.1235955056179803,1.13311376311056,0.02736526197107356,0.4420953807181628,rising,62.76744186046511,57.04994020857803,3,6.973776760119067,-11.240347763952286,False,5.786137058659,-6.522931571447021,below
2026-08-26,build,CRE,2026-08-26T19:25:00+00:00,2026-08-26T19:25:00.266263+00:00,6.23,False,3,2026-08-26T19:27:00+00:00,2026-08-26T19:28:00+00:00,True,263,,-0.32102728731943087,False,False,up,-1.765650080256831,0.7552922633767222,0.028899428292087297,0.46536921565357964,rising,67.44186046511633,58.22526066655468,3,6.97353792336213,-10.94907537254789,False,5.786137058659,-6.825490198727846,below
2026-08-26,build,CRE,2026-08-26T19:25:00+00:00,2026-08-26T19:25:00.266263+00:00,6.23,False,4,2026-08-26T19:28:00+00:00,2026-08-26T19:29:00+00:00,True,117,,-0.9775280898876471,False,False,down,-1.765650080256831,0.3332005301287107,0.02586264459473865,0.4192288112486206,falling,57.93023255813965,54.93125760256372,3,6.973430434319938,-11.53421464364801,False,5.786137058659,-6.207760310920552,below
2026-08-26,build,CRE,2026-08-26T19:25:00+00:00,2026-08-26T19:25:00.266263+00:00,6.23,False,5,2026-08-26T19:29:00+00:00,2026-08-26T19:30:00+00:00,True,446,,-0.9630818619582704,False,False,flat,-2.7287319422151013,1.9792296659812343,0.022728703348431013,0.3683744464899678,falling,58.13953488372097,54.99159825940874,2,6.972712910008737,-11.512203648260222,False,5.786137058659,-6.221441512820092,below
2026-08-26,build,DAIC,2026-08-26T12:35:00+00:00,2026-08-26T12:35:01.694955+00:00,5.88,False,1,2026-08-26T12:35:00+00:00,2026-08-26T12:36:00+00:00,True,775,,1.0204081632653184,True,True,up,-0.5102040816326592,2.267526982029256,0.02142667696846904,0.36071846748264375,rising,95.35759096612308,62.46485988374307,3,6.181572732110652,-3.90794936142681,False,5.610070689186499,-5.554365501910796,below
2026-08-26,build,DAIC,2026-08-26T12:35:00+00:00,2026-08-26T12:35:01.694955+00:00,5.88,False,2,2026-08-26T12:36:00+00:00,2026-08-26T12:37:00+00:00,True,446,,-0.170068027210879,False,True,down,-0.5102040816326592,1.0364529258520863,0.024367051260902377,0.4151116058075362,rising,77.79171894604775,56.02672608106315,3,6.1805599441101355,-5.024786539059278,False,5.610070689186499,-4.428097288134591,below
2026-08-26,build,DAIC,2026-08-26T12:35:00+00:00,2026-08-26T12:35:01.694955+00:00,5.88,False,3,2026-08-26T12:37:00+00:00,2026-08-26T12:38:00+00:00,True,246,,-0.34353741496598866,False,False,down,-0.5102040816326592,1.1195014697685055,0.024561307576375264,0.4191492470114213,rising,75.23212045169387,55.13498595028388,3,6.17934302951879,-5.1711489068066,False,5.610070689186499,-4.2617377865029615,below
2026-08-26,build,DAIC,2026-08-26T12:35:00+00:00,2026-08-26T12:35:01.694955+00:00,5.88,False,4,2026-08-26T12:38:00+00:00,2026-08-26T12:39:00+00:00,True,389,,0.00510204081634047,True,True,up,-0.5102040816326592,1.2184188888316803,0.024927389198977287,0.42391356221582716,rising,80.07500000000003,56.62908710863386,3,6.1781475333677225,-4.820984474052614,False,5.610070689186499,-4.595502114067318,below
2026-08-26,build,DAIC,2026-08-26T12:35:00+00:00,2026-08-26T12:35:01.694955+00:00,5.88,False,5,2026-08-26T12:39:00+00:00,2026-08-26T12:40:00+00:00,True,317,,-0.6547619047619024,False,True,down,-0.8503401360544172,0.8335526275527377,0.021540774965037,0.36875417213107936,falling,70.37500000000001,53.029503207191155,1,6.177193003619963,-5.434393962164363,False,5.610070689186499,-3.9618130756398307,below
2026-08-26,build,DAIC,2026-08-26T17:59:00+00:00,2026-08-26T17:59:00.708416+00:00,5.26,False,1,2026-08-26T17:59:00+00:00,2026-08-26T18:00:00+00:00,True,1375,,1.709125475285167,True,True,up,-1.6920152091254637,4.856317551303094,0.04185637633372745,0.7823767983275847,rising,93.42622950819676,80.09091666489816,3,5.712173897423653,-6.342137055509611,False,4.857858780445659,-9.197204051558728,below
2026-08-26,build,DAIC,2026-08-26T17:59:00+00:00,2026-08-26T17:59:00.708416+00:00,5.26,False,2,2026-08-26T18:00:00+00:00,2026-08-26T18:01:00+00:00,True,1085,,0.1901140684410496,True,True,down,-1.6920152091254637,2.974948453863423,0.04977539031315356,0.9445045600218893,rising,80.32786885245898,72.03872041398553,3,5.710462443840366,-7.713253491676042,False,4.857858780445659,-7.820516500082353,below
2026-08-26,build,DAIC,2026-08-26T17:59:00+00:00,2026-08-26T17:59:00.708416+00:00,5.26,False,3,2026-08-26T18:01:00+00:00,2026-08-26T18:02:00+00:00,True,1169,,1.9011406844106515,True,True,up,-1.6920152091254637,3.86583032691093,0.057698365453357665,1.0764620420402549,rising,95.08196721311485,75.0781480752774,3,5.707937174057619,-6.095672805212038,False,4.857858780445659,-9.368306334969045,below
2026-08-26,build,DAIC,2026-08-26T17:59:00+00:00,2026-08-26T17:59:00.708416+00:00,5.26,False,4,2026-08-26T18:02:00+00:00,2026-08-26T18:03:00+00:00,True,905,,0.5969581749049491,True,True,down,-1.6920152091254637,1.719599277286745,0.05495550019592206,1.0385814755248528,falling,83.83606557377058,68.92785485078082,3,5.706681506532061,-7.277110279533138,False,4.857858780445659,-8.19331782806707,below
2026-08-26,build,DAIC,2026-08-26T17:59:00+00:00,2026-08-26T17:59:00.708416+00:00,5.26,False,5,2026-08-26T18:03:00+00:00,2026-08-26T18:04:00+00:00,True,3775,,-7.129277566539926,False,True,down,-9.695817490494296,3.9982541496039747,0.02398841679916859,0.4910627799215679,falling,21.09374999999998,45.26886696023428,0,5.7002023737040775,-14.301288274688861,False,4.857858780445659,-0.5556032662096255,below
2026-08-26,build,XPON,2026-08-26T15:37:00+00:00,2026-08-26T15:37:00.315452+00:00,9.58,True,1,2026-08-26T15:37:00+00:00,2026-08-26T15:38:00+00:00,True,1353,,-2.150313152400829,False,False,down,-2.8183716075156573,1.212822655809008,0.08831440496973654,0.9421208125638632,falling,75.18072289156632,59.59478296157991,3,9.42888966682018,-0.5821434841191686,False,8.814175720603878,-5.972096003799054,below
2026-08-26,build,XPON,2026-08-26T15:37:00+00:00,2026-08-26T15:37:00.315452+00:00,9.58,True,2,2026-08-26T15:38:00+00:00,2026-08-26T15:39:00+00:00,True,894,,-1.6701461377870541,False,False,up,-3.653444676409179,0.9766754581631658,0.0819490016267964,0.8699469387133375,falling,80.0,60.83198086823294,3,9.428654866086408,-0.09179322193177963,False,8.814175720603878,-6.431255619916376,below
2026-08-26,build,XPON,2026-08-26T15:37:00+00:00,2026-08-26T15:37:00.315452+00:00,9.58,True,3,2026-08-26T15:39:00+00:00,2026-08-26T15:40:00+00:00,True,481,,-1.6701461377870541,False,False,up,-3.653444676409179,0.4858358347428345,0.0735808266062393,0.781112808983432,falling,78.66666666666664,60.83198086823294,2,9.42860826143134,-0.09129938579114372,False,8.814175720603878,-6.431255619916376,below
2026-08-26,build,XPON,2026-08-26T15:37:00+00:00,2026-08-26T15:37:00.315452+00:00,9.58,True,4,2026-08-26T15:40:00+00:00,2026-08-26T15:41:00+00:00,True,721,,-2.713987473903967,False,False,down,-3.653444676409179,0.8369489509175498,0.05784655469114461,0.6206711876732254,falling,63.39574827537664,56.47235550541397,0,9.42849193897073,-1.150681781063001,False,8.814175720603878,-5.4272991351515305,below
2026-08-26,build,XPON,2026-08-26T15:37:00+00:00,2026-08-26T15:37:00.315452+00:00,9.58,True,5,2026-08-26T15:41:00+00:00,2026-08-26T15:42:00+00:00,True,670,,-3.9561586638830804,False,False,down,-3.9665970772442716,0.6826855573733952,0.03697579286917578,0.40186711084855753,falling,39.841269841269984,51.7220194930903,0,9.428096155847264,-2.408717010235617,False,8.814175720603878,-4.204154759223155,below
2026-08-26,build,XPON,2026-08-26T17:34:00+00:00,2026-08-26T17:34:01.331290+00:00,8.29,False,1,2026-08-26T17:34:00+00:00,2026-08-26T17:35:00+00:00,True,264,,0.361881785283491,True,True,up,-0.3618817852834688,1.7273195948111302,0.03575510963264901,0.4297489138539544,rising,88.88888888888911,64.176605236161,3,9.328228243547372,-10.808357356015541,False,7.9812616781987025,-4.071374060111754,below
2026-08-26,build,XPON,2026-08-26T17:34:00+00:00,2026-08-26T17:34:01.331290+00:00,8.29,False,2,2026-08-26T17:35:00+00:00,2026-08-26T17:36:00+00:00,True,413,,1.326899879372756,True,True,up,-0.3618817852834688,2.9608957237887603,0.04030376151248684,0.47980668467246235,rising,83.32986038758075,68.29507590731546,3,9.326191366588388,-9.931078295332007,False,8.017009342558962,-4.559412588583789,below
2026-08-26,build,XPON,2026-08-26T17:34:00+00:00,2026-08-26T17:34:01.331290+00:00,8.29,False,3,2026-08-26T17:36:00+00:00,2026-08-26T17:37:00+00:00,True,290,,0.9662243667069026,True,True,down,-0.3618817852834688,1.524491010047594,0.03902705130529133,0.4662674437018832,falling,72.5250000000001,65.27457363255523,3,9.325126100286377,-10.241428266123364,False,8.017009342558962,-4.218475973298263,below
2026-08-26,build,XPON,2026-08-26T17:34:00+00:00,2026-08-26T17:34:01.331290+00:00,8.29,False,4,2026-08-26T17:37:00+00:00,2026-08-26T17:38:00+00:00,True,391,,-0.4825090470446214,False,True,down,-0.9650180940892428,2.0439396295286136,0.028320740436045218,0.3432817022550935,falling,41.025641025641,54.79209099038254,0,9.32344958421289,-11.513437966463924,False,8.017009342558962,-2.824129181103485,below
2026-08-26,build,XPON,2026-08-26T17:34:00+00:00,2026-08-26T17:34:01.331290+00:00,8.29,False,5,2026-08-26T17:38:00+00:00,2026-08-26T17:39:00+00:00,True,302,,-0.7840772014475195,False,False,down,-2.0506634499396825,1.2481303649020692,0.018269892193563522,0.22212634885791518,falling,29.166666666666686,52.88812171232977,0,9.3223099376896,-11.770794417092212,False,8.017009342558962,-2.5287617925962014,below
2026-08-26,build,XPON,2026-08-26T18:48:00+00:00,2026-08-26T18:48:00.641832+00:00,8.43,False,1,2026-08-26T18:48:00+00:00,2026-08-26T18:49:00+00:00,True,303,,-0.37959667852905943,False,False,up,-2.128113879003546,3.391035171959929,0.0333131995906474,0.3966801570689141,rising,94.63414634146336,72.20888619538012,3,9.293678957819434,-9.637506975274157,False,8.014197670576351,-4.570163484444489,below
2026-08-26,build,XPON,2026-08-26T18:48:00+00:00,2026-08-26T18:48:00.641832+00:00,8.43,False,2,2026-08-26T18:49:00+00:00,2026-08-26T18:50:00+00:00,True,1277,,3.736654804270456,True,True,up,-2.128113879003546,7.648223561125446,0.06026385867330763,0.6891235983225573,rising,85.46511627906976,82.77763224280778,3,9.290415354788959,-5.870731651495131,False,8.085622509168864,-7.540051353129041,below
2026-08-26,build,XPON,2026-08-26T18:48:00+00:00,2026-08-26T18:48:00.641832+00:00,8.43,False,3,2026-08-26T18:50:00+00:00,2026-08-26T18:51:00+00:00,True,884,,1.660735468564667,True,True,down,-2.128113879003546,3.6246981439007384,0.06266092174147965,0.7311659479752585,rising,65.11627906976754,68.60727126985583,3,9.28845425307722,-7.734917280119014,False,8.085622509168864,-5.652012728484667,below
2026-08-26,build,XPON,2026-08-26T18:48:00+00:00,2026-08-26T18:48:00.641832+00:00,8.43,False,4,2026-08-26T18:51:00+00:00,2026-08-26T18:52:00+00:00,True,377,,1.716239620403326,True,True,down,-2.128113879003546,1.1620059470114597,0.0608664856044249,0.7098398156295401,falling,65.66034883720934,68.7612501790359,3,9.287750921094457,-7.677552156086776,False,8.085622509168864,-5.703496198879698,below
2026-08-26,build,XPON,2026-08-26T18:48:00+00:00,2026-08-26T18:48:00.641832+00:00,8.43,False,5,2026-08-26T18:52:00+00:00,2026-08-26T18:53:00+00:00,True,362,,0.7117437722419906,True,True,down,-2.128113879003546,1.280373981985126,0.05069762043970052,0.5971451170753889,falling,55.81395348837218,62.761504065540336,0,9.286893726422804,-8.580842528169608,False,8.085622509168864,-4.762985757728333,below
2026-08-26,build,XPON,2026-08-26T19:52:00+00:00,2026-08-26T19:52:00.328400+00:00,8.77,False,1,2026-08-26T19:52:00+00:00,2026-08-26T19:53:00+00:00,True,273,,-0.7867730900798064,False,False,down,-1.4823261117445696,0.5756377173315284,0.04255000600830739,0.4890243191392643,rising,71.60714285714299,61.717966630982524,3,9.244845607980128,-5.882689998745693,False,8.233182463686239,-5.37659506164535,below
2026-08-26,build,XPON,2026-08-26T19:52:00+00:00,2026-08-26T19:52:00.328400+00:00,8.77,False,2,2026-08-26T19:53:00+00:00,2026-08-26T19:54:00+00:00,True,336,,-2.507411630558709,False,False,down,-2.5085518814139007,0.9897251762267124,0.03436990666221674,0.4019825108737528,falling,44.66071428571435,51.98434212730428,3,9.244403398048556,-7.510526836108422,False,8.233182463686239,-3.706594499640492,below
2026-08-26,build,XPON,2026-08-26T19:52:00+00:00,2026-08-26T19:52:00.328400+00:00,8.77,False,3,2026-08-26T19:54:00+00:00,2026-08-26T19:55:00+00:00,True,229,,-1.5963511972633793,False,False,up,-2.5085518814139007,0.5941691084575232,0.03269444158514255,0.3788463683098789,falling,56.60377358490586,55.94611367580564,2,9.244143354990532,-6.643594018465548,False,8.233182463686239,-4.598117454388895,below
2026-08-26,build,XPON,2026-08-26T19:52:00+00:00,2026-08-26T19:52:00.328400+00:00,8.77,False,4,2026-08-26T19:55:00+00:00,2026-08-26T19:56:00+00:00,True,1193,,2.4082098061573465,True,True,up,-2.5085518814139007,5.015723236032361,0.05242300084804697,0.5836970655151535,rising,83.94594594594592,68.31954939733751,3,9.242712298796736,-2.829389148364836,False,8.253693421407355,-8.100327112108008,below
2026-08-26,build,XPON,2026-08-26T19:52:00+00:00,2026-08-26T19:52:00.328400+00:00,8.77,False,5,2026-08-26T19:56:00+00:00,2026-08-26T19:57:00+00:00,True,798,,3.1322690992018343,True,True,up,-2.5085518814139007,1.9266524694897207,0.06605315972257478,0.7302968558666929,rising,92.52702702702716,69.96231800924886,3,9.242339150467151,-2.1384104959745076,False,8.350694737125885,-7.6730600558793105,below
2026-08-26,build,YYGH,2026-08-26T12:57:00+00:00,2026-08-26T12:57:00.334133+00:00,1.95,False,1,2026-08-26T12:57:00+00:00,2026-08-26T12:58:00+00:00,True,271,,-0.512820512820511,False,False,down,-0.5794871794871703,0.5970081319315471,0.010662230413580664,0.5495995058546734,falling,87.49999999999997,51.44532381689643,3,2.1954024768657847,-11.633515018640416,False,1.8704546139176597,-3.584813715584556,below
2026-08-26,build,YYGH,2026-08-26T12:57:00+00:00,2026-08-26T12:57:00.334133+00:00,1.95,False,2,2026-08-26T12:58:00+00:00,2026-08-26T12:59:00+00:00,True,252,,0.6153846153846176,True,True,up,-0.5794871794871703,0.662631017711774,0.011602871531569692,0.5913797926386183,rising,91.99999999999997,56.29502346163235,3,2.1949049660949957,-10.611164022712206,False,1.8837629529073021,-3.987617079138528,below
2026-08-26,build,YYGH,2026-08-26T12:57:00+00:00,2026-08-26T12:57:00.334133+00:00,1.95,False,3,2026-08-26T12:59:00+00:00,2026-08-26T13:00:00+00:00,True,403,,-0.512820512820511,False,True,down,-1.025641025641022,1.5621008282826396,0.010340885259775945,0.5330353226688632,falling,69.99999999999993,50.82776645999985,2,2.193738886838838,-11.566503578029474,False,1.8837629529073021,-2.898816860448339,below
2026-08-26,build,YYGH,2026-08-26T12:57:00+00:00,2026-08-26T12:57:00.334133+00:00,1.95,False,4,2026-08-26T13:00:00+00:00,2026-08-26T13:01:00+00:00,True,360,,0.512820512820511,True,True,up,-1.025641025641022,1.3238399976230897,0.010421263128840152,0.5316970984102118,rising,89.99999999999997,55.09715196140952,3,2.192759093204611,-10.614895814407266,False,1.8837629529073021,-3.88964525983152,below
2026-08-26,build,YYGH,2026-08-26T12:57:00+00:00,2026-08-26T12:57:00.334133+00:00,1.95,False,5,2026-08-26T13:01:00+00:00,2026-08-26T13:02:00+00:00,True,510,,2.558974358974364,True,True,up,-1.025641025641022,1.442272975255643,0.012585014638060592,0.6292821960128303,rising,99.91666666666669,62.156496172358196,3,2.1918136449866554,-8.755928927882184,False,1.8918362318885387,-5.403458578501996,below
2026-08-26,build,YYGH,2026-08-26T13:40:00+00:00,2026-08-26T13:40:00.202071+00:00,1.99,False,1,2026-08-26T13:40:00+00:00,2026-08-26T13:41:00+00:00,True,2054,,-2.1306532663316613,False,True,down,-3.5175879396984966,2.4795850016241117,0.005894259510174355,0.30264220117962387,rising,65.3333333333334,52.48587142589027,3,2.13231303044265,-8.662566321432896,False,1.772131995243389,-9.009447769388535,below
2026-08-26,build,YYGH,2026-08-26T13:40:00+00:00,2026-08-26T13:40:00.202071+00:00,1.99,False,2,2026-08-26T13:41:00+00:00,2026-08-26T13:42:00+00:00,True,671,,-1.7587939698492372,False,False,up,-3.5175879396984966,0.4888648396215635,0.006607987004780332,0.33800445037239546,rising,73.51383166568573,53.471310223286125,3,2.1314991895719464,-8.280518727637487,False,1.772131995243389,-9.353862135888036,below
2026-08-26,build,YYGH,2026-08-26T13:40:00+00:00,2026-08-26T13:40:00.202071+00:00,1.99,False,3,2026-08-26T13:42:00+00:00,2026-08-26T13:43:00+00:00,True,1103,,-0.03517587939697586,False,False,up,-3.5175879396984966,1.0858384118986646,0.008957951699880834,0.4503067259780241,rising,92.8666666666667,57.836386121155805,3,2.129866200215002,-6.599766698997922,False,1.797265181564615,-9.653386539756948,below
2026-08-26,build,YYGH,2026-08-26T13:40:00+00:00,2026-08-26T13:40:00.202071+00:00,1.99,False,4,2026-08-26T13:43:00+00:00,2026-08-26T13:44:00+00:00,True,4382,,2.854271356783933,True,True,up,-3.5175879396984966,3.241441130557918,0.01367044195725779,0.6678933924788836,rising,88.95238095238109,63.94322262177953,3,2.1264171539423,-3.7441926103113032,False,1.8301721452516924,-10.583733376407455,below
2026-08-26,build,YYGH,2026-08-26T13:40:00+00:00,2026-08-26T13:40:00.202071+00:00,1.99,False,5,2026-08-26T13:44:00+00:00,2026-08-26T13:45:00+00:00,True,2723,,0.8894472361808958,True,True,down,-3.5175879396984966,1.9293314261583359,0.013420736913778018,0.6684632621297015,falling,70.33333333333329,57.81145151210578,3,2.123778672091735,-5.465667096911176,False,1.8301721452516924,-8.842349691104623,below
2026-08-26,build,YYGH,2026-08-26T14:33:00+00:00,2026-08-26T14:33:00.580863+00:00,1.95,False,1,2026-08-26T14:33:00+00:00,2026-08-26T14:34:00+00:00,True,567,,-1.2820512820512775,False,False,down,-1.538461538461544,1.5549423228740764,0.008477325357881678,0.44038053807177546,falling,65.00000000000003,59.54170252918093,2,2.071525120636988,-7.073296827408582,False,1.8195669469500142,-5.477041716882381,below
2026-08-26,build,YYGH,2026-08-26T14:33:00+00:00,2026-08-26T14:33:00.580863+00:00,1.95,False,2,2026-08-26T14:34:00+00:00,2026-08-26T14:35:00+00:00,True,326,,-0.2564102564102555,False,False,up,-1.538461538461544,0.5932212198319832,0.008897085390053473,0.45743369614670815,rising,85.00000000000007,63.18286627257169,3,2.071294637269599,-6.097376732268356,False,1.830422846048009,-5.89085624431831,below
2026-08-26,build,YYGH,2026-08-26T14:33:00+00:00,2026-08-26T14:33:00.580863+00:00,1.95,False,3,2026-08-26T14:35:00+00:00,2026-08-26T14:36:00+00:00,True,982,,1.020512820512831,True,True,up,-1.538461538461544,2.44398065739324,0.01022101495686739,0.5188595845914712,rising,84.53846153846152,67.147108966071,3,2.070469825698121,-4.857343219875753,False,1.8362382768384071,-6.785203470307777,below
2026-08-26,build,YYGH,2026-08-26T14:33:00+00:00,2026-08-26T14:33:00.580863+00:00,1.95,False,4,2026-08-26T14:36:00+00:00,2026-08-26T14:37:00+00:00,True,591,,0.7692307692307665,True,True,up,-1.538461538461544,1.0616094140635968,0.01011719575338614,0.5148700128949689,falling,80.76923076923082,65.64907963225943,3,2.0701043508898165,-5.077248924414757,False,1.8440706214707259,-6.154166846273501,below
2026-08-26,build,YYGH,2026-08-26T14:33:00+00:00,2026-08-26T14:33:00.580863+00:00,1.95,False,5,2026-08-26T14:37:00+00:00,2026-08-26T14:38:00+00:00,True,525,,1.538461538461533,True,True,up,-1.538461538461544,1.1048554568754843,0.01037084602932484,0.5237801024911536,rising,92.3076923076923,68.00244650136862,3,2.069794586661081,-4.338333245229631,False,1.8657564971765805,-5.769873879970677,below
2026-08-26,build,YYGH,2026-08-26T15:31:00+00:00,2026-08-26T15:31:00.000437+00:00,2.03,False,1,2026-08-26T15:31:00+00:00,2026-08-26T15:32:00+00:00,True,1640,,2.8472906403941067,True,True,up,-0.9852216748768461,4.971231990868798,0.017421165876628456,0.8344269506958738,rising,98.90000000000012,78.25099391749248,3,2.0580400132442493,1.4460353814422566,True,1.9394473915858639,-7.105690603225224,below
2026-08-26,build,YYGH,2026-08-26T15:31:00+00:00,2026-08-26T15:31:00.000437+00:00,2.03,False,2,2026-08-26T15:32:00+00:00,2026-08-26T15:33:00+00:00,True,1106,,0.9852216748768461,True,True,down,-0.9852216748768461,3.348992281479097,0.018419838539416755,0.8985287092398418,rising,79.99999999999999,68.25737974687908,3,2.058017305319067,-0.38956452398849484,False,1.9394473915858639,-5.3928101665432155,below
2026-08-26,build,YYGH,2026-08-26T15:31:00+00:00,2026-08-26T15:31:00.000437+00:00,2.03,False,3,2026-08-26T15:33:00+00:00,2026-08-26T15:34:00+00:00,True,824,,-1.231527093596052,False,True,down,-1.477832512315258,2.11416477970667,0.015148691299035379,0.7555457007000189,falling,57.500000000000014,58.65377871641353,2,2.057811392993247,-2.566386461512815,False,1.9394473915858639,-3.269456778759905,below
2026-08-26,build,YYGH,2026-08-26T15:31:00+00:00,2026-08-26T15:31:00.000437+00:00,2.03,False,4,2026-08-26T15:34:00+00:00,2026-08-26T15:35:00+00:00,True,445,,-0.9852216748768461,False,False,up,-1.477832512315258,0.907560216709795,0.012529138866307826,0.623340242104867,falling,59.99999999999996,59.33833913521998,2,2.0577115908212193,-2.3186724045315854,False,1.9394473915858639,-3.5100800206037786,below
2026-08-26,build,YYGH,2026-08-26T15:31:00+00:00,2026-08-26T15:31:00.000437+00:00,2.03,False,5,2026-08-26T15:35:00+00:00,2026-08-26T15:36:00+00:00,True,528,,0.24630541871923928,True,True,up,-1.477832512315258,1.4649789125102748,0.01170311153715,0.5750914760270269,falling,71.05263157894751,62.66667622406777,2,2.0575893611247698,-1.097855653395352,False,1.9394473915858639,-4.695459872930529,below
2026-08-26,build,YYGH,2026-08-26T17:24:00+00:00,2026-08-26T17:24:00.206168+00:00,1.93,False,1,2026-08-26T17:24:00+00:00,2026-08-26T17:25:00+00:00,True,83,,-0.2590673575129432,False,False,down,-0.5181347150259086,0.6791172195504852,0.005899110842516981,0.3064473164943886,rising,77.0416024653314,63.06408399921309,3,2.0475732540442286,-5.9862695413768545,False,1.8626038948424783,-3.2413561120790524,below
2026-08-26,build,YYGH,2026-08-26T17:24:00+00:00,2026-08-26T17:24:00.206168+00:00,1.93,False,2,2026-08-26T17:25:00+00:00,2026-08-26T17:26:00+00:00,True,249,,0.5129533678756459,True,True,up,-0.5181347150259086,2.5915917857219815,0.007132255968039609,0.367661011806774,rising,99.17355371900835,67.24924256109361,3,2.047424730118164,-5.251706132901813,False,1.8757731158739825,-3.3056798869022797,below
2026-08-26,build,YYGH,2026-08-26T17:24:00+00:00,2026-08-26T17:24:00.206168+00:00,1.93,False,3,2026-08-26T17:26:00+00:00,2026-08-26T17:27:00+00:00,True,164,,0.9792746113989725,True,True,up,-0.5181347150259086,1.4638279792095676,0.008107091053120317,0.4159829161640062,rising,98.4285714285716,69.49746800467598,3,2.0473540389190354,-4.808842879515707,False,1.8765984926991863,-3.709862348032933,below
2026-08-26,build,YYGH,2026-08-26T17:24:00+00:00,2026-08-26T17:24:00.206168+00:00,1.93,False,4,2026-08-26T17:27:00+00:00,2026-08-26T17:28:00+00:00,True,128,,0.8704663212435237,True,True,down,-0.5181347150259086,0.7437532310873686,0.008142066174368584,0.4182281782601491,rising,95.42857142857162,68.318990174086,3,2.04732080053127,-4.909870524696736,False,1.881958794159349,-3.3306557345721743,below
2026-08-26,build,YYGH,2026-08-26T17:24:00+00:00,2026-08-26T17:24:00.206168+00:00,1.93,False,5,2026-08-26T17:28:00+00:00,2026-08-26T17:29:00+00:00,True,102,,0.880829015544049,True,True,down,-0.5181347150259086,1.0781878433476988,0.007714345035748997,0.3962170023497173,falling,95.71428571428588,68.37399390760328,3,2.047277978188288,-4.898112481873495,False,1.8881270353274793,-3.0237783601705592,below
2026-08-26,build,YYGH,2026-08-26T19:36:00+00:00,2026-08-26T19:36:00.656146+00:00,1.99,False,1,2026-08-26T19:36:00+00:00,2026-08-26T19:37:00+00:00,True,203,,-1.2562814070351758,False,False,down,-1.562814070351759,1.2060818602780718,0.00480523323542196,0.2445411315736366,falling,58.33333333333352,56.102493353490026,3,2.0412758135237894,-3.7366735557463393,False,1.9088169049174668,-2.8591905894418956,below
2026-08-26,build,YYGH,2026-08-26T19:36:00+00:00,2026-08-26T19:36:00.656146+00:00,1.99,False,2,2026-08-26T19:37:00+00:00,2026-08-26T19:38:00+00:00,True,103,,-1.487437185929652,False,False,down,-1.562814070351759,0.5947992716585987,0.004223535583179167,0.21544254148026765,falling,50.66666666666659,54.243998295824284,2,2.0412523297086294,-3.9609179390462934,False,1.9088169049174668,-2.6312535749098753,below
2026-08-26,build,YYGH,2026-08-26T19:36:00+00:00,2026-08-26T19:36:00.656146+00:00,1.99,False,3,2026-08-26T19:38:00+00:00,2026-08-26T19:39:00+00:00,True,112,,-1.487437185929652,False,False,up,-1.562814070351759,0.5258573761567773,0.003643613060273006,0.18586069477009826,falling,50.66666666666659,54.243998295824284,1,2.0412321725008424,-3.959969551225029,False,1.9088169049174668,-2.6312535749098753,below
2026-08-26,build,YYGH,2026-08-26T19:36:00+00:00,2026-08-26T19:36:00.656146+00:00,1.99,False,4,2026-08-26T19:39:00+00:00,2026-08-26T19:40:00+00:00,True,115,,-1.005025125628145,False,False,flat,-1.562814070351759,0.9975580907321913,0.0036995486924305933,0.18779434986957327,rising,66.66666666666667,57.64036246770824,3,2.0411931651656787,-3.4878210637110496,False,1.9088169049174668,-3.105740867133666,below
2026-08-26,build,YYGH,2026-08-26T19:36:00+00:00,2026-08-26T19:36:00.656146+00:00,1.99,False,5,2026-08-26T19:40:00+00:00,2026-08-26T19:41:00+00:00,True,139,,-0.5728643216080465,False,False,up,-1.562814070351759,0.8144096399810516,0.004078845975665754,0.206148083274323,rising,80.99999999999989,60.47105870568446,3,2.0411645604733706,-3.0651404440836028,False,1.9196224354033553,-2.980772495534445,below
2026-08-27,build,CELU,2026-08-27T16:36:00+00:00,2026-08-27T16:36:00.198679+00:00,2.03,False,1,2026-08-27T16:36:00+00:00,2026-08-27T16:37:00+00:00,True,2809,,0.4876847290640418,True,True,up,-1.970443349753681,2.3763809703882997,0.015630096168406216,0.7662187444681708,rising,77.7222222222221,64.00400111087774,3,1.8557011177890461,9.926107197177059,True,1.836999920622509,-9.946569899381874,below
2026-08-27,build,CELU,2026-08-27T16:36:00+00:00,2026-08-27T16:36:00.198679+00:00,2.03,False,2,2026-08-27T16:37:00+00:00,2026-08-27T16:38:00+00:00,True,1665,,0.980295566502476,True,True,up,-1.970443349753681,1.419001609296626,0.017204393021504893,0.8392796244453335,rising,83.27777777777779,65.05246631731777,3,1.8562435437492388,10.43270732996675,True,1.8441799491984059,-10.035613971491008,below
2026-08-27,build,CELU,2026-08-27T16:36:00+00:00,2026-08-27T16:36:00.198679+00:00,2.03,False,3,2026-08-27T16:38:00+00:00,2026-08-27T16:39:00+00:00,True,1587,,0.15763546798031047,True,True,down,-1.970443349753681,1.3636612049006847,0.016185557879749624,0.7960632441348429,falling,73.99999999999993,61.81436552026989,3,1.856710632407124,9.505485912151368,True,1.8441799491984059,-9.296677690418754,below
2026-08-27,build,CELU,2026-08-27T16:36:00+00:00,2026-08-27T16:36:00.198679+00:00,2.03,False,4,2026-08-27T16:39:00+00:00,2026-08-27T16:40:00+00:00,True,3033,,3.935960591133014,True,True,up,-1.970443349753681,2.424604044681037,0.019518486502770924,0.9250905968420742,rising,97.62790697674414,69.35837139001958,3,1.8578128586081684,13.569027699630087,True,1.8781391674869796,-10.98444630138966,below
2026-08-27,build,CELU,2026-08-27T16:36:00+00:00,2026-08-27T16:36:00.198679+00:00,2.03,False,5,2026-08-27T16:40:00+00:00,2026-08-27T16:41:00+00:00,True,2065,,2.512315270935961,True,True,down,-1.970443349753681,1.3613601439077632,0.018620666841988896,0.8947941778947092,falling,82.27272727272722,64.21085627921764,3,1.8584685923465665,11.97391274567936,True,1.8781391674869796,-9.748237987170604,below
2026-08-27,build,CELU,2026-08-27T18:16:00+00:00,2026-08-27T18:16:00.063753+00:00,2.13,False,1,2026-08-27T18:16:00+00:00,2026-08-27T18:17:00+00:00,True,1669,,0.46948356807512415,True,True,up,-3.2863849765258135,2.671459551711454,0.012544410982612516,0.5861874290940428,rising,96.5517241379311,70.79921795061452,3,1.8833520780274233,13.627187660067452,True,1.980624646626443,-7.447446419325098,below
2026-08-27,build,CELU,2026-08-27T18:16:00+00:00,2026-08-27T18:16:00.063753+00:00,2.13,False,2,2026-08-27T18:17:00+00:00,2026-08-27T18:18:00+00:00,True,4762,,3.272300469483569,True,True,up,-3.2863849765258135,5.581506684925192,0.017805102135847777,0.8094332016114824,rising,71.32142857142861,76.64577675005306,3,1.8858068387032378,16.645032505694424,True,1.980624646626443,-9.959328698165981,below
2026-08-27,build,CELU,2026-08-27T18:16:00+00:00,2026-08-27T18:16:00.063753+00:00,2.13,False,3,2026-08-27T18:18:00+00:00,2026-08-27T18:19:00+00:00,True,3650,,3.0516431924882514,True,True,down,-3.2863849765258135,2.968086579244603,0.019770222985210438,0.9006935300779244,rising,69.64285714285714,75.3664192163649,3,1.8872811117111752,16.30487829180993,True,1.980624646626443,-9.766530905401227,below
2026-08-27,build,CELU,2026-08-27T18:16:00+00:00,2026-08-27T18:16:00.063753+00:00,2.13,False,4,2026-08-27T18:19:00+00:00,2026-08-27T18:20:00+00:00,True,2301,,7.0375586854460215,True,True,up,-3.2863849765258135,1.841776705384568,0.02523973167255479,1.1070543301265314,rising,99.9642857142858,81.40457512377185,3,1.888421629326819,20.730453654713465,True,2.013009855258191,-11.706221533479921,below
2026-08-27,build,CELU,2026-08-27T18:16:00+00:00,2026-08-27T18:16:00.063753+00:00,2.13,False,5,2026-08-27T18:20:00+00:00,2026-08-27T18:21:00+00:00,True,3389,,3.2863849765258246,True,True,down,-3.2863849765258135,2.4582208889279396,0.022044324631041168,1.0020147559564165,falling,71.42857142857154,65.20566257344055,2,1.8899579422641875,16.404706729313734,True,2.013009855258191,-8.499552033718594,below
2026-08-27,build,CELU,2026-08-27T19:42:00+00:00,2026-08-27T19:42:01.334896+00:00,2.14,True,1,2026-08-27T19:42:00+00:00,2026-08-27T19:43:00+00:00,True,917,,-0.9345794392523366,False,True,down,-1.4018691588785215,1.305592396901323,0.013971617317391414,0.6590385527071421,falling,76.97620874904084,59.34605311482414,3,1.9177402225330287,10.546776622321596,True,2.001667492976843,-5.581722029394198,below
2026-08-27,build,CELU,2026-08-27T19:42:00+00:00,2026-08-27T19:42:01.334896+00:00,2.14,True,2,2026-08-27T19:43:00+00:00,2026-08-27T19:44:00+00:00,True,641,,-2.341121495327103,False,False,down,-2.8037383177570097,0.8949625294700798,0.010761711109277376,0.5149390453742941,falling,53.76923076923087,53.862332367566786,0,1.9178964663680935,8.968343007463186,True,2.001667492976843,-4.221853056278146,below
2026-08-27,build,CELU,2026-08-27T19:42:00+00:00,2026-08-27T19:42:01.334896+00:00,2.14,True,3,2026-08-27T19:44:00+00:00,2026-08-27T19:45:00+00:00,True,902,,-2.570093457943934,False,False,up,-4.205607476635532,1.3686428951350973,0.007826566602172938,0.37537489698671167,falling,50.0,53.00370644197478,0,1.9181137004555204,8.70054259582458,True,2.001667492976843,-3.9967629267701033,below
2026-08-27,build,CELU,2026-08-27T19:42:00+00:00,2026-08-27T19:42:01.334896+00:00,2.14,True,4,2026-08-27T19:45:00+00:00,2026-08-27T19:46:00+00:00,True,541,,-1.6355140186915973,False,False,up,-4.205607476635532,0.8386381979266169,0.006788724032023626,0.3225047046091984,falling,65.38461538461542,56.081138771288906,2,1.9182678722192288,9.734413555325938,True,2.001667492976843,-4.908907697062082,below
2026-08-27,build,CELU,2026-08-27T19:42:00+00:00,2026-08-27T19:42:01.334896+00:00,2.14,True,5,2026-08-27T19:46:00+00:00,2026-08-27T19:47:00+00:00,True,559,,-1.1682242990654124,False,False,up,-4.205607476635532,0.6118274012276496,0.006340829468128237,0.2998028117318315,falling,73.0769230769233,57.57696560820274,3,1.918389357881583,10.248735029239754,True,2.001667492976843,-5.35851097036203,below
2026-08-27,build,MIMI,2026-08-27T15:30:00+00:00,2026-08-27T15:30:00.254017+00:00,2.69,False,1,2026-08-27T15:30:00+00:00,2026-08-27T15:31:00+00:00,True,732,,1.115241635687747,True,True,up,-0.36802973977695386,3.3839166927872393,0.013305966140092077,0.48918993162103225,rising,100.0,64.35055999563065,3,2.8767831852638364,-5.449947916372333,False,2.562707914902355,-5.782797246236959,below
2026-08-27,build,MIMI,2026-08-27T15:30:00+00:00,2026-08-27T15:30:00.254017+00:00,2.69,False,2,2026-08-27T15:31:00+00:00,2026-08-27T15:32:00+00:00,True,887,,1.1003717472118923,True,True,up,-0.36802973977695386,3.3616333985293414,0.015811017100777945,0.5813728894241045,rising,66.47619047619035,64.27803584520498,3,2.876236360993499,-5.4458793135969685,False,2.562707914902355,-5.768939737374801,below
2026-08-27,build,MIMI,2026-08-27T15:30:00+00:00,2026-08-27T15:30:00.254017+00:00,2.69,False,3,2026-08-27T15:32:00+00:00,2026-08-27T15:33:00+00:00,True,333,,0.0037174721189581206,True,True,down,-0.36802973977695386,1.417348660371071,0.01465728520968989,0.5448602360391765,falling,52.42857142857148,58.99713571069946,3,2.8759473145544043,-6.4621251444308525,False,2.562707914902355,-4.735589201057411,below
2026-08-27,build,MIMI,2026-08-27T15:30:00+00:00,2026-08-27T15:30:00.254017+00:00,2.69,False,4,2026-08-27T15:33:00+00:00,2026-08-27T15:34:00+00:00,True,243,,0.3717472118959231,True,True,up,-0.36802973977695386,0.7602763881450907,0.013751788678253347,0.5093255066019758,falling,57.1428571428572,60.179496361337144,3,2.875785843024111,-6.112619388906182,False,2.562707914902355,-5.084892040653532,below
2026-08-27,build,MIMI,2026-08-27T15:30:00+00:00,2026-08-27T15:30:00.254017+00:00,2.69,False,5,2026-08-27T15:34:00+00:00,2026-08-27T15:35:00+00:00,True,131,,0.3605947955390265,True,True,down,-0.36802973977695386,0.3715245499873236,0.012367065606530328,0.4580903658380682,falling,56.99999999999997,60.12291849445137,2,2.8757093297861,-6.1205535609258455,False,2.562707914902355,-5.074344745625259,below
2026-08-27,build,MIMI,2026-08-27T16:59:00+00:00,2026-08-27T16:59:00.853025+00:00,2.66,False,1,2026-08-27T16:59:00+00:00,2026-08-27T17:00:00+00:00,True,121,,-0.6390977443609169,False,False,down,-1.1278195488721887,0.3613012297875821,0.013191176473303028,0.49909861798346683,rising,84.54545454545428,58.314795522826344,3,2.8637777837264484,-7.709319660939784,False,2.5639081378759174,-2.9925032964087217,below
2026-08-27,build,MIMI,2026-08-27T16:59:00+00:00,2026-08-27T16:59:00.853025+00:00,2.66,False,2,2026-08-27T17:00:00+00:00,2026-08-27T17:01:00+00:00,True,58,,-1.1240601503759384,False,False,down,-1.1278195488721887,0.236341179889567,0.011984840326459075,0.4556800245792584,falling,72.81818181818187,55.08406248314859,3,2.863755701829476,-8.159065442635626,False,2.5639081378759174,-2.51670514900888,below
2026-08-27,build,MIMI,2026-08-27T16:59:00+00:00,2026-08-27T16:59:00.853025+00:00,2.66,False,3,2026-08-27T17:01:00+00:00,2026-08-27T17:02:00+00:00,True,80,,-0.1879699248120481,False,True,up,-1.1278195488721887,0.8751230989121312,0.01227320679220085,0.46226767578910927,rising,86.36363636363623,59.72257117752169,3,2.8636843653111685,-7.287268381915169,False,2.5639081378759174,-3.4309552589108283,below
2026-08-27,build,MIMI,2026-08-27T16:59:00+00:00,2026-08-27T16:59:00.853025+00:00,2.66,False,4,2026-08-27T17:02:00+00:00,2026-08-27T17:03:00+00:00,True,86,,0.0,False,True,up,-1.1278195488721887,0.6871896881603177,0.01218536262080768,0.45809633912810827,falling,90.89253187613862,60.60240956754051,3,2.8636319168885183,-7.110966869994051,False,2.5654691732739763,-3.5537904784219476,below
2026-08-27,build,MIMI,2026-08-27T16:59:00+00:00,2026-08-27T16:59:00.853025+00:00,2.66,False,5,2026-08-27T17:03:00+00:00,2026-08-27T17:04:00+00:00,True,137,,-1.5037593984962405,False,True,down,-1.8796992481203145,1.1996372693439252,0.008966754069036725,0.34224252171895897,falling,37.57802746566801,51.00361312252143,0,2.8635321056210525,-8.504605383784735,False,2.5654691732739763,-2.08132926435205,below
2026-08-27,build,PPCB,2026-08-27T13:33:00+00:00,2026-08-27T13:33:00.996009+00:00,4.13,True,1,2026-08-27T13:33:00+00:00,2026-08-27T13:34:00+00:00,True,10135,,-6.779661016949145,False,False,down,-12.832929782082324,3.0827863319851225,0.0447065370509944,1.161208754571283,rising,63.15304645348075,58.31968429912103,3,3.633827957446764,5.948879393429651,True,3.3174264999158867,-13.833077924262682,below
2026-08-27,build,PPCB,2026-08-27T13:33:00+00:00,2026-08-27T13:33:00.996009+00:00,4.13,True,2,2026-08-27T13:34:00+00:00,2026-08-27T13:35:00+00:00,True,10789,,-18.76513317191283,False,False,down,-20.33898305084746,2.4919243125968675,0.012561839670672663,0.3744214506906904,falling,7.738095238095233,43.07528362602849,1,3.6305336745073022,-7.5893435844440855,False,3.3174264999158867,-1.1199254868588193,below
2026-08-27,build,PPCB,2026-08-27T13:33:00+00:00,2026-08-27T13:33:00.996009+00:00,4.13,True,3,2026-08-27T13:35:00+00:00,2026-08-27T13:36:00+00:00,True,10322,,-17.19128329297821,False,False,up,-24.210653753026634,2.0291545199389422,-0.004071213170439712,-0.11904132077309101,falling,28.992899289928978,45.10448386321594,1,3.6222251874516807,-5.582899377770345,False,3.3174264999158867,-2.99922514865828,below
2026-08-27,build,PPCB,2026-08-27T13:33:00+00:00,2026-08-27T13:33:00.996009+00:00,4.13,True,4,2026-08-27T13:36:00+00:00,2026-08-27T13:37:00+00:00,True,5983,,-12.832929782082324,False,False,up,-24.210653753026634,1.1838093941899073,-0.002761625152752626,-0.07671180979868404,rising,46.994699469947,50.37955713959234,3,3.6208176029257984,-0.5749420492481172,False,3.3174264999158867,-7.849263891225378,below
2026-08-27,build,PPCB,2026-08-27T13:33:00+00:00,2026-08-27T13:33:00.996009+00:00,4.13,True,5,2026-08-27T13:37:00+00:00,2026-08-27T13:38:00+00:00,True,3711,,-12.835351089588375,False,False,up,-24.210653753026634,0.7421435691956293,-0.0017618551705843744,-0.04894178089903538,rising,46.98469846984697,50.37666090870831,3,3.6202988888046286,-0.5634586930849839,False,3.3174264999158867,-7.84670407744974,below
2026-08-27,build,PPCB,2026-08-27T15:00:00+00:00,2026-08-27T15:00:02.136566+00:00,2.84,False,1,2026-08-27T15:00:00+00:00,2026-08-27T15:01:00+00:00,True,1247,,-1.5845070422535135,False,True,down,-2.1126760563380254,1.2145817678773396,0.02597367059722716,0.9292905401512402,rising,77.58620689655174,54.35314759024282,3,3.45242531197982,-19.0424195332647,False,2.546257465732612,-8.899553998833209,below
2026-08-27,build,PPCB,2026-08-27T15:00:00+00:00,2026-08-27T15:00:02.136566+00:00,2.84,False,2,2026-08-27T15:01:00+00:00,2026-08-27T15:02:00+00:00,True,900,,-2.2887323943661997,False,False,down,-2.8169014084507116,0.8639025681818117,0.027164613153317113,0.978904978497914,rising,70.68965517241381,52.67965746016631,3,3.450806535309228,-19.5840169071857,False,2.546257465732612,-8.242974207833809,below
2026-08-27,build,PPCB,2026-08-27T15:00:00+00:00,2026-08-27T15:00:02.136566+00:00,2.84,False,3,2026-08-27T15:02:00+00:00,2026-08-27T15:03:00+00:00,True,963,,-2.46126760563381,False,False,down,-3.169014084507038,1.3721205758592085,0.026639325185574707,0.9616737729892317,falling,68.99999999999997,52.255156791097406,3,3.448240387802855,-19.666273563803127,False,2.546257465732612,-8.080666194988916,below
2026-08-27,build,PPCB,2026-08-27T15:00:00+00:00,2026-08-27T15:00:02.136566+00:00,2.84,False,4,2026-08-27T15:03:00+00:00,2026-08-27T15:04:00+00:00,True,1065,,-5.457746478873238,False,False,down,-6.690140845070425,1.23775151881306,0.019886980588815058,0.7406696681122926,falling,39.655172413793174,45.41107236971891,0,3.4456591882028915,-22.075868408785336,False,2.546257465732612,-5.1673197120070125,below
2026-08-27,build,PPCB,2026-08-27T15:00:00+00:00,2026-08-27T15:00:02.136566+00:00,2.84,False,5,2026-08-27T15:04:00+00:00,2026-08-27T15:05:00+00:00,True,799,,-5.98591549295775,False,False,down,-7.042253521126751,0.6632754090188144,0.014013898378737684,0.5248651078178908,falling,34.48275862068968,44.309459409650664,0,3.444217838668305,-22.478770941145054,False,2.546257465732612,-4.634551845220525,below
2026-08-27,build,PPCB,2026-08-27T17:53:00+00:00,2026-08-27T17:53:00.587918+00:00,2.14,False,1,2026-08-27T17:53:00+00:00,2026-08-27T17:54:00+00:00,True,527,,1.869158878504673,True,True,up,-0.46261682242990654,2.258628904914678,0.01785843357666138,0.8191942007642833,rising,90.90909090909109,62.895516863494365,3,3.2701079282640104,-33.335533633066106,False,2.0736586137183917,-4.878045242275619,below
2026-08-27,build,PPCB,2026-08-27T17:53:00+00:00,2026-08-27T17:53:00.587918+00:00,2.14,False,2,2026-08-27T17:54:00+00:00,2026-08-27T17:55:00+00:00,True,602,,2.8037383177570208,True,True,up,-0.46261682242990654,1.688200761739523,0.020004340807207824,0.9092882185094464,rising,80.00000000000011,65.40965030897385,3,3.268562270974401,-32.69211911498472,False,2.0736586137183917,-5.742790285527654,below
2026-08-27,build,PPCB,2026-08-27T17:53:00+00:00,2026-08-27T17:53:00.587918+00:00,2.14,False,3,2026-08-27T17:55:00+00:00,2026-08-27T17:56:00+00:00,True,637,,-0.4672897196261738,False,True,down,-0.9345794392523366,1.4944800677863501,0.015937597787068745,0.7482440275619129,falling,33.333333333333236,52.1027888126448,2,3.267181165038328,-34.80618636049794,False,2.0736586137183917,-2.6451355061787862,below
2026-08-27,build,PPCB,2026-08-27T17:53:00+00:00,2026-08-27T17:53:00.587918+00:00,2.14,False,4,2026-08-27T17:56:00+00:00,2026-08-27T17:57:00+00:00,True,267,,-0.4672897196261738,False,False,up,-0.9345794392523366,0.8273884872448531,0.012620982795960892,0.5925344035662391,falling,33.333333333333236,52.10278881264481,1,3.266433468401795,-34.791263296657036,False,2.0736586137183917,-2.6451355061787862,below
2026-08-27,build,PPCB,2026-08-27T17:53:00+00:00,2026-08-27T17:53:00.587918+00:00,2.14,False,5,2026-08-27T17:57:00+00:00,2026-08-27T17:58:00+00:00,True,311,,0.0,False,True,up,-0.9345794392523366,0.8057723336296881,0.010557806824757938,0.4933554591008383,falling,40.00000000000006,53.66456355192235,2,3.265736794815787,-34.47114282457926,False,2.0736586137183917,-3.100064779514411,below
2026-08-27,build,PPCB,2026-08-27T18:16:00+00:00,2026-08-27T18:16:00.119097+00:00,2.22,False,1,2026-08-27T18:16:00+00:00,2026-08-27T18:17:00+00:00,True,302,,0.44594594594593584,True,True,up,-0.45045045045045695,1.7510954269308439,0.006329512197411909,0.2838473562676312,rising,94.05882352941178,62.37269324203104,3,3.254917374313824,-31.4913485178686,False,2.0871022727022908,-6.40377269374005,below
2026-08-27,build,PPCB,2026-08-27T18:16:00+00:00,2026-08-27T18:16:00.119097+00:00,2.22,False,2,2026-08-27T18:17:00+00:00,2026-08-27T18:18:00+00:00,True,255,,0.3243243243242988,True,True,down,-0.45045045045045695,1.052641774654606,0.007960215373590757,0.3574090954378034,rising,92.47058823529392,61.83510765797258,3,3.2543578894833964,-31.562536277976783,False,2.0989618181618326,-5.757820664429203,below
2026-08-27,build,PPCB,2026-08-27T18:16:00+00:00,2026-08-27T18:16:00.119097+00:00,2.22,False,3,2026-08-27T18:18:00+00:00,2026-08-27T18:19:00+00:00,True,353,,-1.3063063063063263,False,False,down,-1.3513513513513598,1.6570739009938016,0.006160838890111403,0.28118844774584223,falling,71.17647058823513,54.99159712862092,3,3.253467954553083,-32.656475164176946,False,2.0989618181618326,-4.200738559478189,below
2026-08-27,build,PPCB,2026-08-27T18:16:00+00:00,2026-08-27T18:16:00.119097+00:00,2.22,False,4,2026-08-27T18:19:00+00:00,2026-08-27T18:20:00+00:00,True,196,,-1.1261261261261368,False,False,down,-1.8018018018018056,1.1631032832035013,0.004857309503666828,0.2212897268185343,falling,73.52941176470573,55.57664483242188,2,3.252845793188848,-32.52062533686279,False,2.0989618181618326,-4.375315801283241,below
2026-08-27,build,PPCB,2026-08-27T18:16:00+00:00,2026-08-27T18:16:00.119097+00:00,2.22,False,5,2026-08-27T18:20:00+00:00,2026-08-27T18:21:00+00:00,True,106,,-1.1261261261261368,False,False,up,-1.8018018018018056,0.310700866761518,0.0036665591897440727,0.16704142094506028,falling,73.52941176470573,55.57664483242188,2,3.252687075752048,-32.51733262744011,False,2.0989618181618326,-4.375315801283241,below
2026-08-27,build,PPCB,2026-08-27T19:11:00+00:00,2026-08-27T19:11:00.057224+00:00,2.28,False,1,2026-08-27T19:11:00+00:00,2026-08-27T19:12:00+00:00,True,579,,1.3201754385964826,True,True,up,-1.9736842105263164,3.251255028244912,0.014603930593856188,0.6321774206249161,rising,95.28571428571428,71.80961734347858,3,3.2315638721578246,-28.51448736931609,False,2.123156956964718,-8.092422104466557,below
2026-08-27,build,PPCB,2026-08-27T19:11:00+00:00,2026-08-27T19:11:00.057224+00:00,2.28,False,2,2026-08-27T19:12:00+00:00,2026-08-27T19:13:00+00:00,True,967,,2.192982456140369,True,True,up,-1.9736842105263164,4.854419357795362,0.019078285201848164,0.8188105236844705,rising,91.66666666666667,73.81441432449698,3,3.229459328760648,-27.851700151487226,False,2.1524455655717745,-7.620361992627711,below
2026-08-27,build,PPCB,2026-08-27T19:11:00+00:00,2026-08-27T19:11:00.057224+00:00,2.28,False,3,2026-08-27T19:13:00+00:00,2026-08-27T19:14:00+00:00,True,377,,0.8771929824561431,True,True,down,-1.9736842105263164,1.8753124084320112,0.01897605297333013,0.8250457814491361,falling,76.20180866254154,66.17411407173978,3,3.228605912406281,-28.761822830033502,False,2.1524455655717745,-6.415410192531534,below
2026-08-27,build,PPCB,2026-08-27T19:11:00+00:00,2026-08-27T19:11:00.057224+00:00,2.28,False,4,2026-08-27T19:14:00+00:00,2026-08-27T19:15:00+00:00,True,394,,0.0,False,True,down,-1.9736842105263164,1.6074757151800347,0.016605590336247707,0.7283153656248995,falling,64.99999999999989,61.596700809007224,2,3.227809898229064,-29.36386987192399,False,2.1524455655717745,-5.594492738080059,below
2026-08-27,build,PPCB,2026-08-27T19:11:00+00:00,2026-08-27T19:11:00.057224+00:00,2.28,False,5,2026-08-27T19:15:00+00:00,2026-08-27T19:16:00+00:00,True,301,,0.00438596491227905,True,True,down,-1.9736842105263164,1.278581374731934,0.014182595933834868,0.6220163998874991,falling,63.21052631578942,61.61099940783864,1,3.22716735467415,-29.346707207559007,False,2.1524455655717745,-5.598633148906873,below
2026-08-27,build,WNW,2026-08-27T12:04:00+00:00,2026-08-27T12:04:00.411794+00:00,3.4,True,1,2026-08-27T12:04:00+00:00,2026-08-27T12:05:00+00:00,True,181,,-0.00294117647058334,False,True,up,-0.588235294117645,2.03512806985305,0.01203059190035972,0.3538513456383929,rising,76.8461538461539,60.727562022308646,3,3.414468166474141,-0.4266599002791138,False,3.2980109871823666,-2.9968238129837177,below
2026-08-27,build,WNW,2026-08-27T12:04:00+00:00,2026-08-27T12:04:00.411794+00:00,3.4,True,2,2026-08-27T12:05:00+00:00,2026-08-27T12:06:00+00:00,True,46,,-0.2941176470588225,False,False,down,-0.588235294117645,0.48054734877935,0.011783565238471379,0.34759779464517343,falling,69.23076923076928,57.867025028054655,3,3.4143862355617136,-0.7142201812942117,False,3.2980109871823666,-2.7135402011101317,below
2026-08-27,build,WNW,2026-08-27T12:04:00+00:00,2026-08-27T12:04:00.411794+00:00,3.4,True,3,2026-08-27T12:06:00+00:00,2026-08-27T12:07:00+00:00,True,149,,-1.764705882352946,False,False,down,-1.764705882352946,1.9381193174433216,0.00789346833401752,0.2363313872460335,falling,18.3303085299455,46.06509172703585,0,3.4136099591478835,-2.156367014064442,False,3.2980109871823666,-1.2571560723842246,below
2026-08-27,build,WNW,2026-08-27T12:04:00+00:00,2026-08-27T12:04:00.411794+00:00,3.4,True,4,2026-08-27T12:07:00+00:00,2026-08-27T12:08:00+00:00,True,76,,-1.764705882352946,False,False,down,-1.7676470588235293,0.7391857016293671,0.005096783267199732,0.15259830141316563,falling,18.181818181818144,46.06509172703585,0,3.4132669310053614,-2.1465338775535248,False,3.2980109871823666,-1.2571560723842246,below
2026-08-27,build,WNW,2026-08-27T12:04:00+00:00,2026-08-27T12:04:00.411794+00:00,3.4,True,5,2026-08-27T12:08:00+00:00,2026-08-27T12:09:00+00:00,True,51,,-1.7617647058823516,False,False,up,-1.7676470588235293,0.446606819413779,0.0031267995761529634,0.0936139509641317,falling,18.272727272727426,46.09059441199066,1,3.413066830928722,-2.1378670428456537,False,3.2980109871823666,-1.2601123564454197,below
2026-08-28,build,QNRX,2026-08-28T12:45:00+00:00,2026-08-28T12:45:00.502982+00:00,7.15,False,1,2026-08-28T12:45:00+00:00,2026-08-28T12:46:00+00:00,True,482,,-0.3132867132867201,False,False,up,-1.3986013986014068,1.0648219455735846,0.034001388131566626,0.47703838783835545,rising,83.57894736842103,55.61712701644625,3,7.282085321908622,-2.1214434475773425,False,6.73060487544961,-5.569828898232087,below
2026-08-28,build,QNRX,2026-08-28T12:45:00+00:00,2026-08-28T12:45:00.502982+00:00,7.15,False,2,2026-08-28T12:46:00+00:00,2026-08-28T12:47:00+00:00,True,263,,-0.5594405594405605,False,False,flat,-1.3986013986014068,0.4280056456904406,0.03405007263225938,0.4789039751372627,rising,78.94736842105266,54.22172637696933,3,7.281755122949083,-2.358705010661255,False,6.75226712028775,-5.0314047779500655,below
2026-08-28,build,QNRX,2026-08-28T12:45:00+00:00,2026-08-28T12:45:00.502982+00:00,7.15,False,3,2026-08-28T12:47:00+00:00,2026-08-28T12:48:00+00:00,True,331,,-0.6993006993007089,False,False,down,-1.3986013986014068,0.9410099393790197,0.03210845769312657,0.45223179849474043,falling,76.31578947368406,53.40190519772263,3,7.281122384633933,-2.487561327305432,False,6.765233696230199,-4.715018362954937,below
2026-08-28,build,QNRX,2026-08-28T12:45:00+00:00,2026-08-28T12:45:00.502982+00:00,7.15,False,4,2026-08-28T12:48:00+00:00,2026-08-28T12:49:00+00:00,True,440,,-1.9790209790209845,False,False,down,-3.2167832167832255,1.0149859620550092,0.023746823015998002,0.33882889371474645,falling,52.23684210526308,46.47733547832002,0,7.280226922718921,-3.7323963332923205,False,6.765233696230199,-3.471018103300283,below
2026-08-28,build,QNRX,2026-08-28T12:45:00+00:00,2026-08-28T12:45:00.502982+00:00,7.15,False,5,2026-08-28T12:49:00+00:00,2026-08-28T12:50:00+00:00,True,561,,-2.7972027972028024,False,False,down,-3.2167832167832255,1.269678420283826,0.01385143414310721,0.1993012106921901,falling,33.05439330543932,42.66793106194486,0,7.279067536817648,-4.520737514155737,False,6.765233696230199,-2.658507967910806,below
2026-08-31,holdout,AEHL,2026-08-31T12:19:00+00:00,2026-08-31T12:19:02.645065+00:00,6.07,False,1,2026-08-31T12:19:00+00:00,2026-08-31T12:20:00+00:00,True,386,,0.8237232289950658,True,True,up,-0.16474464579901982,2.0190942937138963,0.019671931426937152,0.3214367880218489,rising,96.3977676306442,66.31353296524878,3,6.341020051480334,-3.485559889196943,False,5.93063359867452,-3.0942222438803957,below
2026-08-31,holdout,AEHL,2026-08-31T12:19:00+00:00,2026-08-31T12:19:02.645065+00:00,6.07,False,2,2026-08-31T12:20:00+00:00,2026-08-31T12:21:00+00:00,True,259,,0.0,False,True,down,-0.16474464579901982,1.061362240045784,0.01808310331316678,0.2979094450274593,falling,70.00000000000023,58.23813124964525,3,6.339850424497846,-4.256416262678931,False,5.93063359867452,-2.295986842264919,below
2026-08-31,holdout,AEHL,2026-08-31T12:19:00+00:00,2026-08-31T12:19:02.645065+00:00,6.07,False,3,2026-08-31T12:21:00+00:00,2026-08-31T12:22:00+00:00,True,145,,-0.658978583196046,False,False,down,-0.658978583196046,0.7420910779858525,0.013567631733405267,0.2250021846335865,falling,50.00000000000022,52.708256548219694,2,6.338933375997165,-4.873586101519278,False,5.93063359867452,-1.6478673519980114,below
2026-08-31,holdout,AEHL,2026-08-31T12:19:00+00:00,2026-08-31T12:19:02.645065+00:00,6.07,False,4,2026-08-31T12:22:00+00:00,2026-08-31T12:23:00+00:00,True,113,,-0.3772652388797315,False,False,up,-0.658978583196046,0.5113326299705315,0.011067570436159014,0.1830227784584183,falling,58.550000000000274,54.689017832086606,2,6.338335332605863,-4.594823677246618,False,5.93063359867452,-1.9259876854273994,below
2026-08-31,holdout,AEHL,2026-08-31T12:19:00+00:00,2026-08-31T12:19:02.645065+00:00,6.07,False,5,2026-08-31T12:23:00+00:00,2026-08-31T12:24:00+00:00,True,112,,-0.5420098846787624,False,False,down,-0.658978583196046,0.6501466514193848,0.008207102682142146,0.13594445482337789,falling,53.54999999999994,53.28352594686606,2,6.337599473700081,-4.741534629114719,False,5.93063359867452,-1.7635354942849957,below
2026-08-31,holdout,AEHL,2026-08-31T14:32:00+00:00,2026-08-31T14:32:00.134395+00:00,6.38,False,1,2026-08-31T14:32:00+00:00,2026-08-31T14:33:00+00:00,True,1283,,-0.7836990595611271,False,True,down,-1.5673981191222541,3.537750237601248,0.031569365168920505,0.4987261480082228,rising,60.97560975609754,62.9049535469825,3,6.678118466086122,-5.212822561534248,False,5.92034425283353,-6.47165477356193,below
2026-08-31,holdout,AEHL,2026-08-31T14:32:00+00:00,2026-08-31T14:32:00.134395+00:00,6.38,False,2,2026-08-31T14:33:00+00:00,2026-08-31T14:34:00+00:00,True,1051,,-1.4106583072100332,False,True,down,-1.5673981191222541,2.6936456685358285,0.02881168898187765,0.45805546871029656,falling,51.21951219512192,59.532745185568935,2,6.675172580402705,-5.7702265486515465,False,5.92034425283353,-5.87687992315532,below
2026-08-31,holdout,AEHL,2026-08-31T14:32:00+00:00,2026-08-31T14:32:00.134395+00:00,6.38,False,3,2026-08-31T14:34:00+00:00,2026-08-31T14:35:00+00:00,True,585,,-1.2539184952978122,False,True,down,-2.037617554858928,1.1128552827936542,0.026024793924421415,0.41309196705430823,falling,53.65853658536577,60.108496126101976,3,6.673903674555162,-5.602473346756598,False,5.92034425283353,-6.026281701055069,below
2026-08-31,holdout,AEHL,2026-08-31T14:32:00+00:00,2026-08-31T14:32:00.134395+00:00,6.38,False,4,2026-08-31T14:35:00+00:00,2026-08-31T14:36:00+00:00,True,498,,-2.037617554858928,False,False,down,-2.5078369905956133,0.8897920927808413,0.01947730309040349,0.31163684944645587,falling,41.46341463414631,55.831261806012634,1,6.672798242908164,-6.336146059226544,False,5.92034425283353,-5.274491954663518,below
2026-08-31,holdout,AEHL,2026-08-31T14:32:00+00:00,2026-08-31T14:32:00.134395+00:00,6.38,False,5,2026-08-31T14:36:00+00:00,2026-08-31T14:37:00+00:00,True,282,,-2.1943573667711602,False,False,up,-2.6645768025078342,0.6498666937317134,0.013424287806328893,0.21513281740911686,falling,39.02439024390246,54.98848301386529,0,6.6719061482802084,-6.473504552991038,False,5.92034425283353,-5.12268825587292,below
2026-08-31,holdout,AEHL,2026-08-31T15:23:00+00:00,2026-08-31T15:23:00.894675+00:00,6.46,False,1,2026-08-31T15:23:00+00:00,2026-08-31T15:24:00+00:00,True,322,,-1.393188854489158,False,False,down,-2.4767801857585203,0.7976422512343669,0.02367055729097272,0.3715943059807334,rising,68.49315068493162,56.677145768158155,3,6.641752197692757,-4.091573873941867,False,6.0996823793991775,-4.243604719008209,below
2026-08-31,holdout,AEHL,2026-08-31T15:23:00+00:00,2026-08-31T15:23:00.894675+00:00,6.46,False,2,2026-08-31T15:24:00+00:00,2026-08-31T15:25:00+00:00,True,225,,-1.147058823529401,False,False,up,-2.4767801857585203,0.5986973009321614,0.023620545459935145,0.36988592774605217,falling,74.2249459264602,57.779136384871016,3,6.641499805448881,-3.848525377342926,False,6.0996823793991775,-4.4820247827373265,below
2026-08-31,holdout,AEHL,2026-08-31T15:23:00+00:00,2026-08-31T15:23:00.894675+00:00,6.46,False,3,2026-08-31T15:25:00+00:00,2026-08-31T15:26:00+00:00,True,341,,-2.501547987616104,False,False,down,-3.2507739938080538,1.0557236824705967,0.016816796420132323,0.26700108630973457,falling,42.6820475847153,50.209994882069225,0,6.640955684481697,-5.158228736297199,False,6.0996823793991775,-3.155049228388518,below
2026-08-31,holdout,AEHL,2026-08-31T15:23:00+00:00,2026-08-31T15:23:00.894675+00:00,6.46,False,4,2026-08-31T15:26:00+00:00,2026-08-31T15:27:00+00:00,True,225,,-2.0758513931888545,False,False,up,-3.4055727554179516,0.9985598327038538,0.013437301965139424,0.21241723652190872,falling,52.59552992069217,52.323900624923745,2,6.640474121520415,-4.7372238151029755,False,6.0996823793991775,-3.576054325879674,below
2026-08-31,holdout,AEHL,2026-08-31T15:23:00+00:00,2026-08-31T15:23:00.894675+00:00,6.46,False,5,2026-08-31T15:27:00+00:00,2026-08-31T15:28:00+00:00,True,169,,-3.095975232198145,False,False,down,-3.5603715170278605,0.8648710678441818,0.006390026498915578,0.1020771006216546,falling,26.17801047120402,47.157033114327994,0,6.640056299614116,-5.723690921659852,False,6.0996823793991775,-2.5609843546457234,below
2026-08-31,holdout,AEHL,2026-08-31T18:15:00+00:00,2026-08-31T18:15:03.000092+00:00,6.34,False,1,2026-08-31T18:15:00+00:00,2026-08-31T18:16:00+00:00,True,263,,-0.7902208201892691,False,False,down,-1.4195583596214534,1.3502599331600444,0.026126166285440233,0.41536695790776057,falling,78.21739130434796,59.81941816052075,3,6.814757323173209,-7.701775694762603,False,6.039663113610061,-3.978392126900898,below
2026-08-31,holdout,AEHL,2026-08-31T18:15:00+00:00,2026-08-31T18:15:03.000092+00:00,6.34,False,2,2026-08-31T18:16:00+00:00,2026-08-31T18:17:00+00:00,True,295,,-0.7886435331230235,False,False,up,-1.4195583596214534,1.2668354077651869,0.02415203135063355,0.38397506121833946,falling,78.26086956521742,59.827031985302284,3,6.814377266454686,-7.695160481296681,False,6.039663113610061,-3.9799187025427507,below
2026-08-31,holdout,AEHL,2026-08-31T18:15:00+00:00,2026-08-31T18:15:03.000092+00:00,6.34,False,3,2026-08-31T18:17:00+00:00,2026-08-31T18:18:00+00:00,True,152,,-1.340694006309151,False,False,down,-1.4195583596214534,0.6336699023299777,0.019346199186358923,0.30929175357887967,falling,63.043478260869506,55.8388424363042,2,6.814186092153477,-8.206205181237703,False,6.039663113610061,-3.442636073380323,below
2026-08-31,holdout,AEHL,2026-08-31T18:15:00+00:00,2026-08-31T18:15:03.000092+00:00,6.34,False,4,2026-08-31T18:18:00+00:00,2026-08-31T18:19:00+00:00,True,166,,-1.104100946372244,False,False,up,-1.4195583596214534,0.6050205653250604,0.016164233010661177,0.25780275934068864,falling,69.56521739130416,57.15699640463109,2,6.814008410761552,-7.98367683113489,False,6.044334331334681,-3.5991334715361867,below
2026-08-31,holdout,AEHL,2026-08-31T18:15:00+00:00,2026-08-31T18:15:03.000092+00:00,6.34,False,5,2026-08-31T18:19:00+00:00,2026-08-31T18:20:00+00:00,True,211,,-1.348580441640379,False,False,up,-1.7350157728706517,0.623536137801302,0.012183598198811214,0.19479731711265832,falling,62.8260869565218,55.31948950312866,0,6.813820434660224,-8.208617177745081,False,6.045967465067745,-3.334119992521467,below
2026-08-31,holdout,AEHL,2026-08-31T19:57:00+00:00,2026-08-31T19:57:00.065697+00:00,6.53,False,1,2026-08-31T19:57:00+00:00,2026-08-31T19:58:00+00:00,True,763,,0.15313935681469104,True,True,up,-0.45941807044410643,2.6307069697726706,0.017620829715320918,0.2694316470232556,rising,72.49999999999994,60.50584829695239,3,6.7905396557786455,-3.689539690198851,False,6.16874289019818,-5.6767142171532115,below
2026-08-31,holdout,AEHL,2026-08-31T19:57:00+00:00,2026-08-31T19:57:00.065697+00:00,6.53,False,2,2026-08-31T19:58:00+00:00,2026-08-31T19:59:00+00:00,True,498,,-0.15313935681471325,False,True,down,-1.5298621745788665,1.0617315647387249,0.019441912231095104,0.29818883790023165,rising,67.49999999999983,58.681162034605464,3,6.790299305793028,-3.980668503999929,False,6.16874289019818,-5.387378984690483,below
2026-08-31,holdout,AEHL,2026-08-31T19:57:00+00:00,2026-08-31T19:57:00.065697+00:00,6.53,False,3,2026-08-31T19:59:00+00:00,2026-08-31T20:00:00+00:00,True,413,,-0.8422664624808673,False,False,down,-1.8376722817764146,1.7164569888766104,0.01666021461837662,0.2573006118668204,falling,56.24999999999986,54.685144255983374,3,6.789859017728289,-4.637195218725365,False,6.16874289019818,-4.72983953361884,below
2026-08-31,holdout,AEHL,2026-08-31T19:57:00+00:00,2026-08-31T19:57:00.065697+00:00,6.53,False,4,2026-08-31T20:00:00+00:00,2026-08-31T20:01:00+00:00,False,0,"strategy_bar,trade_prints",,,,,-1.8376722817764146,,,,,,,,,,,,,
2026-08-31,holdout,AEHL,2026-08-31T19:57:00+00:00,2026-08-31T19:57:00.065697+00:00,6.53,False,5,2026-08-31T20:01:00+00:00,2026-08-31T20:02:00+00:00,False,0,"strategy_bar,trade_prints",,,,,-1.8376722817764146,,,,,,,,,,,,,
2026-08-31,holdout,NCRA,2026-08-31T16:25:00+00:00,2026-08-31T16:25:00.397911+00:00,3.05,False,1,2026-08-31T16:25:00+00:00,2026-08-31T16:26:00+00:00,True,2962,,-2.6229508196721207,False,True,down,-3.2786885245901565,2.8493112365602595,0.022713329426047923,0.7647585665336001,falling,56.04395604395611,58.21832509067503,1,2.7210773238984394,9.147945702069716,True,2.7416577982062527,-7.688289622685107,below
2026-08-31,holdout,NCRA,2026-08-31T16:25:00+00:00,2026-08-31T16:25:00.397911+00:00,3.05,False,2,2026-08-31T16:26:00+00:00,2026-08-31T16:27:00+00:00,True,2659,,-7.209836065573771,False,False,down,-9.180327868852455,1.977403218605233,0.00919895526668539,0.3250399373409205,falling,20.024999999999963,47.40678423538212,0,2.7223051750419818,3.9596892349277324,True,2.7416577982062527,-3.1250557151248026,below
2026-08-31,holdout,NCRA,2026-08-31T16:25:00+00:00,2026-08-31T16:25:00.397911+00:00,3.05,False,3,2026-08-31T16:27:00+00:00,2026-08-31T16:28:00+00:00,True,1100,,-7.540983606557372,False,False,down,-9.180327868852455,0.8435501951280014,-0.0006815543534873236,-0.024168594095295166,falling,17.499999999999964,46.732052579283774,0,2.7226637404973912,3.5750378592409815,True,2.7416577982062527,-2.778092262189613,below
2026-08-31,holdout,NCRA,2026-08-31T16:25:00+00:00,2026-08-31T16:25:00.397911+00:00,3.05,False,4,2026-08-31T16:28:00+00:00,2026-08-31T16:29:00+00:00,True,601,,-6.229508196721312,False,False,up,-9.180327868852455,0.3316567214313235,-0.004567657081593214,-0.15970828956619632,falling,25.641025641025657,49.78055007051227,1,2.722814985440097,5.038352414449099,True,2.7416577982062527,-4.137839223557593,below
2026-08-31,holdout,NCRA,2026-08-31T16:25:00+00:00,2026-08-31T16:25:00.397911+00:00,3.05,False,5,2026-08-31T16:29:00+00:00,2026-08-31T16:30:00+00:00,True,632,,-4.2622950819672045,False,False,up,-9.180327868852455,0.473548402575174,-0.003206101883438603,-0.10979800970680148,rising,39.4736842105263,54.03033687002133,3,2.7231303608698174,7.229534140528582,True,2.7416577982062527,-6.107609650470803,below
2026-08-31,holdout,NCRA,2026-08-31T18:36:00+00:00,2026-08-31T18:36:02.717829+00:00,2.99,False,1,2026-08-31T18:36:00+00:00,2026-08-31T18:37:00+00:00,True,578,,0.0,False,True,flat,-1.0033444816053616,4.047526244673111,0.014976932830740426,0.5009007635699139,rising,79.16666666666676,62.43373941691253,3,2.751886426733706,8.652739842498459,True,2.7676605512718835,-7.4361019641510655,below
2026-08-31,holdout,NCRA,2026-08-31T18:36:00+00:00,2026-08-31T18:36:02.717829+00:00,2.99,False,2,2026-08-31T18:37:00+00:00,2026-08-31T18:38:00+00:00,True,290,,-0.16722408026756952,False,True,down,-1.3377926421404673,2.427468103383436,0.017721611215888715,0.5936888179527208,rising,77.0833333333333,61.64915923923309,3,2.7521701024684253,8.459865809992962,True,2.7676605512718835,-7.281053558730866,below
2026-08-31,holdout,NCRA,2026-08-31T18:36:00+00:00,2026-08-31T18:36:02.717829+00:00,2.99,False,3,2026-08-31T18:38:00+00:00,2026-08-31T18:39:00+00:00,True,213,,-0.6655518394648952,False,True,down,-1.3377926421404673,1.1791141241208793,0.01764272873002412,0.5940112699917215,falling,70.87499999999999,59.25928346205257,3,2.7523083370651347,7.913054653139007,True,2.7676605512718835,-6.815913562779585,below
2026-08-31,holdout,NCRA,2026-08-31T18:36:00+00:00,2026-08-31T18:36:02.717829+00:00,2.99,False,4,2026-08-31T18:39:00+00:00,2026-08-31T18:40:00+00:00,True,282,,-0.6688963210702337,False,True,flat,-2.341137123745829,1.9405603435906755,0.0167025182188971,0.5623743508046162,falling,70.83333333333341,59.24268448540669,3,2.752524764876957,7.900936547350734,True,2.7676605512718835,-6.812776051451741,below
2026-08-31,holdout,NCRA,2026-08-31T18:36:00+00:00,2026-08-31T18:36:02.717829+00:00,2.99,False,5,2026-08-31T18:40:00+00:00,2026-08-31T18:41:00+00:00,True,150,,-1.0033444816053616,False,False,down,-2.341137123745829,0.5491304271983533,0.01460186808746256,0.4933063543061676,falling,66.66666666666667,57.50793264538918,0,2.7525856550792245,7.535254880735254,True,2.7676605512718835,-6.4979543489228515,below
2026-08-31,holdout,NCRA,2026-08-31T19:12:00+00:00,2026-08-31T19:12:02.357047+00:00,3.06,True,1,2026-08-31T19:12:00+00:00,2026-08-31T19:13:00+00:00,True,802,,-1.1633986928104578,False,False,down,-1.9607843137254943,1.8430466763582813,0.023926689191550686,0.791121848682406,falling,60.10958904109588,61.625955693958026,3,2.759015520221264,9.618810689308944,True,2.7067070290461315,-10.504330477247336,below
2026-08-31,holdout,NCRA,2026-08-31T19:12:00+00:00,2026-08-31T19:12:02.357047+00:00,3.06,True,2,2026-08-31T19:13:00+00:00,2026-08-31T19:14:00+00:00,True,531,,-1.637254901960783,False,False,down,-2.614379084967322,1.4038837404103122,0.021583084717867136,0.7170698268336867,falling,56.136986301369866,59.88411915698286,2,2.759428279775922,9.076942570307246,True,2.7067070290461315,-10.073190835372225,below
2026-08-31,holdout,NCRA,2026-08-31T19:12:00+00:00,2026-08-31T19:12:02.357047+00:00,3.06,True,3,2026-08-31T19:14:00+00:00,2026-08-31T19:15:00+00:00,True,656,,-0.6535947712418277,False,True,up,-3.2647058823529362,1.6625135804340685,0.020778062236183153,0.68348888934813,falling,64.38356164383562,62.26826945372015,3,2.7599655422543794,10.146302678724183,True,2.7195884148716196,-10.539854773959878,below
2026-08-31,holdout,NCRA,2026-08-31T19:12:00+00:00,2026-08-31T19:12:02.357047+00:00,3.06,True,4,2026-08-31T19:15:00+00:00,2026-08-31T19:16:00+00:00,True,424,,-1.3071895424836666,False,False,down,-3.2647058823529362,0.9149890173157192,0.01773497138445304,0.5872507080944716,falling,58.90410958904109,59.72820383928764,1,2.7602592521186886,9.410012761733967,True,2.721670731897296,-9.878452586182252,below
2026-08-31,holdout,NCRA,2026-08-31T19:12:00+00:00,2026-08-31T19:12:02.357047+00:00,3.06,True,5,2026-08-31T19:16:00+00:00,2026-08-31T19:17:00+00:00,True,301,,-1.6339869281045805,False,False,down,-3.2647058823529362,0.880239818226949,0.01404638153886053,0.46665719398207745,falling,54.28571428571425,58.4444663491224,0,2.760529471939325,9.037053601366441,True,2.7294765855178365,-9.319714766849286,below
2026-08-31,holdout,NCRA,2026-08-31T19:57:00+00:00,2026-08-31T19:57:03.370460+00:00,2.89,False,1,2026-08-31T19:57:00+00:00,2026-08-31T19:58:00+00:00,True,454,,1.038062283737018,True,True,up,-0.692041522491349,4.26298362652517,0.020443592377911823,0.7001230266408159,rising,75.99999999999997,63.565759706166666,3,2.763048612404561,5.680370113316657,True,2.6825797087632046,-8.130831891671075,below
2026-08-31,holdout,NCRA,2026-08-31T19:57:00+00:00,2026-08-31T19:57:03.370460+00:00,2.89,False,2,2026-08-31T19:58:00+00:00,2026-08-31T19:59:00+00:00,True,272,,0.31141868512110094,True,True,down,-0.692041522491349,1.0258402343981354,0.020690102260881107,0.7136979048251503,rising,67.60000000000002,59.783353771811136,3,2.7631311514932575,4.917205918123568,True,2.6825797087632046,-7.465342919516916,below
2026-08-31,holdout,NCRA,2026-08-31T19:57:00+00:00,2026-08-31T19:57:03.370460+00:00,2.89,False,3,2026-08-31T19:59:00+00:00,2026-08-31T20:00:00+00:00,True,426,,-3.114186851211087,False,True,down,-3.114186851211087,2.643379366368806,0.013571450380456372,0.4846946564448704,falling,18.14461118690306,45.91315672197409,0,2.763242005859602,1.3302488186865524,True,2.6825797087632046,-4.19358182988554,below
2026-08-31,holdout,NCRA,2026-08-31T19:57:00+00:00,2026-08-31T19:57:03.370460+00:00,2.89,False,4,2026-08-31T20:00:00+00:00,2026-08-31T20:01:00+00:00,False,0,"strategy_bar,trade_prints",,,,,-3.114186851211087,,,,,,,,,,,,,
2026-08-31,holdout,NCRA,2026-08-31T19:57:00+00:00,2026-08-31T19:57:03.370460+00:00,2.89,False,5,2026-08-31T20:01:00+00:00,2026-08-31T20:02:00+00:00,False,0,"strategy_bar,trade_prints",,,,,-3.114186851211087,,,,,,,,,,,,,
2026-08-31,holdout,RDHL,2026-08-31T14:40:00+00:00,2026-08-31T14:40:02.694482+00:00,1.13,True,1,2026-08-31T14:40:00+00:00,2026-08-31T14:41:00+00:00,True,407,,-0.9911504424778617,False,False,down,-1.7699115044247593,1.1864414430801316,0.008530807066881323,0.7624961625743049,rising,84.00000000000014,56.42569835520945,3,1.3951453226116868,-19.807637106532628,False,1.0389726092282665,-7.135090344273642,below
2026-08-31,holdout,RDHL,2026-08-31T14:40:00+00:00,2026-08-31T14:40:02.694482+00:00,1.13,True,2,2026-08-31T14:41:00+00:00,2026-08-31T14:42:00+00:00,True,466,,-2.725663716814153,False,False,down,-3.539823008849541,0.9727826217833867,0.006971275640252608,0.634213577169997,falling,55.999999999999986,51.072699693661036,2,1.3943729125665572,-21.16886450578319,False,1.0389726092282665,-5.479202217224655,below
2026-08-31,holdout,RDHL,2026-08-31T14:40:00+00:00,2026-08-31T14:40:02.694482+00:00,1.13,True,3,2026-08-31T14:42:00+00:00,2026-08-31T14:43:00+00:00,True,179,,-3.530973451327424,False,False,down,-3.539823008849541,0.3045804965972473,0.005095377902366967,0.4674229797602941,falling,38.61538461538483,48.75982382943017,0,1.3941317374246172,-21.807963283746457,False,1.0389726092282665,-4.690156019790259,below
2026-08-31,holdout,RDHL,2026-08-31T14:40:00+00:00,2026-08-31T14:40:02.694482+00:00,1.13,True,4,2026-08-31T14:43:00+00:00,2026-08-31T14:44:00+00:00,True,518,,-4.504424778761063,False,False,down,-5.309734513274322,0.8944377757404395,0.002986658590631338,0.2767731063507866,falling,15.166666666666519,46.04535233329817,0,1.3934408223485633,-22.558605812822407,False,1.0389726092282665,-3.7185979771785282,below
2026-08-31,holdout,RDHL,2026-08-31T14:40:00+00:00,2026-08-31T14:40:02.694482+00:00,1.13,True,5,2026-08-31T14:44:00+00:00,2026-08-31T14:45:00+00:00,True,265,,-5.309734513274322,False,False,flat,-5.309734513274322,0.44965142213569076,0.0009570001399114127,0.08943926541228155,falling,0.0,43.86954861699806,0,1.3931006208592043,-23.192913420706805,False,1.0389726092282665,-2.899756146890986,below
2026-08-31,holdout,RDHL,2026-08-31T17:03:00+00:00,2026-08-31T17:03:00.466251+00:00,1.1,False,1,2026-08-31T17:03:00+00:00,2026-08-31T17:04:00+00:00,True,676,,2.7272727272727115,True,True,up,-0.909090909090915,5.301652010172189,0.006701007332481317,0.5930094984496741,rising,99.99999999999999,74.71386410058938,3,1.3598495782421316,-16.90257377873049,False,1.0405726098802957,-7.9139283291773665,below
2026-08-31,holdout,RDHL,2026-08-31T17:03:00+00:00,2026-08-31T17:03:00.466251+00:00,1.1,False,2,2026-08-31T17:04:00+00:00,2026-08-31T17:05:00+00:00,True,697,,0.0,False,True,down,-0.909090909090915,3.763709896574324,0.006921253985436739,0.6292049077669762,rising,70.00000000000016,61.929786794620036,3,1.3589266671890319,-19.053763049968474,False,1.0405726098802957,-5.402490010882222,below
2026-08-31,holdout,RDHL,2026-08-31T17:03:00+00:00,2026-08-31T17:03:00.466251+00:00,1.1,False,3,2026-08-31T17:05:00+00:00,2026-08-31T17:06:00+00:00,True,328,,0.0,False,True,down,-0.909090909090915,1.4951550866467462,0.0066608770758103935,0.6055342796191266,falling,70.00000000000016,61.92978679462004,3,1.3585294704194608,-19.030096589633562,False,1.0405726098802957,-5.402490010882222,below
2026-08-31,holdout,RDHL,2026-08-31T17:03:00+00:00,2026-08-31T17:03:00.466251+00:00,1.1,False,4,2026-08-31T17:06:00+00:00,2026-08-31T17:07:00+00:00,True,236,,-0.20000000000000018,False,True,down,-0.909090909090915,0.7960539197048344,0.005957323669627244,0.542660199455934,falling,67.80000000000017,61.04147787550776,2,1.3583165102686612,-19.179367128294246,False,1.0405726098802957,-5.212915842567356,below
2026-08-31,holdout,RDHL,2026-08-31T17:03:00+00:00,2026-08-31T17:03:00.466251+00:00,1.1,False,5,2026-08-31T17:07:00+00:00,2026-08-31T17:08:00+00:00,True,154,,-0.909090909090915,False,False,down,-0.909090909090915,0.5385690343214702,0.0046419203902121516,0.42586425598276617,falling,60.000000000000135,57.871987476875994,0,1.3581697066747809,-19.744933593854263,False,1.0405726098802957,-4.534622946761879,below
2026-08-31,holdout,WETO,2026-08-31T16:21:00+00:00,2026-08-31T16:21:00.121548+00:00,10.7,True,1,2026-08-31T16:21:00+00:00,2026-08-31T16:22:00+00:00,True,708,,-3.712149532710274,False,False,down,-3.738317757009335,2.085047769043684,0.04354935462721288,0.4226943610204302,rising,47.01880752300916,42.442109802698454,3,10.979029392662357,-6.159282104794284,False,9.766340891484186,-5.206925384515026,below
2026-08-31,holdout,WETO,2026-08-31T16:21:00+00:00,2026-08-31T16:21:00.121548+00:00,10.7,True,2,2026-08-31T16:22:00+00:00,2026-08-31T16:23:00+00:00,True,510,,-5.186915887850462,False,False,down,-5.607476635514019,0.916207894662164,0.03502881976685002,0.34528161426170545,falling,25.970388155262036,39.046868267073556,2,10.978127999178879,-7.588980555165636,False,9.766340891484186,-3.732470266296839,below
2026-08-31,holdout,WETO,2026-08-31T16:21:00+00:00,2026-08-31T16:21:00.121548+00:00,10.7,True,3,2026-08-31T16:23:00+00:00,2026-08-31T16:24:00+00:00,True,394,,-4.672897196261683,False,False,up,-5.793457943925229,0.522315926395711,0.03365555541675144,0.32995642565442596,falling,33.30665599573153,40.82376192589893,2,10.977624879942747,-7.083726110586531,False,9.766340891484186,-4.25155988740994,below
2026-08-31,holdout,WETO,2026-08-31T16:21:00+00:00,2026-08-31T16:21:00.121548+00:00,10.7,True,4,2026-08-31T16:24:00+00:00,2026-08-31T16:25:00+00:00,True,292,,-5.046728971962611,False,False,up,-5.793457943925229,0.27924581050639513,0.030694664662001436,0.30211284116143144,falling,27.971188475390168,39.9124731159889,1,10.977343914688586,-7.4457347883116975,False,9.766340891484186,-3.874597524761958,below
2026-08-31,holdout,WETO,2026-08-31T16:21:00+00:00,2026-08-31T16:21:00.121548+00:00,10.7,True,5,2026-08-31T16:25:00+00:00,2026-08-31T16:26:00+00:00,True,247,,-5.5140186915887845,False,False,down,-5.793457943925229,0.2575308086779287,0.026185759232415534,0.2590084988369489,falling,21.301854074963224,38.748110532342935,0,10.977076438455285,-7.898974224299948,False,9.766340891484186,-3.3991998864076556,below
2026-08-31,holdout,WETO,2026-08-31T16:47:00+00:00,2026-08-31T16:47:00.029010+00:00,10.42,False,1,2026-08-31T16:47:00+00:00,2026-08-31T16:48:00+00:00,True,1067,,1.2466410748560364,True,True,up,-0.8637236084452993,1.3484696975355002,0.09652267156335702,0.9149155116480443,rising,93.57692307692302,64.33279001123111,3,10.945730479340227,-3.616300255952287,False,9.843469699916502,-6.696085271741881,below
2026-08-31,holdout,WETO,2026-08-31T16:47:00+00:00,2026-08-31T16:47:00.029010+00:00,10.42,False,2,2026-08-31T16:48:00+00:00,2026-08-31T16:49:00+00:00,True,1361,,3.3579654510556667,True,True,up,-0.8637236084452993,1.7563584719323342,0.1164891071602816,1.0816173516957595,rising,91.3365384615385,68.9019792629957,3,10.944943128283743,-1.5993059647007146,False,9.954792759933202,-7.568382622557291,below
2026-08-31,holdout,WETO,2026-08-31T16:47:00+00:00,2026-08-31T16:47:00.029010+00:00,10.42,False,3,2026-08-31T16:49:00+00:00,2026-08-31T16:50:00+00:00,True,2212,,3.9779270633397257,True,True,up,-0.8637236084452993,3.615930525828467,0.12744729374204516,1.1763098780935453,rising,79.25781250000003,70.11271937201367,3,10.944497735413433,-1.0050505566601808,False,9.954792759933202,-8.119500115988721,below
2026-08-31,holdout,WETO,2026-08-31T16:47:00+00:00,2026-08-31T16:47:00.029010+00:00,10.42,False,4,2026-08-31T16:50:00+00:00,2026-08-31T16:51:00+00:00,True,1586,,5.854126679462568,True,True,up,-0.8637236084452993,1.6991611138181029,0.1402480921430859,1.2715148879699538,rising,92.36641221374036,73.47801439424003,3,10.944681042271862,0.7795472284537919,True,10.08294136635725,-8.586207013986847,below
2026-08-31,holdout,WETO,2026-08-31T16:47:00+00:00,2026-08-31T16:47:00.029010+00:00,10.42,False,5,2026-08-31T16:51:00+00:00,2026-08-31T16:52:00+00:00,True,1172,,7.869481765834929,True,True,up,-0.8637236084452993,1.4975124378109452,0.15413846728471736,1.3713386769102969,rising,99.3002099370189,76.53450881557066,3,10.945352332994245,2.691988873830531,True,10.307353093085801,-8.297570346211735,below
2026-08-31,holdout,YDDL,2026-08-31T12:12:00+00:00,2026-08-31T12:12:00.048820+00:00,2.39,False,1,2026-08-31T12:12:00+00:00,2026-08-31T12:13:00+00:00,True,226,,-0.8410041841004245,False,False,down,-1.673640167364021,2.0472847935677367,0.00843850547281743,0.356070107296402,rising,83.24999999999983,52.82262102247652,3,2.430349954926497,-2.4872942599875714,False,2.2639011237435764,-4.472715146479745,below
2026-08-31,holdout,YDDL,2026-08-31T12:12:00+00:00,2026-08-31T12:12:00.048820+00:00,2.39,False,2,2026-08-31T12:13:00+00:00,2026-08-31T12:14:00+00:00,True,132,,-1.2552301255230214,False,False,down,-1.673640167364021,0.6518484246782206,0.007755003838406167,0.3286018575595834,falling,74.99999999999982,51.04726417222216,3,2.4301169826148574,-2.88533363276241,False,2.2639011237435764,-4.071986282051842,below
2026-08-31,holdout,YDDL,2026-08-31T12:12:00+00:00,2026-08-31T12:12:00.048820+00:00,2.39,False,3,2026-08-31T12:14:00+00:00,2026-08-31T12:15:00+00:00,True,163,,-1.673640167364021,False,False,down,-1.673640167364021,1.6611469144534534,0.00637498372919168,0.27127590336985874,falling,60.0,49.246765066822356,0,2.429435003627065,-3.269690422195748,False,2.2639011237435764,-3.6637819683584483,below
2026-08-31,holdout,YDDL,2026-08-31T12:12:00+00:00,2026-08-31T12:12:00.048820+00:00,2.39,False,4,2026-08-31T12:15:00+00:00,2026-08-31T12:16:00+00:00,True,81,,-2.092050209205032,False,False,down,-2.092050209205032,0.45053650065124357,0.0046162123908304094,0.19727403379617134,falling,49.99999999999978,47.44461061703281,0,2.4292314793620102,-3.6732390519426894,False,2.2639011237435764,-3.2520887289069877,below
2026-08-31,holdout,YDDL,2026-08-31T12:12:00+00:00,2026-08-31T12:12:00.048820+00:00,2.39,False,5,2026-08-31T12:16:00+00:00,2026-08-31T12:17:00+00:00,True,129,,-2.092050209205032,False,False,down,-2.5104602510460317,0.6733615221987315,0.0033399001758334813,0.14273077674502058,falling,28.57142857142848,47.44461061703281,0,2.428917381874272,-3.660782476086488,False,2.2639011237435764,-3.2520887289069877,below
2026-08-31,holdout,YDDL,2026-08-31T13:35:00+00:00,2026-08-31T13:35:00.171569+00:00,2.57,False,1,2026-08-31T13:35:00+00:00,2026-08-31T13:36:00+00:00,True,3634,,-4.280155642023342,False,True,down,-4.280155642023342,5.562708776191922,0.004579097020517439,0.18614215530558695,falling,46.031746031746046,51.69767775324561,3,2.4371348473378824,0.9381980930227796,True,2.246055753172574,-8.696920602740887,below
2026-08-31,holdout,YDDL,2026-08-31T13:35:00+00:00,2026-08-31T13:35:00.171569+00:00,2.57,False,2,2026-08-31T13:36:00+00:00,2026-08-31T13:37:00+00:00,True,1426,,-6.03112840466925,False,False,down,-9.338521400778198,1.8316976613990743,0.0003345542078359784,0.013853176307908006,falling,31.74603174603178,47.681868358098434,2,2.4361990521002346,-0.8701691301438941,False,2.246055753172574,-6.9956209866428924,below
2026-08-31,holdout,YDDL,2026-08-31T13:35:00+00:00,2026-08-31T13:35:00.171569+00:00,2.57,False,3,2026-08-31T13:37:00+00:00,2026-08-31T13:38:00+00:00,True,1051,,-4.6692607003890885,False,False,up,-9.338521400778198,1.3577626456932295,-0.00018434828686378357,-0.007524419871991166,falling,42.85714285714294,50.87795613937567,2,2.4363431735728045,0.560546091180103,True,2.246055753172574,-8.324254972547996,below
2026-08-31,holdout,YDDL,2026-08-31T13:35:00+00:00,2026-08-31T13:35:00.171569+00:00,2.57,False,4,2026-08-31T13:38:00+00:00,2026-08-31T13:39:00+00:00,True,961,,-3.8910505836575737,False,True,up,-9.338521400778198,1.239311602121866,0.0007022653280884354,0.028431794659450827,rising,49.206349206349294,52.65771957743653,3,2.437618654497746,1.3284007915884022,True,2.246055753172574,-9.066568697466638,below
2026-08-31,holdout,YDDL,2026-08-31T13:35:00+00:00,2026-08-31T13:35:00.171569+00:00,2.57,False,5,2026-08-31T13:39:00+00:00,2026-08-31T13:40:00+00:00,True,684,,-2.7237354085603016,False,False,up,-9.338521400778198,0.9588019225139987,0.0030599274938837157,0.12239709975534863,rising,58.73015873015876,55.27535236742226,3,2.438555238561426,2.5197198926205866,True,2.246055753172574,-10.157769873097033,below
2026-08-31,holdout,YDDL,2026-08-31T19:40:00+00:00,2026-08-31T19:40:00.885075+00:00,2.28,True,1,2026-08-31T19:40:00+00:00,2026-08-31T19:41:00+00:00,True,111,,-0.46491228070174584,False,True,down,-1.3157894736842035,2.766945062324254,0.004981747790957293,0.2195182775604694,rising,69.40000000000015,60.95785886041865,3,2.3503193908174147,-3.442910403307853,False,2.2027699067546385,-2.9360224396475565,below
2026-08-31,holdout,YDDL,2026-08-31T19:40:00+00:00,2026-08-31T19:40:00.885075+00:00,2.28,True,2,2026-08-31T19:41:00+00:00,2026-08-31T19:42:00+00:00,True,66,,0.0,False,True,up,-1.3157894736842035,1.0562886139206926,0.005487599604113145,0.24068419316285727,rising,79.99999999999991,64.01537741858269,3,2.350285106869485,-2.990492798684463,False,2.2027699067546385,-3.3872847914632187,below
2026-08-31,holdout,YDDL,2026-08-31T19:40:00+00:00,2026-08-31T19:40:00.885075+00:00,2.28,True,3,2026-08-31T19:42:00+00:00,2026-08-31T19:43:00+00:00,True,97,,-0.43859649122806044,False,True,down,-1.3157894736842035,0.927553963121559,0.004844768116099807,0.21342590819822937,falling,70.00000000000009,59.297459509725755,2,2.350254319681244,-3.4147078896605843,False,2.2027699067546385,-2.9616781165357486,below
2026-08-31,holdout,YDDL,2026-08-31T19:40:00+00:00,2026-08-31T19:40:00.885075+00:00,2.28,True,4,2026-08-31T19:43:00+00:00,2026-08-31T19:44:00+00:00,True,48,,-0.6578947368420907,False,False,down,-1.3157894736842035,0.7806286478491529,0.0038237085899925118,0.16881715629106012,falling,56.25000000000017,57.03409093831278,0,2.3502271117034077,-3.62633514348476,False,2.2027699067546385,-2.747465485446432,below
2026-08-31,holdout,YDDL,2026-08-31T19:40:00+00:00,2026-08-31T19:40:00.885075+00:00,2.28,True,5,2026-08-31T19:44:00+00:00,2026-08-31T19:45:00+00:00,True,86,,0.0,False,True,up,-1.3157894736842035,1.0595189056108518,0.003886746955702172,0.17047135770623562,rising,74.99999999999986,61.75088120870893,3,2.350197856237237,-2.9868913398477415,False,2.2027699067546385,-3.3872847914632187,below
2026-09-01,holdout,BIAF,2026-09-01T13:03:00+00:00,2026-09-01T13:03:00.041311+00:00,6.71,False,1,2026-09-01T13:03:00+00:00,2026-09-01T13:04:00+00:00,True,1780,,-3.427719821162434,False,True,down,-4.3219076005961305,1.9393301493987418,0.050137839093098255,0.7737320847700347,falling,52.63157894736852,50.14681694729854,0,7.119244775779139,-8.979109384663332,False,6.091118778738225,-6.001253414533569,below
2026-09-01,holdout,BIAF,2026-09-01T13:03:00+00:00,2026-09-01T13:03:00.041311+00:00,6.71,False,2,2026-09-01T13:04:00+00:00,2026-09-01T13:05:00+00:00,True,745,,-1.6393442622950838,False,False,up,-4.3219076005961305,1.05656753511107,0.04663654920294377,0.7066143818627845,falling,73.21428571428564,54.30720577716734,2,7.114791446995382,-7.2355100051847865,False,6.091118778738225,-7.710321534269315,below
2026-09-01,holdout,BIAF,2026-09-01T13:03:00+00:00,2026-09-01T13:03:00.041311+00:00,6.71,False,3,2026-09-01T13:05:00+00:00,2026-09-01T13:06:00+00:00,True,399,,-2.064083457526078,False,False,down,-4.3219076005961305,0.4483295156237401,0.04044692530254241,0.6154899992778271,falling,64.30000000000007,53.17226170717405,2,7.113008147189638,-7.612927413890125,False,6.091118778738225,-7.310069561923083,below
2026-09-01,holdout,BIAF,2026-09-01T13:03:00+00:00,2026-09-01T13:03:00.041311+00:00,6.71,False,4,2026-09-01T13:06:00+00:00,2026-09-01T13:07:00+00:00,True,2068,,0.8897168405365141,True,True,up,-4.3219076005961305,2.1609455786427376,0.04727205370205714,0.6982887528554758,rising,87.43750000000006,59.50967131327348,3,7.10596987750281,-4.732216478533424,False,6.091118778738225,-10.023800482470058,below
2026-09-01,holdout,BIAF,2026-09-01T13:03:00+00:00,2026-09-01T13:03:00.041311+00:00,6.71,False,5,2026-09-01T13:07:00+00:00,2026-09-01T13:08:00+00:00,True,2566,,2.8315946348733245,True,True,up,-4.3219076005961305,2.385748320533299,0.05745583025105507,0.8326931920442763,rising,99.99999999999999,63.050036472893765,3,7.100239811692837,-2.8201837825685416,False,6.186800713416941,-10.336221544682012,below
2026-09-01,holdout,BIAF,2026-09-01T15:32:00+00:00,2026-09-01T15:32:00.033934+00:00,6.6,False,1,2026-09-01T15:32:00+00:00,2026-09-01T15:33:00+00:00,True,333,,-1.0606060606060508,False,False,down,-1.5151515151515138,1.4923929111232914,0.026577351358613513,0.40700384928964034,falling,79.41176470588252,59.27324542975467,3,7.200810472168138,-9.315763479137363,False,6.2328861194792005,-4.54998285636753,below
2026-09-01,holdout,BIAF,2026-09-01T15:32:00+00:00,2026-09-01T15:32:00.033934+00:00,6.6,False,2,2026-09-01T15:33:00+00:00,2026-09-01T15:34:00+00:00,True,2474,,2.0515151515151597,True,True,up,-1.5151515151515138,5.726321133297877,0.03665817431380748,0.5442612809010227,rising,87.64818355640544,70.51361271506171,3,7.197090539508794,-6.414960836942651,False,6.260551116466689,-7.050047265690395,below
2026-09-01,holdout,BIAF,2026-09-01T15:32:00+00:00,2026-09-01T15:32:00.033934+00:00,6.6,False,3,2026-09-01T15:34:00+00:00,2026-09-01T15:35:00+00:00,True,1054,,0.7590909090909204,True,True,down,-1.5151515151515138,2.6008836132329067,0.0354672430455846,0.5333339806256236,falling,69.40816326530619,62.766150482412655,2,7.195205541435877,-7.575955103668875,False,6.260551116466689,-5.857789860803764,below
2026-09-01,holdout,BIAF,2026-09-01T15:32:00+00:00,2026-09-01T15:32:00.033934+00:00,6.6,False,4,2026-09-01T15:35:00+00:00,2026-09-01T15:36:00+00:00,True,559,,-0.015151515151501371,False,True,down,-1.5151515151515138,1.5007953646680354,0.029375552266668173,0.4451515724604966,falling,53.25581395348843,58.61157685714113,1,7.193895329595625,-8.269446556279881,False,6.260551116466689,-5.128790476334455,below
2026-09-01,holdout,BIAF,2026-09-01T15:32:00+00:00,2026-09-01T15:32:00.033934+00:00,6.6,False,5,2026-09-01T15:36:00+00:00,2026-09-01T15:37:00+00:00,True,1061,,1.5151515151515138,True,True,up,-1.5151515151515138,1.5419748994791047,0.030171210707599504,0.4503165777253657,rising,73.68421052631588,63.72274884314603,3,7.192692060962824,-6.849897879499533,False,6.260551116466689,-6.558938560198668,below
2026-09-01,holdout,BIAF,2026-09-01T16:43:00+00:00,2026-09-01T16:43:00.089111+00:00,6.59,False,1,2026-09-01T16:43:00+00:00,2026-09-01T16:44:00+00:00,True,254,,-0.5113808801213926,False,False,up,-1.365705614567525,1.0821635515571855,0.026276023713671937,0.4007751889582834,rising,86.01152368758018,62.164011065631314,3,7.146360115952105,-8.256792358322008,False,6.220051196493149,-5.128636632046302,below
2026-09-01,holdout,BIAF,2026-09-01T16:43:00+00:00,2026-09-01T16:43:00.089111+00:00,6.59,False,2,2026-09-01T16:44:00+00:00,2026-09-01T16:45:00+00:00,True,143,,-1.2139605462822445,False,False,down,-1.365705614567525,0.4421617042148327,0.023782022062991934,0.3653152390628561,falling,71.19078104993596,56.92760139774957,3,7.146189150195075,-8.902495257597653,False,6.220051196493149,-4.453898671380207,below
2026-09-01,holdout,BIAF,2026-09-01T16:43:00+00:00,2026-09-01T16:43:00.089111+00:00,6.59,False,3,2026-09-01T16:45:00+00:00,2026-09-01T16:46:00+00:00,True,215,,-0.46585735963580177,False,True,up,-1.365705614567525,0.5772249460841448,0.024146423995304537,0.36812501326825325,rising,86.97183098591569,60.721614503581016,3,7.145974174232414,-8.20985578632365,False,6.255312765755615,-4.634446270857939,below
2026-09-01,holdout,BIAF,2026-09-01T16:43:00+00:00,2026-09-01T16:43:00.089111+00:00,6.59,False,4,2026-09-01T16:46:00+00:00,2026-09-01T16:47:00+00:00,True,88,,-1.2139605462822445,False,False,down,-1.365705614567525,0.3334125611625181,0.019935859128494028,0.30623439521496204,falling,71.19078104993596,55.460605339066674,2,7.145842635436956,-8.898077775793,False,6.255312765755615,-3.912246301757061,below
2026-09-01,holdout,BIAF,2026-09-01T16:43:00+00:00,2026-09-01T16:43:00.089111+00:00,6.59,False,5,2026-09-01T16:47:00+00:00,2026-09-01T16:48:00+00:00,True,207,,0.15022761760243863,True,True,up,-1.954476479514411,0.7752848073745543,0.021916499419629858,0.33207320443688326,rising,92.26923076923067,61.936909679506456,3,7.14555879587379,-7.636334840444969,False,6.2888121700835935,-4.71352338545139,below
2026-09-01,holdout,BIAF,2026-09-01T18:50:00+00:00,2026-09-01T18:50:01.023077+00:00,6.84,False,1,2026-09-01T18:50:00+00:00,2026-09-01T18:51:00+00:00,True,136,,-2.124269005847945,False,False,up,-3.852339181286546,2.0738916256157633,0.02185733898791877,0.32648720611705934,rising,64.57672603073924,56.16612246435664,3,7.114173041660554,-5.896300795666942,False,6.4667582239544945,-3.404809417083743,below
2026-09-01,holdout,BIAF,2026-09-01T18:50:00+00:00,2026-09-01T18:50:01.023077+00:00,6.84,False,2,2026-09-01T18:51:00+00:00,2026-09-01T18:52:00+00:00,True,73,,-2.777777777777768,False,False,down,-3.852339181286546,1.3757141213910509,0.018552157433345966,0.2789798110277589,falling,53.67162722615283,53.004762763768056,2,7.114017082363678,-6.5225747561672325,False,6.4667582239544945,-2.7555154292557282,below
2026-09-01,holdout,BIAF,2026-09-01T18:50:00+00:00,2026-09-01T18:50:01.023077+00:00,6.84,False,3,2026-09-01T18:52:00+00:00,2026-09-01T18:53:00+00:00,True,76,,-2.92397660818714,False,False,flat,-3.852339181286546,0.8107796401660772,0.01488100524878385,0.22411152483108207,falling,48.73044370351361,52.2956066750111,1,7.113922813105687,-6.661905471234508,False,6.4667582239544945,-2.609062892251579,below
2026-09-01,holdout,BIAF,2026-09-01T18:50:00+00:00,2026-09-01T18:50:01.023077+00:00,6.84,False,4,2026-09-01T18:53:00+00:00,2026-09-01T18:54:00+00:00,True,17,,-2.994152046783616,False,False,down,-3.852339181286546,0.28052364413572,0.011470852657951506,0.17287877770001667,falling,47.49935880995129,51.93641617647387,1,7.11389075043805,-6.728958417144282,False,6.4667582239544945,-2.538608874570558,below
2026-09-01,holdout,BIAF,2026-09-01T18:50:00+00:00,2026-09-01T18:50:01.023077+00:00,6.84,False,5,2026-09-01T18:54:00+00:00,2026-09-01T18:55:00+00:00,True,103,,-3.0701754385964897,False,False,down,-3.852339181286546,1.0703679628850737,0.008351383930839566,0.12596355853453342,falling,36.37465898757199,51.52354726758305,0,7.113768396171832,-6.80045187347067,False,6.4667582239544945,-2.4621685678055116,below
2026-09-01,holdout,FLYE,2026-09-01T15:38:00+00:00,2026-09-01T15:38:00.465272+00:00,1.89,False,1,2026-09-01T15:38:00+00:00,2026-09-01T15:39:00+00:00,True,109,,-1.058201058201047,False,False,down,-2.64550264550264,0.7443865959509381,0.007893394463893687,0.4221066558231918,rising,77.77777777777797,55.75419632999542,3,2.230421234710107,-16.159334797444746,False,1.7821123926328126,-4.699872051721254,below
2026-09-01,holdout,FLYE,2026-09-01T15:38:00+00:00,2026-09-01T15:38:00.465272+00:00,1.89,False,2,2026-09-01T15:39:00+00:00,2026-09-01T15:40:00+00:00,True,96,,-1.058201058201047,False,False,down,-2.64550264550264,0.6661177193371675,0.008184822508736634,0.43769104324794833,rising,77.77777777777797,55.75419632999543,3,2.230291142716469,-16.154444404851944,False,1.7821123926328126,-4.699872051721254,below
2026-09-01,holdout,FLYE,2026-09-01T15:38:00+00:00,2026-09-01T15:38:00.465272+00:00,1.89,False,3,2026-09-01T15:40:00+00:00,2026-09-01T15:41:00+00:00,True,99,,-0.5291005291005346,False,False,up,-2.64550264550264,1.1578554286000537,0.008637272309388593,0.45942937815896767,rising,88.88888888888886,57.69551764987086,3,2.2300794989756856,-15.698072608464553,False,1.7853135450280002,-5.036513562340406,below
2026-09-01,holdout,FLYE,2026-09-01T15:38:00+00:00,2026-09-01T15:38:00.465272+00:00,1.89,False,4,2026-09-01T15:41:00+00:00,2026-09-01T15:42:00+00:00,True,148,,-0.005291005291008233,False,False,up,-2.64550264550264,1.6401173102113207,0.009140861403768415,0.4836690514719517,rising,99.88888888888891,59.58601839779937,3,2.2297909937277853,-15.24317726118144,False,1.8001508360224003,-4.748884278406241,below
2026-09-01,holdout,FLYE,2026-09-01T15:38:00+00:00,2026-09-01T15:38:00.465272+00:00,1.89,False,5,2026-09-01T15:42:00+00:00,2026-09-01T15:43:00+00:00,True,102,,-0.2645502645502562,False,True,flat,-2.64550264550264,1.470008685014148,0.008684769347608562,0.46073046936915446,falling,93.4065934065934,58.199719342140455,3,2.2295361245085425,-15.453264951447633,False,1.8055006688179203,-4.217471150242957,below
2026-09-01,holdout,FLYE,2026-09-01T17:49:00+00:00,2026-09-01T17:49:01.716091+00:00,2.06,False,1,2026-09-01T17:49:00+00:00,2026-09-01T17:50:00+00:00,True,287,,1.4563106796116498,True,True,up,-0.4854368932038944,2.591064090233453,0.009232701991270376,0.44175607613733864,rising,100.0,71.12989301533861,3,2.2065180010093,-5.280627710990937,False,1.9803439579799598,-5.246700575121532,below
2026-09-01,holdout,FLYE,2026-09-01T17:49:00+00:00,2026-09-01T17:49:01.716091+00:00,2.06,False,2,2026-09-01T17:50:00+00:00,2026-09-01T17:51:00+00:00,True,345,,1.4563106796116498,True,True,up,-0.4854368932038944,3.2551478262194427,0.011768273872206355,0.5630753048902563,rising,91.66666666666649,71.12989301533861,3,2.2063676904738694,-5.274174879205051,False,1.9803439579799598,-5.246700575121532,below
2026-09-01,holdout,FLYE,2026-09-01T17:49:00+00:00,2026-09-01T17:49:01.716091+00:00,2.06,False,3,2026-09-01T17:51:00+00:00,2026-09-01T17:52:00+00:00,True,200,,0.922330097087376,True,True,down,-0.4854368932038944,1.3334351649055554,0.012043084093155883,0.5792729241537221,rising,82.5000000000001,66.9309259012817,3,2.2063024488231973,-5.769945498229312,False,1.9803439579799598,-4.745360366524309,below
2026-09-01,holdout,FLYE,2026-09-01T17:49:00+00:00,2026-09-01T17:49:01.716091+00:00,2.06,False,4,2026-09-01T17:52:00+00:00,2026-09-01T17:53:00+00:00,True,318,,-1.2135922330097082,False,True,down,-1.9417475728155331,2.2739034296736556,0.008753055167276426,0.4301255610455246,falling,45.83333333333343,53.36146144223017,2,2.206143942776529,-7.757605451670413,False,1.9803439579799598,-2.685800590665377,below
2026-09-01,holdout,FLYE,2026-09-01T17:49:00+00:00,2026-09-01T17:49:01.716091+00:00,2.06,False,5,2026-09-01T17:53:00+00:00,2026-09-01T17:54:00+00:00,True,93,,-1.2135922330097082,False,False,flat,-1.9417475728155331,1.0521014497619543,0.006189150104074682,0.3041351402493701,falling,45.83333333333343,53.36146144223017,0,2.206067517305197,-7.754409870200297,False,1.9803439579799598,-2.685800590665377,below
2026-09-01,holdout,RDAC,2026-09-01T17:47:00+00:00,2026-09-01T17:47:00.019615+00:00,6.41,False,1,2026-09-01T17:47:00+00:00,2026-09-01T17:48:00+00:00,True,775,,0.6240249609984483,True,True,up,-1.146645865834639,8.620487427372595,0.0409187707258468,0.6343995461371597,rising,73.23943661971838,70.23097147111862,3,7.216833838388478,-10.625626910092645,False,5.952772307891397,-7.708956466800043,below
2026-09-01,holdout,RDAC,2026-09-01T17:47:00+00:00,2026-09-01T17:47:00.019615+00:00,6.41,False,2,2026-09-01T17:48:00+00:00,2026-09-01T17:49:00+00:00,True,1211,,4.811232449297975,True,True,up,-1.146645865834639,5.6712055446653595,0.06553671435052066,0.9754809828310411,rising,94.80000000000003,77.60521789973548,3,7.214581328392888,-6.8774791745734865,False,6.083974277050495,-9.443107331351285,below
2026-09-01,holdout,RDAC,2026-09-01T17:47:00+00:00,2026-09-01T17:47:00.019615+00:00,6.41,False,3,2026-09-01T17:49:00+00:00,2026-09-01T17:50:00+00:00,True,555,,3.4430577223088843,True,True,down,-1.146645865834639,3.8598684234294445,0.07176257769348374,1.08227755279961,rising,83.42307692307695,71.3829429417144,3,7.212619642541939,-8.068076113561052,False,6.083974277050495,-8.245369613306364,below
2026-09-01,holdout,RDAC,2026-09-01T17:47:00+00:00,2026-09-01T17:47:00.019615+00:00,6.41,False,4,2026-09-01T17:50:00+00:00,2026-09-01T17:51:00+00:00,True,408,,2.948517940717621,True,True,down,-1.146645865834639,1.8872821776129605,0.06954449912863644,1.053864208647317,falling,79.08819327185354,69.2224657151588,3,7.211468836818213,-8.49298320047156,False,6.083974277050495,-7.8046025602289015,below
2026-09-01,holdout,RDAC,2026-09-01T17:47:00+00:00,2026-09-01T17:47:00.019615+00:00,6.41,False,5,2026-09-01T17:51:00+00:00,2026-09-01T17:52:00+00:00,True,344,,0.7800312012480548,True,True,down,-1.146645865834639,1.3136513978741278,0.055144055397327,0.8536231485654334,falling,60.52112120015794,60.56628349078348,0,7.2105097629215225,-10.408553453194891,False,6.083974277050495,-5.820831624605338,below
2026-09-01,holdout,RDAC,2026-09-01T19:06:00+00:00,2026-09-01T19:06:00.703983+00:00,6.58,False,1,2026-09-01T19:06:00+00:00,2026-09-01T19:07:00+00:00,True,94,,-1.9756838905775065,False,False,down,-3.3434650455926973,2.2416997820792206,0.03284709407587069,0.5092572724941192,rising,64.10256410256416,62.44161173576672,3,7.177895699880543,-10.140795162190175,False,6.146651597386911,-4.703076009505258,below
2026-09-01,holdout,RDAC,2026-09-01T19:06:00+00:00,2026-09-01T19:06:00.703983+00:00,6.58,False,2,2026-09-01T19:07:00+00:00,2026-09-01T19:08:00+00:00,True,45,,-2.1534954407294804,False,False,up,-3.3434650455926973,0.4219450241874161,0.03391852990094273,0.5268243154395219,rising,61.10256410256409,61.15678462785042,2,7.177838733950999,-10.303083718682604,False,6.146651597386911,-4.529897684374584,below
2026-09-01,holdout,RDAC,2026-09-01T19:06:00+00:00,2026-09-01T19:06:00.703983+00:00,6.58,False,3,2026-09-01T19:08:00+00:00,2026-09-01T19:09:00+00:00,True,32,,-2.583586626139811,False,False,down,-3.3434650455926973,0.39298690043665213,0.03118913517012429,0.486569971452797,falling,53.84615384615388,58.04560432405465,2,7.177786349874737,-10.696701078155336,False,6.146651597386911,-4.10839941674086,below
2026-09-01,holdout,RDAC,2026-09-01T19:06:00+00:00,2026-09-01T19:06:00.703983+00:00,6.58,False,4,2026-09-01T19:09:00+00:00,2026-09-01T19:10:00+00:00,True,60,,-2.8875379939209744,False,False,down,-3.5910638297872333,0.64837742734263,0.026679133124817827,0.4175138204196844,falling,48.71794871794863,55.881986184180825,1,7.177695210877208,-10.974208123013096,False,6.146651597386911,-3.808269211472437,below
2026-09-01,holdout,RDAC,2026-09-01T19:06:00+00:00,2026-09-01T19:06:00.703983+00:00,6.58,False,5,2026-09-01T19:10:00+00:00,2026-09-01T19:11:00+00:00,True,41,,-3.3434650455926973,False,False,down,-4.255319148936176,0.9184315370098554,0.02059051889132587,0.32375029703342556,falling,41.02564102564109,52.70828451106304,0,7.177560395822539,-11.390505279459195,False,6.146651597386911,-3.354534632281281,below
2026-09-01,holdout,SSM,2026-09-01T12:52:00+00:00,2026-09-01T12:52:00.103711+00:00,3.8,False,1,2026-09-01T12:52:00+00:00,2026-09-01T12:53:00+00:00,True,211,,-0.2631578947368318,False,True,down,-0.7894736842105177,1.178263896522663,0.024020396717642552,0.6337835545552124,falling,86.66666666666664,58.422056976928424,3,4.006604754749523,-5.40619222529386,False,3.656796359967799,-3.514607916416912,below
2026-09-01,holdout,SSM,2026-09-01T12:52:00+00:00,2026-09-01T12:52:00.103711+00:00,3.8,False,2,2026-09-01T12:53:00+00:00,2026-09-01T12:54:00+00:00,True,228,,0.5263157894736858,True,True,up,-0.7894736842105177,2.2248290681032157,0.024910222879940224,0.6521000753911054,rising,100.0,62.378969019873104,3,4.0046153629213075,-4.610064792505653,False,3.6780776703793916,-3.7152442309059786,below
2026-09-01,holdout,SSM,2026-09-01T12:52:00+00:00,2026-09-01T12:52:00.103711+00:00,3.8,False,3,2026-09-01T12:54:00+00:00,2026-09-01T12:55:00+00:00,True,135,,-0.0026315789473652096,False,True,down,-0.7894736842105177,1.1627307989497517,0.023085123563603958,0.6075192390221836,falling,87.43750000000011,58.37077839670589,3,4.003553281266402,-5.086813312048211,False,3.6780776703793916,-3.2059351462040753,below
2026-09-01,holdout,SSM,2026-09-01T12:52:00+00:00,2026-09-01T12:52:00.103711+00:00,3.8,False,4,2026-09-01T12:55:00+00:00,2026-09-01T12:56:00+00:00,True,95,,-0.5263157894736858,False,False,down,-0.7894736842105177,0.44051089600077314,0.019614184142625148,0.5188937603869087,falling,74.99999999999993,54.62821724447981,1,4.003145846655965,-5.574262222855819,False,3.6780776703793916,-2.6963579264711157,below
2026-09-01,holdout,SSM,2026-09-01T12:52:00+00:00,2026-09-01T12:52:00.103711+00:00,3.8,False,5,2026-09-01T12:56:00+00:00,2026-09-01T12:57:00+00:00,True,74,,-0.7973684210526355,False,False,down,-1.0210526315789448,0.6762045825024203,0.015861561288627063,0.42076455125413337,falling,66.5113182423435,52.7432276578142,0,4.002524280952189,-5.816936128537387,False,3.6780776703793916,-2.430493928445454,below
2026-09-01,holdout,SSM,2026-09-01T13:38:00+00:00,2026-09-01T13:38:00.013530+00:00,4.0,False,1,2026-09-01T13:38:00+00:00,2026-09-01T13:39:00+00:00,True,2122,,0.0,False,True,flat,-2.500000000000002,5.104768024417425,0.021331467834243018,0.5332866958560755,rising,86.84210526315793,72.82020128532668,3,3.9584128467894746,1.0506017138726564,True,3.613217904996345,-9.669552375091373,below
2026-09-01,holdout,SSM,2026-09-01T13:38:00+00:00,2026-09-01T13:38:00.013530+00:00,4.0,False,2,2026-09-01T13:39:00+00:00,2026-09-01T13:40:00+00:00,True,6479,,1.682500000000009,True,True,up,-2.500000000000002,8.08174504961696,0.03140350698390587,0.7720971402135537,rising,67.33898305084756,76.4850306770215,3,3.978530000123751,2.231226102944772,True,3.613217904996345,-11.164214466689337,below
2026-09-01,holdout,SSM,2026-09-01T13:38:00+00:00,2026-09-01T13:38:00.013530+00:00,4.0,False,3,2026-09-01T13:40:00+00:00,2026-09-01T13:41:00+00:00,True,3203,,-1.5800000000000036,False,True,down,-2.500000000000002,3.0584151586921746,0.027680392262552058,0.703119088156677,falling,45.220338983050844,59.680689559539196,3,3.9795282519340716,-1.0737014346689389,False,3.613217904996345,-8.219419198426504,below
2026-09-01,holdout,SSM,2026-09-01T13:38:00+00:00,2026-09-01T13:38:00.013530+00:00,4.0,False,4,2026-09-01T13:41:00+00:00,2026-09-01T13:42:00+00:00,True,2432,,4.125000000000001,True,True,up,-2.500000000000002,3.15365892418791,0.038334220975498316,0.9203894591956379,rising,83.8983050847458,71.48053328832214,3,3.987068819562218,4.462706526779225,True,3.613217904996345,-13.24806950789087,below
2026-09-01,holdout,SSM,2026-09-01T13:38:00+00:00,2026-09-01T13:38:00.013530+00:00,4.0,False,5,2026-09-01T13:42:00+00:00,2026-09-01T13:43:00+00:00,True,4062,,3.5025000000000084,True,True,down,-2.500000000000002,3.543341732527363,0.04120112584356627,0.9951722384378702,rising,79.677966101695,69.10404848462349,3,4.000658050510254,3.485475332538379,True,3.613217904996345,-12.726313253391353,below
2026-09-01,holdout,SSM,2026-09-01T14:44:00+00:00,2026-09-01T14:44:00.349362+00:00,4.09,False,1,2026-09-01T14:44:00+00:00,2026-09-01T14:45:00+00:00,True,1030,,0.9755501222493912,True,True,up,-1.4669926650366705,4.305340485044608,0.017816287770058996,0.4313975585379548,rising,84.60946517891496,70.34623317598256,3,4.027599343038021,2.5399909039813817,True,3.8799661951978766,-6.051812508828869,below
2026-09-01,holdout,SSM,2026-09-01T14:44:00+00:00,2026-09-01T14:44:00.349362+00:00,4.09,False,2,2026-09-01T14:45:00+00:00,2026-09-01T14:46:00+00:00,True,1118,,-1.2200488997554992,False,True,down,-1.7114914425427896,3.1819650333512817,0.014622895217602974,0.3619438929136154,falling,46.46428571428555,57.48779647656057,2,4.028272584221277,0.29361011528987735,True,3.8799661951978766,-3.963609930499823,below
2026-09-01,holdout,SSM,2026-09-01T14:44:00+00:00,2026-09-01T14:44:00.349362+00:00,4.09,False,3,2026-09-01T14:46:00+00:00,2026-09-01T14:47:00+00:00,True,500,,-1.7114914425427896,False,False,down,-1.9559902200488977,1.033034597860338,0.0103872170624233,0.25838848413988313,falling,39.28571428571405,55.061735972201056,0,4.028292914343217,-0.2058667162382677,False,3.8799661951978766,-3.4834279801523094,below
2026-09-01,holdout,SSM,2026-09-01T14:44:00+00:00,2026-09-01T14:44:00.349362+00:00,4.09,False,4,2026-09-01T14:47:00+00:00,2026-09-01T14:48:00+00:00,True,536,,-3.422982885085568,False,False,down,-3.422982885085568,1.2960003733701835,0.0025121197385995983,0.06359796806581261,falling,14.285714285714286,47.537700992206254,0,4.028024395788324,-1.9370388091468849,False,3.8799661951978766,-1.773007716509456,below
2026-09-01,holdout,SSM,2026-09-01T14:44:00+00:00,2026-09-01T14:44:00.349362+00:00,4.09,False,5,2026-09-01T14:48:00+00:00,2026-09-01T14:49:00+00:00,True,882,,-5.378973105134466,False,False,down,-6.601466992665039,1.9736848205121547,-0.007875171665377819,-0.2034928078908997,falling,13.513513513513566,40.69377214520987,0,4.026792324625516,-3.89372761209128,False,4.20929186244695,8.76723158777648,above
2026-09-01,holdout,SSM,2026-09-01T15:27:00+00:00,2026-09-01T15:27:02.246693+00:00,3.92,False,1,2026-09-01T15:27:00+00:00,2026-09-01T15:28:00+00:00,True,198,,-0.7499999999999951,False,True,down,-0.7499999999999951,1.7102779784234685,0.012516728283365622,0.3217171717309829,rising,70.29999999999997,54.4547675703314,3,4.019173249114608,-3.1989974341845584,False,3.7641109148796823,-3.2511459702955214,below
2026-09-01,holdout,SSM,2026-09-01T15:27:00+00:00,2026-09-01T15:27:02.246693+00:00,3.92,False,2,2026-09-01T15:28:00+00:00,2026-09-01T15:29:00+00:00,True,131,,0.6377551020408045,True,True,up,-0.7499999999999951,1.2993110880190895,0.015600454859236588,0.3954487923760859,rising,96.5517241379308,60.94940191890703,3,4.0190672526035245,-1.8428965714754941,False,3.7652029855229965,-4.557592255437348,below
2026-09-01,holdout,SSM,2026-09-01T15:27:00+00:00,2026-09-01T15:27:02.246693+00:00,3.92,False,3,2026-09-01T15:29:00+00:00,2026-09-01T15:30:00+00:00,True,213,,0.5076530612244889,True,True,down,-0.7499999999999951,1.6446450431812347,0.0164839019278656,0.4183837642545648,rising,86.59106070713825,60.08437565278217,3,4.0189316961022525,-1.9664851776132641,False,3.7680623884183975,-4.361471397284267,below
2026-09-01,holdout,SSM,2026-09-01T15:27:00+00:00,2026-09-01T15:27:02.246693+00:00,3.92,False,4,2026-09-01T15:30:00+00:00,2026-09-01T15:31:00+00:00,True,158,,-0.25510204081632404,False,True,down,-1.0204081632653073,1.1017806048176009,0.014321696463166467,0.3662837970119301,falling,66.64442961974665,55.14312467023895,2,4.018813970471622,-2.707614019238913,False,3.7680623884183975,-3.6301179432635,below
2026-09-01,holdout,SSM,2026-09-01T15:27:00+00:00,2026-09-01T15:27:02.246693+00:00,3.92,False,5,2026-09-01T15:31:00+00:00,2026-09-01T15:32:00+00:00,True,61,,-0.5102040816326481,False,True,down,-1.0204081632653073,0.2111033863445439,0.011601210844756666,0.2974669447373504,falling,59.9733155436958,53.55675956475415,0,4.0187899731855445,-2.955864177479872,False,3.7680623884183975,-3.3830156815795487,below
2026-09-01,holdout,SSM,2026-09-01T17:38:00+00:00,2026-09-01T17:38:08.983953+00:00,4.03,True,1,2026-09-01T17:38:00+00:00,2026-09-01T17:39:00+00:00,True,77,,-0.49627791563277013,False,False,flat,-0.7444168734491385,0.682307119770797,0.004414753016236933,0.11009359142735496,rising,81.81818181818146,57.797528302353356,3,4.017624650606596,-0.18978006333779662,False,3.869961473475874,-3.492232581649024,below
2026-09-01,holdout,SSM,2026-09-01T17:38:00+00:00,2026-09-01T17:38:08.983953+00:00,4.03,True,2,2026-09-01T17:39:00+00:00,2026-09-01T17:40:00+00:00,True,46,,-0.49627791563277013,False,False,down,-0.7444168734491385,0.19761166789911735,0.004941963791160372,0.12324099229826366,rising,81.81818181818146,57.797528302353356,3,4.017624115205369,-0.18976676231394762,False,3.8838393430245595,-3.1461510467690856,below
2026-09-01,holdout,SSM,2026-09-01T17:38:00+00:00,2026-09-01T17:38:08.983953+00:00,4.03,True,3,2026-09-01T17:40:00+00:00,2026-09-01T17:41:00+00:00,True,56,,-0.9454094292804083,False,False,down,-1.2406947890818976,1.1396025617347116,0.003791862410176764,0.09498891280284487,falling,65.36363636363603,53.96135723222939,3,4.017610022063211,-0.6399332419528392,False,3.8838393430245595,-2.706998095529456,below
2026-09-01,holdout,SSM,2026-09-01T17:38:00+00:00,2026-09-01T17:38:08.983953+00:00,4.03,True,4,2026-09-01T17:41:00+00:00,2026-09-01T17:42:00+00:00,True,52,,-0.8138957816377301,False,False,up,-1.488833746898266,0.5080021894914455,0.0031354353915376033,0.07844079334378073,falling,70.18181818181792,54.90519465774363,2,4.017601241294935,-0.5077965698845666,False,3.8838393430245595,-2.8360016255238762,below
2026-09-01,holdout,SSM,2026-09-01T17:38:00+00:00,2026-09-01T17:38:08.983953+00:00,4.03,True,5,2026-09-01T17:42:00+00:00,2026-09-01T17:43:00+00:00,True,18,,-1.2406947890818976,False,False,down,-1.488833746898266,0.07142460259330913,0.001379801160776675,0.034668370873785805,falling,54.54545454545443,51.23429346996495,0,4.017599556167517,-0.9358711748610471,False,3.8838393430245595,-2.416096908930665,below
2026-09-01,holdout,SSM,2026-09-01T18:32:00+00:00,2026-09-01T18:32:09.909305+00:00,3.97,False,1,2026-09-01T18:32:00+00:00,2026-09-01T18:33:00+00:00,True,59,,-0.12594458438287548,False,True,down,-0.5037783375314908,0.9852890485138938,0.005113776720274087,0.12897293115445366,rising,72.22222222222192,58.8747110017239,3,4.01523112209576,-1.251014463883271,False,3.8716393245916607,-2.3546198085331427,below
2026-09-01,holdout,SSM,2026-09-01T18:32:00+00:00,2026-09-01T18:32:09.909305+00:00,3.97,False,2,2026-09-01T18:33:00+00:00,2026-09-01T18:34:00+00:00,True,25,,-0.25188916876575096,False,False,flat,-0.5037783375314908,0.05516858780743389,0.004742994238339601,0.11977258177625257,falling,66.6666666666665,57.37596983702575,3,4.015230485618697,-1.3755246633167295,False,3.8716393245916607,-2.2313301870792723,below
2026-09-01,holdout,SSM,2026-09-01T18:32:00+00:00,2026-09-01T18:32:09.909305+00:00,3.97,False,3,2026-09-01T18:34:00+00:00,2026-09-01T18:35:00+00:00,True,43,,-0.5037783375314908,False,False,down,-0.5037783375314908,1.2490336663079231,0.0035717721721942007,0.09042461195428356,falling,55.555555555555664,54.393607607322664,2,4.0152149472862675,-1.624195669284001,False,3.8716393245916607,-1.9838145672997354,below
2026-09-01,holdout,SSM,2026-09-01T18:32:00+00:00,2026-09-01T18:32:09.909305+00:00,3.97,False,4,2026-09-01T18:35:00+00:00,2026-09-01T18:36:00+00:00,True,75,,-0.5188916876574412,False,False,down,-1.5113350125944613,2.151849893536448,0.0025519927264277178,0.06461722607048458,falling,54.88888888888858,54.211529410210765,0,4.015178420201687,-1.6382440160251588,False,3.8716393245916607,-1.9689237709104912,below
2026-09-01,holdout,SSM,2026-09-01T18:32:00+00:00,2026-09-01T18:32:09.909305+00:00,3.97,False,5,2026-09-01T18:36:00+00:00,2026-09-01T18:37:00+00:00,True,27,,-0.5037783375314908,False,False,flat,-1.5113350125944613,0.11261604017653325,0.001751357793778766,0.044338171994399135,falling,55.555555555555664,54.37599995194816,2,4.0151767894916235,-1.6232607655583653,False,3.8716393245916607,-1.9838145672997354,below
