session_day_et,symbol,policy,entry_slot,entry_mode,order_type,scanner_window_start,scanner_window_end,arm_bar_ts_ms,signal_ts,entry_ts,entry_px,target_px,floor_px,exit_trigger_ts,exit_ts,exit_px,exit_reason,ret_pct,duration_seconds,mfe_pct,mae_pct,first_plus_1_ts,first_plus_2_ts,first_minus_1_ts,first_minus_2_ts,quotes_observed
2026-08-24,BTCT,target+1_floor-2,first,resting,limit,2026-08-24T11:46:11+00:00,2026-08-24T13:42:34.628000+00:00,0,2026-08-24T13:26:57.301000+00:00,2026-08-24T13:26:57.301000+00:00,1.68,1.6967999999999999,1.6463999999999999,2026-08-24T13:28:58.445606+00:00,2026-08-24T13:28:58.488549+00:00,1.64,floor,-2.380952380952383,121.187549,0.0,-2.380952380952383,,,2026-08-24T13:28:38.272615+00:00,2026-08-24T13:28:58.445606+00:00,811
2026-08-24,BTCT,target+1_floor-2,first,resting,STOP_LIMIT,2026-08-24T13:49:29+00:00,,0,2026-08-24T13:51:00+00:00,2026-08-24T13:54:55.941000+00:00,1.63,1.6462999999999999,1.5974,2026-08-24T13:55:31.294018+00:00,2026-08-24T13:55:31.294331+00:00,1.59,floor,-2.453987730061338,35.353331,0.0,-2.453987730061338,,,2026-08-24T13:55:14.962964+00:00,2026-08-24T13:55:31.294018+00:00,317
2026-08-24,BTCT,target+1_floor-2,reclaim,resting,STOP_LIMIT,2026-08-24T13:49:29+00:00,,1787579640000,2026-08-24T13:57:00+00:00,2026-08-24T14:02:04.644000+00:00,1.67,1.6866999999999999,1.6365999999999998,2026-08-24T14:03:14.348536+00:00,2026-08-24T14:03:14.348536+00:00,1.6866999999999999,target,0.9999999999999962,69.704536,1.1976047904191627,-0.5988023952095813,2026-08-24T14:03:14.348536+00:00,,,,472
2026-08-24,BTCT,target+1_floor-2,first,resting,STOP_LIMIT,2026-08-24T13:49:29+00:00,,0,2026-08-24T15:14:00+00:00,2026-08-24T15:17:42.456000+00:00,2.37,2.3937,2.3226,2026-08-24T15:18:11.274890+00:00,2026-08-24T15:18:11.275118+00:00,2.33,floor,-1.6877637130801704,28.819118,0.42194092827003316,-2.109704641350222,,,2026-08-24T15:18:11.247135+00:00,2026-08-24T15:18:11.274890+00:00,599
2026-08-24,BTCT,target+1_floor-2,first,resting,STOP_LIMIT,2026-08-24T13:49:29+00:00,,0,2026-08-24T15:19:00+00:00,2026-08-24T15:27:56.995000+00:00,2.38,2.4038,2.3324,2026-08-24T15:28:45.222994+00:00,2026-08-24T15:28:45.223320+00:00,2.33,floor,-2.1008403361344463,48.22832,0.0,-2.1008403361344463,,,2026-08-24T15:27:57.458011+00:00,2026-08-24T15:28:45.222994+00:00,754
2026-08-24,BTCT,target+1_floor-2,first,resting,STOP_LIMIT,2026-08-24T13:49:29+00:00,,0,2026-08-24T15:56:00+00:00,2026-08-24T15:59:00.938000+00:00,2.3,2.323,2.254,2026-08-24T15:59:32.771748+00:00,2026-08-24T15:59:32.772781+00:00,2.25,floor,-2.173913043478253,31.834781,0.0,-2.173913043478253,,,2026-08-24T15:59:09.629278+00:00,2026-08-24T15:59:32.771748+00:00,325
2026-08-24,BTCT,target+1_floor-2,reclaim,resting,STOP_LIMIT,2026-08-24T13:49:29+00:00,,1787592480000,2026-08-24T17:31:00+00:00,2026-08-24T17:44:34.414000+00:00,2.13,2.1513,2.0873999999999997,2026-08-24T17:44:57.253947+00:00,2026-08-24T17:44:57.253947+00:00,2.1513,target,1.0000000000000044,22.839947,1.408450704225364,-0.9389671361502356,2026-08-24T17:44:57.253947+00:00,,,,181
2026-08-24,BTCT,target+1_floor-2,first,resting,STOP_LIMIT,2026-08-24T13:49:29+00:00,,0,2026-08-24T18:10:00+00:00,2026-08-24T18:11:02.196000+00:00,2.06,2.0806,2.0188,2026-08-24T18:11:44.480627+00:00,2026-08-24T18:11:44.481039+00:00,2.01,floor,-2.42718446601943,42.285039,0.4854368932038731,-2.42718446601943,,,2026-08-24T18:11:23.702105+00:00,2026-08-24T18:11:44.480627+00:00,703
2026-08-24,BTCT,target+1_floor-2,first,resting,STOP_LIMIT,2026-08-24T13:49:29+00:00,,0,2026-08-24T18:46:00+00:00,2026-08-24T18:46:14.436000+00:00,1.95,1.9695,1.911,2026-08-24T18:50:40.717488+00:00,2026-08-24T18:50:40.717714+00:00,1.91,floor,-2.051282051282053,266.281714,0.5128205128205132,-2.051282051282053,,,2026-08-24T18:46:26.252904+00:00,2026-08-24T18:50:40.717488+00:00,1156
2026-08-24,BTCT,target+1_floor-2,reclaim,resting,STOP_LIMIT,2026-08-24T13:49:29+00:00,,1787597220000,2026-08-24T18:51:00+00:00,2026-08-24T19:15:33.876000+00:00,1.97,1.9897,1.9305999999999999,2026-08-24T19:22:21.552980+00:00,2026-08-24T19:22:21.553582+00:00,1.93,floor,-2.0304568527918803,407.677582,0.0,-2.0304568527918803,,,2026-08-24T19:16:25.316883+00:00,2026-08-24T19:22:21.552980+00:00,619
2026-08-24,BTCT,target+1_floor-2,first,resting,STOP_LIMIT,2026-08-24T13:49:29+00:00,,0,2026-08-24T19:41:00+00:00,2026-08-24T19:43:51.469000+00:00,1.87,1.8887,1.8326,2026-08-24T19:53:40.917246+00:00,2026-08-24T19:53:40.917552+00:00,1.83,floor,-2.1390374331550817,589.448552,0.0,-2.1390374331550817,,,2026-08-24T19:44:06.881789+00:00,2026-08-24T19:53:40.917246+00:00,1718
2026-08-24,BTCT,target+1_floor-1,first,resting,limit,2026-08-24T11:46:11+00:00,2026-08-24T13:42:34.628000+00:00,0,2026-08-24T13:26:57.301000+00:00,2026-08-24T13:26:57.301000+00:00,1.68,1.6967999999999999,1.6632,2026-08-24T13:28:38.272615+00:00,2026-08-24T13:28:38.273015+00:00,1.66,floor,-1.1904761904761916,100.972015,0.0,-1.1904761904761916,,,2026-08-24T13:28:38.272615+00:00,,621
2026-08-24,BTCT,target+1_floor-1,first,resting,STOP_LIMIT,2026-08-24T13:49:29+00:00,,0,2026-08-24T13:51:00+00:00,2026-08-24T13:54:55.941000+00:00,1.63,1.6462999999999999,1.6137,2026-08-24T13:55:14.962964+00:00,2026-08-24T13:55:14.982250+00:00,1.61,floor,-1.2269938650306624,19.04125,0.0,-1.2269938650306624,,,2026-08-24T13:55:14.962964+00:00,,120
2026-08-24,BTCT,target+1_floor-1,reclaim,resting,STOP_LIMIT,2026-08-24T13:49:29+00:00,,1787579640000,2026-08-24T13:57:00+00:00,2026-08-24T14:02:04.644000+00:00,1.67,1.6866999999999999,1.6533,2026-08-24T14:03:14.348536+00:00,2026-08-24T14:03:14.348536+00:00,1.6866999999999999,target,0.9999999999999962,69.704536,1.1976047904191627,-0.5988023952095813,2026-08-24T14:03:14.348536+00:00,,,,472
2026-08-24,BTCT,target+1_floor-1,first,resting,STOP_LIMIT,2026-08-24T13:49:29+00:00,,0,2026-08-24T15:14:00+00:00,2026-08-24T15:17:42.456000+00:00,2.37,2.3937,2.3463000000000003,2026-08-24T15:18:11.247135+00:00,2026-08-24T15:18:11.247569+00:00,2.34,floor,-1.2658227848101369,28.791569,0.42194092827003316,-1.2658227848101369,,,2026-08-24T15:18:11.247135+00:00,,545
2026-08-24,BTCT,target+1_floor-1,first,resting,STOP_LIMIT,2026-08-24T13:49:29+00:00,,0,2026-08-24T15:19:00+00:00,2026-08-24T15:27:56.995000+00:00,2.38,2.4038,2.3562,2026-08-24T15:27:57.458011+00:00,2026-08-24T15:27:57.464894+00:00,2.34,floor,-1.6806722689075646,0.469894,0.0,-1.6806722689075646,,,2026-08-24T15:27:57.458011+00:00,,2
2026-08-24,BTCT,target+1_floor-1,first,resting,STOP_LIMIT,2026-08-24T13:49:29+00:00,,0,2026-08-24T15:56:00+00:00,2026-08-24T15:59:00.938000+00:00,2.3,2.323,2.2769999999999997,2026-08-24T15:59:09.629278+00:00,2026-08-24T15:59:09.629973+00:00,2.27,floor,-1.304347826086948,8.691973,0.0,-1.304347826086948,,,2026-08-24T15:59:09.629278+00:00,,120
2026-08-24,BTCT,target+1_floor-1,reclaim,resting,STOP_LIMIT,2026-08-24T13:49:29+00:00,,1787592480000,2026-08-24T17:31:00+00:00,2026-08-24T17:44:34.414000+00:00,2.13,2.1513,2.1087,2026-08-24T17:44:57.253947+00:00,2026-08-24T17:44:57.253947+00:00,2.1513,target,1.0000000000000044,22.839947,1.408450704225364,-0.9389671361502356,2026-08-24T17:44:57.253947+00:00,,,,181
2026-08-24,BTCT,target+1_floor-1,first,resting,STOP_LIMIT,2026-08-24T13:49:29+00:00,,0,2026-08-24T18:10:00+00:00,2026-08-24T18:11:02.196000+00:00,2.06,2.0806,2.0394,2026-08-24T18:11:23.702105+00:00,2026-08-24T18:11:23.702891+00:00,2.03,floor,-1.4563106796116625,21.506891,0.4854368932038731,-1.4563106796116625,,,2026-08-24T18:11:23.702105+00:00,,585
2026-08-24,BTCT,target+1_floor-1,first,resting,STOP_LIMIT,2026-08-24T13:49:29+00:00,,0,2026-08-24T18:46:00+00:00,2026-08-24T18:46:14.436000+00:00,1.95,1.9695,1.9304999999999999,2026-08-24T18:46:26.252904+00:00,2026-08-24T18:46:26.254538+00:00,1.93,floor,-1.0256410256410264,11.818538,0.0,-1.0256410256410264,,,2026-08-24T18:46:26.252904+00:00,,61
2026-08-24,BTCT,target+1_floor-1,reclaim,resting,STOP_LIMIT,2026-08-24T13:49:29+00:00,,1787597220000,2026-08-24T18:50:00+00:00,2026-08-24T19:15:33.876000+00:00,1.97,1.9897,1.9503,2026-08-24T19:16:25.316883+00:00,2026-08-24T19:16:25.317123+00:00,1.95,floor,-1.0152284263959401,51.441123,0.0,-1.0152284263959401,,,2026-08-24T19:16:25.316883+00:00,,97
2026-08-24,BTCT,target+1_floor-1,first,resting,STOP_LIMIT,2026-08-24T13:49:29+00:00,,0,2026-08-24T19:41:00+00:00,2026-08-24T19:43:51.469000+00:00,1.87,1.8887,1.8513000000000002,2026-08-24T19:44:06.881789+00:00,2026-08-24T19:44:06.882079+00:00,1.85,floor,-1.0695187165775408,15.413079,0.0,-1.0695187165775408,,,2026-08-24T19:44:06.881789+00:00,,70
2026-08-24,BTCT,target+1_floor+0,first,resting,limit,2026-08-24T11:46:11+00:00,2026-08-24T13:42:34.628000+00:00,0,2026-08-24T13:26:57.301000+00:00,2026-08-24T13:26:57.301000+00:00,1.68,1.6967999999999999,1.68,2026-08-24T13:26:57.381664+00:00,2026-08-24T13:26:57.382128+00:00,1.68,floor,0.0,0.081128,0.0,0.0,,,,,2
2026-08-24,BTCT,target+1_floor+0,first,resting,STOP_LIMIT,2026-08-24T13:49:29+00:00,,0,2026-08-24T13:51:00+00:00,2026-08-24T13:54:55.941000+00:00,1.63,1.6462999999999999,1.63,2026-08-24T13:54:56.078843+00:00,2026-08-24T13:54:56.079343+00:00,1.62,floor,-0.6134969325153244,0.138343,0.0,-0.6134969325153244,,,,,2
2026-08-24,BTCT,target+1_floor+0,reclaim,resting,STOP_LIMIT,2026-08-24T13:49:29+00:00,,1787579640000,2026-08-24T13:57:00+00:00,2026-08-24T14:02:04.644000+00:00,1.67,1.6866999999999999,1.67,2026-08-24T14:02:04.644235+00:00,2026-08-24T14:02:04.644577+00:00,1.67,floor,0.0,0.000577,0.0,0.0,,,,,2
2026-08-24,BTCT,target+1_floor+0,first,resting,STOP_LIMIT,2026-08-24T13:49:29+00:00,,0,2026-08-24T15:14:00+00:00,2026-08-24T15:17:42.456000+00:00,2.37,2.3937,2.37,2026-08-24T15:17:43.187207+00:00,2026-08-24T15:17:43.205582+00:00,2.35,floor,-0.8438818565400852,0.749582,0.0,-0.8438818565400852,,,,,2
2026-08-24,BTCT,target+1_floor+0,first,resting,STOP_LIMIT,2026-08-24T13:49:29+00:00,,0,2026-08-24T15:56:00+00:00,2026-08-24T15:59:00.938000+00:00,2.3,2.323,2.3,2026-08-24T15:59:01.168357+00:00,2026-08-24T15:59:01.170525+00:00,2.29,floor,-0.4347826086956429,0.232525,0.0,-0.4347826086956429,,,,,2
2026-08-24,BTCT,target+1_floor+0,reclaim,resting,STOP_LIMIT,2026-08-24T13:49:29+00:00,,1787592480000,2026-08-24T17:31:00+00:00,2026-08-24T17:44:34.414000+00:00,2.13,2.1513,2.13,2026-08-24T17:44:34.618033+00:00,2026-08-24T17:44:34.632830+00:00,2.11,floor,-0.9389671361502356,0.21883,0.0,-0.9389671361502356,,,,,2
2026-08-24,BTCT,target+1_floor+0,first,resting,STOP_LIMIT,2026-08-24T13:49:29+00:00,,0,2026-08-24T18:10:00+00:00,2026-08-24T18:11:02.196000+00:00,2.06,2.0806,2.06,2026-08-24T18:11:02.291914+00:00,2026-08-24T18:11:02.292758+00:00,2.05,floor,-0.4854368932038947,0.096758,0.0,-0.4854368932038947,,,,,2
2026-08-24,BTCT,target+1_floor+0,first,resting,STOP_LIMIT,2026-08-24T13:49:29+00:00,,0,2026-08-24T18:46:00+00:00,2026-08-24T18:46:14.436000+00:00,1.95,1.9695,1.95,2026-08-24T18:46:15.709173+00:00,2026-08-24T18:46:15.710277+00:00,1.94,floor,-0.5128205128205132,1.274277,0.0,-0.5128205128205132,,,,,2
2026-08-24,BTCT,target+1_floor+0,reclaim,resting,STOP_LIMIT,2026-08-24T13:49:29+00:00,,1787597220000,2026-08-24T18:50:00+00:00,2026-08-24T19:15:33.876000+00:00,1.97,1.9897,1.97,2026-08-24T19:15:33.897238+00:00,2026-08-24T19:15:33.903225+00:00,1.96,floor,-0.5076142131979701,0.027225,0.0,-0.5076142131979701,,,,,2
2026-08-24,BTCT,target+1_floor+0,first,resting,STOP_LIMIT,2026-08-24T13:49:29+00:00,,0,2026-08-24T19:41:00+00:00,2026-08-24T19:43:51.469000+00:00,1.87,1.8887,1.87,2026-08-24T19:43:51.531454+00:00,2026-08-24T19:43:52.113878+00:00,1.86,floor,-0.5347593582887704,0.644878,0.0,-0.5347593582887704,,,,,2
2026-08-24,BTCT,target+2_floor-2,first,resting,limit,2026-08-24T11:46:11+00:00,2026-08-24T13:42:34.628000+00:00,0,2026-08-24T13:26:57.301000+00:00,2026-08-24T13:26:57.301000+00:00,1.68,1.7136,1.6463999999999999,2026-08-24T13:28:58.445606+00:00,2026-08-24T13:28:58.488549+00:00,1.64,floor,-2.380952380952383,121.187549,0.0,-2.380952380952383,,,2026-08-24T13:28:38.272615+00:00,2026-08-24T13:28:58.445606+00:00,811
2026-08-24,BTCT,target+2_floor-2,first,resting,STOP_LIMIT,2026-08-24T13:49:29+00:00,,0,2026-08-24T13:51:00+00:00,2026-08-24T13:54:55.941000+00:00,1.63,1.6625999999999999,1.5974,2026-08-24T13:55:31.294018+00:00,2026-08-24T13:55:31.294331+00:00,1.59,floor,-2.453987730061338,35.353331,0.0,-2.453987730061338,,,2026-08-24T13:55:14.962964+00:00,2026-08-24T13:55:31.294018+00:00,317
2026-08-24,BTCT,target+2_floor-2,reclaim,resting,STOP_LIMIT,2026-08-24T13:49:29+00:00,,1787579640000,2026-08-24T13:57:00+00:00,2026-08-24T14:02:04.644000+00:00,1.67,1.7034,1.6365999999999998,2026-08-24T14:03:14.374971+00:00,2026-08-24T14:03:14.374971+00:00,1.7034,target,2.0000000000000058,69.730971,2.3952095808383254,-0.5988023952095813,2026-08-24T14:03:14.348536+00:00,2026-08-24T14:03:14.374971+00:00,,,598
2026-08-24,BTCT,target+2_floor-2,first,resting,STOP_LIMIT,2026-08-24T13:49:29+00:00,,0,2026-08-24T15:14:00+00:00,2026-08-24T15:17:42.456000+00:00,2.37,2.4174,2.3226,2026-08-24T15:18:11.274890+00:00,2026-08-24T15:18:11.275118+00:00,2.33,floor,-1.6877637130801704,28.819118,0.42194092827003316,-2.109704641350222,,,2026-08-24T15:18:11.247135+00:00,2026-08-24T15:18:11.274890+00:00,599
2026-08-24,BTCT,target+2_floor-2,first,resting,STOP_LIMIT,2026-08-24T13:49:29+00:00,,0,2026-08-24T15:19:00+00:00,2026-08-24T15:27:56.995000+00:00,2.38,2.4276,2.3324,2026-08-24T15:28:45.222994+00:00,2026-08-24T15:28:45.223320+00:00,2.33,floor,-2.1008403361344463,48.22832,0.0,-2.1008403361344463,,,2026-08-24T15:27:57.458011+00:00,2026-08-24T15:28:45.222994+00:00,754
2026-08-24,BTCT,target+2_floor-2,first,resting,STOP_LIMIT,2026-08-24T13:49:29+00:00,,0,2026-08-24T15:56:00+00:00,2026-08-24T15:59:00.938000+00:00,2.3,2.3459999999999996,2.254,2026-08-24T15:59:32.771748+00:00,2026-08-24T15:59:32.772781+00:00,2.25,floor,-2.173913043478253,31.834781,0.0,-2.173913043478253,,,2026-08-24T15:59:09.629278+00:00,2026-08-24T15:59:32.771748+00:00,325
2026-08-24,BTCT,target+2_floor-2,reclaim,resting,STOP_LIMIT,2026-08-24T13:49:29+00:00,,1787592480000,2026-08-24T17:31:00+00:00,2026-08-24T17:44:34.414000+00:00,2.13,2.1726,2.0873999999999997,2026-08-24T17:45:10.114679+00:00,2026-08-24T17:45:10.114679+00:00,2.1726,target,2.000000000000009,35.700679,2.3474178403755994,-0.9389671361502356,2026-08-24T17:44:57.253947+00:00,2026-08-24T17:45:10.114679+00:00,,,377
2026-08-24,BTCT,target+2_floor-2,first,resting,STOP_LIMIT,2026-08-24T13:49:29+00:00,,0,2026-08-24T18:10:00+00:00,2026-08-24T18:11:02.196000+00:00,2.06,2.1012,2.0188,2026-08-24T18:11:44.480627+00:00,2026-08-24T18:11:44.481039+00:00,2.01,floor,-2.42718446601943,42.285039,0.4854368932038731,-2.42718446601943,,,2026-08-24T18:11:23.702105+00:00,2026-08-24T18:11:44.480627+00:00,703
2026-08-24,BTCT,target+2_floor-2,first,resting,STOP_LIMIT,2026-08-24T13:49:29+00:00,,0,2026-08-24T18:46:00+00:00,2026-08-24T18:46:14.436000+00:00,1.95,1.9889999999999999,1.911,2026-08-24T18:50:40.717488+00:00,2026-08-24T18:50:40.717714+00:00,1.91,floor,-2.051282051282053,266.281714,0.5128205128205132,-2.051282051282053,,,2026-08-24T18:46:26.252904+00:00,2026-08-24T18:50:40.717488+00:00,1156
2026-08-24,BTCT,target+2_floor-2,reclaim,resting,STOP_LIMIT,2026-08-24T13:49:29+00:00,,1787597220000,2026-08-24T18:51:00+00:00,2026-08-24T19:15:33.876000+00:00,1.97,2.0094,1.9305999999999999,2026-08-24T19:22:21.552980+00:00,2026-08-24T19:22:21.553582+00:00,1.93,floor,-2.0304568527918803,407.677582,0.0,-2.0304568527918803,,,2026-08-24T19:16:25.316883+00:00,2026-08-24T19:22:21.552980+00:00,619
2026-08-24,BTCT,target+2_floor-2,first,resting,STOP_LIMIT,2026-08-24T13:49:29+00:00,,0,2026-08-24T19:41:00+00:00,2026-08-24T19:43:51.469000+00:00,1.87,1.9074000000000002,1.8326,2026-08-24T19:53:40.917246+00:00,2026-08-24T19:53:40.917552+00:00,1.83,floor,-2.1390374331550817,589.448552,0.0,-2.1390374331550817,,,2026-08-24T19:44:06.881789+00:00,2026-08-24T19:53:40.917246+00:00,1718
2026-08-24,BTCT,target+2_floor-1,first,resting,limit,2026-08-24T11:46:11+00:00,2026-08-24T13:42:34.628000+00:00,0,2026-08-24T13:26:57.301000+00:00,2026-08-24T13:26:57.301000+00:00,1.68,1.7136,1.6632,2026-08-24T13:28:38.272615+00:00,2026-08-24T13:28:38.273015+00:00,1.66,floor,-1.1904761904761916,100.972015,0.0,-1.1904761904761916,,,2026-08-24T13:28:38.272615+00:00,,621
2026-08-24,BTCT,target+2_floor-1,first,resting,STOP_LIMIT,2026-08-24T13:49:29+00:00,,0,2026-08-24T13:51:00+00:00,2026-08-24T13:54:55.941000+00:00,1.63,1.6625999999999999,1.6137,2026-08-24T13:55:14.962964+00:00,2026-08-24T13:55:14.982250+00:00,1.61,floor,-1.2269938650306624,19.04125,0.0,-1.2269938650306624,,,2026-08-24T13:55:14.962964+00:00,,120
2026-08-24,BTCT,target+2_floor-1,reclaim,resting,STOP_LIMIT,2026-08-24T13:49:29+00:00,,1787579640000,2026-08-24T13:57:00+00:00,2026-08-24T14:02:04.644000+00:00,1.67,1.7034,1.6533,2026-08-24T14:03:14.374971+00:00,2026-08-24T14:03:14.374971+00:00,1.7034,target,2.0000000000000058,69.730971,2.3952095808383254,-0.5988023952095813,2026-08-24T14:03:14.348536+00:00,2026-08-24T14:03:14.374971+00:00,,,598
2026-08-24,BTCT,target+2_floor-1,first,resting,STOP_LIMIT,2026-08-24T13:49:29+00:00,,0,2026-08-24T15:14:00+00:00,2026-08-24T15:17:42.456000+00:00,2.37,2.4174,2.3463000000000003,2026-08-24T15:18:11.247135+00:00,2026-08-24T15:18:11.247569+00:00,2.34,floor,-1.2658227848101369,28.791569,0.42194092827003316,-1.2658227848101369,,,2026-08-24T15:18:11.247135+00:00,,545
2026-08-24,BTCT,target+2_floor-1,first,resting,STOP_LIMIT,2026-08-24T13:49:29+00:00,,0,2026-08-24T15:19:00+00:00,2026-08-24T15:27:56.995000+00:00,2.38,2.4276,2.3562,2026-08-24T15:27:57.458011+00:00,2026-08-24T15:27:57.464894+00:00,2.34,floor,-1.6806722689075646,0.469894,0.0,-1.6806722689075646,,,2026-08-24T15:27:57.458011+00:00,,2
2026-08-24,BTCT,target+2_floor-1,first,resting,STOP_LIMIT,2026-08-24T13:49:29+00:00,,0,2026-08-24T15:56:00+00:00,2026-08-24T15:59:00.938000+00:00,2.3,2.3459999999999996,2.2769999999999997,2026-08-24T15:59:09.629278+00:00,2026-08-24T15:59:09.629973+00:00,2.27,floor,-1.304347826086948,8.691973,0.0,-1.304347826086948,,,2026-08-24T15:59:09.629278+00:00,,120
2026-08-24,BTCT,target+2_floor-1,reclaim,resting,STOP_LIMIT,2026-08-24T13:49:29+00:00,,1787592480000,2026-08-24T17:31:00+00:00,2026-08-24T17:44:34.414000+00:00,2.13,2.1726,2.1087,2026-08-24T17:45:10.114679+00:00,2026-08-24T17:45:10.114679+00:00,2.1726,target,2.000000000000009,35.700679,2.3474178403755994,-0.9389671361502356,2026-08-24T17:44:57.253947+00:00,2026-08-24T17:45:10.114679+00:00,,,377
2026-08-24,BTCT,target+2_floor-1,first,resting,STOP_LIMIT,2026-08-24T13:49:29+00:00,,0,2026-08-24T18:10:00+00:00,2026-08-24T18:11:02.196000+00:00,2.06,2.1012,2.0394,2026-08-24T18:11:23.702105+00:00,2026-08-24T18:11:23.702891+00:00,2.03,floor,-1.4563106796116625,21.506891,0.4854368932038731,-1.4563106796116625,,,2026-08-24T18:11:23.702105+00:00,,585
2026-08-24,BTCT,target+2_floor-1,first,resting,STOP_LIMIT,2026-08-24T13:49:29+00:00,,0,2026-08-24T18:46:00+00:00,2026-08-24T18:46:14.436000+00:00,1.95,1.9889999999999999,1.9304999999999999,2026-08-24T18:46:26.252904+00:00,2026-08-24T18:46:26.254538+00:00,1.93,floor,-1.0256410256410264,11.818538,0.0,-1.0256410256410264,,,2026-08-24T18:46:26.252904+00:00,,61
2026-08-24,BTCT,target+2_floor-1,reclaim,resting,STOP_LIMIT,2026-08-24T13:49:29+00:00,,1787597220000,2026-08-24T18:50:00+00:00,2026-08-24T19:15:33.876000+00:00,1.97,2.0094,1.9503,2026-08-24T19:16:25.316883+00:00,2026-08-24T19:16:25.317123+00:00,1.95,floor,-1.0152284263959401,51.441123,0.0,-1.0152284263959401,,,2026-08-24T19:16:25.316883+00:00,,97
2026-08-24,BTCT,target+2_floor-1,first,resting,STOP_LIMIT,2026-08-24T13:49:29+00:00,,0,2026-08-24T19:41:00+00:00,2026-08-24T19:43:51.469000+00:00,1.87,1.9074000000000002,1.8513000000000002,2026-08-24T19:44:06.881789+00:00,2026-08-24T19:44:06.882079+00:00,1.85,floor,-1.0695187165775408,15.413079,0.0,-1.0695187165775408,,,2026-08-24T19:44:06.881789+00:00,,70
2026-08-24,BTCT,target+2_floor+0,first,resting,limit,2026-08-24T11:46:11+00:00,2026-08-24T13:42:34.628000+00:00,0,2026-08-24T13:26:57.301000+00:00,2026-08-24T13:26:57.301000+00:00,1.68,1.7136,1.68,2026-08-24T13:26:57.381664+00:00,2026-08-24T13:26:57.382128+00:00,1.68,floor,0.0,0.081128,0.0,0.0,,,,,2
2026-08-24,BTCT,target+2_floor+0,first,resting,STOP_LIMIT,2026-08-24T13:49:29+00:00,,0,2026-08-24T13:51:00+00:00,2026-08-24T13:54:55.941000+00:00,1.63,1.6625999999999999,1.63,2026-08-24T13:54:56.078843+00:00,2026-08-24T13:54:56.079343+00:00,1.62,floor,-0.6134969325153244,0.138343,0.0,-0.6134969325153244,,,,,2
2026-08-24,BTCT,target+2_floor+0,reclaim,resting,STOP_LIMIT,2026-08-24T13:49:29+00:00,,1787579640000,2026-08-24T13:57:00+00:00,2026-08-24T14:02:04.644000+00:00,1.67,1.7034,1.67,2026-08-24T14:02:04.644235+00:00,2026-08-24T14:02:04.644577+00:00,1.67,floor,0.0,0.000577,0.0,0.0,,,,,2
2026-08-24,BTCT,target+2_floor+0,first,resting,STOP_LIMIT,2026-08-24T13:49:29+00:00,,0,2026-08-24T15:14:00+00:00,2026-08-24T15:17:42.456000+00:00,2.37,2.4174,2.37,2026-08-24T15:17:43.187207+00:00,2026-08-24T15:17:43.205582+00:00,2.35,floor,-0.8438818565400852,0.749582,0.0,-0.8438818565400852,,,,,2
2026-08-24,BTCT,target+2_floor+0,first,resting,STOP_LIMIT,2026-08-24T13:49:29+00:00,,0,2026-08-24T15:56:00+00:00,2026-08-24T15:59:00.938000+00:00,2.3,2.3459999999999996,2.3,2026-08-24T15:59:01.168357+00:00,2026-08-24T15:59:01.170525+00:00,2.29,floor,-0.4347826086956429,0.232525,0.0,-0.4347826086956429,,,,,2
2026-08-24,BTCT,target+2_floor+0,reclaim,resting,STOP_LIMIT,2026-08-24T13:49:29+00:00,,1787592480000,2026-08-24T17:31:00+00:00,2026-08-24T17:44:34.414000+00:00,2.13,2.1726,2.13,2026-08-24T17:44:34.618033+00:00,2026-08-24T17:44:34.632830+00:00,2.11,floor,-0.9389671361502356,0.21883,0.0,-0.9389671361502356,,,,,2
2026-08-24,BTCT,target+2_floor+0,first,resting,STOP_LIMIT,2026-08-24T13:49:29+00:00,,0,2026-08-24T18:10:00+00:00,2026-08-24T18:11:02.196000+00:00,2.06,2.1012,2.06,2026-08-24T18:11:02.291914+00:00,2026-08-24T18:11:02.292758+00:00,2.05,floor,-0.4854368932038947,0.096758,0.0,-0.4854368932038947,,,,,2
2026-08-24,BTCT,target+2_floor+0,first,resting,STOP_LIMIT,2026-08-24T13:49:29+00:00,,0,2026-08-24T18:46:00+00:00,2026-08-24T18:46:14.436000+00:00,1.95,1.9889999999999999,1.95,2026-08-24T18:46:15.709173+00:00,2026-08-24T18:46:15.710277+00:00,1.94,floor,-0.5128205128205132,1.274277,0.0,-0.5128205128205132,,,,,2
2026-08-24,BTCT,target+2_floor+0,reclaim,resting,STOP_LIMIT,2026-08-24T13:49:29+00:00,,1787597220000,2026-08-24T18:50:00+00:00,2026-08-24T19:15:33.876000+00:00,1.97,2.0094,1.97,2026-08-24T19:15:33.897238+00:00,2026-08-24T19:15:33.903225+00:00,1.96,floor,-0.5076142131979701,0.027225,0.0,-0.5076142131979701,,,,,2
2026-08-24,BTCT,target+2_floor+0,first,resting,STOP_LIMIT,2026-08-24T13:49:29+00:00,,0,2026-08-24T19:41:00+00:00,2026-08-24T19:43:51.469000+00:00,1.87,1.9074000000000002,1.87,2026-08-24T19:43:51.531454+00:00,2026-08-24T19:43:52.113878+00:00,1.86,floor,-0.5347593582887704,0.644878,0.0,-0.5347593582887704,,,,,2
2026-08-24,DAIC,target+1_floor-2,first,resting,STOP_LIMIT,2026-08-24T13:44:37+00:00,,0,2026-08-24T15:48:00+00:00,2026-08-24T15:54:34.573000+00:00,2.25,2.2725,2.205,2026-08-24T15:54:38.866436+00:00,2026-08-24T15:54:38.866897+00:00,2.2,floor,-2.2222222222222143,4.293897,0.0,-2.2222222222222143,,,2026-08-24T15:54:37.396238+00:00,2026-08-24T15:54:38.866436+00:00,129
2026-08-24,DAIC,target+1_floor-2,reclaim,reactive,market,2026-08-24T13:44:37+00:00,,1787590560000,2026-08-24T17:07:42.376000+00:00,2026-08-24T17:07:42.376000+00:00,2.98,3.0098,2.9204,2026-08-24T17:07:43.433991+00:00,2026-08-24T17:07:43.434266+00:00,2.95,floor,-1.0067114093959666,1.058266,0.0,-2.0134228187919483,,,2026-08-24T17:07:43.402737+00:00,2026-08-24T17:07:43.433991+00:00,75
2026-08-24,DAIC,target+1_floor-1,first,resting,STOP_LIMIT,2026-08-24T13:44:37+00:00,,0,2026-08-24T15:48:00+00:00,2026-08-24T15:54:34.573000+00:00,2.25,2.2725,2.2275,2026-08-24T15:54:37.396238+00:00,2026-08-24T15:54:37.396746+00:00,2.22,floor,-1.3333333333333246,2.823746,0.0,-1.3333333333333246,,,2026-08-24T15:54:37.396238+00:00,,78
2026-08-24,DAIC,target+1_floor-1,reclaim,reactive,market,2026-08-24T13:44:37+00:00,,1787590560000,2026-08-24T17:07:42.376000+00:00,2026-08-24T17:07:42.376000+00:00,2.98,3.0098,2.9502,2026-08-24T17:07:43.402737+00:00,2026-08-24T17:07:43.402918+00:00,2.95,floor,-1.0067114093959666,1.026918,0.0,-1.0067114093959666,,,2026-08-24T17:07:43.402737+00:00,,7
2026-08-24,DAIC,target+1_floor+0,first,resting,STOP_LIMIT,2026-08-24T13:44:37+00:00,,0,2026-08-24T15:48:00+00:00,2026-08-24T15:54:34.573000+00:00,2.25,2.2725,2.25,2026-08-24T15:54:34.622824+00:00,2026-08-24T15:54:34.946376+00:00,2.23,floor,-0.8888888888888897,0.373376,0.0,-0.8888888888888897,,,,,2
2026-08-24,DAIC,target+1_floor+0,reclaim,reactive,market,2026-08-24T13:44:37+00:00,,1787590560000,2026-08-24T17:07:42.376000+00:00,2026-08-24T17:07:42.376000+00:00,2.98,3.0098,2.98,2026-08-24T17:07:43.366287+00:00,2026-08-24T17:07:43.398809+00:00,2.97,floor,-0.3355704697986506,1.022809,0.0,-0.3355704697986506,,,,,2
2026-08-24,DAIC,target+2_floor-2,first,resting,STOP_LIMIT,2026-08-24T13:44:37+00:00,,0,2026-08-24T15:48:00+00:00,2026-08-24T15:54:34.573000+00:00,2.25,2.295,2.205,2026-08-24T15:54:38.866436+00:00,2026-08-24T15:54:38.866897+00:00,2.2,floor,-2.2222222222222143,4.293897,0.0,-2.2222222222222143,,,2026-08-24T15:54:37.396238+00:00,2026-08-24T15:54:38.866436+00:00,129
2026-08-24,DAIC,target+2_floor-2,reclaim,reactive,market,2026-08-24T13:44:37+00:00,,1787590560000,2026-08-24T17:07:42.376000+00:00,2026-08-24T17:07:42.376000+00:00,2.98,3.0396,2.9204,2026-08-24T17:07:43.433991+00:00,2026-08-24T17:07:43.434266+00:00,2.95,floor,-1.0067114093959666,1.058266,0.0,-2.0134228187919483,,,2026-08-24T17:07:43.402737+00:00,2026-08-24T17:07:43.433991+00:00,75
2026-08-24,DAIC,target+2_floor-1,first,resting,STOP_LIMIT,2026-08-24T13:44:37+00:00,,0,2026-08-24T15:48:00+00:00,2026-08-24T15:54:34.573000+00:00,2.25,2.295,2.2275,2026-08-24T15:54:37.396238+00:00,2026-08-24T15:54:37.396746+00:00,2.22,floor,-1.3333333333333246,2.823746,0.0,-1.3333333333333246,,,2026-08-24T15:54:37.396238+00:00,,78
2026-08-24,DAIC,target+2_floor-1,reclaim,reactive,market,2026-08-24T13:44:37+00:00,,1787590560000,2026-08-24T17:07:42.376000+00:00,2026-08-24T17:07:42.376000+00:00,2.98,3.0396,2.9502,2026-08-24T17:07:43.402737+00:00,2026-08-24T17:07:43.402918+00:00,2.95,floor,-1.0067114093959666,1.026918,0.0,-1.0067114093959666,,,2026-08-24T17:07:43.402737+00:00,,7
2026-08-24,DAIC,target+2_floor+0,first,resting,STOP_LIMIT,2026-08-24T13:44:37+00:00,,0,2026-08-24T15:48:00+00:00,2026-08-24T15:54:34.573000+00:00,2.25,2.295,2.25,2026-08-24T15:54:34.622824+00:00,2026-08-24T15:54:34.946376+00:00,2.23,floor,-0.8888888888888897,0.373376,0.0,-0.8888888888888897,,,,,2
2026-08-24,DAIC,target+2_floor+0,reclaim,reactive,market,2026-08-24T13:44:37+00:00,,1787590560000,2026-08-24T17:07:42.376000+00:00,2026-08-24T17:07:42.376000+00:00,2.98,3.0396,2.98,2026-08-24T17:07:43.366287+00:00,2026-08-24T17:07:43.398809+00:00,2.97,floor,-0.3355704697986506,1.022809,0.0,-0.3355704697986506,,,,,2
2026-08-24,LUCY,target+1_floor-2,reclaim,resting,STOP_LIMIT,2026-08-24T13:36:58+00:00,,1787601300000,2026-08-24T19:58:00+00:00,2026-08-24T19:59:30.749000+00:00,1.13,1.1413,1.1074,2026-08-24T19:59:33.683515+00:00,2026-08-24T19:59:33.684213+00:00,1.1,floor,-2.654867256637151,2.935213,0.0,-2.654867256637151,,,2026-08-24T19:59:31.011643+00:00,2026-08-24T19:59:33.683515+00:00,77
2026-08-24,LUCY,target+1_floor-1,reclaim,resting,STOP_LIMIT,2026-08-24T13:36:58+00:00,,1787601300000,2026-08-24T19:58:00+00:00,2026-08-24T19:59:30.749000+00:00,1.13,1.1413,1.1186999999999998,2026-08-24T19:59:31.011643+00:00,2026-08-24T19:59:31.012366+00:00,1.11,floor,-1.7699115044247606,0.263366,0.0,-1.7699115044247606,,,2026-08-24T19:59:31.011643+00:00,,2
2026-08-24,LUCY,target+1_floor+0,reclaim,resting,STOP_LIMIT,2026-08-24T13:36:58+00:00,,1787601300000,2026-08-24T19:58:00+00:00,2026-08-24T19:59:30.749000+00:00,1.13,1.1413,1.13,2026-08-24T19:59:31.011643+00:00,2026-08-24T19:59:31.012366+00:00,1.11,floor,-1.7699115044247606,0.263366,0.0,-1.7699115044247606,,,2026-08-24T19:59:31.011643+00:00,,2
2026-08-24,LUCY,target+2_floor-2,reclaim,resting,STOP_LIMIT,2026-08-24T13:36:58+00:00,,1787601300000,2026-08-24T19:58:00+00:00,2026-08-24T19:59:30.749000+00:00,1.13,1.1525999999999998,1.1074,2026-08-24T19:59:33.683515+00:00,2026-08-24T19:59:33.684213+00:00,1.1,floor,-2.654867256637151,2.935213,0.0,-2.654867256637151,,,2026-08-24T19:59:31.011643+00:00,2026-08-24T19:59:33.683515+00:00,77
2026-08-24,LUCY,target+2_floor-1,reclaim,resting,STOP_LIMIT,2026-08-24T13:36:58+00:00,,1787601300000,2026-08-24T19:58:00+00:00,2026-08-24T19:59:30.749000+00:00,1.13,1.1525999999999998,1.1186999999999998,2026-08-24T19:59:31.011643+00:00,2026-08-24T19:59:31.012366+00:00,1.11,floor,-1.7699115044247606,0.263366,0.0,-1.7699115044247606,,,2026-08-24T19:59:31.011643+00:00,,2
2026-08-24,LUCY,target+2_floor+0,reclaim,resting,STOP_LIMIT,2026-08-24T13:36:58+00:00,,1787601300000,2026-08-24T19:58:00+00:00,2026-08-24T19:59:30.749000+00:00,1.13,1.1525999999999998,1.13,2026-08-24T19:59:31.011643+00:00,2026-08-24T19:59:31.012366+00:00,1.11,floor,-1.7699115044247606,0.263366,0.0,-1.7699115044247606,,,2026-08-24T19:59:31.011643+00:00,,2
2026-08-24,PMI,target+1_floor-2,first,resting,limit,2026-08-24T08:16:49+00:00,2026-08-24T13:32:44.106000+00:00,0,2026-08-24T11:33:49.292000+00:00,2026-08-24T11:33:49.292000+00:00,4.37,4.4137,4.2826,2026-08-24T11:44:14.268139+00:00,2026-08-24T11:44:14.268860+00:00,4.28,floor,-2.0594965675057177,624.97686,0.2288329519450752,-2.0594965675057177,,,2026-08-24T11:44:06.229082+00:00,2026-08-24T11:44:14.268139+00:00,265
2026-08-24,PMI,target+1_floor-2,reclaim,reactive,limit,2026-08-24T08:16:49+00:00,2026-08-24T13:32:44.106000+00:00,1787572860000,2026-08-24T12:11:34.390000+00:00,2026-08-24T12:11:34.390000+00:00,4.4,4.444000000000001,4.312,2026-08-24T12:35:16.887526+00:00,2026-08-24T12:35:23.984401+00:00,4.3,floor,-2.2727272727272845,1429.594401,0.9090909090909097,-2.2727272727272845,,,2026-08-24T12:18:01.852811+00:00,2026-08-24T12:35:16.887526+00:00,509
2026-08-24,PMI,target+1_floor-2,reclaim,reactive,limit,2026-08-24T08:16:49+00:00,2026-08-24T13:32:44.106000+00:00,1787577360000,2026-08-24T13:24:27.770000+00:00,2026-08-24T13:24:27.770000+00:00,4.48,4.524800000000001,4.3904000000000005,2026-08-24T13:27:59.292471+00:00,2026-08-24T13:27:59.292471+00:00,4.524800000000001,target,1.0000000000000087,211.522471,1.3392857142857053,-0.8928571428571435,2026-08-24T13:27:59.292471+00:00,,,,414
2026-08-24,PMI,target+1_floor-2,reclaim,resting,STOP_LIMIT,2026-08-24T14:00:57+00:00,,1787587020000,2026-08-24T16:15:00+00:00,2026-08-24T16:15:50.517000+00:00,4.39,4.4338999999999995,4.3022,2026-08-24T16:20:51.404239+00:00,2026-08-24T16:20:51.404997+00:00,4.3,floor,-2.050113895216398,300.887997,0.0,-2.050113895216398,,,2026-08-24T16:17:32.147962+00:00,2026-08-24T16:20:51.404239+00:00,142
2026-08-24,PMI,target+1_floor-2,reclaim,resting,STOP_LIMIT,2026-08-24T14:00:57+00:00,,1787593260000,2026-08-24T17:44:00+00:00,2026-08-24T17:45:59.823000+00:00,4.64,4.6864,4.547199999999999,2026-08-24T17:48:07.795576+00:00,2026-08-24T17:48:07.796119+00:00,4.52,floor,-2.5862068965517264,127.973119,0.0,-2.5862068965517264,,,2026-08-24T17:45:59.998395+00:00,2026-08-24T17:48:07.795576+00:00,90
2026-08-24,PMI,target+1_floor-2,first,resting,STOP_LIMIT,2026-08-24T14:00:57+00:00,,0,2026-08-24T19:13:00+00:00,2026-08-24T19:14:30.630000+00:00,4.66,4.7066,4.5668,2026-08-24T19:15:23.414305+00:00,2026-08-24T19:15:23.414305+00:00,4.7066,target,0.9999999999999947,52.784305,1.072961373390554,-0.858369098712447,2026-08-24T19:15:23.414305+00:00,,,,53
2026-08-24,PMI,target+1_floor-2,reclaim,resting,STOP_LIMIT,2026-08-24T14:00:57+00:00,,1787598780000,2026-08-24T19:17:00+00:00,2026-08-24T19:18:50.818000+00:00,4.77,4.817699999999999,4.6746,2026-08-24T19:19:41.054606+00:00,2026-08-24T19:19:41.060493+00:00,4.65,floor,-2.5157232704402355,50.242493,0.8385744234800846,-2.5157232704402355,,,2026-08-24T19:19:41.041666+00:00,2026-08-24T19:19:41.054606+00:00,134
2026-08-24,PMI,target+1_floor-1,first,resting,limit,2026-08-24T08:16:49+00:00,2026-08-24T13:32:44.106000+00:00,0,2026-08-24T11:33:49.292000+00:00,2026-08-24T11:33:49.292000+00:00,4.37,4.4137,4.3263,2026-08-24T11:44:06.229082+00:00,2026-08-24T11:44:06.235088+00:00,4.32,floor,-1.1441647597253963,616.943088,0.2288329519450752,-1.1441647597253963,,,2026-08-24T11:44:06.229082+00:00,,252
2026-08-24,PMI,target+1_floor-1,reclaim,reactive,limit,2026-08-24T08:16:49+00:00,2026-08-24T13:32:44.106000+00:00,1787572860000,2026-08-24T12:11:34.390000+00:00,2026-08-24T12:11:34.390000+00:00,4.4,4.444000000000001,4.356,2026-08-24T12:18:01.852811+00:00,2026-08-24T12:18:01.853881+00:00,4.35,floor,-1.1363636363636525,387.463881,0.9090909090909097,-1.1363636363636525,,,2026-08-24T12:18:01.852811+00:00,,232
2026-08-24,PMI,target+1_floor-1,reclaim,reactive,limit,2026-08-24T08:16:49+00:00,2026-08-24T13:32:44.106000+00:00,1787577360000,2026-08-24T13:24:27.770000+00:00,2026-08-24T13:24:27.770000+00:00,4.48,4.524800000000001,4.4352,2026-08-24T13:27:59.292471+00:00,2026-08-24T13:27:59.292471+00:00,4.524800000000001,target,1.0000000000000087,211.522471,1.3392857142857053,-0.8928571428571435,2026-08-24T13:27:59.292471+00:00,,,,414
2026-08-24,PMI,target+1_floor-1,reclaim,resting,STOP_LIMIT,2026-08-24T14:00:57+00:00,,1787587020000,2026-08-24T16:15:00+00:00,2026-08-24T16:15:50.517000+00:00,4.39,4.4338999999999995,4.3461,2026-08-24T16:17:32.147962+00:00,2026-08-24T16:17:32.148130+00:00,4.33,floor,-1.366742596810925,101.63113,0.0,-1.366742596810925,,,2026-08-24T16:17:32.147962+00:00,,76
2026-08-24,PMI,target+1_floor-1,reclaim,resting,STOP_LIMIT,2026-08-24T14:00:57+00:00,,1787593260000,2026-08-24T17:44:00+00:00,2026-08-24T17:45:59.823000+00:00,4.64,4.6864,4.5935999999999995,2026-08-24T17:45:59.998395+00:00,2026-08-24T17:45:59.999334+00:00,4.59,floor,-1.077586206896548,0.176334,0.0,-1.077586206896548,,,2026-08-24T17:45:59.998395+00:00,,2
2026-08-24,PMI,target+1_floor-1,first,resting,STOP_LIMIT,2026-08-24T14:00:57+00:00,,0,2026-08-24T19:13:00+00:00,2026-08-24T19:14:30.630000+00:00,4.66,4.7066,4.6134,2026-08-24T19:15:23.414305+00:00,2026-08-24T19:15:23.414305+00:00,4.7066,target,0.9999999999999947,52.784305,1.072961373390554,-0.858369098712447,2026-08-24T19:15:23.414305+00:00,,,,53
2026-08-24,PMI,target+1_floor-1,reclaim,resting,STOP_LIMIT,2026-08-24T14:00:57+00:00,,1787598780000,2026-08-24T19:17:00+00:00,2026-08-24T19:18:50.818000+00:00,4.77,4.817699999999999,4.7223,2026-08-24T19:19:41.041666+00:00,2026-08-24T19:19:41.042006+00:00,4.7,floor,-1.4675052410901341,50.224006,0.8385744234800846,-1.4675052410901341,,,2026-08-24T19:19:41.041666+00:00,,117
2026-08-24,PMI,target+1_floor+0,first,resting,limit,2026-08-24T08:16:49+00:00,2026-08-24T13:32:44.106000+00:00,0,2026-08-24T11:33:49.292000+00:00,2026-08-24T11:33:49.292000+00:00,4.37,4.4137,4.37,2026-08-24T11:33:51.692604+00:00,2026-08-24T11:33:55.197218+00:00,4.36,floor,-0.2288329519450752,5.905218,0.0,-0.2288329519450752,,,,,2
2026-08-24,PMI,target+1_floor+0,reclaim,reactive,limit,2026-08-24T08:16:49+00:00,2026-08-24T13:32:44.106000+00:00,1787571180000,2026-08-24T11:39:27.242000+00:00,2026-08-24T11:39:27.242000+00:00,4.39,4.4338999999999995,4.39,2026-08-24T11:39:28.126795+00:00,2026-08-24T11:39:29.354010+00:00,4.38,floor,-0.2277904328018175,2.11201,0.0,-0.6833712984054525,,,,,2
2026-08-24,PMI,target+1_floor+0,reclaim,reactive,limit,2026-08-24T08:16:49+00:00,2026-08-24T13:32:44.106000+00:00,1787572860000,2026-08-24T12:11:34.390000+00:00,2026-08-24T12:11:34.390000+00:00,4.4,4.444000000000001,4.4,2026-08-24T12:11:34.646339+00:00,2026-08-24T12:11:34.646922+00:00,4.39,floor,-0.22727272727274261,0.256922,0.0,-0.22727272727274261,,,,,2
2026-08-24,PMI,target+1_floor+0,reclaim,reactive,limit,2026-08-24T08:16:49+00:00,2026-08-24T13:32:44.106000+00:00,1787577360000,2026-08-24T13:24:27.770000+00:00,2026-08-24T13:24:27.770000+00:00,4.48,4.524800000000001,4.48,2026-08-24T13:24:29.407874+00:00,2026-08-24T13:24:30.798512+00:00,4.47,floor,-0.22321428571430074,3.028512,0.0,-0.4464285714285817,,,,,2
2026-08-24,PMI,target+1_floor+0,reclaim,resting,STOP_LIMIT,2026-08-24T14:00:57+00:00,,1787587020000,2026-08-24T16:15:00+00:00,2026-08-24T16:15:50.517000+00:00,4.39,4.4338999999999995,4.39,2026-08-24T16:15:51.705926+00:00,2026-08-24T16:15:52.889981+00:00,4.37,floor,-0.455580865603635,2.372981,0.0,-0.9111617312072902,,,,,2
2026-08-24,PMI,target+1_floor+0,reclaim,resting,STOP_LIMIT,2026-08-24T14:00:57+00:00,,1787593260000,2026-08-24T17:44:00+00:00,2026-08-24T17:45:59.823000+00:00,4.64,4.6864,4.64,2026-08-24T17:45:59.998395+00:00,2026-08-24T17:45:59.999334+00:00,4.59,floor,-1.077586206896548,0.176334,0.0,-1.077586206896548,,,2026-08-24T17:45:59.998395+00:00,,2
2026-08-24,PMI,target+1_floor+0,first,resting,STOP_LIMIT,2026-08-24T14:00:57+00:00,,0,2026-08-24T19:13:00+00:00,2026-08-24T19:14:30.630000+00:00,4.66,4.7066,4.66,2026-08-24T19:14:39.349480+00:00,2026-08-24T19:14:49.291412+00:00,4.65,floor,-0.214592274678107,18.661412,0.0,-0.214592274678107,,,,,2
2026-08-24,PMI,target+1_floor+0,reclaim,resting,STOP_LIMIT,2026-08-24T14:00:57+00:00,,1787598780000,2026-08-24T19:17:00+00:00,2026-08-24T19:18:50.818000+00:00,4.77,4.817699999999999,4.77,2026-08-24T19:18:55.739530+00:00,2026-08-24T19:19:00.110303+00:00,4.73,floor,-0.8385744234800661,9.292303,0.0,-0.8385744234800661,,,,,2
2026-08-24,PMI,target+2_floor-2,first,resting,limit,2026-08-24T08:16:49+00:00,2026-08-24T13:32:44.106000+00:00,0,2026-08-24T11:33:49.292000+00:00,2026-08-24T11:33:49.292000+00:00,4.37,4.4574,4.2826,2026-08-24T11:44:14.268139+00:00,2026-08-24T11:44:14.268860+00:00,4.28,floor,-2.0594965675057177,624.97686,0.2288329519450752,-2.0594965675057177,,,2026-08-24T11:44:06.229082+00:00,2026-08-24T11:44:14.268139+00:00,265
2026-08-24,PMI,target+2_floor-2,reclaim,reactive,limit,2026-08-24T08:16:49+00:00,2026-08-24T13:32:44.106000+00:00,1787572860000,2026-08-24T12:11:34.390000+00:00,2026-08-24T12:11:34.390000+00:00,4.4,4.488,4.312,2026-08-24T12:35:16.887526+00:00,2026-08-24T12:35:23.984401+00:00,4.3,floor,-2.2727272727272845,1429.594401,0.9090909090909097,-2.2727272727272845,,,2026-08-24T12:18:01.852811+00:00,2026-08-24T12:35:16.887526+00:00,509
2026-08-24,PMI,target+2_floor-2,reclaim,reactive,limit,2026-08-24T08:16:49+00:00,2026-08-24T13:32:44.106000+00:00,1787577360000,2026-08-24T13:24:27.770000+00:00,2026-08-24T13:24:27.770000+00:00,4.48,4.5696,4.3904000000000005,2026-08-24T13:30:35.745765+00:00,2026-08-24T13:30:35.753447+00:00,4.38,floor,-2.232142857142869,367.983447,1.7857142857142672,-2.232142857142869,2026-08-24T13:27:59.292471+00:00,,2026-08-24T13:30:33.828866+00:00,2026-08-24T13:30:35.745765+00:00,760
2026-08-24,PMI,target+2_floor-2,reclaim,resting,STOP_LIMIT,2026-08-24T14:00:57+00:00,,1787587020000,2026-08-24T16:15:00+00:00,2026-08-24T16:15:50.517000+00:00,4.39,4.477799999999999,4.3022,2026-08-24T16:20:51.404239+00:00,2026-08-24T16:20:51.404997+00:00,4.3,floor,-2.050113895216398,300.887997,0.0,-2.050113895216398,,,2026-08-24T16:17:32.147962+00:00,2026-08-24T16:20:51.404239+00:00,142
2026-08-24,PMI,target+2_floor-2,reclaim,resting,STOP_LIMIT,2026-08-24T14:00:57+00:00,,1787593260000,2026-08-24T17:44:00+00:00,2026-08-24T17:45:59.823000+00:00,4.64,4.7328,4.547199999999999,2026-08-24T17:48:07.795576+00:00,2026-08-24T17:48:07.796119+00:00,4.52,floor,-2.5862068965517264,127.973119,0.0,-2.5862068965517264,,,2026-08-24T17:45:59.998395+00:00,2026-08-24T17:48:07.795576+00:00,90
2026-08-24,PMI,target+2_floor-2,first,resting,STOP_LIMIT,2026-08-24T14:00:57+00:00,,0,2026-08-24T19:13:00+00:00,2026-08-24T19:14:30.630000+00:00,4.66,4.7532000000000005,4.5668,2026-08-24T19:16:03.291835+00:00,2026-08-24T19:16:03.291835+00:00,4.7532000000000005,target,2.0000000000000084,92.661835,2.145922746781108,-0.858369098712447,2026-08-24T19:15:23.414305+00:00,2026-08-24T19:16:03.291835+00:00,,,111
2026-08-24,PMI,target+2_floor-2,reclaim,resting,STOP_LIMIT,2026-08-24T14:00:57+00:00,,1787598780000,2026-08-24T19:17:00+00:00,2026-08-24T19:18:50.818000+00:00,4.77,4.865399999999999,4.6746,2026-08-24T19:19:41.054606+00:00,2026-08-24T19:19:41.060493+00:00,4.65,floor,-2.5157232704402355,50.242493,0.8385744234800846,-2.5157232704402355,,,2026-08-24T19:19:41.041666+00:00,2026-08-24T19:19:41.054606+00:00,134
2026-08-24,PMI,target+2_floor-1,first,resting,limit,2026-08-24T08:16:49+00:00,2026-08-24T13:32:44.106000+00:00,0,2026-08-24T11:33:49.292000+00:00,2026-08-24T11:33:49.292000+00:00,4.37,4.4574,4.3263,2026-08-24T11:44:06.229082+00:00,2026-08-24T11:44:06.235088+00:00,4.32,floor,-1.1441647597253963,616.943088,0.2288329519450752,-1.1441647597253963,,,2026-08-24T11:44:06.229082+00:00,,252
2026-08-24,PMI,target+2_floor-1,reclaim,reactive,limit,2026-08-24T08:16:49+00:00,2026-08-24T13:32:44.106000+00:00,1787572860000,2026-08-24T12:11:34.390000+00:00,2026-08-24T12:11:34.390000+00:00,4.4,4.488,4.356,2026-08-24T12:18:01.852811+00:00,2026-08-24T12:18:01.853881+00:00,4.35,floor,-1.1363636363636525,387.463881,0.9090909090909097,-1.1363636363636525,,,2026-08-24T12:18:01.852811+00:00,,232
2026-08-24,PMI,target+2_floor-1,reclaim,reactive,limit,2026-08-24T08:16:49+00:00,2026-08-24T13:32:44.106000+00:00,1787577360000,2026-08-24T13:24:27.770000+00:00,2026-08-24T13:24:27.770000+00:00,4.48,4.5696,4.4352,2026-08-24T13:30:33.828866+00:00,2026-08-24T13:30:33.829995+00:00,4.43,floor,-1.1160714285714444,366.059995,1.7857142857142672,-1.1160714285714444,2026-08-24T13:27:59.292471+00:00,,2026-08-24T13:30:33.828866+00:00,,720
2026-08-24,PMI,target+2_floor-1,reclaim,resting,STOP_LIMIT,2026-08-24T14:00:57+00:00,,1787587020000,2026-08-24T16:15:00+00:00,2026-08-24T16:15:50.517000+00:00,4.39,4.477799999999999,4.3461,2026-08-24T16:17:32.147962+00:00,2026-08-24T16:17:32.148130+00:00,4.33,floor,-1.366742596810925,101.63113,0.0,-1.366742596810925,,,2026-08-24T16:17:32.147962+00:00,,76
2026-08-24,PMI,target+2_floor-1,reclaim,resting,STOP_LIMIT,2026-08-24T14:00:57+00:00,,1787593260000,2026-08-24T17:44:00+00:00,2026-08-24T17:45:59.823000+00:00,4.64,4.7328,4.5935999999999995,2026-08-24T17:45:59.998395+00:00,2026-08-24T17:45:59.999334+00:00,4.59,floor,-1.077586206896548,0.176334,0.0,-1.077586206896548,,,2026-08-24T17:45:59.998395+00:00,,2
2026-08-24,PMI,target+2_floor-1,first,resting,STOP_LIMIT,2026-08-24T14:00:57+00:00,,0,2026-08-24T19:13:00+00:00,2026-08-24T19:14:30.630000+00:00,4.66,4.7532000000000005,4.6134,2026-08-24T19:16:03.291835+00:00,2026-08-24T19:16:03.291835+00:00,4.7532000000000005,target,2.0000000000000084,92.661835,2.145922746781108,-0.858369098712447,2026-08-24T19:15:23.414305+00:00,2026-08-24T19:16:03.291835+00:00,,,111
2026-08-24,PMI,target+2_floor-1,reclaim,resting,STOP_LIMIT,2026-08-24T14:00:57+00:00,,1787598780000,2026-08-24T19:17:00+00:00,2026-08-24T19:18:50.818000+00:00,4.77,4.865399999999999,4.7223,2026-08-24T19:19:41.041666+00:00,2026-08-24T19:19:41.042006+00:00,4.7,floor,-1.4675052410901341,50.224006,0.8385744234800846,-1.4675052410901341,,,2026-08-24T19:19:41.041666+00:00,,117
2026-08-24,PMI,target+2_floor+0,first,resting,limit,2026-08-24T08:16:49+00:00,2026-08-24T13:32:44.106000+00:00,0,2026-08-24T11:33:49.292000+00:00,2026-08-24T11:33:49.292000+00:00,4.37,4.4574,4.37,2026-08-24T11:33:51.692604+00:00,2026-08-24T11:33:55.197218+00:00,4.36,floor,-0.2288329519450752,5.905218,0.0,-0.2288329519450752,,,,,2
2026-08-24,PMI,target+2_floor+0,reclaim,reactive,limit,2026-08-24T08:16:49+00:00,2026-08-24T13:32:44.106000+00:00,1787571180000,2026-08-24T11:39:27.242000+00:00,2026-08-24T11:39:27.242000+00:00,4.39,4.477799999999999,4.39,2026-08-24T11:39:28.126795+00:00,2026-08-24T11:39:29.354010+00:00,4.38,floor,-0.2277904328018175,2.11201,0.0,-0.6833712984054525,,,,,2
2026-08-24,PMI,target+2_floor+0,reclaim,reactive,limit,2026-08-24T08:16:49+00:00,2026-08-24T13:32:44.106000+00:00,1787572860000,2026-08-24T12:11:34.390000+00:00,2026-08-24T12:11:34.390000+00:00,4.4,4.488,4.4,2026-08-24T12:11:34.646339+00:00,2026-08-24T12:11:34.646922+00:00,4.39,floor,-0.22727272727274261,0.256922,0.0,-0.22727272727274261,,,,,2
2026-08-24,PMI,target+2_floor+0,reclaim,reactive,limit,2026-08-24T08:16:49+00:00,2026-08-24T13:32:44.106000+00:00,1787577360000,2026-08-24T13:24:27.770000+00:00,2026-08-24T13:24:27.770000+00:00,4.48,4.5696,4.48,2026-08-24T13:24:29.407874+00:00,2026-08-24T13:24:30.798512+00:00,4.47,floor,-0.22321428571430074,3.028512,0.0,-0.4464285714285817,,,,,2
2026-08-24,PMI,target+2_floor+0,reclaim,resting,STOP_LIMIT,2026-08-24T14:00:57+00:00,,1787587020000,2026-08-24T16:15:00+00:00,2026-08-24T16:15:50.517000+00:00,4.39,4.477799999999999,4.39,2026-08-24T16:15:51.705926+00:00,2026-08-24T16:15:52.889981+00:00,4.37,floor,-0.455580865603635,2.372981,0.0,-0.9111617312072902,,,,,2
2026-08-24,PMI,target+2_floor+0,reclaim,resting,STOP_LIMIT,2026-08-24T14:00:57+00:00,,1787593260000,2026-08-24T17:44:00+00:00,2026-08-24T17:45:59.823000+00:00,4.64,4.7328,4.64,2026-08-24T17:45:59.998395+00:00,2026-08-24T17:45:59.999334+00:00,4.59,floor,-1.077586206896548,0.176334,0.0,-1.077586206896548,,,2026-08-24T17:45:59.998395+00:00,,2
2026-08-24,PMI,target+2_floor+0,first,resting,STOP_LIMIT,2026-08-24T14:00:57+00:00,,0,2026-08-24T19:13:00+00:00,2026-08-24T19:14:30.630000+00:00,4.66,4.7532000000000005,4.66,2026-08-24T19:14:39.349480+00:00,2026-08-24T19:14:49.291412+00:00,4.65,floor,-0.214592274678107,18.661412,0.0,-0.214592274678107,,,,,2
2026-08-24,PMI,target+2_floor+0,reclaim,resting,STOP_LIMIT,2026-08-24T14:00:57+00:00,,1787598780000,2026-08-24T19:17:00+00:00,2026-08-24T19:18:50.818000+00:00,4.77,4.865399999999999,4.77,2026-08-24T19:18:55.739530+00:00,2026-08-24T19:19:00.110303+00:00,4.73,floor,-0.8385744234800661,9.292303,0.0,-0.8385744234800661,,,,,2
2026-08-24,XPON,target+1_floor-2,first,resting,STOP_LIMIT,2026-08-24T12:34:07+00:00,,0,2026-08-24T13:33:00+00:00,2026-08-24T13:33:26.763000+00:00,8.73,8.817300000000001,8.5554,2026-08-24T13:33:27.834087+00:00,2026-08-24T13:33:27.834495+00:00,8.53,floor,-2.290950744559004,1.071495,0.0,-2.290950744559004,,,2026-08-24T13:33:26.855906+00:00,2026-08-24T13:33:27.834087+00:00,72
2026-08-24,XPON,target+1_floor-2,first,resting,STOP_LIMIT,2026-08-24T12:34:07+00:00,,0,2026-08-24T14:29:00+00:00,2026-08-24T14:54:06.629000+00:00,7.13,7.2013,6.9874,2026-08-24T14:54:31.455395+00:00,2026-08-24T14:54:31.456534+00:00,6.97,floor,-2.244039270687239,24.827534,0.8415147265077207,-2.244039270687239,,,2026-08-24T14:54:08.319750+00:00,2026-08-24T14:54:31.455395+00:00,824
2026-08-24,XPON,target+1_floor-2,reclaim,resting,STOP_LIMIT,2026-08-24T12:34:07+00:00,,1787583300000,2026-08-24T14:58:00+00:00,2026-08-24T15:01:19.240000+00:00,7.3,7.373,7.154,2026-08-24T15:02:06.349992+00:00,2026-08-24T15:02:06.350196+00:00,7.15,floor,-2.054794520547938,47.110196,0.0,-2.054794520547938,,,2026-08-24T15:01:24.699758+00:00,2026-08-24T15:02:06.349992+00:00,471
2026-08-24,XPON,target+1_floor-2,first,resting,STOP_LIMIT,2026-08-24T12:34:07+00:00,,0,2026-08-24T16:49:00+00:00,2026-08-24T17:03:07.843000+00:00,7.65,7.726500000000001,7.497,2026-08-24T17:03:14.983958+00:00,2026-08-24T17:03:14.984253+00:00,7.49,floor,-2.0915032679738577,7.141253,0.0,-2.0915032679738577,,,2026-08-24T17:03:08.565098+00:00,2026-08-24T17:03:14.983958+00:00,76
2026-08-24,XPON,target+1_floor-2,first,resting,STOP_LIMIT,2026-08-24T12:34:07+00:00,,0,2026-08-24T17:23:00+00:00,2026-08-24T17:31:59.346000+00:00,7.22,7.2922,7.0756,2026-08-24T17:32:11.819119+00:00,2026-08-24T17:32:11.819361+00:00,7.07,floor,-2.0775623268697987,12.473361,0.0,-2.0775623268697987,,,2026-08-24T17:32:00.617511+00:00,2026-08-24T17:32:11.819119+00:00,41
2026-08-24,XPON,target+1_floor-2,reclaim,resting,STOP_LIMIT,2026-08-24T12:34:07+00:00,,1787592660000,2026-08-24T17:35:00+00:00,2026-08-24T18:06:35.580000+00:00,7.52,7.595199999999999,7.369599999999999,2026-08-24T18:08:50.457353+00:00,2026-08-24T18:08:50.470090+00:00,7.36,floor,-2.1276595744680753,134.89009,0.0,-2.1276595744680753,,,2026-08-24T18:06:44.104586+00:00,2026-08-24T18:08:50.457353+00:00,419
2026-08-24,XPON,target+1_floor-2,first,resting,STOP_LIMIT,2026-08-24T12:34:07+00:00,,0,2026-08-24T18:36:00+00:00,2026-08-24T18:38:43.267000+00:00,7.38,7.4538,7.2324,2026-08-24T18:38:43.739449+00:00,2026-08-24T18:38:43.740208+00:00,7.23,floor,-2.0325203252032447,0.473208,0.0,-2.0325203252032447,,,2026-08-24T18:38:43.738048+00:00,2026-08-24T18:38:43.739449+00:00,7
2026-08-24,XPON,target+1_floor-2,reclaim,resting,STOP_LIMIT,2026-08-24T12:34:07+00:00,,1787597460000,2026-08-24T18:54:00+00:00,2026-08-24T18:55:09.410000+00:00,7.74,7.8174,7.5852,2026-08-24T18:55:11.452098+00:00,2026-08-24T18:55:11.452098+00:00,7.8174,target,0.9999999999999988,2.042098,1.0335917312661507,-1.0335917312661507,2026-08-24T18:55:11.452098+00:00,,2026-08-24T18:55:09.961368+00:00,,119
2026-08-24,XPON,target+1_floor-1,first,resting,STOP_LIMIT,2026-08-24T12:34:07+00:00,,0,2026-08-24T13:33:00+00:00,2026-08-24T13:33:26.763000+00:00,8.73,8.817300000000001,8.6427,2026-08-24T13:33:26.855906+00:00,2026-08-24T13:33:26.856234+00:00,8.64,floor,-1.0309278350515447,0.093234,0.0,-1.0309278350515447,,,2026-08-24T13:33:26.855906+00:00,,27
2026-08-24,XPON,target+1_floor-1,first,resting,STOP_LIMIT,2026-08-24T12:34:07+00:00,,0,2026-08-24T14:29:00+00:00,2026-08-24T14:54:06.629000+00:00,7.13,7.2013,7.0587,2026-08-24T14:54:08.319750+00:00,2026-08-24T14:54:08.320053+00:00,7.05,floor,-1.1220196353436196,1.691053,0.0,-1.1220196353436196,,,2026-08-24T14:54:08.319750+00:00,,55
2026-08-24,XPON,target+1_floor-1,reclaim,resting,STOP_LIMIT,2026-08-24T12:34:07+00:00,,1787583300000,2026-08-24T14:58:00+00:00,2026-08-24T15:01:19.240000+00:00,7.3,7.373,7.226999999999999,2026-08-24T15:01:24.699758+00:00,2026-08-24T15:01:24.700245+00:00,7.22,floor,-1.0958904109589052,5.460245,0.0,-1.0958904109589052,,,2026-08-24T15:01:24.699758+00:00,,82
2026-08-24,XPON,target+1_floor-1,first,resting,STOP_LIMIT,2026-08-24T12:34:07+00:00,,0,2026-08-24T16:49:00+00:00,2026-08-24T17:03:07.843000+00:00,7.65,7.726500000000001,7.5735,2026-08-24T17:03:08.565098+00:00,2026-08-24T17:03:08.697147+00:00,7.58,floor,-0.9150326797385657,0.854147,0.0,-1.0457516339869288,,,2026-08-24T17:03:08.565098+00:00,,9
2026-08-24,XPON,target+1_floor-1,first,resting,STOP_LIMIT,2026-08-24T12:34:07+00:00,,0,2026-08-24T17:23:00+00:00,2026-08-24T17:31:59.346000+00:00,7.22,7.2922,7.147799999999999,2026-08-24T17:32:00.617511+00:00,2026-08-24T17:32:00.617659+00:00,7.11,floor,-1.5235457063711833,1.271659,0.0,-1.5235457063711833,,,2026-08-24T17:32:00.617511+00:00,,2
2026-08-24,XPON,target+1_floor-1,reclaim,resting,STOP_LIMIT,2026-08-24T12:34:07+00:00,,1787592660000,2026-08-24T17:35:00+00:00,2026-08-24T18:06:35.580000+00:00,7.52,7.595199999999999,7.4448,2026-08-24T18:06:44.104586+00:00,2026-08-24T18:06:44.104829+00:00,7.44,floor,-1.0638297872340319,8.524829,0.0,-1.0638297872340319,,,2026-08-24T18:06:44.104586+00:00,,68
2026-08-24,XPON,target+1_floor-1,first,resting,STOP_LIMIT,2026-08-24T12:34:07+00:00,,0,2026-08-24T18:36:00+00:00,2026-08-24T18:38:43.267000+00:00,7.38,7.4538,7.3062,2026-08-24T18:38:43.738048+00:00,2026-08-24T18:38:43.738558+00:00,7.28,floor,-1.3550135501354965,0.471558,0.0,-1.3550135501354965,,,2026-08-24T18:38:43.738048+00:00,,4
2026-08-24,XPON,target+1_floor-1,reclaim,resting,STOP_LIMIT,2026-08-24T12:34:07+00:00,,1787597460000,2026-08-24T18:54:00+00:00,2026-08-24T18:55:09.410000+00:00,7.74,7.8174,7.6626,2026-08-24T18:55:09.961368+00:00,2026-08-24T18:55:10.060245+00:00,7.67,floor,-0.9043927648578847,0.650245,0.0,-1.0335917312661507,,,2026-08-24T18:55:09.961368+00:00,,4
2026-08-24,XPON,target+1_floor+0,first,resting,STOP_LIMIT,2026-08-24T12:34:07+00:00,,0,2026-08-24T13:33:00+00:00,2026-08-24T13:33:26.763000+00:00,8.73,8.817300000000001,8.73,2026-08-24T13:33:26.848327+00:00,2026-08-24T13:33:26.849295+00:00,8.65,floor,-0.9163802978235975,0.086295,0.0,-0.9163802978235975,,,,,2
2026-08-24,XPON,target+1_floor+0,first,resting,STOP_LIMIT,2026-08-24T12:34:07+00:00,,0,2026-08-24T14:29:00+00:00,2026-08-24T14:54:06.629000+00:00,7.13,7.2013,7.13,2026-08-24T14:54:06.943903+00:00,2026-08-24T14:54:06.944978+00:00,7.07,floor,-0.8415147265077085,0.315978,0.0,-0.8415147265077085,,,,,2
2026-08-24,XPON,target+1_floor+0,reclaim,resting,STOP_LIMIT,2026-08-24T12:34:07+00:00,,1787583300000,2026-08-24T14:58:00+00:00,2026-08-24T15:01:19.240000+00:00,7.3,7.373,7.3,2026-08-24T15:01:19.879080+00:00,2026-08-24T15:01:19.879577+00:00,7.27,floor,-0.41095890410959246,0.639577,0.0,-0.41095890410959246,,,,,2
2026-08-24,XPON,target+1_floor+0,first,resting,STOP_LIMIT,2026-08-24T12:34:07+00:00,,0,2026-08-24T16:49:00+00:00,2026-08-24T17:03:07.843000+00:00,7.65,7.726500000000001,7.65,2026-08-24T17:03:07.864326+00:00,2026-08-24T17:03:07.864689+00:00,7.59,floor,-0.7843137254902025,0.021689,0.0,-0.7843137254902025,,,,,2
2026-08-24,XPON,target+1_floor+0,first,resting,STOP_LIMIT,2026-08-24T12:34:07+00:00,,0,2026-08-24T17:23:00+00:00,2026-08-24T17:31:59.346000+00:00,7.22,7.2922,7.22,2026-08-24T17:32:00.617511+00:00,2026-08-24T17:32:00.617659+00:00,7.11,floor,-1.5235457063711833,1.271659,0.0,-1.5235457063711833,,,2026-08-24T17:32:00.617511+00:00,,2
2026-08-24,XPON,target+1_floor+0,reclaim,resting,STOP_LIMIT,2026-08-24T12:34:07+00:00,,1787592660000,2026-08-24T17:35:00+00:00,2026-08-24T18:06:35.580000+00:00,7.52,7.595199999999999,7.52,2026-08-24T18:06:35.921490+00:00,2026-08-24T18:06:37.373547+00:00,7.48,floor,-0.5319148936170099,1.793547,0.0,-0.5319148936170099,,,,,2
2026-08-24,XPON,target+1_floor+0,first,resting,STOP_LIMIT,2026-08-24T12:34:07+00:00,,0,2026-08-24T18:36:00+00:00,2026-08-24T18:38:43.267000+00:00,7.38,7.4538,7.38,2026-08-24T18:38:43.736496+00:00,2026-08-24T18:38:43.736923+00:00,7.31,floor,-0.9485094850948549,0.469923,0.0,-0.9485094850948549,,,,,2
2026-08-24,XPON,target+1_floor+0,reclaim,resting,STOP_LIMIT,2026-08-24T12:34:07+00:00,,1787597460000,2026-08-24T18:54:00+00:00,2026-08-24T18:55:09.410000+00:00,7.74,7.8174,7.74,2026-08-24T18:55:09.591959+00:00,2026-08-24T18:55:09.960484+00:00,7.67,floor,-0.9043927648578847,0.550484,0.0,-0.9043927648578847,,,,,2
2026-08-24,XPON,target+2_floor-2,first,resting,STOP_LIMIT,2026-08-24T12:34:07+00:00,,0,2026-08-24T13:33:00+00:00,2026-08-24T13:33:26.763000+00:00,8.73,8.9046,8.5554,2026-08-24T13:33:27.834087+00:00,2026-08-24T13:33:27.834495+00:00,8.53,floor,-2.290950744559004,1.071495,0.0,-2.290950744559004,,,2026-08-24T13:33:26.855906+00:00,2026-08-24T13:33:27.834087+00:00,72
2026-08-24,XPON,target+2_floor-2,first,resting,STOP_LIMIT,2026-08-24T12:34:07+00:00,,0,2026-08-24T14:29:00+00:00,2026-08-24T14:54:06.629000+00:00,7.13,7.2726,6.9874,2026-08-24T14:54:31.455395+00:00,2026-08-24T14:54:31.456534+00:00,6.97,floor,-2.244039270687239,24.827534,0.8415147265077207,-2.244039270687239,,,2026-08-24T14:54:08.319750+00:00,2026-08-24T14:54:31.455395+00:00,824
2026-08-24,XPON,target+2_floor-2,reclaim,resting,STOP_LIMIT,2026-08-24T12:34:07+00:00,,1787583300000,2026-08-24T14:58:00+00:00,2026-08-24T15:01:19.240000+00:00,7.3,7.446,7.154,2026-08-24T15:02:06.349992+00:00,2026-08-24T15:02:06.350196+00:00,7.15,floor,-2.054794520547938,47.110196,0.0,-2.054794520547938,,,2026-08-24T15:01:24.699758+00:00,2026-08-24T15:02:06.349992+00:00,471
2026-08-24,XPON,target+2_floor-2,first,resting,STOP_LIMIT,2026-08-24T12:34:07+00:00,,0,2026-08-24T16:49:00+00:00,2026-08-24T17:03:07.843000+00:00,7.65,7.803000000000001,7.497,2026-08-24T17:03:14.983958+00:00,2026-08-24T17:03:14.984253+00:00,7.49,floor,-2.0915032679738577,7.141253,0.0,-2.0915032679738577,,,2026-08-24T17:03:08.565098+00:00,2026-08-24T17:03:14.983958+00:00,76
2026-08-24,XPON,target+2_floor-2,first,resting,STOP_LIMIT,2026-08-24T12:34:07+00:00,,0,2026-08-24T17:23:00+00:00,2026-08-24T17:31:59.346000+00:00,7.22,7.3644,7.0756,2026-08-24T17:32:11.819119+00:00,2026-08-24T17:32:11.819361+00:00,7.07,floor,-2.0775623268697987,12.473361,0.0,-2.0775623268697987,,,2026-08-24T17:32:00.617511+00:00,2026-08-24T17:32:11.819119+00:00,41
2026-08-24,XPON,target+2_floor-2,reclaim,resting,STOP_LIMIT,2026-08-24T12:34:07+00:00,,1787592660000,2026-08-24T17:35:00+00:00,2026-08-24T18:06:35.580000+00:00,7.52,7.6704,7.369599999999999,2026-08-24T18:08:50.457353+00:00,2026-08-24T18:08:50.470090+00:00,7.36,floor,-2.1276595744680753,134.89009,0.0,-2.1276595744680753,,,2026-08-24T18:06:44.104586+00:00,2026-08-24T18:08:50.457353+00:00,419
2026-08-24,XPON,target+2_floor-2,first,resting,STOP_LIMIT,2026-08-24T12:34:07+00:00,,0,2026-08-24T18:36:00+00:00,2026-08-24T18:38:43.267000+00:00,7.38,7.5276,7.2324,2026-08-24T18:38:43.739449+00:00,2026-08-24T18:38:43.740208+00:00,7.23,floor,-2.0325203252032447,0.473208,0.0,-2.0325203252032447,,,2026-08-24T18:38:43.738048+00:00,2026-08-24T18:38:43.739449+00:00,7
2026-08-24,XPON,target+2_floor-2,reclaim,resting,STOP_LIMIT,2026-08-24T12:34:07+00:00,,1787597460000,2026-08-24T18:54:00+00:00,2026-08-24T18:55:09.410000+00:00,7.74,7.8948,7.5852,2026-08-24T18:55:11.484000+00:00,2026-08-24T18:55:11.484000+00:00,7.8948,target,1.9999999999999976,2.074,2.0671834625323013,-1.0335917312661507,2026-08-24T18:55:11.452098+00:00,2026-08-24T18:55:11.484000+00:00,2026-08-24T18:55:09.961368+00:00,,168
2026-08-24,XPON,target+2_floor-1,first,resting,STOP_LIMIT,2026-08-24T12:34:07+00:00,,0,2026-08-24T13:33:00+00:00,2026-08-24T13:33:26.763000+00:00,8.73,8.9046,8.6427,2026-08-24T13:33:26.855906+00:00,2026-08-24T13:33:26.856234+00:00,8.64,floor,-1.0309278350515447,0.093234,0.0,-1.0309278350515447,,,2026-08-24T13:33:26.855906+00:00,,27
2026-08-24,XPON,target+2_floor-1,first,resting,STOP_LIMIT,2026-08-24T12:34:07+00:00,,0,2026-08-24T14:29:00+00:00,2026-08-24T14:54:06.629000+00:00,7.13,7.2726,7.0587,2026-08-24T14:54:08.319750+00:00,2026-08-24T14:54:08.320053+00:00,7.05,floor,-1.1220196353436196,1.691053,0.0,-1.1220196353436196,,,2026-08-24T14:54:08.319750+00:00,,55
2026-08-24,XPON,target+2_floor-1,reclaim,resting,STOP_LIMIT,2026-08-24T12:34:07+00:00,,1787583300000,2026-08-24T14:58:00+00:00,2026-08-24T15:01:19.240000+00:00,7.3,7.446,7.226999999999999,2026-08-24T15:01:24.699758+00:00,2026-08-24T15:01:24.700245+00:00,7.22,floor,-1.0958904109589052,5.460245,0.0,-1.0958904109589052,,,2026-08-24T15:01:24.699758+00:00,,82
2026-08-24,XPON,target+2_floor-1,first,resting,STOP_LIMIT,2026-08-24T12:34:07+00:00,,0,2026-08-24T16:49:00+00:00,2026-08-24T17:03:07.843000+00:00,7.65,7.803000000000001,7.5735,2026-08-24T17:03:08.565098+00:00,2026-08-24T17:03:08.697147+00:00,7.58,floor,-0.9150326797385657,0.854147,0.0,-1.0457516339869288,,,2026-08-24T17:03:08.565098+00:00,,9
2026-08-24,XPON,target+2_floor-1,first,resting,STOP_LIMIT,2026-08-24T12:34:07+00:00,,0,2026-08-24T17:23:00+00:00,2026-08-24T17:31:59.346000+00:00,7.22,7.3644,7.147799999999999,2026-08-24T17:32:00.617511+00:00,2026-08-24T17:32:00.617659+00:00,7.11,floor,-1.5235457063711833,1.271659,0.0,-1.5235457063711833,,,2026-08-24T17:32:00.617511+00:00,,2
2026-08-24,XPON,target+2_floor-1,reclaim,resting,STOP_LIMIT,2026-08-24T12:34:07+00:00,,1787592660000,2026-08-24T17:35:00+00:00,2026-08-24T18:06:35.580000+00:00,7.52,7.6704,7.4448,2026-08-24T18:06:44.104586+00:00,2026-08-24T18:06:44.104829+00:00,7.44,floor,-1.0638297872340319,8.524829,0.0,-1.0638297872340319,,,2026-08-24T18:06:44.104586+00:00,,68
2026-08-24,XPON,target+2_floor-1,first,resting,STOP_LIMIT,2026-08-24T12:34:07+00:00,,0,2026-08-24T18:36:00+00:00,2026-08-24T18:38:43.267000+00:00,7.38,7.5276,7.3062,2026-08-24T18:38:43.738048+00:00,2026-08-24T18:38:43.738558+00:00,7.28,floor,-1.3550135501354965,0.471558,0.0,-1.3550135501354965,,,2026-08-24T18:38:43.738048+00:00,,4
2026-08-24,XPON,target+2_floor-1,reclaim,resting,STOP_LIMIT,2026-08-24T12:34:07+00:00,,1787597460000,2026-08-24T18:54:00+00:00,2026-08-24T18:55:09.410000+00:00,7.74,7.8948,7.6626,2026-08-24T18:55:09.961368+00:00,2026-08-24T18:55:10.060245+00:00,7.67,floor,-0.9043927648578847,0.650245,0.0,-1.0335917312661507,,,2026-08-24T18:55:09.961368+00:00,,4
2026-08-24,XPON,target+2_floor+0,first,resting,STOP_LIMIT,2026-08-24T12:34:07+00:00,,0,2026-08-24T13:33:00+00:00,2026-08-24T13:33:26.763000+00:00,8.73,8.9046,8.73,2026-08-24T13:33:26.848327+00:00,2026-08-24T13:33:26.849295+00:00,8.65,floor,-0.9163802978235975,0.086295,0.0,-0.9163802978235975,,,,,2
2026-08-24,XPON,target+2_floor+0,first,resting,STOP_LIMIT,2026-08-24T12:34:07+00:00,,0,2026-08-24T14:29:00+00:00,2026-08-24T14:54:06.629000+00:00,7.13,7.2726,7.13,2026-08-24T14:54:06.943903+00:00,2026-08-24T14:54:06.944978+00:00,7.07,floor,-0.8415147265077085,0.315978,0.0,-0.8415147265077085,,,,,2
2026-08-24,XPON,target+2_floor+0,reclaim,resting,STOP_LIMIT,2026-08-24T12:34:07+00:00,,1787583300000,2026-08-24T14:58:00+00:00,2026-08-24T15:01:19.240000+00:00,7.3,7.446,7.3,2026-08-24T15:01:19.879080+00:00,2026-08-24T15:01:19.879577+00:00,7.27,floor,-0.41095890410959246,0.639577,0.0,-0.41095890410959246,,,,,2
2026-08-24,XPON,target+2_floor+0,first,resting,STOP_LIMIT,2026-08-24T12:34:07+00:00,,0,2026-08-24T16:49:00+00:00,2026-08-24T17:03:07.843000+00:00,7.65,7.803000000000001,7.65,2026-08-24T17:03:07.864326+00:00,2026-08-24T17:03:07.864689+00:00,7.59,floor,-0.7843137254902025,0.021689,0.0,-0.7843137254902025,,,,,2
2026-08-24,XPON,target+2_floor+0,first,resting,STOP_LIMIT,2026-08-24T12:34:07+00:00,,0,2026-08-24T17:23:00+00:00,2026-08-24T17:31:59.346000+00:00,7.22,7.3644,7.22,2026-08-24T17:32:00.617511+00:00,2026-08-24T17:32:00.617659+00:00,7.11,floor,-1.5235457063711833,1.271659,0.0,-1.5235457063711833,,,2026-08-24T17:32:00.617511+00:00,,2
2026-08-24,XPON,target+2_floor+0,reclaim,resting,STOP_LIMIT,2026-08-24T12:34:07+00:00,,1787592660000,2026-08-24T17:35:00+00:00,2026-08-24T18:06:35.580000+00:00,7.52,7.6704,7.52,2026-08-24T18:06:35.921490+00:00,2026-08-24T18:06:37.373547+00:00,7.48,floor,-0.5319148936170099,1.793547,0.0,-0.5319148936170099,,,,,2
2026-08-24,XPON,target+2_floor+0,first,resting,STOP_LIMIT,2026-08-24T12:34:07+00:00,,0,2026-08-24T18:36:00+00:00,2026-08-24T18:38:43.267000+00:00,7.38,7.5276,7.38,2026-08-24T18:38:43.736496+00:00,2026-08-24T18:38:43.736923+00:00,7.31,floor,-0.9485094850948549,0.469923,0.0,-0.9485094850948549,,,,,2
2026-08-24,XPON,target+2_floor+0,reclaim,resting,STOP_LIMIT,2026-08-24T12:34:07+00:00,,1787597460000,2026-08-24T18:54:00+00:00,2026-08-24T18:55:09.410000+00:00,7.74,7.8948,7.74,2026-08-24T18:55:09.591959+00:00,2026-08-24T18:55:09.960484+00:00,7.67,floor,-0.9043927648578847,0.550484,0.0,-0.9043927648578847,,,,,2
2026-08-25,AIXI,target+1_floor-2,first,resting,STOP_LIMIT,2026-08-25T13:53:46+00:00,,0,2026-08-25T16:14:00+00:00,2026-08-25T16:22:56.155000+00:00,1.16,1.1716,1.1367999999999998,2026-08-25T16:25:19.627294+00:00,2026-08-25T16:25:19.627792+00:00,1.13,floor,-2.5862068965517264,143.472792,0.0,-2.5862068965517264,,,2026-08-25T16:24:54.410416+00:00,2026-08-25T16:25:19.627294+00:00,190
2026-08-25,AIXI,target+1_floor-2,reclaim,resting,STOP_LIMIT,2026-08-25T13:53:46+00:00,,1787674980000,2026-08-25T16:26:00+00:00,2026-08-25T16:29:11.222000+00:00,1.17,1.1817,1.1465999999999998,2026-08-25T16:29:28.501750+00:00,2026-08-25T16:29:28.501750+00:00,1.1817,target,1.0000000000000038,17.27975,1.7094017094017109,-0.8547008547008554,2026-08-25T16:29:28.501750+00:00,,,,59
2026-08-25,AIXI,target+1_floor-2,reclaim,resting,STOP_LIMIT,2026-08-25T13:53:46+00:00,,1787679300000,2026-08-25T17:38:00+00:00,2026-08-25T17:38:30.138000+00:00,1.29,1.3029,1.2642,2026-08-25T17:38:56.022902+00:00,2026-08-25T17:38:56.023689+00:00,1.26,floor,-2.325581395348839,25.885689,0.0,-2.325581395348839,,,2026-08-25T17:38:55.996552+00:00,2026-08-25T17:38:56.022902+00:00,73
2026-08-25,AIXI,target+1_floor-2,first,resting,STOP_LIMIT,2026-08-25T13:53:46+00:00,,0,2026-08-25T17:57:00+00:00,2026-08-25T18:12:09.641000+00:00,1.24,1.2524,1.2152,2026-08-25T18:12:43.912971+00:00,2026-08-25T18:12:43.912971+00:00,1.2524,target,0.9999999999999972,34.271971,1.6129032258064528,-1.6129032258064528,2026-08-25T18:12:43.912971+00:00,,2026-08-25T18:12:11.262039+00:00,,226
2026-08-25,AIXI,target+1_floor-2,first,resting,STOP_LIMIT,2026-08-25T13:53:46+00:00,,0,2026-08-25T19:28:00+00:00,2026-08-25T19:44:25.800000+00:00,1.25,1.2625,1.225,2026-08-25T19:44:34.979353+00:00,2026-08-25T19:44:34.979353+00:00,1.2625,target,0.9999999999999963,9.179353,1.6000000000000014,-0.8000000000000007,2026-08-25T19:44:34.979353+00:00,,,,78
2026-08-25,AIXI,target+1_floor-2,reclaim,resting,STOP_LIMIT,2026-08-25T13:53:46+00:00,,1787687040000,2026-08-25T19:52:00+00:00,2026-08-25T19:53:58.736000+00:00,1.3,1.3130000000000002,1.274,2026-08-25T19:54:14.241827+00:00,2026-08-25T19:54:14.241827+00:00,1.3130000000000002,target,1.0000000000000093,15.505827,1.5384615384615397,-1.5384615384615397,2026-08-25T19:54:14.241827+00:00,,2026-08-25T19:54:07.756007+00:00,,191
2026-08-25,AIXI,target+1_floor-1,first,resting,STOP_LIMIT,2026-08-25T13:53:46+00:00,,0,2026-08-25T16:14:00+00:00,2026-08-25T16:22:56.155000+00:00,1.16,1.1716,1.1483999999999999,2026-08-25T16:24:54.410416+00:00,2026-08-25T16:24:54.410654+00:00,1.14,floor,-1.7241379310344844,118.255654,0.0,-1.7241379310344844,,,2026-08-25T16:24:54.410416+00:00,,167
2026-08-25,AIXI,target+1_floor-1,reclaim,resting,STOP_LIMIT,2026-08-25T13:53:46+00:00,,1787674980000,2026-08-25T16:26:00+00:00,2026-08-25T16:29:11.222000+00:00,1.17,1.1817,1.1582999999999999,2026-08-25T16:29:28.501750+00:00,2026-08-25T16:29:28.501750+00:00,1.1817,target,1.0000000000000038,17.27975,1.7094017094017109,-0.8547008547008554,2026-08-25T16:29:28.501750+00:00,,,,59
2026-08-25,AIXI,target+1_floor-1,reclaim,resting,STOP_LIMIT,2026-08-25T13:53:46+00:00,,1787679300000,2026-08-25T17:38:00+00:00,2026-08-25T17:38:30.138000+00:00,1.29,1.3029,1.2771000000000001,2026-08-25T17:38:55.996552+00:00,2026-08-25T17:38:55.997373+00:00,1.27,floor,-1.5503875968992262,25.859373,0.0,-1.5503875968992262,,,2026-08-25T17:38:55.996552+00:00,,54
2026-08-25,AIXI,target+1_floor-1,first,resting,STOP_LIMIT,2026-08-25T13:53:46+00:00,,0,2026-08-25T17:57:00+00:00,2026-08-25T18:12:09.641000+00:00,1.24,1.2524,1.2276,2026-08-25T18:12:11.262039+00:00,2026-08-25T18:12:11.262330+00:00,1.22,floor,-1.6129032258064528,1.62133,0.0,-1.6129032258064528,,,2026-08-25T18:12:11.262039+00:00,,5
2026-08-25,AIXI,target+1_floor-1,first,resting,STOP_LIMIT,2026-08-25T13:53:46+00:00,,0,2026-08-25T19:28:00+00:00,2026-08-25T19:44:25.800000+00:00,1.25,1.2625,1.2375,2026-08-25T19:44:34.979353+00:00,2026-08-25T19:44:34.979353+00:00,1.2625,target,0.9999999999999963,9.179353,1.6000000000000014,-0.8000000000000007,2026-08-25T19:44:34.979353+00:00,,,,78
2026-08-25,AIXI,target+1_floor-1,reclaim,resting,STOP_LIMIT,2026-08-25T13:53:46+00:00,,1787687040000,2026-08-25T19:52:00+00:00,2026-08-25T19:53:58.736000+00:00,1.3,1.3130000000000002,1.287,2026-08-25T19:54:07.756007+00:00,2026-08-25T19:54:07.828860+00:00,1.28,floor,-1.5384615384615397,9.09286,0.0,-1.5384615384615397,,,2026-08-25T19:54:07.756007+00:00,,38
2026-08-25,AIXI,target+1_floor+0,first,resting,STOP_LIMIT,2026-08-25T13:53:46+00:00,,0,2026-08-25T16:14:00+00:00,2026-08-25T16:22:56.155000+00:00,1.16,1.1716,1.16,2026-08-25T16:22:56.399889+00:00,2026-08-25T16:22:57.155717+00:00,1.15,floor,-0.8620689655172422,1.000717,0.0,-0.8620689655172422,,,,,2
2026-08-25,AIXI,target+1_floor+0,reclaim,resting,STOP_LIMIT,2026-08-25T13:53:46+00:00,,1787674980000,2026-08-25T16:26:00+00:00,2026-08-25T16:29:11.222000+00:00,1.17,1.1817,1.17,2026-08-25T16:29:11.470501+00:00,2026-08-25T16:29:12.061074+00:00,1.16,floor,-0.8547008547008554,0.839074,0.0,-0.8547008547008554,,,,,2
2026-08-25,AIXI,target+1_floor+0,reclaim,resting,STOP_LIMIT,2026-08-25T13:53:46+00:00,,1787679300000,2026-08-25T17:38:00+00:00,2026-08-25T17:38:30.138000+00:00,1.29,1.3029,1.29,2026-08-25T17:38:30.440969+00:00,2026-08-25T17:38:31.287693+00:00,1.28,floor,-0.7751937984496131,1.149693,0.0,-0.7751937984496131,,,,,2
2026-08-25,AIXI,target+1_floor+0,first,resting,STOP_LIMIT,2026-08-25T13:53:46+00:00,,0,2026-08-25T17:57:00+00:00,2026-08-25T18:12:09.641000+00:00,1.24,1.2524,1.24,2026-08-25T18:12:10.353728+00:00,2026-08-25T18:12:11.260411+00:00,1.23,floor,-0.8064516129032264,1.619411,0.0,-0.8064516129032264,,,,,2
2026-08-25,AIXI,target+1_floor+0,first,resting,STOP_LIMIT,2026-08-25T13:53:46+00:00,,0,2026-08-25T19:28:00+00:00,2026-08-25T19:44:25.800000+00:00,1.25,1.2625,1.25,2026-08-25T19:44:25.908240+00:00,2026-08-25T19:44:25.908553+00:00,1.24,floor,-0.8000000000000007,0.108553,0.0,-0.8000000000000007,,,,,2
2026-08-25,AIXI,target+1_floor+0,reclaim,resting,STOP_LIMIT,2026-08-25T13:53:46+00:00,,1787687040000,2026-08-25T19:52:00+00:00,2026-08-25T19:53:58.736000+00:00,1.3,1.3130000000000002,1.3,2026-08-25T19:53:59.009043+00:00,2026-08-25T19:53:59.175860+00:00,1.29,floor,-0.7692307692307698,0.43986,0.0,-0.7692307692307698,,,,,2
2026-08-25,AIXI,target+2_floor-2,first,resting,STOP_LIMIT,2026-08-25T13:53:46+00:00,,0,2026-08-25T16:14:00+00:00,2026-08-25T16:22:56.155000+00:00,1.16,1.1832,1.1367999999999998,2026-08-25T16:25:19.627294+00:00,2026-08-25T16:25:19.627792+00:00,1.13,floor,-2.5862068965517264,143.472792,0.0,-2.5862068965517264,,,2026-08-25T16:24:54.410416+00:00,2026-08-25T16:25:19.627294+00:00,190
2026-08-25,AIXI,target+2_floor-2,reclaim,resting,STOP_LIMIT,2026-08-25T13:53:46+00:00,,1787674980000,2026-08-25T16:26:00+00:00,2026-08-25T16:29:11.222000+00:00,1.17,1.1934,1.1465999999999998,2026-08-25T16:29:30.981119+00:00,2026-08-25T16:29:30.981119+00:00,1.1934,target,2.0000000000000075,19.759119,2.5641025641025665,-0.8547008547008554,2026-08-25T16:29:28.501750+00:00,2026-08-25T16:29:30.981119+00:00,,,82
2026-08-25,AIXI,target+2_floor-2,reclaim,resting,STOP_LIMIT,2026-08-25T13:53:46+00:00,,1787679300000,2026-08-25T17:38:00+00:00,2026-08-25T17:38:30.138000+00:00,1.29,1.3158,1.2642,2026-08-25T17:38:56.022902+00:00,2026-08-25T17:38:56.023689+00:00,1.26,floor,-2.325581395348839,25.885689,0.0,-2.325581395348839,,,2026-08-25T17:38:55.996552+00:00,2026-08-25T17:38:56.022902+00:00,73
2026-08-25,AIXI,target+2_floor-2,first,resting,STOP_LIMIT,2026-08-25T13:53:46+00:00,,0,2026-08-25T17:57:00+00:00,2026-08-25T18:12:09.641000+00:00,1.24,1.2648,1.2152,2026-08-25T18:13:01.494270+00:00,2026-08-25T18:13:01.494270+00:00,1.2648,target,1.9999999999999944,51.85327,2.4193548387096793,-1.6129032258064528,2026-08-25T18:12:43.912971+00:00,2026-08-25T18:13:01.494270+00:00,2026-08-25T18:12:11.262039+00:00,,296
2026-08-25,AIXI,target+2_floor-2,first,resting,STOP_LIMIT,2026-08-25T13:53:46+00:00,,0,2026-08-25T19:28:00+00:00,2026-08-25T19:44:25.800000+00:00,1.25,1.275,1.225,2026-08-25T19:45:52.158186+00:00,2026-08-25T19:45:52.158186+00:00,1.275,target,1.9999999999999927,86.358186,2.400000000000002,-0.8000000000000007,2026-08-25T19:44:34.979353+00:00,2026-08-25T19:45:52.158186+00:00,,,472
2026-08-25,AIXI,target+2_floor-2,reclaim,resting,STOP_LIMIT,2026-08-25T13:53:46+00:00,,1787687040000,2026-08-25T19:52:00+00:00,2026-08-25T19:53:58.736000+00:00,1.3,1.326,1.274,2026-08-25T19:54:23.124505+00:00,2026-08-25T19:54:23.124505+00:00,1.326,target,2.0000000000000018,24.388505,2.3076923076923097,-1.5384615384615397,2026-08-25T19:54:14.241827+00:00,2026-08-25T19:54:23.124505+00:00,2026-08-25T19:54:07.756007+00:00,,239
2026-08-25,AIXI,target+2_floor-1,first,resting,STOP_LIMIT,2026-08-25T13:53:46+00:00,,0,2026-08-25T16:14:00+00:00,2026-08-25T16:22:56.155000+00:00,1.16,1.1832,1.1483999999999999,2026-08-25T16:24:54.410416+00:00,2026-08-25T16:24:54.410654+00:00,1.14,floor,-1.7241379310344844,118.255654,0.0,-1.7241379310344844,,,2026-08-25T16:24:54.410416+00:00,,167
2026-08-25,AIXI,target+2_floor-1,reclaim,resting,STOP_LIMIT,2026-08-25T13:53:46+00:00,,1787674980000,2026-08-25T16:26:00+00:00,2026-08-25T16:29:11.222000+00:00,1.17,1.1934,1.1582999999999999,2026-08-25T16:29:30.981119+00:00,2026-08-25T16:29:30.981119+00:00,1.1934,target,2.0000000000000075,19.759119,2.5641025641025665,-0.8547008547008554,2026-08-25T16:29:28.501750+00:00,2026-08-25T16:29:30.981119+00:00,,,82
2026-08-25,AIXI,target+2_floor-1,reclaim,resting,STOP_LIMIT,2026-08-25T13:53:46+00:00,,1787679300000,2026-08-25T17:38:00+00:00,2026-08-25T17:38:30.138000+00:00,1.29,1.3158,1.2771000000000001,2026-08-25T17:38:55.996552+00:00,2026-08-25T17:38:55.997373+00:00,1.27,floor,-1.5503875968992262,25.859373,0.0,-1.5503875968992262,,,2026-08-25T17:38:55.996552+00:00,,54
2026-08-25,AIXI,target+2_floor-1,first,resting,STOP_LIMIT,2026-08-25T13:53:46+00:00,,0,2026-08-25T17:57:00+00:00,2026-08-25T18:12:09.641000+00:00,1.24,1.2648,1.2276,2026-08-25T18:12:11.262039+00:00,2026-08-25T18:12:11.262330+00:00,1.22,floor,-1.6129032258064528,1.62133,0.0,-1.6129032258064528,,,2026-08-25T18:12:11.262039+00:00,,5
2026-08-25,AIXI,target+2_floor-1,first,resting,STOP_LIMIT,2026-08-25T13:53:46+00:00,,0,2026-08-25T19:28:00+00:00,2026-08-25T19:44:25.800000+00:00,1.25,1.275,1.2375,2026-08-25T19:45:52.158186+00:00,2026-08-25T19:45:52.158186+00:00,1.275,target,1.9999999999999927,86.358186,2.400000000000002,-0.8000000000000007,2026-08-25T19:44:34.979353+00:00,2026-08-25T19:45:52.158186+00:00,,,472
2026-08-25,AIXI,target+2_floor-1,reclaim,resting,STOP_LIMIT,2026-08-25T13:53:46+00:00,,1787687040000,2026-08-25T19:52:00+00:00,2026-08-25T19:53:58.736000+00:00,1.3,1.326,1.287,2026-08-25T19:54:07.756007+00:00,2026-08-25T19:54:07.828860+00:00,1.28,floor,-1.5384615384615397,9.09286,0.0,-1.5384615384615397,,,2026-08-25T19:54:07.756007+00:00,,38
2026-08-25,AIXI,target+2_floor+0,first,resting,STOP_LIMIT,2026-08-25T13:53:46+00:00,,0,2026-08-25T16:14:00+00:00,2026-08-25T16:22:56.155000+00:00,1.16,1.1832,1.16,2026-08-25T16:22:56.399889+00:00,2026-08-25T16:22:57.155717+00:00,1.15,floor,-0.8620689655172422,1.000717,0.0,-0.8620689655172422,,,,,2
2026-08-25,AIXI,target+2_floor+0,reclaim,resting,STOP_LIMIT,2026-08-25T13:53:46+00:00,,1787674980000,2026-08-25T16:26:00+00:00,2026-08-25T16:29:11.222000+00:00,1.17,1.1934,1.17,2026-08-25T16:29:11.470501+00:00,2026-08-25T16:29:12.061074+00:00,1.16,floor,-0.8547008547008554,0.839074,0.0,-0.8547008547008554,,,,,2
2026-08-25,AIXI,target+2_floor+0,reclaim,resting,STOP_LIMIT,2026-08-25T13:53:46+00:00,,1787679300000,2026-08-25T17:38:00+00:00,2026-08-25T17:38:30.138000+00:00,1.29,1.3158,1.29,2026-08-25T17:38:30.440969+00:00,2026-08-25T17:38:31.287693+00:00,1.28,floor,-0.7751937984496131,1.149693,0.0,-0.7751937984496131,,,,,2
2026-08-25,AIXI,target+2_floor+0,first,resting,STOP_LIMIT,2026-08-25T13:53:46+00:00,,0,2026-08-25T17:57:00+00:00,2026-08-25T18:12:09.641000+00:00,1.24,1.2648,1.24,2026-08-25T18:12:10.353728+00:00,2026-08-25T18:12:11.260411+00:00,1.23,floor,-0.8064516129032264,1.619411,0.0,-0.8064516129032264,,,,,2
2026-08-25,AIXI,target+2_floor+0,first,resting,STOP_LIMIT,2026-08-25T13:53:46+00:00,,0,2026-08-25T19:28:00+00:00,2026-08-25T19:44:25.800000+00:00,1.25,1.275,1.25,2026-08-25T19:44:25.908240+00:00,2026-08-25T19:44:25.908553+00:00,1.24,floor,-0.8000000000000007,0.108553,0.0,-0.8000000000000007,,,,,2
2026-08-25,AIXI,target+2_floor+0,reclaim,resting,STOP_LIMIT,2026-08-25T13:53:46+00:00,,1787687040000,2026-08-25T19:52:00+00:00,2026-08-25T19:53:58.736000+00:00,1.3,1.326,1.3,2026-08-25T19:53:59.009043+00:00,2026-08-25T19:53:59.175860+00:00,1.29,floor,-0.7692307692307698,0.43986,0.0,-0.7692307692307698,,,,,2
2026-08-25,DAIC,target+1_floor-2,first,resting,STOP_LIMIT,2026-08-25T08:14:09+00:00,,0,2026-08-25T15:25:00+00:00,2026-08-25T15:36:53.044000+00:00,3.2,3.232,3.136,2026-08-25T15:37:47.391787+00:00,2026-08-25T15:37:47.392648+00:00,3.13,floor,-2.187500000000009,54.348648,0.0,-2.187500000000009,,,2026-08-25T15:36:53.698035+00:00,2026-08-25T15:37:47.391787+00:00,270
2026-08-25,DAIC,target+1_floor-2,first,resting,STOP_LIMIT,2026-08-25T08:14:09+00:00,,0,2026-08-25T15:38:00+00:00,2026-08-25T16:04:47.455000+00:00,3.2,3.232,3.136,2026-08-25T16:04:57.374326+00:00,2026-08-25T16:04:57.374655+00:00,3.14,floor,-1.8750000000000018,9.919655,0.0,-2.187500000000009,,,2026-08-25T16:04:57.369083+00:00,2026-08-25T16:04:57.374326+00:00,63
2026-08-25,DAIC,target+1_floor-2,reclaim,resting,STOP_LIMIT,2026-08-25T08:14:09+00:00,,1787673900000,2026-08-25T16:08:00+00:00,2026-08-25T16:10:54.265000+00:00,3.52,3.5552,3.4495999999999998,2026-08-25T16:11:11.956114+00:00,2026-08-25T16:11:11.956387+00:00,3.44,floor,-2.2727272727272747,17.691387,0.8522727272727216,-2.2727272727272747,,,2026-08-25T16:11:01.185293+00:00,2026-08-25T16:11:11.956114+00:00,248
2026-08-25,DAIC,target+1_floor-2,reclaim,resting,STOP_LIMIT,2026-08-25T08:14:09+00:00,,1787680920000,2026-08-25T18:07:00+00:00,2026-08-25T18:10:24.827000+00:00,3.78,3.8177999999999996,3.7043999999999997,2026-08-25T18:11:02.581136+00:00,2026-08-25T18:11:02.786215+00:00,3.71,floor,-1.8518518518518476,37.959215,0.0,-2.1164021164021065,,,2026-08-25T18:10:29.845559+00:00,2026-08-25T18:11:02.581136+00:00,174
2026-08-25,DAIC,target+1_floor-2,reclaim,resting,STOP_LIMIT,2026-08-25T08:14:09+00:00,,1787687040000,2026-08-25T19:47:00+00:00,2026-08-25T19:48:31.394000+00:00,3.94,3.9794,3.8611999999999997,2026-08-25T19:49:39.985207+00:00,2026-08-25T19:49:39.985441+00:00,3.85,floor,-2.2842639593908594,68.591441,0.7614213197969607,-2.2842639593908594,,,2026-08-25T19:48:34.422683+00:00,2026-08-25T19:49:39.985207+00:00,837
2026-08-25,DAIC,target+1_floor-1,first,resting,STOP_LIMIT,2026-08-25T08:14:09+00:00,,0,2026-08-25T15:25:00+00:00,2026-08-25T15:36:53.044000+00:00,3.2,3.232,3.168,2026-08-25T15:36:53.698035+00:00,2026-08-25T15:36:53.698422+00:00,3.16,floor,-1.250000000000001,0.654422,0.0,-1.250000000000001,,,2026-08-25T15:36:53.698035+00:00,,3
2026-08-25,DAIC,target+1_floor-1,reclaim,resting,STOP_LIMIT,2026-08-25T08:14:09+00:00,,1787673900000,2026-08-25T16:08:00+00:00,2026-08-25T16:10:54.265000+00:00,3.52,3.5552,3.4848,2026-08-25T16:11:01.185293+00:00,2026-08-25T16:11:01.185562+00:00,3.48,floor,-1.1363636363636374,6.920562,0.0,-1.1363636363636374,,,2026-08-25T16:11:01.185293+00:00,,58
2026-08-25,DAIC,target+1_floor-1,reclaim,resting,STOP_LIMIT,2026-08-25T08:14:09+00:00,,1787680920000,2026-08-25T18:07:00+00:00,2026-08-25T18:10:24.827000+00:00,3.78,3.8177999999999996,3.7422,2026-08-25T18:10:29.845559+00:00,2026-08-25T18:10:31.278188+00:00,3.74,floor,-1.0582010582010475,6.451188,0.0,-1.0582010582010475,,,2026-08-25T18:10:29.845559+00:00,,80
2026-08-25,DAIC,target+1_floor-1,reclaim,resting,STOP_LIMIT,2026-08-25T08:14:09+00:00,,1787687040000,2026-08-25T19:47:00+00:00,2026-08-25T19:48:31.394000+00:00,3.94,3.9794,3.9006,2026-08-25T19:48:34.422683+00:00,2026-08-25T19:48:34.423044+00:00,3.9,floor,-1.0152284263959401,3.029044,0.0,-1.0152284263959401,,,2026-08-25T19:48:34.422683+00:00,,31
2026-08-25,DAIC,target+1_floor+0,first,resting,STOP_LIMIT,2026-08-25T08:14:09+00:00,,0,2026-08-25T15:25:00+00:00,2026-08-25T15:36:53.044000+00:00,3.2,3.232,3.2,2026-08-25T15:36:53.149013+00:00,2026-08-25T15:36:53.698035+00:00,3.16,floor,-1.250000000000001,0.654035,0.0,-1.250000000000001,,,2026-08-25T15:36:53.698035+00:00,,2
2026-08-25,DAIC,target+1_floor+0,reclaim,resting,STOP_LIMIT,2026-08-25T08:14:09+00:00,,1787673900000,2026-08-25T16:08:00+00:00,2026-08-25T16:10:54.265000+00:00,3.52,3.5552,3.52,2026-08-25T16:10:54.359117+00:00,2026-08-25T16:10:54.997504+00:00,3.5,floor,-0.5681818181818187,0.732504,0.0,-0.5681818181818187,,,,,2
2026-08-25,DAIC,target+1_floor+0,reclaim,resting,STOP_LIMIT,2026-08-25T08:14:09+00:00,,1787680920000,2026-08-25T18:07:00+00:00,2026-08-25T18:10:24.827000+00:00,3.78,3.8177999999999996,3.78,2026-08-25T18:10:24.833521+00:00,2026-08-25T18:10:24.839704+00:00,3.75,floor,-0.7936507936507886,0.012704,0.0,-0.7936507936507886,,,,,2
2026-08-25,DAIC,target+1_floor+0,reclaim,resting,STOP_LIMIT,2026-08-25T08:14:09+00:00,,1787687040000,2026-08-25T19:47:00+00:00,2026-08-25T19:48:31.394000+00:00,3.94,3.9794,3.94,2026-08-25T19:48:31.493808+00:00,2026-08-25T19:48:31.495241+00:00,3.93,floor,-0.25380710659897937,0.101241,0.0,-0.25380710659897937,,,,,2
2026-08-25,DAIC,target+2_floor-2,first,resting,STOP_LIMIT,2026-08-25T08:14:09+00:00,,0,2026-08-25T15:25:00+00:00,2026-08-25T15:36:53.044000+00:00,3.2,3.2640000000000002,3.136,2026-08-25T15:37:47.391787+00:00,2026-08-25T15:37:47.392648+00:00,3.13,floor,-2.187500000000009,54.348648,0.0,-2.187500000000009,,,2026-08-25T15:36:53.698035+00:00,2026-08-25T15:37:47.391787+00:00,270
2026-08-25,DAIC,target+2_floor-2,first,resting,STOP_LIMIT,2026-08-25T08:14:09+00:00,,0,2026-08-25T15:38:00+00:00,2026-08-25T16:04:47.455000+00:00,3.2,3.2640000000000002,3.136,2026-08-25T16:04:57.374326+00:00,2026-08-25T16:04:57.374655+00:00,3.14,floor,-1.8750000000000018,9.919655,0.0,-2.187500000000009,,,2026-08-25T16:04:57.369083+00:00,2026-08-25T16:04:57.374326+00:00,63
2026-08-25,DAIC,target+2_floor-2,reclaim,resting,STOP_LIMIT,2026-08-25T08:14:09+00:00,,1787673900000,2026-08-25T16:08:00+00:00,2026-08-25T16:10:54.265000+00:00,3.52,3.5904000000000003,3.4495999999999998,2026-08-25T16:11:11.956114+00:00,2026-08-25T16:11:11.956387+00:00,3.44,floor,-2.2727272727272747,17.691387,0.8522727272727216,-2.2727272727272747,,,2026-08-25T16:11:01.185293+00:00,2026-08-25T16:11:11.956114+00:00,248
2026-08-25,DAIC,target+2_floor-2,reclaim,resting,STOP_LIMIT,2026-08-25T08:14:09+00:00,,1787680920000,2026-08-25T18:07:00+00:00,2026-08-25T18:10:24.827000+00:00,3.78,3.8556,3.7043999999999997,2026-08-25T18:11:02.581136+00:00,2026-08-25T18:11:02.786215+00:00,3.71,floor,-1.8518518518518476,37.959215,0.0,-2.1164021164021065,,,2026-08-25T18:10:29.845559+00:00,2026-08-25T18:11:02.581136+00:00,174
2026-08-25,DAIC,target+2_floor-2,reclaim,resting,STOP_LIMIT,2026-08-25T08:14:09+00:00,,1787687040000,2026-08-25T19:47:00+00:00,2026-08-25T19:48:31.394000+00:00,3.94,4.0188,3.8611999999999997,2026-08-25T19:49:39.985207+00:00,2026-08-25T19:49:39.985441+00:00,3.85,floor,-2.2842639593908594,68.591441,0.7614213197969607,-2.2842639593908594,,,2026-08-25T19:48:34.422683+00:00,2026-08-25T19:49:39.985207+00:00,837
2026-08-25,DAIC,target+2_floor-1,first,resting,STOP_LIMIT,2026-08-25T08:14:09+00:00,,0,2026-08-25T15:25:00+00:00,2026-08-25T15:36:53.044000+00:00,3.2,3.2640000000000002,3.168,2026-08-25T15:36:53.698035+00:00,2026-08-25T15:36:53.698422+00:00,3.16,floor,-1.250000000000001,0.654422,0.0,-1.250000000000001,,,2026-08-25T15:36:53.698035+00:00,,3
2026-08-25,DAIC,target+2_floor-1,reclaim,resting,STOP_LIMIT,2026-08-25T08:14:09+00:00,,1787673900000,2026-08-25T16:08:00+00:00,2026-08-25T16:10:54.265000+00:00,3.52,3.5904000000000003,3.4848,2026-08-25T16:11:01.185293+00:00,2026-08-25T16:11:01.185562+00:00,3.48,floor,-1.1363636363636374,6.920562,0.0,-1.1363636363636374,,,2026-08-25T16:11:01.185293+00:00,,58
2026-08-25,DAIC,target+2_floor-1,reclaim,resting,STOP_LIMIT,2026-08-25T08:14:09+00:00,,1787680920000,2026-08-25T18:07:00+00:00,2026-08-25T18:10:24.827000+00:00,3.78,3.8556,3.7422,2026-08-25T18:10:29.845559+00:00,2026-08-25T18:10:31.278188+00:00,3.74,floor,-1.0582010582010475,6.451188,0.0,-1.0582010582010475,,,2026-08-25T18:10:29.845559+00:00,,80
2026-08-25,DAIC,target+2_floor-1,reclaim,resting,STOP_LIMIT,2026-08-25T08:14:09+00:00,,1787687040000,2026-08-25T19:47:00+00:00,2026-08-25T19:48:31.394000+00:00,3.94,4.0188,3.9006,2026-08-25T19:48:34.422683+00:00,2026-08-25T19:48:34.423044+00:00,3.9,floor,-1.0152284263959401,3.029044,0.0,-1.0152284263959401,,,2026-08-25T19:48:34.422683+00:00,,31
2026-08-25,DAIC,target+2_floor+0,first,resting,STOP_LIMIT,2026-08-25T08:14:09+00:00,,0,2026-08-25T15:25:00+00:00,2026-08-25T15:36:53.044000+00:00,3.2,3.2640000000000002,3.2,2026-08-25T15:36:53.149013+00:00,2026-08-25T15:36:53.698035+00:00,3.16,floor,-1.250000000000001,0.654035,0.0,-1.250000000000001,,,2026-08-25T15:36:53.698035+00:00,,2
2026-08-25,DAIC,target+2_floor+0,reclaim,resting,STOP_LIMIT,2026-08-25T08:14:09+00:00,,1787673900000,2026-08-25T16:08:00+00:00,2026-08-25T16:10:54.265000+00:00,3.52,3.5904000000000003,3.52,2026-08-25T16:10:54.359117+00:00,2026-08-25T16:10:54.997504+00:00,3.5,floor,-0.5681818181818187,0.732504,0.0,-0.5681818181818187,,,,,2
2026-08-25,DAIC,target+2_floor+0,reclaim,resting,STOP_LIMIT,2026-08-25T08:14:09+00:00,,1787680920000,2026-08-25T18:07:00+00:00,2026-08-25T18:10:24.827000+00:00,3.78,3.8556,3.78,2026-08-25T18:10:24.833521+00:00,2026-08-25T18:10:24.839704+00:00,3.75,floor,-0.7936507936507886,0.012704,0.0,-0.7936507936507886,,,,,2
2026-08-25,DAIC,target+2_floor+0,reclaim,resting,STOP_LIMIT,2026-08-25T08:14:09+00:00,,1787687040000,2026-08-25T19:47:00+00:00,2026-08-25T19:48:31.394000+00:00,3.94,4.0188,3.94,2026-08-25T19:48:31.493808+00:00,2026-08-25T19:48:31.495241+00:00,3.93,floor,-0.25380710659897937,0.101241,0.0,-0.25380710659897937,,,,,2
2026-08-25,PMI,target+1_floor-2,first,resting,STOP_LIMIT,2026-08-25T13:55:55+00:00,,0,2026-08-25T16:18:00+00:00,2026-08-25T16:19:28.916000+00:00,7.69,7.766900000000001,7.5362,2026-08-25T16:23:19.338286+00:00,2026-08-25T16:23:19.338286+00:00,7.766900000000001,target,1.0000000000000024,230.422286,1.1703511053315976,-1.1703511053316091,2026-08-25T16:23:19.338286+00:00,,2026-08-25T16:19:51.647504+00:00,,186
2026-08-25,PMI,target+1_floor-2,reclaim,resting,STOP_LIMIT,2026-08-25T13:55:55+00:00,,1787674800000,2026-08-25T16:24:00+00:00,2026-08-25T16:24:30.693000+00:00,7.88,7.9588,7.7223999999999995,2026-08-25T16:25:07.922139+00:00,2026-08-25T16:25:07.922139+00:00,7.9588,target,1.0000000000000027,37.229139,1.0152284263959401,-0.7614213197969494,2026-08-25T16:25:07.922139+00:00,,,,76
2026-08-25,PMI,target+1_floor-2,first,resting,STOP_LIMIT,2026-08-25T13:55:55+00:00,,0,2026-08-25T18:25:00+00:00,2026-08-25T18:39:19.411000+00:00,9.7,9.796999999999999,9.505999999999998,2026-08-25T18:40:23.526189+00:00,2026-08-25T18:40:23.528457+00:00,9.54,floor,-1.6494845360824757,64.117457,0.0,-2.0618556701030855,,,2026-08-25T18:39:43.366847+00:00,2026-08-25T18:40:23.526189+00:00,131
2026-08-25,PMI,target+1_floor-2,reclaim,resting,STOP_LIMIT,2026-08-25T13:55:55+00:00,,1787683200000,2026-08-25T18:43:00+00:00,2026-08-25T18:49:43.081000+00:00,9.9,9.999,9.702,2026-08-25T18:49:47.647888+00:00,2026-08-25T18:49:47.670542+00:00,9.65,floor,-2.525252525252525,4.589542,0.0,-2.525252525252525,,,2026-08-25T18:49:47.487303+00:00,2026-08-25T18:49:47.647888+00:00,18
2026-08-25,PMI,target+1_floor-1,first,resting,STOP_LIMIT,2026-08-25T13:55:55+00:00,,0,2026-08-25T16:18:00+00:00,2026-08-25T16:19:28.916000+00:00,7.69,7.766900000000001,7.6131,2026-08-25T16:19:51.647504+00:00,2026-08-25T16:19:56.173443+00:00,7.6,floor,-1.1703511053316091,27.257443,0.0,-1.1703511053316091,,,2026-08-25T16:19:51.647504+00:00,,36
2026-08-25,PMI,target+1_floor-1,reclaim,resting,STOP_LIMIT,2026-08-25T13:55:55+00:00,,1787674800000,2026-08-25T16:23:00+00:00,2026-08-25T16:23:19.287000+00:00,7.86,7.9386,7.7814000000000005,2026-08-25T16:23:19.290820+00:00,2026-08-25T16:23:19.302568+00:00,7.76,floor,-1.2722646310432637,0.015568,0.0,-1.2722646310432637,,,2026-08-25T16:23:19.290820+00:00,,2
2026-08-25,PMI,target+1_floor-1,first,resting,STOP_LIMIT,2026-08-25T13:55:55+00:00,,0,2026-08-25T18:25:00+00:00,2026-08-25T18:39:19.411000+00:00,9.7,9.796999999999999,9.603,2026-08-25T18:39:43.366847+00:00,2026-08-25T18:39:43.367094+00:00,9.6,floor,-1.0309278350515427,23.956094,0.0,-1.0309278350515427,,,2026-08-25T18:39:43.366847+00:00,,69
2026-08-25,PMI,target+1_floor-1,reclaim,resting,STOP_LIMIT,2026-08-25T13:55:55+00:00,,1787683200000,2026-08-25T18:43:00+00:00,2026-08-25T18:49:43.081000+00:00,9.9,9.999,9.801,2026-08-25T18:49:47.487303+00:00,2026-08-25T18:49:47.493247+00:00,9.79,floor,-1.1111111111111234,4.412247,0.0,-1.1111111111111234,,,2026-08-25T18:49:47.487303+00:00,,11
2026-08-25,PMI,target+1_floor+0,first,resting,STOP_LIMIT,2026-08-25T13:55:55+00:00,,0,2026-08-25T16:18:00+00:00,2026-08-25T16:19:28.916000+00:00,7.69,7.766900000000001,7.69,2026-08-25T16:19:30.506279+00:00,2026-08-25T16:19:30.520624+00:00,7.62,floor,-0.910273081924581,1.604624,0.0,-0.910273081924581,,,,,2
2026-08-25,PMI,target+1_floor+0,reclaim,resting,STOP_LIMIT,2026-08-25T13:55:55+00:00,,1787674800000,2026-08-25T16:23:00+00:00,2026-08-25T16:23:19.287000+00:00,7.86,7.9386,7.86,2026-08-25T16:23:19.290820+00:00,2026-08-25T16:23:19.302568+00:00,7.76,floor,-1.2722646310432637,0.015568,0.0,-1.2722646310432637,,,2026-08-25T16:23:19.290820+00:00,,2
2026-08-25,PMI,target+1_floor+0,first,resting,STOP_LIMIT,2026-08-25T13:55:55+00:00,,0,2026-08-25T18:25:00+00:00,2026-08-25T18:39:19.411000+00:00,9.7,9.796999999999999,9.7,2026-08-25T18:39:19.435185+00:00,2026-08-25T18:39:19.436178+00:00,9.62,floor,-0.8247422680412378,0.025178,0.0,-0.8247422680412378,,,,,2
2026-08-25,PMI,target+1_floor+0,reclaim,resting,STOP_LIMIT,2026-08-25T13:55:55+00:00,,1787683200000,2026-08-25T18:43:00+00:00,2026-08-25T18:49:43.081000+00:00,9.9,9.999,9.9,2026-08-25T18:49:43.101789+00:00,2026-08-25T18:49:43.995843+00:00,9.85,floor,-0.5050505050505122,0.914843,0.0,-0.5050505050505122,,,,,2
2026-08-25,PMI,target+2_floor-2,first,resting,STOP_LIMIT,2026-08-25T13:55:55+00:00,,0,2026-08-25T16:18:00+00:00,2026-08-25T16:19:28.916000+00:00,7.69,7.843800000000001,7.5362,2026-08-25T16:24:30.223935+00:00,2026-08-25T16:24:30.223935+00:00,7.843800000000001,target,2.000000000000005,301.307935,2.340702210663195,-1.1703511053316091,2026-08-25T16:23:19.338286+00:00,2026-08-25T16:24:30.223935+00:00,2026-08-25T16:19:51.647504+00:00,,267
2026-08-25,PMI,target+2_floor-2,reclaim,reactive,market,2026-08-25T13:55:55+00:00,,1787674800000,2026-08-25T16:25:07.893000+00:00,2026-08-25T16:25:07.893000+00:00,8.0,8.16,7.84,2026-08-25T16:26:10.335567+00:00,2026-08-25T16:26:10.335778+00:00,7.82,floor,-2.2499999999999964,62.442778,0.0,-2.2499999999999964,,,2026-08-25T16:25:11.634118+00:00,2026-08-25T16:26:10.335567+00:00,102
2026-08-25,PMI,target+2_floor-2,first,resting,STOP_LIMIT,2026-08-25T13:55:55+00:00,,0,2026-08-25T18:25:00+00:00,2026-08-25T18:39:19.411000+00:00,9.7,9.894,9.505999999999998,2026-08-25T18:40:23.526189+00:00,2026-08-25T18:40:23.528457+00:00,9.54,floor,-1.6494845360824757,64.117457,0.0,-2.0618556701030855,,,2026-08-25T18:39:43.366847+00:00,2026-08-25T18:40:23.526189+00:00,131
2026-08-25,PMI,target+2_floor-2,reclaim,resting,STOP_LIMIT,2026-08-25T13:55:55+00:00,,1787683200000,2026-08-25T18:43:00+00:00,2026-08-25T18:49:43.081000+00:00,9.9,10.098,9.702,2026-08-25T18:49:47.647888+00:00,2026-08-25T18:49:47.670542+00:00,9.65,floor,-2.525252525252525,4.589542,0.0,-2.525252525252525,,,2026-08-25T18:49:47.487303+00:00,2026-08-25T18:49:47.647888+00:00,18
2026-08-25,PMI,target+2_floor-1,first,resting,STOP_LIMIT,2026-08-25T13:55:55+00:00,,0,2026-08-25T16:18:00+00:00,2026-08-25T16:19:28.916000+00:00,7.69,7.843800000000001,7.6131,2026-08-25T16:19:51.647504+00:00,2026-08-25T16:19:56.173443+00:00,7.6,floor,-1.1703511053316091,27.257443,0.0,-1.1703511053316091,,,2026-08-25T16:19:51.647504+00:00,,36
2026-08-25,PMI,target+2_floor-1,reclaim,resting,STOP_LIMIT,2026-08-25T13:55:55+00:00,,1787674800000,2026-08-25T16:23:00+00:00,2026-08-25T16:23:19.287000+00:00,7.86,8.0172,7.7814000000000005,2026-08-25T16:23:19.290820+00:00,2026-08-25T16:23:19.302568+00:00,7.76,floor,-1.2722646310432637,0.015568,0.0,-1.2722646310432637,,,2026-08-25T16:23:19.290820+00:00,,2
2026-08-25,PMI,target+2_floor-1,first,resting,STOP_LIMIT,2026-08-25T13:55:55+00:00,,0,2026-08-25T18:25:00+00:00,2026-08-25T18:39:19.411000+00:00,9.7,9.894,9.603,2026-08-25T18:39:43.366847+00:00,2026-08-25T18:39:43.367094+00:00,9.6,floor,-1.0309278350515427,23.956094,0.0,-1.0309278350515427,,,2026-08-25T18:39:43.366847+00:00,,69
2026-08-25,PMI,target+2_floor-1,reclaim,resting,STOP_LIMIT,2026-08-25T13:55:55+00:00,,1787683200000,2026-08-25T18:43:00+00:00,2026-08-25T18:49:43.081000+00:00,9.9,10.098,9.801,2026-08-25T18:49:47.487303+00:00,2026-08-25T18:49:47.493247+00:00,9.79,floor,-1.1111111111111234,4.412247,0.0,-1.1111111111111234,,,2026-08-25T18:49:47.487303+00:00,,11
2026-08-25,PMI,target+2_floor+0,first,resting,STOP_LIMIT,2026-08-25T13:55:55+00:00,,0,2026-08-25T16:18:00+00:00,2026-08-25T16:19:28.916000+00:00,7.69,7.843800000000001,7.69,2026-08-25T16:19:30.506279+00:00,2026-08-25T16:19:30.520624+00:00,7.62,floor,-0.910273081924581,1.604624,0.0,-0.910273081924581,,,,,2
2026-08-25,PMI,target+2_floor+0,reclaim,resting,STOP_LIMIT,2026-08-25T13:55:55+00:00,,1787674800000,2026-08-25T16:23:00+00:00,2026-08-25T16:23:19.287000+00:00,7.86,8.0172,7.86,2026-08-25T16:23:19.290820+00:00,2026-08-25T16:23:19.302568+00:00,7.76,floor,-1.2722646310432637,0.015568,0.0,-1.2722646310432637,,,2026-08-25T16:23:19.290820+00:00,,2
2026-08-25,PMI,target+2_floor+0,first,resting,STOP_LIMIT,2026-08-25T13:55:55+00:00,,0,2026-08-25T18:25:00+00:00,2026-08-25T18:39:19.411000+00:00,9.7,9.894,9.7,2026-08-25T18:39:19.435185+00:00,2026-08-25T18:39:19.436178+00:00,9.62,floor,-0.8247422680412378,0.025178,0.0,-0.8247422680412378,,,,,2
2026-08-25,PMI,target+2_floor+0,reclaim,resting,STOP_LIMIT,2026-08-25T13:55:55+00:00,,1787683200000,2026-08-25T18:43:00+00:00,2026-08-25T18:49:43.081000+00:00,9.9,10.098,9.9,2026-08-25T18:49:43.101789+00:00,2026-08-25T18:49:43.995843+00:00,9.85,floor,-0.5050505050505122,0.914843,0.0,-0.5050505050505122,,,,,2
2026-08-25,WVVIP,target+1_floor-2,reclaim,resting,STOP_LIMIT,2026-08-25T13:42:51+00:00,2026-08-25T18:24:39.041000+00:00,1787673240000,2026-08-25T15:59:00+00:00,2026-08-25T15:59:03.415000+00:00,6.0,6.0600000000000005,5.88,2026-08-25T15:59:28.557750+00:00,2026-08-25T15:59:28.557750+00:00,6.0600000000000005,target,1.0000000000000084,25.14275,1.6666666666666607,-1.6666666666666607,2026-08-25T15:59:28.557750+00:00,,2026-08-25T15:59:13.416318+00:00,,89
2026-08-25,WVVIP,target+1_floor-1,reclaim,resting,STOP_LIMIT,2026-08-25T13:42:51+00:00,2026-08-25T18:24:39.041000+00:00,1787673240000,2026-08-25T15:59:00+00:00,2026-08-25T15:59:03.415000+00:00,6.0,6.0600000000000005,5.9399999999999995,2026-08-25T15:59:13.416318+00:00,2026-08-25T15:59:14.458824+00:00,5.93,floor,-1.1666666666666714,11.043824,0.0,-1.1666666666666714,,,2026-08-25T15:59:13.416318+00:00,,25
2026-08-25,WVVIP,target+1_floor+0,reclaim,resting,STOP_LIMIT,2026-08-25T13:42:51+00:00,2026-08-25T18:24:39.041000+00:00,1787673240000,2026-08-25T15:59:00+00:00,2026-08-25T15:59:03.415000+00:00,6.0,6.0600000000000005,6.0,2026-08-25T15:59:04.669335+00:00,2026-08-25T15:59:04.889374+00:00,5.96,floor,-0.6666666666666672,1.474374,0.0,-0.6666666666666672,,,,,2
2026-08-25,WVVIP,target+2_floor-2,reclaim,resting,STOP_LIMIT,2026-08-25T13:42:51+00:00,2026-08-25T18:24:39.041000+00:00,1787673240000,2026-08-25T15:59:00+00:00,2026-08-25T15:59:03.415000+00:00,6.0,6.12,5.88,2026-08-25T15:59:29.100310+00:00,2026-08-25T15:59:29.100310+00:00,6.12,target,2.0000000000000018,25.68531,2.0000000000000018,-1.6666666666666607,2026-08-25T15:59:28.557750+00:00,2026-08-25T15:59:29.100310+00:00,2026-08-25T15:59:13.416318+00:00,,91
2026-08-25,WVVIP,target+2_floor-1,reclaim,resting,STOP_LIMIT,2026-08-25T13:42:51+00:00,2026-08-25T18:24:39.041000+00:00,1787673240000,2026-08-25T15:59:00+00:00,2026-08-25T15:59:03.415000+00:00,6.0,6.12,5.9399999999999995,2026-08-25T15:59:13.416318+00:00,2026-08-25T15:59:14.458824+00:00,5.93,floor,-1.1666666666666714,11.043824,0.0,-1.1666666666666714,,,2026-08-25T15:59:13.416318+00:00,,25
2026-08-25,WVVIP,target+2_floor+0,reclaim,resting,STOP_LIMIT,2026-08-25T13:42:51+00:00,2026-08-25T18:24:39.041000+00:00,1787673240000,2026-08-25T15:59:00+00:00,2026-08-25T15:59:03.415000+00:00,6.0,6.12,6.0,2026-08-25T15:59:04.669335+00:00,2026-08-25T15:59:04.889374+00:00,5.96,floor,-0.6666666666666672,1.474374,0.0,-0.6666666666666672,,,,,2
2026-08-26,CRE,target+1_floor-2,reclaim,resting,STOP_LIMIT,2026-08-26T11:46:40+00:00,,1787751000000,2026-08-26T13:33:00+00:00,2026-08-26T13:36:59.147000+00:00,7.39,7.4639,7.2421999999999995,2026-08-26T13:37:00.544037+00:00,2026-08-26T13:37:00.544400+00:00,7.24,floor,-2.0297699594045935,1.3974,0.0,-2.0297699594045935,,,2026-08-26T13:37:00.488640+00:00,2026-08-26T13:37:00.544037+00:00,112
2026-08-26,CRE,target+1_floor-2,first,resting,STOP_LIMIT,2026-08-26T11:46:40+00:00,,0,2026-08-26T16:18:00+00:00,2026-08-26T16:18:21.719000+00:00,6.29,6.3529,6.1642,2026-08-26T16:22:22.650723+00:00,2026-08-26T16:22:22.650723+00:00,6.3529,target,0.9999999999999993,240.931723,1.112877583465823,-1.112877583465823,2026-08-26T16:22:22.650723+00:00,,2026-08-26T16:18:49.321758+00:00,,571
2026-08-26,CRE,target+1_floor-2,reclaim,resting,STOP_LIMIT,2026-08-26T11:46:40+00:00,,1787761140000,2026-08-26T16:23:00+00:00,2026-08-26T16:23:02.015000+00:00,6.41,6.4741,6.2818,2026-08-26T16:24:04.910838+00:00,2026-08-26T16:24:04.911015+00:00,6.27,floor,-2.1840873634945486,62.896015,0.0,-2.1840873634945486,,,2026-08-26T16:23:25.650403+00:00,2026-08-26T16:24:04.910838+00:00,190
2026-08-26,CRE,target+1_floor-2,first,resting,STOP_LIMIT,2026-08-26T11:46:40+00:00,,0,2026-08-26T16:47:00+00:00,2026-08-26T16:49:01.231000+00:00,6.23,6.292300000000001,6.1054,2026-08-26T16:52:05.293328+00:00,2026-08-26T16:52:05.293740+00:00,6.1,floor,-2.0866773675762564,184.06274,0.6420545746388306,-2.0866773675762564,,,2026-08-26T16:51:22.307439+00:00,2026-08-26T16:52:05.293328+00:00,333
2026-08-26,CRE,target+1_floor-2,reclaim,resting,STOP_LIMIT,2026-08-26T11:46:40+00:00,,1787762940000,2026-08-26T16:53:00+00:00,2026-08-26T16:54:16.223000+00:00,6.32,6.3832,6.1936,2026-08-26T16:54:47.128402+00:00,2026-08-26T16:54:48.316854+00:00,6.19,floor,-2.056962025316454,32.093854,0.0,-2.056962025316454,,,2026-08-26T16:54:18.160877+00:00,2026-08-26T16:54:47.128402+00:00,66
2026-08-26,CRE,target+1_floor-2,reclaim,resting,STOP_LIMIT,2026-08-26T11:46:40+00:00,,1787772240000,2026-08-26T19:27:00+00:00,2026-08-26T19:53:40.584000+00:00,6.35,6.4135,6.223,2026-08-26T19:55:06.430461+00:00,2026-08-26T19:55:06.430461+00:00,6.4135,target,1.0000000000000053,85.846461,1.102362204724414,-1.7322834645669205,2026-08-26T19:55:06.430461+00:00,,2026-08-26T19:54:11.885451+00:00,,439
2026-08-26,CRE,target+1_floor-1,reclaim,resting,STOP_LIMIT,2026-08-26T11:46:40+00:00,,1787751000000,2026-08-26T13:33:00+00:00,2026-08-26T13:36:59.147000+00:00,7.39,7.4639,7.3161,2026-08-26T13:37:00.488640+00:00,2026-08-26T13:37:00.488884+00:00,7.31,floor,-1.0825439783491213,1.341884,0.0,-1.0825439783491213,,,2026-08-26T13:37:00.488640+00:00,,44
2026-08-26,CRE,target+1_floor-1,first,resting,STOP_LIMIT,2026-08-26T11:46:40+00:00,,0,2026-08-26T16:18:00+00:00,2026-08-26T16:18:21.719000+00:00,6.29,6.3529,6.2271,2026-08-26T16:18:49.321758+00:00,2026-08-26T16:18:50.178847+00:00,6.22,floor,-1.112877583465823,28.459847,0.31796502384737,-1.112877583465823,,,2026-08-26T16:18:49.321758+00:00,,162
2026-08-26,CRE,target+1_floor-1,reclaim,resting,STOP_LIMIT,2026-08-26T11:46:40+00:00,,1787761140000,2026-08-26T16:22:00+00:00,2026-08-26T16:22:01.545000+00:00,6.33,6.3933,6.2667,2026-08-26T16:23:30.819061+00:00,2026-08-26T16:23:30.819061+00:00,6.3933,target,0.9999999999999987,89.274061,1.263823064770933,-0.7898894154818297,2026-08-26T16:23:30.819061+00:00,,,,290
2026-08-26,CRE,target+1_floor-1,first,resting,STOP_LIMIT,2026-08-26T11:46:40+00:00,,0,2026-08-26T16:47:00+00:00,2026-08-26T16:49:01.231000+00:00,6.23,6.292300000000001,6.1677,2026-08-26T16:51:22.307439+00:00,2026-08-26T16:51:22.307789+00:00,6.16,floor,-1.123595505617982,141.076789,0.6420545746388306,-1.123595505617982,,,2026-08-26T16:51:22.307439+00:00,,286
2026-08-26,CRE,target+1_floor-1,reclaim,resting,STOP_LIMIT,2026-08-26T11:46:40+00:00,,1787762940000,2026-08-26T16:52:00+00:00,2026-08-26T16:54:16.223000+00:00,6.32,6.3832,6.2568,2026-08-26T16:54:18.160877+00:00,2026-08-26T16:54:18.162421+00:00,6.25,floor,-1.1075949367088653,1.939421,0.0,-1.2658227848101276,,,2026-08-26T16:54:18.160877+00:00,,12
2026-08-26,CRE,target+1_floor-1,reclaim,resting,STOP_LIMIT,2026-08-26T11:46:40+00:00,,1787772240000,2026-08-26T19:27:00+00:00,2026-08-26T19:53:40.584000+00:00,6.35,6.4135,6.286499999999999,2026-08-26T19:54:11.885451+00:00,2026-08-26T19:54:11.886218+00:00,6.26,floor,-1.4173228346456672,31.302218,0.0,-1.4173228346456672,,,2026-08-26T19:54:11.885451+00:00,,63
2026-08-26,CRE,target+1_floor+0,reclaim,resting,STOP_LIMIT,2026-08-26T11:46:40+00:00,,1787751000000,2026-08-26T13:33:00+00:00,2026-08-26T13:36:59.147000+00:00,7.39,7.4639,7.39,2026-08-26T13:37:00.463013+00:00,2026-08-26T13:37:00.463151+00:00,7.34,floor,-0.6765899864681979,1.316151,0.0,-0.6765899864681979,,,,,2
2026-08-26,CRE,target+1_floor+0,first,resting,STOP_LIMIT,2026-08-26T11:46:40+00:00,,0,2026-08-26T16:18:00+00:00,2026-08-26T16:18:21.719000+00:00,6.29,6.3529,6.29,2026-08-26T16:18:21.963480+00:00,2026-08-26T16:18:21.964035+00:00,6.27,floor,-0.3179650238473841,0.245035,0.0,-0.3179650238473841,,,,,2
2026-08-26,CRE,target+1_floor+0,reclaim,resting,STOP_LIMIT,2026-08-26T11:46:40+00:00,,1787761140000,2026-08-26T16:22:00+00:00,2026-08-26T16:22:01.545000+00:00,6.33,6.3933,6.33,2026-08-26T16:22:01.572387+00:00,2026-08-26T16:22:01.994679+00:00,6.29,floor,-0.6319115323854665,0.449679,0.0,-0.6319115323854665,,,,,2
2026-08-26,CRE,target+1_floor+0,first,resting,STOP_LIMIT,2026-08-26T11:46:40+00:00,,0,2026-08-26T16:47:00+00:00,2026-08-26T16:49:01.231000+00:00,6.23,6.292300000000001,6.23,2026-08-26T16:49:01.325671+00:00,2026-08-26T16:49:01.360310+00:00,6.19,floor,-0.6420545746388449,0.12931,0.0,-0.8025682182985667,,,,,2
2026-08-26,CRE,target+1_floor+0,reclaim,resting,STOP_LIMIT,2026-08-26T11:46:40+00:00,,1787762940000,2026-08-26T16:52:00+00:00,2026-08-26T16:54:16.223000+00:00,6.32,6.3832,6.32,2026-08-26T16:54:17.166036+00:00,2026-08-26T16:54:17.182701+00:00,6.26,floor,-0.9493670886076028,0.959701,0.0,-0.9493670886076028,,,,,2
2026-08-26,CRE,target+1_floor+0,reclaim,resting,STOP_LIMIT,2026-08-26T11:46:40+00:00,,1787772240000,2026-08-26T19:27:00+00:00,2026-08-26T19:53:40.584000+00:00,6.35,6.4135,6.35,2026-08-26T19:53:40.584057+00:00,2026-08-26T19:53:40.584725+00:00,6.31,floor,-0.6299212598425202,0.000725,0.0,-0.6299212598425202,,,,,2
2026-08-26,CRE,target+2_floor-2,reclaim,resting,STOP_LIMIT,2026-08-26T11:46:40+00:00,,1787751000000,2026-08-26T13:33:00+00:00,2026-08-26T13:36:59.147000+00:00,7.39,7.5378,7.2421999999999995,2026-08-26T13:37:00.544037+00:00,2026-08-26T13:37:00.544400+00:00,7.24,floor,-2.0297699594045935,1.3974,0.0,-2.0297699594045935,,,2026-08-26T13:37:00.488640+00:00,2026-08-26T13:37:00.544037+00:00,112
2026-08-26,CRE,target+2_floor-2,first,resting,STOP_LIMIT,2026-08-26T11:46:40+00:00,,0,2026-08-26T16:18:00+00:00,2026-08-26T16:18:21.719000+00:00,6.29,6.4158,6.1642,2026-08-26T16:32:16.793223+00:00,2026-08-26T16:32:16.818140+00:00,6.15,floor,-2.2257551669316324,835.09914,1.9077901430842623,-2.2257551669316324,2026-08-26T16:22:22.650723+00:00,,2026-08-26T16:18:49.321758+00:00,2026-08-26T16:32:16.793223+00:00,1450
2026-08-26,CRE,target+2_floor-2,first,resting,STOP_LIMIT,2026-08-26T11:46:40+00:00,,0,2026-08-26T16:47:00+00:00,2026-08-26T16:49:01.231000+00:00,6.23,6.3546000000000005,6.1054,2026-08-26T16:52:05.293328+00:00,2026-08-26T16:52:05.293740+00:00,6.1,floor,-2.0866773675762564,184.06274,0.6420545746388306,-2.0866773675762564,,,2026-08-26T16:51:22.307439+00:00,2026-08-26T16:52:05.293328+00:00,333
2026-08-26,CRE,target+2_floor-2,reclaim,resting,STOP_LIMIT,2026-08-26T11:46:40+00:00,,1787762940000,2026-08-26T16:53:00+00:00,2026-08-26T16:54:16.223000+00:00,6.32,6.446400000000001,6.1936,2026-08-26T16:54:47.128402+00:00,2026-08-26T16:54:48.316854+00:00,6.19,floor,-2.056962025316454,32.093854,0.0,-2.056962025316454,,,2026-08-26T16:54:18.160877+00:00,2026-08-26T16:54:47.128402+00:00,66
2026-08-26,CRE,target+2_floor-2,reclaim,resting,STOP_LIMIT,2026-08-26T11:46:40+00:00,,1787772240000,2026-08-26T19:27:00+00:00,2026-08-26T19:53:40.584000+00:00,6.35,6.476999999999999,6.223,2026-08-26T19:59:08.724905+00:00,2026-08-26T19:59:08.724905+00:00,6.476999999999999,target,1.9999999999999967,328.140905,2.0472440944882013,-1.7322834645669205,2026-08-26T19:55:06.430461+00:00,2026-08-26T19:59:08.724905+00:00,2026-08-26T19:54:11.885451+00:00,,1067
2026-08-26,CRE,target+2_floor-1,reclaim,resting,STOP_LIMIT,2026-08-26T11:46:40+00:00,,1787751000000,2026-08-26T13:33:00+00:00,2026-08-26T13:36:59.147000+00:00,7.39,7.5378,7.3161,2026-08-26T13:37:00.488640+00:00,2026-08-26T13:37:00.488884+00:00,7.31,floor,-1.0825439783491213,1.341884,0.0,-1.0825439783491213,,,2026-08-26T13:37:00.488640+00:00,,44
2026-08-26,CRE,target+2_floor-1,first,resting,STOP_LIMIT,2026-08-26T11:46:40+00:00,,0,2026-08-26T16:18:00+00:00,2026-08-26T16:18:21.719000+00:00,6.29,6.4158,6.2271,2026-08-26T16:18:49.321758+00:00,2026-08-26T16:18:50.178847+00:00,6.22,floor,-1.112877583465823,28.459847,0.31796502384737,-1.112877583465823,,,2026-08-26T16:18:49.321758+00:00,,162
2026-08-26,CRE,target+2_floor-1,reclaim,resting,STOP_LIMIT,2026-08-26T11:46:40+00:00,,1787761140000,2026-08-26T16:22:00+00:00,2026-08-26T16:22:01.545000+00:00,6.33,6.4566,6.2667,2026-08-26T16:25:35.461493+00:00,2026-08-26T16:25:35.461660+00:00,6.26,floor,-1.10584518167457,213.91666,1.263823064770933,-1.10584518167457,2026-08-26T16:23:30.819061+00:00,,2026-08-26T16:25:35.461493+00:00,,517
2026-08-26,CRE,target+2_floor-1,first,resting,STOP_LIMIT,2026-08-26T11:46:40+00:00,,0,2026-08-26T16:47:00+00:00,2026-08-26T16:49:01.231000+00:00,6.23,6.3546000000000005,6.1677,2026-08-26T16:51:22.307439+00:00,2026-08-26T16:51:22.307789+00:00,6.16,floor,-1.123595505617982,141.076789,0.6420545746388306,-1.123595505617982,,,2026-08-26T16:51:22.307439+00:00,,286
2026-08-26,CRE,target+2_floor-1,reclaim,resting,STOP_LIMIT,2026-08-26T11:46:40+00:00,,1787762940000,2026-08-26T16:52:00+00:00,2026-08-26T16:54:16.223000+00:00,6.32,6.446400000000001,6.2568,2026-08-26T16:54:18.160877+00:00,2026-08-26T16:54:18.162421+00:00,6.25,floor,-1.1075949367088653,1.939421,0.0,-1.2658227848101276,,,2026-08-26T16:54:18.160877+00:00,,12
2026-08-26,CRE,target+2_floor-1,reclaim,resting,STOP_LIMIT,2026-08-26T11:46:40+00:00,,1787772240000,2026-08-26T19:27:00+00:00,2026-08-26T19:53:40.584000+00:00,6.35,6.476999999999999,6.286499999999999,2026-08-26T19:54:11.885451+00:00,2026-08-26T19:54:11.886218+00:00,6.26,floor,-1.4173228346456672,31.302218,0.0,-1.4173228346456672,,,2026-08-26T19:54:11.885451+00:00,,63
2026-08-26,CRE,target+2_floor+0,reclaim,resting,STOP_LIMIT,2026-08-26T11:46:40+00:00,,1787751000000,2026-08-26T13:33:00+00:00,2026-08-26T13:36:59.147000+00:00,7.39,7.5378,7.39,2026-08-26T13:37:00.463013+00:00,2026-08-26T13:37:00.463151+00:00,7.34,floor,-0.6765899864681979,1.316151,0.0,-0.6765899864681979,,,,,2
2026-08-26,CRE,target+2_floor+0,first,resting,STOP_LIMIT,2026-08-26T11:46:40+00:00,,0,2026-08-26T16:18:00+00:00,2026-08-26T16:18:21.719000+00:00,6.29,6.4158,6.29,2026-08-26T16:18:21.963480+00:00,2026-08-26T16:18:21.964035+00:00,6.27,floor,-0.3179650238473841,0.245035,0.0,-0.3179650238473841,,,,,2
2026-08-26,CRE,target+2_floor+0,reclaim,resting,STOP_LIMIT,2026-08-26T11:46:40+00:00,,1787761140000,2026-08-26T16:22:00+00:00,2026-08-26T16:22:01.545000+00:00,6.33,6.4566,6.33,2026-08-26T16:22:01.572387+00:00,2026-08-26T16:22:01.994679+00:00,6.29,floor,-0.6319115323854665,0.449679,0.0,-0.6319115323854665,,,,,2
2026-08-26,CRE,target+2_floor+0,first,resting,STOP_LIMIT,2026-08-26T11:46:40+00:00,,0,2026-08-26T16:47:00+00:00,2026-08-26T16:49:01.231000+00:00,6.23,6.3546000000000005,6.23,2026-08-26T16:49:01.325671+00:00,2026-08-26T16:49:01.360310+00:00,6.19,floor,-0.6420545746388449,0.12931,0.0,-0.8025682182985667,,,,,2
2026-08-26,CRE,target+2_floor+0,reclaim,resting,STOP_LIMIT,2026-08-26T11:46:40+00:00,,1787762940000,2026-08-26T16:52:00+00:00,2026-08-26T16:54:16.223000+00:00,6.32,6.446400000000001,6.32,2026-08-26T16:54:17.166036+00:00,2026-08-26T16:54:17.182701+00:00,6.26,floor,-0.9493670886076028,0.959701,0.0,-0.9493670886076028,,,,,2
2026-08-26,CRE,target+2_floor+0,reclaim,resting,STOP_LIMIT,2026-08-26T11:46:40+00:00,,1787772240000,2026-08-26T19:27:00+00:00,2026-08-26T19:53:40.584000+00:00,6.35,6.476999999999999,6.35,2026-08-26T19:53:40.584057+00:00,2026-08-26T19:53:40.584725+00:00,6.31,floor,-0.6299212598425202,0.000725,0.0,-0.6299212598425202,,,,,2
2026-08-26,DAIC,target+1_floor-2,first,resting,limit,2026-08-26T08:06:36+00:00,2026-08-26T14:07:14.243000+00:00,0,2026-08-26T12:34:27.627000+00:00,2026-08-26T12:34:27.627000+00:00,5.88,5.9388,5.7623999999999995,2026-08-26T12:35:24.585549+00:00,2026-08-26T12:35:24.585549+00:00,5.9388,target,0.9999999999999957,56.958549,1.0204081632653146,-0.680272108843538,2026-08-26T12:35:24.585549+00:00,,,,648
2026-08-26,DAIC,target+1_floor-2,reclaim,reactive,limit,2026-08-26T08:06:36+00:00,2026-08-26T14:07:14.243000+00:00,1787747640000,2026-08-26T12:38:25.799000+00:00,2026-08-26T12:38:25.799000+00:00,5.96,6.0196,5.8408,2026-08-26T12:39:26.023878+00:00,2026-08-26T12:39:26.024180+00:00,5.84,floor,-2.0134228187919483,60.22518,0.0,-2.0134228187919483,,,2026-08-26T12:38:49.943231+00:00,2026-08-26T12:39:26.023878+00:00,240
2026-08-26,DAIC,target+1_floor-1,first,resting,limit,2026-08-26T08:06:36+00:00,2026-08-26T14:07:14.243000+00:00,0,2026-08-26T12:34:27.627000+00:00,2026-08-26T12:34:27.627000+00:00,5.88,5.9388,5.8212,2026-08-26T12:35:24.585549+00:00,2026-08-26T12:35:24.585549+00:00,5.9388,target,0.9999999999999957,56.958549,1.0204081632653146,-0.680272108843538,2026-08-26T12:35:24.585549+00:00,,,,648
2026-08-26,DAIC,target+1_floor-1,reclaim,reactive,limit,2026-08-26T08:06:36+00:00,2026-08-26T14:07:14.243000+00:00,1787747640000,2026-08-26T12:38:25.799000+00:00,2026-08-26T12:38:25.799000+00:00,5.96,6.0196,5.9004,2026-08-26T12:38:49.943231+00:00,2026-08-26T12:38:49.943611+00:00,5.9,floor,-1.0067114093959666,24.144611,0.0,-1.0067114093959666,,,2026-08-26T12:38:49.943231+00:00,,75
2026-08-26,DAIC,target+1_floor+0,first,resting,limit,2026-08-26T08:06:36+00:00,2026-08-26T14:07:14.243000+00:00,0,2026-08-26T12:34:27.627000+00:00,2026-08-26T12:34:27.627000+00:00,5.88,5.9388,5.88,2026-08-26T12:34:28.260852+00:00,2026-08-26T12:34:28.299647+00:00,5.86,floor,-0.3401360544217614,0.672647,0.0,-0.3401360544217614,,,,,2
2026-08-26,DAIC,target+1_floor+0,reclaim,reactive,limit,2026-08-26T08:06:36+00:00,2026-08-26T14:07:14.243000+00:00,1787747640000,2026-08-26T12:38:25.799000+00:00,2026-08-26T12:38:25.799000+00:00,5.96,6.0196,5.96,2026-08-26T12:38:25.919678+00:00,2026-08-26T12:38:26.309705+00:00,5.94,floor,-0.3355704697986506,0.510705,0.0,-0.3355704697986506,,,,,2
2026-08-26,DAIC,target+2_floor-2,first,resting,limit,2026-08-26T08:06:36+00:00,2026-08-26T14:07:14.243000+00:00,0,2026-08-26T12:34:27.627000+00:00,2026-08-26T12:34:27.627000+00:00,5.88,5.9976,5.7623999999999995,2026-08-26T12:47:12.850581+00:00,2026-08-26T12:47:12.850581+00:00,5.9976,target,2.000000000000006,765.223581,2.040816326530614,-1.360544217687076,2026-08-26T12:35:24.585549+00:00,2026-08-26T12:47:12.850581+00:00,2026-08-26T12:40:29.070105+00:00,,2828
2026-08-26,DAIC,target+2_floor-2,reclaim,reactive,limit,2026-08-26T08:06:36+00:00,2026-08-26T14:07:14.243000+00:00,1787747640000,2026-08-26T12:49:16.288000+00:00,2026-08-26T12:49:16.288000+00:00,6.15,6.273000000000001,6.027,2026-08-26T12:52:21.552803+00:00,2026-08-26T12:52:21.553422+00:00,6.02,floor,-2.113821138211395,185.265422,0.6504065040650412,-2.113821138211395,,,2026-08-26T12:50:18.644560+00:00,2026-08-26T12:52:21.552803+00:00,964
2026-08-26,DAIC,target+2_floor-1,first,resting,limit,2026-08-26T08:06:36+00:00,2026-08-26T14:07:14.243000+00:00,0,2026-08-26T12:34:27.627000+00:00,2026-08-26T12:34:27.627000+00:00,5.88,5.9976,5.8212,2026-08-26T12:40:29.070105+00:00,2026-08-26T12:40:29.070536+00:00,5.82,floor,-1.0204081632652995,361.443536,1.360544217687076,-1.0204081632652995,2026-08-26T12:35:24.585549+00:00,,2026-08-26T12:40:29.070105+00:00,,1994
2026-08-26,DAIC,target+2_floor-1,reclaim,reactive,limit,2026-08-26T08:06:36+00:00,2026-08-26T14:07:14.243000+00:00,1787747640000,2026-08-26T12:47:13.007000+00:00,2026-08-26T12:47:13.007000+00:00,6.05,6.171,5.9895,2026-08-26T12:47:26.655295+00:00,2026-08-26T12:47:26.655600+00:00,5.97,floor,-1.322314049586778,13.6486,0.0,-1.322314049586778,,,2026-08-26T12:47:26.655295+00:00,,79
2026-08-26,DAIC,target+2_floor+0,first,resting,limit,2026-08-26T08:06:36+00:00,2026-08-26T14:07:14.243000+00:00,0,2026-08-26T12:34:27.627000+00:00,2026-08-26T12:34:27.627000+00:00,5.88,5.9976,5.88,2026-08-26T12:34:28.260852+00:00,2026-08-26T12:34:28.299647+00:00,5.86,floor,-0.3401360544217614,0.672647,0.0,-0.3401360544217614,,,,,2
2026-08-26,DAIC,target+2_floor+0,reclaim,reactive,limit,2026-08-26T08:06:36+00:00,2026-08-26T14:07:14.243000+00:00,1787747640000,2026-08-26T12:38:25.799000+00:00,2026-08-26T12:38:25.799000+00:00,5.96,6.0792,5.96,2026-08-26T12:38:25.919678+00:00,2026-08-26T12:38:26.309705+00:00,5.94,floor,-0.3355704697986506,0.510705,0.0,-0.3355704697986506,,,,,2
2026-08-26,XPON,target+1_floor-2,first,resting,STOP_LIMIT,2026-08-26T13:45:07+00:00,,0,2026-08-26T15:25:00+00:00,2026-08-26T15:36:09.608000+00:00,9.42,9.5142,9.2316,2026-08-26T15:36:40.011354+00:00,2026-08-26T15:36:40.011354+00:00,9.5142,target,1.0000000000000075,30.403354,1.061571125265389,-0.8492569002123149,2026-08-26T15:36:40.011354+00:00,,,,202
2026-08-26,XPON,target+1_floor-2,first,resting,STOP_LIMIT,2026-08-26T13:45:07+00:00,,0,2026-08-26T17:28:00+00:00,2026-08-26T17:29:09.550000+00:00,8.24,8.3224,8.0752,2026-08-26T17:35:02.428703+00:00,2026-08-26T17:35:02.428703+00:00,8.3224,target,0.9999999999999976,352.878703,1.0922330097087363,-1.5776699029126307,2026-08-26T17:35:02.428703+00:00,,2026-08-26T17:29:09.991111+00:00,,391
2026-08-26,XPON,target+1_floor-2,first,resting,STOP_LIMIT,2026-08-26T13:45:07+00:00,,0,2026-08-26T18:46:00+00:00,2026-08-26T18:47:15.525000+00:00,8.25,8.3325,8.084999999999999,2026-08-26T18:47:36.012787+00:00,2026-08-26T18:47:36.012787+00:00,8.3325,target,0.9999999999999948,20.487787,1.3333333333333264,-1.0909090909090893,2026-08-26T18:47:36.012787+00:00,,2026-08-26T18:47:24.901006+00:00,,39
2026-08-26,XPON,target+1_floor-2,reclaim,resting,STOP_LIMIT,2026-08-26T13:45:07+00:00,,1787770020000,2026-08-26T18:50:00+00:00,2026-08-26T19:14:12.990000+00:00,8.88,8.968800000000002,8.7024,2026-08-26T19:14:29.259558+00:00,2026-08-26T19:14:29.259558+00:00,8.968800000000002,target,1.0000000000000098,16.269558,1.0135135135135118,-0.9009009009009016,2026-08-26T19:14:29.259558+00:00,,,,114
2026-08-26,XPON,target+1_floor-2,first,resting,STOP_LIMIT,2026-08-26T13:45:07+00:00,,0,2026-08-26T19:50:00+00:00,2026-08-26T19:51:28.616000+00:00,8.73,8.817300000000001,8.5554,2026-08-26T19:51:35.112115+00:00,2026-08-26T19:51:35.112115+00:00,8.817300000000001,target,1.0000000000000093,6.496115,1.0309278350515447,-0.6872852233677033,2026-08-26T19:51:35.112115+00:00,,,,32
2026-08-26,XPON,target+1_floor-2,reclaim,resting,STOP_LIMIT,2026-08-26T13:45:07+00:00,,1787773860000,2026-08-26T19:54:00+00:00,2026-08-26T19:55:01.111000+00:00,8.88,8.968800000000002,8.7024,2026-08-26T19:55:03.050807+00:00,2026-08-26T19:55:03.051244+00:00,8.63,floor,-2.815315315315315,1.940244,0.0,-2.815315315315315,,,2026-08-26T19:55:03.050807+00:00,2026-08-26T19:55:03.050807+00:00,2
2026-08-26,XPON,target+1_floor-1,first,resting,STOP_LIMIT,2026-08-26T13:45:07+00:00,,0,2026-08-26T15:25:00+00:00,2026-08-26T15:36:09.608000+00:00,9.42,9.5142,9.3258,2026-08-26T15:36:40.011354+00:00,2026-08-26T15:36:40.011354+00:00,9.5142,target,1.0000000000000075,30.403354,1.061571125265389,-0.8492569002123149,2026-08-26T15:36:40.011354+00:00,,,,202
2026-08-26,XPON,target+1_floor-1,first,resting,STOP_LIMIT,2026-08-26T13:45:07+00:00,,0,2026-08-26T17:28:00+00:00,2026-08-26T17:29:09.550000+00:00,8.24,8.3224,8.1576,2026-08-26T17:29:09.991111+00:00,2026-08-26T17:29:09.991633+00:00,8.17,floor,-0.8495145631067995,0.441633,0.0,-1.0922330097087363,,,2026-08-26T17:29:09.991111+00:00,,2
2026-08-26,XPON,target+1_floor-1,first,resting,STOP_LIMIT,2026-08-26T13:45:07+00:00,,0,2026-08-26T18:46:00+00:00,2026-08-26T18:47:15.525000+00:00,8.25,8.3325,8.1675,2026-08-26T18:47:24.901006+00:00,2026-08-26T18:47:28.433504+00:00,8.16,floor,-1.0909090909090893,12.908504,0.0,-1.0909090909090893,,,2026-08-26T18:47:24.901006+00:00,,2
2026-08-26,XPON,target+1_floor-1,reclaim,resting,STOP_LIMIT,2026-08-26T13:45:07+00:00,,1787770020000,2026-08-26T18:50:00+00:00,2026-08-26T19:14:12.990000+00:00,8.88,8.968800000000002,8.7912,2026-08-26T19:14:29.259558+00:00,2026-08-26T19:14:29.259558+00:00,8.968800000000002,target,1.0000000000000098,16.269558,1.0135135135135118,-0.9009009009009016,2026-08-26T19:14:29.259558+00:00,,,,114
2026-08-26,XPON,target+1_floor-1,first,resting,STOP_LIMIT,2026-08-26T13:45:07+00:00,,0,2026-08-26T19:50:00+00:00,2026-08-26T19:51:28.616000+00:00,8.73,8.817300000000001,8.6427,2026-08-26T19:51:35.112115+00:00,2026-08-26T19:51:35.112115+00:00,8.817300000000001,target,1.0000000000000093,6.496115,1.0309278350515447,-0.6872852233677033,2026-08-26T19:51:35.112115+00:00,,,,32
2026-08-26,XPON,target+1_floor-1,reclaim,resting,STOP_LIMIT,2026-08-26T13:45:07+00:00,,1787773860000,2026-08-26T19:54:00+00:00,2026-08-26T19:55:01.111000+00:00,8.88,8.968800000000002,8.7912,2026-08-26T19:55:03.050807+00:00,2026-08-26T19:55:03.051244+00:00,8.63,floor,-2.815315315315315,1.940244,0.0,-2.815315315315315,,,2026-08-26T19:55:03.050807+00:00,2026-08-26T19:55:03.050807+00:00,2
2026-08-26,XPON,target+1_floor+0,first,resting,STOP_LIMIT,2026-08-26T13:45:07+00:00,,0,2026-08-26T15:25:00+00:00,2026-08-26T15:36:09.608000+00:00,9.42,9.5142,9.42,2026-08-26T15:36:09.646979+00:00,2026-08-26T15:36:09.648106+00:00,9.34,floor,-0.8492569002123149,0.040106,0.0,-0.8492569002123149,,,,,2
2026-08-26,XPON,target+1_floor+0,first,resting,STOP_LIMIT,2026-08-26T13:45:07+00:00,,0,2026-08-26T17:28:00+00:00,2026-08-26T17:29:09.550000+00:00,8.24,8.3224,8.24,2026-08-26T17:29:09.991111+00:00,2026-08-26T17:29:09.991633+00:00,8.17,floor,-0.8495145631067995,0.441633,0.0,-1.0922330097087363,,,2026-08-26T17:29:09.991111+00:00,,2
2026-08-26,XPON,target+1_floor+0,first,resting,STOP_LIMIT,2026-08-26T13:45:07+00:00,,0,2026-08-26T18:46:00+00:00,2026-08-26T18:47:15.525000+00:00,8.25,8.3325,8.25,2026-08-26T18:47:24.901006+00:00,2026-08-26T18:47:28.433504+00:00,8.16,floor,-1.0909090909090893,12.908504,0.0,-1.0909090909090893,,,2026-08-26T18:47:24.901006+00:00,,2
2026-08-26,XPON,target+1_floor+0,reclaim,resting,STOP_LIMIT,2026-08-26T13:45:07+00:00,,1787770020000,2026-08-26T18:50:00+00:00,2026-08-26T19:14:12.990000+00:00,8.88,8.968800000000002,8.88,2026-08-26T19:14:13.335869+00:00,2026-08-26T19:14:13.337020+00:00,8.84,floor,-0.45045045045046084,0.34702,0.0,-0.45045045045046084,,,,,2
2026-08-26,XPON,target+1_floor+0,first,resting,STOP_LIMIT,2026-08-26T13:45:07+00:00,,0,2026-08-26T19:50:00+00:00,2026-08-26T19:51:28.616000+00:00,8.73,8.817300000000001,8.73,2026-08-26T19:51:29.719307+00:00,2026-08-26T19:51:29.719553+00:00,8.67,floor,-0.6872852233677033,1.103553,0.0,-0.6872852233677033,,,,,2
2026-08-26,XPON,target+1_floor+0,reclaim,resting,STOP_LIMIT,2026-08-26T13:45:07+00:00,,1787773860000,2026-08-26T19:54:00+00:00,2026-08-26T19:55:01.111000+00:00,8.88,8.968800000000002,8.88,2026-08-26T19:55:03.050807+00:00,2026-08-26T19:55:03.051244+00:00,8.63,floor,-2.815315315315315,1.940244,0.0,-2.815315315315315,,,2026-08-26T19:55:03.050807+00:00,2026-08-26T19:55:03.050807+00:00,2
2026-08-26,XPON,target+2_floor-2,first,resting,STOP_LIMIT,2026-08-26T13:45:07+00:00,,0,2026-08-26T15:25:00+00:00,2026-08-26T15:36:09.608000+00:00,9.42,9.6084,9.2316,2026-08-26T15:38:42.956079+00:00,2026-08-26T15:38:42.956576+00:00,9.23,floor,-2.016985138004241,153.348576,1.486199575371556,-2.016985138004241,2026-08-26T15:36:40.011354+00:00,,2026-08-26T15:37:25.210994+00:00,2026-08-26T15:38:42.956079+00:00,799
2026-08-26,XPON,target+2_floor-2,first,resting,STOP_LIMIT,2026-08-26T13:45:07+00:00,,0,2026-08-26T17:28:00+00:00,2026-08-26T17:29:09.550000+00:00,8.24,8.4048,8.0752,2026-08-26T17:35:07.401928+00:00,2026-08-26T17:35:07.401928+00:00,8.4048,target,1.9999999999999951,357.851928,2.0631067961165037,-1.5776699029126307,2026-08-26T17:35:02.428703+00:00,2026-08-26T17:35:07.401928+00:00,2026-08-26T17:29:09.991111+00:00,,414
2026-08-26,XPON,target+2_floor-2,first,resting,STOP_LIMIT,2026-08-26T13:45:07+00:00,,0,2026-08-26T18:46:00+00:00,2026-08-26T18:47:15.525000+00:00,8.25,8.415000000000001,8.084999999999999,2026-08-26T18:49:08.573251+00:00,2026-08-26T18:49:08.573251+00:00,8.415000000000001,target,2.000000000000011,113.048251,2.1818181818181785,-1.454545454545445,2026-08-26T18:47:36.012787+00:00,2026-08-26T18:49:08.573251+00:00,2026-08-26T18:47:24.901006+00:00,,167
2026-08-26,XPON,target+2_floor-2,reclaim,resting,STOP_LIMIT,2026-08-26T13:45:07+00:00,,1787770020000,2026-08-26T18:50:00+00:00,2026-08-26T19:14:12.990000+00:00,8.88,9.0576,8.7024,2026-08-26T19:14:52.476444+00:00,2026-08-26T19:14:52.476642+00:00,8.7,floor,-2.0270270270270436,39.486642,1.238738738738732,-2.0270270270270436,2026-08-26T19:14:29.259558+00:00,,2026-08-26T19:14:35.318741+00:00,2026-08-26T19:14:52.476444+00:00,274
2026-08-26,XPON,target+2_floor-2,first,resting,STOP_LIMIT,2026-08-26T13:45:07+00:00,,0,2026-08-26T19:50:00+00:00,2026-08-26T19:51:28.616000+00:00,8.73,8.9046,8.5554,2026-08-26T19:53:48.254372+00:00,2026-08-26T19:53:48.254583+00:00,8.55,floor,-2.0618556701030895,139.638583,1.374570446735386,-2.0618556701030895,2026-08-26T19:51:35.112115+00:00,,2026-08-26T19:51:55.209700+00:00,2026-08-26T19:53:48.254372+00:00,444
2026-08-26,XPON,target+2_floor-2,reclaim,resting,STOP_LIMIT,2026-08-26T13:45:07+00:00,,1787773860000,2026-08-26T19:54:00+00:00,2026-08-26T19:55:01.111000+00:00,8.88,9.0576,8.7024,2026-08-26T19:55:03.050807+00:00,2026-08-26T19:55:03.051244+00:00,8.63,floor,-2.815315315315315,1.940244,0.0,-2.815315315315315,,,2026-08-26T19:55:03.050807+00:00,2026-08-26T19:55:03.050807+00:00,2
2026-08-26,XPON,target+2_floor-1,first,resting,STOP_LIMIT,2026-08-26T13:45:07+00:00,,0,2026-08-26T15:25:00+00:00,2026-08-26T15:36:09.608000+00:00,9.42,9.6084,9.3258,2026-08-26T15:37:25.210994+00:00,2026-08-26T15:37:25.211431+00:00,9.32,floor,-1.061571125265389,75.603431,1.486199575371556,-1.061571125265389,2026-08-26T15:36:40.011354+00:00,,2026-08-26T15:37:25.210994+00:00,,545
2026-08-26,XPON,target+2_floor-1,first,resting,STOP_LIMIT,2026-08-26T13:45:07+00:00,,0,2026-08-26T17:28:00+00:00,2026-08-26T17:29:09.550000+00:00,8.24,8.4048,8.1576,2026-08-26T17:29:09.991111+00:00,2026-08-26T17:29:09.991633+00:00,8.17,floor,-0.8495145631067995,0.441633,0.0,-1.0922330097087363,,,2026-08-26T17:29:09.991111+00:00,,2
2026-08-26,XPON,target+2_floor-1,first,resting,STOP_LIMIT,2026-08-26T13:45:07+00:00,,0,2026-08-26T18:46:00+00:00,2026-08-26T18:47:15.525000+00:00,8.25,8.415000000000001,8.1675,2026-08-26T18:47:24.901006+00:00,2026-08-26T18:47:28.433504+00:00,8.16,floor,-1.0909090909090893,12.908504,0.0,-1.0909090909090893,,,2026-08-26T18:47:24.901006+00:00,,2
2026-08-26,XPON,target+2_floor-1,reclaim,resting,STOP_LIMIT,2026-08-26T13:45:07+00:00,,1787770020000,2026-08-26T18:50:00+00:00,2026-08-26T19:14:12.990000+00:00,8.88,9.0576,8.7912,2026-08-26T19:14:35.318741+00:00,2026-08-26T19:14:35.318907+00:00,8.76,floor,-1.3513513513513624,22.328907,1.238738738738732,-1.3513513513513624,2026-08-26T19:14:29.259558+00:00,,2026-08-26T19:14:35.318741+00:00,,209
2026-08-26,XPON,target+2_floor-1,first,resting,STOP_LIMIT,2026-08-26T13:45:07+00:00,,0,2026-08-26T19:50:00+00:00,2026-08-26T19:51:28.616000+00:00,8.73,8.9046,8.6427,2026-08-26T19:51:55.209700+00:00,2026-08-26T19:51:55.210049+00:00,8.6,floor,-1.4891179839633537,26.594049,1.374570446735386,-1.4891179839633537,2026-08-26T19:51:35.112115+00:00,,2026-08-26T19:51:55.209700+00:00,,162
2026-08-26,XPON,target+2_floor-1,reclaim,resting,STOP_LIMIT,2026-08-26T13:45:07+00:00,,1787773860000,2026-08-26T19:54:00+00:00,2026-08-26T19:55:01.111000+00:00,8.88,9.0576,8.7912,2026-08-26T19:55:03.050807+00:00,2026-08-26T19:55:03.051244+00:00,8.63,floor,-2.815315315315315,1.940244,0.0,-2.815315315315315,,,2026-08-26T19:55:03.050807+00:00,2026-08-26T19:55:03.050807+00:00,2
2026-08-26,XPON,target+2_floor+0,first,resting,STOP_LIMIT,2026-08-26T13:45:07+00:00,,0,2026-08-26T15:25:00+00:00,2026-08-26T15:36:09.608000+00:00,9.42,9.6084,9.42,2026-08-26T15:36:09.646979+00:00,2026-08-26T15:36:09.648106+00:00,9.34,floor,-0.8492569002123149,0.040106,0.0,-0.8492569002123149,,,,,2
2026-08-26,XPON,target+2_floor+0,first,resting,STOP_LIMIT,2026-08-26T13:45:07+00:00,,0,2026-08-26T17:28:00+00:00,2026-08-26T17:29:09.550000+00:00,8.24,8.4048,8.24,2026-08-26T17:29:09.991111+00:00,2026-08-26T17:29:09.991633+00:00,8.17,floor,-0.8495145631067995,0.441633,0.0,-1.0922330097087363,,,2026-08-26T17:29:09.991111+00:00,,2
2026-08-26,XPON,target+2_floor+0,first,resting,STOP_LIMIT,2026-08-26T13:45:07+00:00,,0,2026-08-26T18:46:00+00:00,2026-08-26T18:47:15.525000+00:00,8.25,8.415000000000001,8.25,2026-08-26T18:47:24.901006+00:00,2026-08-26T18:47:28.433504+00:00,8.16,floor,-1.0909090909090893,12.908504,0.0,-1.0909090909090893,,,2026-08-26T18:47:24.901006+00:00,,2
2026-08-26,XPON,target+2_floor+0,reclaim,resting,STOP_LIMIT,2026-08-26T13:45:07+00:00,,1787770020000,2026-08-26T18:50:00+00:00,2026-08-26T19:14:12.990000+00:00,8.88,9.0576,8.88,2026-08-26T19:14:13.335869+00:00,2026-08-26T19:14:13.337020+00:00,8.84,floor,-0.45045045045046084,0.34702,0.0,-0.45045045045046084,,,,,2
2026-08-26,XPON,target+2_floor+0,first,resting,STOP_LIMIT,2026-08-26T13:45:07+00:00,,0,2026-08-26T19:50:00+00:00,2026-08-26T19:51:28.616000+00:00,8.73,8.9046,8.73,2026-08-26T19:51:29.719307+00:00,2026-08-26T19:51:29.719553+00:00,8.67,floor,-0.6872852233677033,1.103553,0.0,-0.6872852233677033,,,,,2
2026-08-26,XPON,target+2_floor+0,reclaim,resting,STOP_LIMIT,2026-08-26T13:45:07+00:00,,1787773860000,2026-08-26T19:54:00+00:00,2026-08-26T19:55:01.111000+00:00,8.88,9.0576,8.88,2026-08-26T19:55:03.050807+00:00,2026-08-26T19:55:03.051244+00:00,8.63,floor,-2.815315315315315,1.940244,0.0,-2.815315315315315,,,2026-08-26T19:55:03.050807+00:00,2026-08-26T19:55:03.050807+00:00,2
2026-08-26,YYGH,target+1_floor-2,reclaim,reactive,limit,2026-08-26T08:09:56+00:00,,1787748960000,2026-08-26T13:01:26.497000+00:00,2026-08-26T13:01:26.497000+00:00,1.98,1.9998,1.9404,2026-08-26T13:02:01.312031+00:00,2026-08-26T13:02:01.312031+00:00,1.9998,target,1.000000000000002,34.815031,1.010101010101011,-0.5050505050505055,2026-08-26T13:02:01.312031+00:00,,,,483
2026-08-26,YYGH,target+1_floor-2,first,resting,STOP_LIMIT,2026-08-26T08:09:56+00:00,,0,2026-08-26T13:34:00+00:00,2026-08-26T13:39:54.404000+00:00,1.97,1.9897,1.9305999999999999,2026-08-26T13:39:59.536704+00:00,2026-08-26T13:39:59.536704+00:00,1.9897,target,1.0000000000000027,5.132704,1.0152284263959401,-0.5076142131979701,2026-08-26T13:39:59.536704+00:00,,,,159
2026-08-26,YYGH,target+1_floor-2,reclaim,resting,STOP_LIMIT,2026-08-26T08:09:56+00:00,,1787751540000,2026-08-26T13:42:00+00:00,2026-08-26T13:43:03.756000+00:00,2.0,2.02,1.96,2026-08-26T13:43:03.870045+00:00,2026-08-26T13:43:03.870045+00:00,2.02,target,1.0000000000000009,0.114045,1.0000000000000009,-0.5000000000000004,2026-08-26T13:43:03.870045+00:00,,,,104
2026-08-26,YYGH,target+1_floor-2,first,resting,STOP_LIMIT,2026-08-26T08:09:56+00:00,,0,2026-08-26T14:21:00+00:00,2026-08-26T14:31:02.498000+00:00,1.94,1.9594,1.9012,2026-08-26T14:31:17.068576+00:00,2026-08-26T14:31:17.068881+00:00,1.9,floor,-2.061855670103095,14.570881,0.0,-2.061855670103095,,,2026-08-26T14:31:11.345988+00:00,2026-08-26T14:31:17.068576+00:00,94
2026-08-26,YYGH,target+1_floor-2,reclaim,resting,STOP_LIMIT,2026-08-26T08:09:56+00:00,,1787754720000,2026-08-26T14:35:00+00:00,2026-08-26T14:35:00.224000+00:00,1.95,1.9695,1.911,2026-08-26T14:35:38.070769+00:00,2026-08-26T14:35:38.070769+00:00,1.9695,target,1.0000000000000038,37.846769,1.0256410256410264,-1.0256410256410264,2026-08-26T14:35:38.070769+00:00,,2026-08-26T14:35:26.435550+00:00,,250
2026-08-26,YYGH,target+1_floor-2,first,resting,STOP_LIMIT,2026-08-26T08:09:56+00:00,,0,2026-08-26T17:22:00+00:00,2026-08-26T17:23:41.368000+00:00,1.93,1.9493,1.8914,2026-08-26T17:55:15.444403+00:00,2026-08-26T17:55:15.444403+00:00,1.9493,target,1.0000000000000049,1894.076403,1.0362694300518145,-1.5544041450777215,2026-08-26T17:55:15.444403+00:00,,2026-08-26T17:36:37.699333+00:00,,2301
2026-08-26,YYGH,target+1_floor-2,reclaim,resting,STOP_LIMIT,2026-08-26T08:09:56+00:00,,1787764980000,2026-08-26T17:56:00+00:00,2026-08-26T18:26:11.618000+00:00,1.97,1.9897,1.9305999999999999,2026-08-26T18:26:32.809622+00:00,2026-08-26T18:26:32.809622+00:00,1.9897,target,1.0000000000000027,21.191622,1.0152284263959401,-0.5076142131979701,2026-08-26T18:26:32.809622+00:00,,,,94
2026-08-26,YYGH,target+1_floor-2,reclaim,resting,STOP_LIMIT,2026-08-26T08:09:56+00:00,,1787772900000,2026-08-26T19:38:00+00:00,2026-08-26T19:47:06.734000+00:00,1.99,2.0099,1.9502,2026-08-26T19:49:16.005825+00:00,2026-08-26T19:49:16.005825+00:00,2.0099,target,1.0000000000000013,129.271825,1.0050251256281304,-1.0050251256281415,2026-08-26T19:49:16.005825+00:00,,2026-08-26T19:47:26.596608+00:00,,520
2026-08-26,YYGH,target+1_floor-1,reclaim,reactive,limit,2026-08-26T08:09:56+00:00,,1787748960000,2026-08-26T13:01:26.497000+00:00,2026-08-26T13:01:26.497000+00:00,1.98,1.9998,1.9602,2026-08-26T13:02:01.312031+00:00,2026-08-26T13:02:01.312031+00:00,1.9998,target,1.000000000000002,34.815031,1.010101010101011,-0.5050505050505055,2026-08-26T13:02:01.312031+00:00,,,,483
2026-08-26,YYGH,target+1_floor-1,first,resting,STOP_LIMIT,2026-08-26T08:09:56+00:00,,0,2026-08-26T13:34:00+00:00,2026-08-26T13:39:54.404000+00:00,1.97,1.9897,1.9503,2026-08-26T13:39:59.536704+00:00,2026-08-26T13:39:59.536704+00:00,1.9897,target,1.0000000000000027,5.132704,1.0152284263959401,-0.5076142131979701,2026-08-26T13:39:59.536704+00:00,,,,159
2026-08-26,YYGH,target+1_floor-1,reclaim,resting,STOP_LIMIT,2026-08-26T08:09:56+00:00,,1787751540000,2026-08-26T13:42:00+00:00,2026-08-26T13:43:03.756000+00:00,2.0,2.02,1.98,2026-08-26T13:43:03.870045+00:00,2026-08-26T13:43:03.870045+00:00,2.02,target,1.0000000000000009,0.114045,1.0000000000000009,-0.5000000000000004,2026-08-26T13:43:03.870045+00:00,,,,104
2026-08-26,YYGH,target+1_floor-1,first,resting,STOP_LIMIT,2026-08-26T08:09:56+00:00,,0,2026-08-26T14:21:00+00:00,2026-08-26T14:31:02.498000+00:00,1.94,1.9594,1.9205999999999999,2026-08-26T14:31:11.345988+00:00,2026-08-26T14:31:11.346829+00:00,1.92,floor,-1.0309278350515474,8.848829,0.0,-1.0309278350515474,,,2026-08-26T14:31:11.345988+00:00,,26
2026-08-26,YYGH,target+1_floor-1,reclaim,resting,STOP_LIMIT,2026-08-26T08:09:56+00:00,,1787754720000,2026-08-26T14:35:00+00:00,2026-08-26T14:35:00.224000+00:00,1.95,1.9695,1.9304999999999999,2026-08-26T14:35:26.435550+00:00,2026-08-26T14:35:26.437513+00:00,1.93,floor,-1.0256410256410264,26.213513,0.0,-1.0256410256410264,,,2026-08-26T14:35:26.435550+00:00,,117
2026-08-26,YYGH,target+1_floor-1,first,resting,STOP_LIMIT,2026-08-26T08:09:56+00:00,,0,2026-08-26T17:22:00+00:00,2026-08-26T17:23:41.368000+00:00,1.93,1.9493,1.9106999999999998,2026-08-26T17:36:37.699333+00:00,2026-08-26T17:36:37.699650+00:00,1.91,floor,-1.0362694300518145,776.33165,0.5181347150259072,-1.0362694300518145,,,2026-08-26T17:36:37.699333+00:00,,1180
2026-08-26,YYGH,target+1_floor-1,reclaim,resting,STOP_LIMIT,2026-08-26T08:09:56+00:00,,1787764980000,2026-08-26T17:37:00+00:00,2026-08-26T17:45:13.356000+00:00,1.95,1.9695,1.9304999999999999,2026-08-26T17:45:17.105684+00:00,2026-08-26T17:45:17.107950+00:00,1.93,floor,-1.0256410256410264,3.75195,0.0,-1.0256410256410264,,,2026-08-26T17:45:17.105684+00:00,,5
2026-08-26,YYGH,target+1_floor-1,reclaim,resting,STOP_LIMIT,2026-08-26T08:09:56+00:00,,1787772900000,2026-08-26T19:38:00+00:00,2026-08-26T19:47:06.734000+00:00,1.99,2.0099,1.9701,2026-08-26T19:47:26.596608+00:00,2026-08-26T19:47:26.596853+00:00,1.97,floor,-1.0050251256281415,19.862853,0.0,-1.0050251256281415,,,2026-08-26T19:47:26.596608+00:00,,15
2026-08-26,YYGH,target+1_floor+0,reclaim,reactive,limit,2026-08-26T08:09:56+00:00,,1787748960000,2026-08-26T13:01:26.497000+00:00,2026-08-26T13:01:26.497000+00:00,1.98,1.9998,1.98,2026-08-26T13:01:26.536963+00:00,2026-08-26T13:01:26.537293+00:00,1.97,floor,-0.5050505050505055,0.040293,0.0,-0.5050505050505055,,,,,2
2026-08-26,YYGH,target+1_floor+0,first,resting,STOP_LIMIT,2026-08-26T08:09:56+00:00,,0,2026-08-26T13:34:00+00:00,2026-08-26T13:39:54.404000+00:00,1.97,1.9897,1.97,2026-08-26T13:39:55.642865+00:00,2026-08-26T13:39:55.692768+00:00,1.96,floor,-0.5076142131979701,1.288768,0.0,-0.5076142131979701,,,,,2
2026-08-26,YYGH,target+1_floor+0,reclaim,resting,STOP_LIMIT,2026-08-26T08:09:56+00:00,,1787751540000,2026-08-26T13:42:00+00:00,2026-08-26T13:43:03.756000+00:00,2.0,2.02,2.0,2026-08-26T13:43:03.757021+00:00,2026-08-26T13:43:03.759543+00:00,1.99,floor,-0.5000000000000004,0.003543,0.0,-0.5000000000000004,,,,,2
2026-08-26,YYGH,target+1_floor+0,first,resting,STOP_LIMIT,2026-08-26T08:09:56+00:00,,0,2026-08-26T14:21:00+00:00,2026-08-26T14:31:02.498000+00:00,1.94,1.9594,1.94,2026-08-26T14:31:03.079949+00:00,2026-08-26T14:31:03.188948+00:00,1.93,floor,-0.5154639175257737,0.690948,0.0,-0.5154639175257737,,,,,2
2026-08-26,YYGH,target+1_floor+0,reclaim,resting,STOP_LIMIT,2026-08-26T08:09:56+00:00,,1787754720000,2026-08-26T14:35:00+00:00,2026-08-26T14:35:00.224000+00:00,1.95,1.9695,1.95,2026-08-26T14:35:00.939070+00:00,2026-08-26T14:35:00.955480+00:00,1.94,floor,-0.5128205128205132,0.73148,0.0,-0.5128205128205132,,,,,2
2026-08-26,YYGH,target+1_floor+0,first,resting,STOP_LIMIT,2026-08-26T08:09:56+00:00,,0,2026-08-26T17:22:00+00:00,2026-08-26T17:23:41.368000+00:00,1.93,1.9493,1.93,2026-08-26T17:23:42.113523+00:00,2026-08-26T17:23:42.650285+00:00,1.92,floor,-0.5181347150259072,1.282285,0.0,-0.5181347150259072,,,,,2
2026-08-26,YYGH,target+1_floor+0,reclaim,resting,STOP_LIMIT,2026-08-26T08:09:56+00:00,,1787764980000,2026-08-26T17:26:00+00:00,2026-08-26T17:26:48.162000+00:00,1.95,1.9695,1.95,2026-08-26T17:26:48.399800+00:00,2026-08-26T17:26:48.419813+00:00,1.94,floor,-0.5128205128205132,0.257813,0.0,-0.5128205128205132,,,,,2
2026-08-26,YYGH,target+1_floor+0,reclaim,resting,STOP_LIMIT,2026-08-26T08:09:56+00:00,,1787772900000,2026-08-26T19:38:00+00:00,2026-08-26T19:47:06.734000+00:00,1.99,2.0099,1.99,2026-08-26T19:47:06.955635+00:00,2026-08-26T19:47:07.217923+00:00,1.98,floor,-0.5025125628140708,0.483923,0.0,-0.5025125628140708,,,,,2
2026-08-26,YYGH,target+2_floor-2,reclaim,reactive,limit,2026-08-26T08:09:56+00:00,,1787748960000,2026-08-26T13:01:26.497000+00:00,2026-08-26T13:01:26.497000+00:00,1.98,2.0196,1.9404,2026-08-26T13:13:58.063223+00:00,2026-08-26T13:13:58.063459+00:00,1.94,floor,-2.020202020202022,751.566459,1.5151515151515054,-2.020202020202022,2026-08-26T13:02:01.312031+00:00,,2026-08-26T13:04:16.764019+00:00,2026-08-26T13:13:58.063223+00:00,5539
2026-08-26,YYGH,target+2_floor-2,first,resting,STOP_LIMIT,2026-08-26T08:09:56+00:00,,0,2026-08-26T13:34:00+00:00,2026-08-26T13:39:54.404000+00:00,1.97,2.0094,1.9305999999999999,2026-08-26T13:40:48.264988+00:00,2026-08-26T13:40:48.266041+00:00,1.93,floor,-2.0304568527918803,53.862041,1.0152284263959401,-2.0304568527918803,2026-08-26T13:39:59.536704+00:00,,2026-08-26T13:40:48.234899+00:00,2026-08-26T13:40:48.264988+00:00,1077
2026-08-26,YYGH,target+2_floor-2,reclaim,resting,STOP_LIMIT,2026-08-26T08:09:56+00:00,,1787751540000,2026-08-26T13:42:00+00:00,2026-08-26T13:43:03.756000+00:00,2.0,2.04,1.96,2026-08-26T13:43:03.973412+00:00,2026-08-26T13:43:03.973412+00:00,2.04,target,2.0000000000000018,0.217412,2.0000000000000018,-0.5000000000000004,2026-08-26T13:43:03.870045+00:00,2026-08-26T13:43:03.973412+00:00,,,191
2026-08-26,YYGH,target+2_floor-2,first,resting,STOP_LIMIT,2026-08-26T08:09:56+00:00,,0,2026-08-26T14:21:00+00:00,2026-08-26T14:31:02.498000+00:00,1.94,1.9788,1.9012,2026-08-26T14:31:17.068576+00:00,2026-08-26T14:31:17.068881+00:00,1.9,floor,-2.061855670103095,14.570881,0.0,-2.061855670103095,,,2026-08-26T14:31:11.345988+00:00,2026-08-26T14:31:17.068576+00:00,94
2026-08-26,YYGH,target+2_floor-2,reclaim,resting,STOP_LIMIT,2026-08-26T08:09:56+00:00,,1787754720000,2026-08-26T14:35:00+00:00,2026-08-26T14:35:00.224000+00:00,1.95,1.9889999999999999,1.911,2026-08-26T14:38:08.969441+00:00,2026-08-26T14:38:08.969441+00:00,1.9889999999999999,target,1.9999999999999962,188.745441,2.051282051282053,-1.0256410256410264,2026-08-26T14:35:38.070769+00:00,2026-08-26T14:38:08.969441+00:00,2026-08-26T14:35:26.435550+00:00,,1324
2026-08-26,YYGH,target+2_floor-2,first,resting,STOP_LIMIT,2026-08-26T08:09:56+00:00,,0,2026-08-26T17:22:00+00:00,2026-08-26T17:23:41.368000+00:00,1.93,1.9686,1.8914,2026-08-26T18:26:13.946851+00:00,2026-08-26T18:26:13.946851+00:00,1.9686,target,1.9999999999999982,3752.578851,2.072538860103629,-1.5544041450777215,2026-08-26T17:55:15.444403+00:00,2026-08-26T18:26:13.946851+00:00,2026-08-26T17:36:37.699333+00:00,,4236
2026-08-26,YYGH,target+2_floor-2,reclaim,reactive,market,2026-08-26T08:09:56+00:00,,1787764980000,2026-08-26T18:27:22.030000+00:00,2026-08-26T18:27:22.030000+00:00,2.02,2.0604,1.9796,2026-08-26T18:34:48.631116+00:00,2026-08-26T18:34:48.631401+00:00,1.98,floor,-1.980198019801982,446.601401,0.0,-2.4752475247524774,,,2026-08-26T18:29:51.529729+00:00,2026-08-26T18:34:48.631116+00:00,1270
2026-08-26,YYGH,target+2_floor-2,reclaim,resting,STOP_LIMIT,2026-08-26T08:09:56+00:00,,1787772900000,2026-08-26T19:38:00+00:00,2026-08-26T19:47:06.734000+00:00,1.99,2.0298,1.9502,2026-08-26T19:49:29.677672+00:00,2026-08-26T19:49:29.677672+00:00,2.0298,target,1.9999999999999918,142.943672,2.010050251256272,-1.0050251256281415,2026-08-26T19:49:16.005825+00:00,2026-08-26T19:49:29.677672+00:00,2026-08-26T19:47:26.596608+00:00,,649
2026-08-26,YYGH,target+2_floor-1,reclaim,reactive,limit,2026-08-26T08:09:56+00:00,,1787748960000,2026-08-26T13:01:26.497000+00:00,2026-08-26T13:01:26.497000+00:00,1.98,2.0196,1.9602,2026-08-26T13:04:16.764019+00:00,2026-08-26T13:04:16.765027+00:00,1.96,floor,-1.010101010101011,170.268027,1.5151515151515054,-1.010101010101011,2026-08-26T13:02:01.312031+00:00,,2026-08-26T13:04:16.764019+00:00,,2467
2026-08-26,YYGH,target+2_floor-1,first,resting,STOP_LIMIT,2026-08-26T08:09:56+00:00,,0,2026-08-26T13:34:00+00:00,2026-08-26T13:39:54.404000+00:00,1.97,2.0094,1.9503,2026-08-26T13:40:48.234899+00:00,2026-08-26T13:40:48.235743+00:00,1.95,floor,-1.0152284263959401,53.831743,1.0152284263959401,-1.0152284263959401,2026-08-26T13:39:59.536704+00:00,,2026-08-26T13:40:48.234899+00:00,,1032
2026-08-26,YYGH,target+2_floor-1,reclaim,resting,STOP_LIMIT,2026-08-26T08:09:56+00:00,,1787751540000,2026-08-26T13:42:00+00:00,2026-08-26T13:43:03.756000+00:00,2.0,2.04,1.98,2026-08-26T13:43:03.973412+00:00,2026-08-26T13:43:03.973412+00:00,2.04,target,2.0000000000000018,0.217412,2.0000000000000018,-0.5000000000000004,2026-08-26T13:43:03.870045+00:00,2026-08-26T13:43:03.973412+00:00,,,191
2026-08-26,YYGH,target+2_floor-1,first,resting,STOP_LIMIT,2026-08-26T08:09:56+00:00,,0,2026-08-26T14:21:00+00:00,2026-08-26T14:31:02.498000+00:00,1.94,1.9788,1.9205999999999999,2026-08-26T14:31:11.345988+00:00,2026-08-26T14:31:11.346829+00:00,1.92,floor,-1.0309278350515474,8.848829,0.0,-1.0309278350515474,,,2026-08-26T14:31:11.345988+00:00,,26
2026-08-26,YYGH,target+2_floor-1,reclaim,resting,STOP_LIMIT,2026-08-26T08:09:56+00:00,,1787754720000,2026-08-26T14:35:00+00:00,2026-08-26T14:35:00.224000+00:00,1.95,1.9889999999999999,1.9304999999999999,2026-08-26T14:35:26.435550+00:00,2026-08-26T14:35:26.437513+00:00,1.93,floor,-1.0256410256410264,26.213513,0.0,-1.0256410256410264,,,2026-08-26T14:35:26.435550+00:00,,117
2026-08-26,YYGH,target+2_floor-1,first,resting,STOP_LIMIT,2026-08-26T08:09:56+00:00,,0,2026-08-26T17:22:00+00:00,2026-08-26T17:23:41.368000+00:00,1.93,1.9686,1.9106999999999998,2026-08-26T17:36:37.699333+00:00,2026-08-26T17:36:37.699650+00:00,1.91,floor,-1.0362694300518145,776.33165,0.5181347150259072,-1.0362694300518145,,,2026-08-26T17:36:37.699333+00:00,,1180
2026-08-26,YYGH,target+2_floor-1,reclaim,resting,STOP_LIMIT,2026-08-26T08:09:56+00:00,,1787764980000,2026-08-26T17:37:00+00:00,2026-08-26T17:45:13.356000+00:00,1.95,1.9889999999999999,1.9304999999999999,2026-08-26T17:45:17.105684+00:00,2026-08-26T17:45:17.107950+00:00,1.93,floor,-1.0256410256410264,3.75195,0.0,-1.0256410256410264,,,2026-08-26T17:45:17.105684+00:00,,5
2026-08-26,YYGH,target+2_floor-1,reclaim,resting,STOP_LIMIT,2026-08-26T08:09:56+00:00,,1787772900000,2026-08-26T19:38:00+00:00,2026-08-26T19:47:06.734000+00:00,1.99,2.0298,1.9701,2026-08-26T19:47:26.596608+00:00,2026-08-26T19:47:26.596853+00:00,1.97,floor,-1.0050251256281415,19.862853,0.0,-1.0050251256281415,,,2026-08-26T19:47:26.596608+00:00,,15
2026-08-26,YYGH,target+2_floor+0,reclaim,reactive,limit,2026-08-26T08:09:56+00:00,,1787748960000,2026-08-26T13:01:26.497000+00:00,2026-08-26T13:01:26.497000+00:00,1.98,2.0196,1.98,2026-08-26T13:01:26.536963+00:00,2026-08-26T13:01:26.537293+00:00,1.97,floor,-0.5050505050505055,0.040293,0.0,-0.5050505050505055,,,,,2
2026-08-26,YYGH,target+2_floor+0,first,resting,STOP_LIMIT,2026-08-26T08:09:56+00:00,,0,2026-08-26T13:34:00+00:00,2026-08-26T13:39:54.404000+00:00,1.97,2.0094,1.97,2026-08-26T13:39:55.642865+00:00,2026-08-26T13:39:55.692768+00:00,1.96,floor,-0.5076142131979701,1.288768,0.0,-0.5076142131979701,,,,,2
2026-08-26,YYGH,target+2_floor+0,reclaim,resting,STOP_LIMIT,2026-08-26T08:09:56+00:00,,1787751540000,2026-08-26T13:42:00+00:00,2026-08-26T13:43:03.756000+00:00,2.0,2.04,2.0,2026-08-26T13:43:03.757021+00:00,2026-08-26T13:43:03.759543+00:00,1.99,floor,-0.5000000000000004,0.003543,0.0,-0.5000000000000004,,,,,2
2026-08-26,YYGH,target+2_floor+0,first,resting,STOP_LIMIT,2026-08-26T08:09:56+00:00,,0,2026-08-26T14:21:00+00:00,2026-08-26T14:31:02.498000+00:00,1.94,1.9788,1.94,2026-08-26T14:31:03.079949+00:00,2026-08-26T14:31:03.188948+00:00,1.93,floor,-0.5154639175257737,0.690948,0.0,-0.5154639175257737,,,,,2
2026-08-26,YYGH,target+2_floor+0,reclaim,resting,STOP_LIMIT,2026-08-26T08:09:56+00:00,,1787754720000,2026-08-26T14:35:00+00:00,2026-08-26T14:35:00.224000+00:00,1.95,1.9889999999999999,1.95,2026-08-26T14:35:00.939070+00:00,2026-08-26T14:35:00.955480+00:00,1.94,floor,-0.5128205128205132,0.73148,0.0,-0.5128205128205132,,,,,2
2026-08-26,YYGH,target+2_floor+0,first,resting,STOP_LIMIT,2026-08-26T08:09:56+00:00,,0,2026-08-26T17:22:00+00:00,2026-08-26T17:23:41.368000+00:00,1.93,1.9686,1.93,2026-08-26T17:23:42.113523+00:00,2026-08-26T17:23:42.650285+00:00,1.92,floor,-0.5181347150259072,1.282285,0.0,-0.5181347150259072,,,,,2
2026-08-26,YYGH,target+2_floor+0,reclaim,resting,STOP_LIMIT,2026-08-26T08:09:56+00:00,,1787764980000,2026-08-26T17:26:00+00:00,2026-08-26T17:26:48.162000+00:00,1.95,1.9889999999999999,1.95,2026-08-26T17:26:48.399800+00:00,2026-08-26T17:26:48.419813+00:00,1.94,floor,-0.5128205128205132,0.257813,0.0,-0.5128205128205132,,,,,2
2026-08-26,YYGH,target+2_floor+0,reclaim,resting,STOP_LIMIT,2026-08-26T08:09:56+00:00,,1787772900000,2026-08-26T19:38:00+00:00,2026-08-26T19:47:06.734000+00:00,1.99,2.0298,1.99,2026-08-26T19:47:06.955635+00:00,2026-08-26T19:47:07.217923+00:00,1.98,floor,-0.5025125628140708,0.483923,0.0,-0.5025125628140708,,,,,2
2026-08-27,CELU,target+1_floor-2,first,resting,STOP_LIMIT,2026-08-27T14:25:42+00:00,,0,2026-08-27T16:14:00+00:00,2026-08-27T16:35:28.976000+00:00,2.01,2.0301,1.9697999999999998,2026-08-27T16:36:21.947573+00:00,2026-08-27T16:36:21.947573+00:00,2.0301,target,1.0000000000000115,52.971573,1.4925373134328483,-0.9950248756218805,2026-08-27T16:36:21.947573+00:00,,,,1195
2026-08-27,CELU,target+1_floor-2,reclaim,resting,STOP_LIMIT,2026-08-27T14:25:42+00:00,,1787848500000,2026-08-27T16:38:00+00:00,2026-08-27T16:39:21.672000+00:00,2.08,2.1008,2.0384,2026-08-27T16:39:52.703745+00:00,2026-08-27T16:39:52.703745+00:00,2.1008,target,0.9999999999999966,31.031745,1.4423076923076827,-0.4807692307692419,2026-08-27T16:39:52.703745+00:00,,,,949
2026-08-27,CELU,target+1_floor-2,first,resting,STOP_LIMIT,2026-08-27T14:25:42+00:00,,0,2026-08-27T17:20:00+00:00,2026-08-27T18:15:59.508000+00:00,2.13,2.1513,2.0873999999999997,2026-08-27T18:16:01.314781+00:00,2026-08-27T18:16:01.314956+00:00,2.08,floor,-2.3474178403755785,1.806956,0.0,-2.3474178403755785,,,2026-08-27T18:16:01.078364+00:00,2026-08-27T18:16:01.314781+00:00,92
2026-08-27,CELU,target+1_floor-2,reclaim,resting,STOP_LIMIT,2026-08-27T14:25:42+00:00,,1787854500000,2026-08-27T18:18:00+00:00,2026-08-27T18:20:00.020000+00:00,2.28,2.3028,2.2344,2026-08-27T18:20:21.675268+00:00,2026-08-27T18:20:21.676638+00:00,2.23,floor,-2.192982456140343,21.656638,0.0,-2.192982456140343,,,2026-08-27T18:20:07.951803+00:00,2026-08-27T18:20:21.675268+00:00,680
2026-08-27,CELU,target+1_floor-2,first,resting,STOP_LIMIT,2026-08-27T14:25:42+00:00,,0,2026-08-27T19:22:00+00:00,2026-08-27T19:39:17.215000+00:00,2.12,2.1412,2.0776,2026-08-27T19:44:05.806430+00:00,2026-08-27T19:44:05.807291+00:00,2.07,floor,-2.358490566037748,288.592291,0.9433962264150951,-2.358490566037748,,,2026-08-27T19:43:55.152719+00:00,2026-08-27T19:44:05.806430+00:00,3003
2026-08-27,CELU,target+1_floor-1,first,resting,STOP_LIMIT,2026-08-27T14:25:42+00:00,,0,2026-08-27T16:14:00+00:00,2026-08-27T16:35:28.976000+00:00,2.01,2.0301,1.9898999999999998,2026-08-27T16:36:21.947573+00:00,2026-08-27T16:36:21.947573+00:00,2.0301,target,1.0000000000000115,52.971573,1.4925373134328483,-0.9950248756218805,2026-08-27T16:36:21.947573+00:00,,,,1195
2026-08-27,CELU,target+1_floor-1,reclaim,resting,STOP_LIMIT,2026-08-27T14:25:42+00:00,,1787848500000,2026-08-27T16:38:00+00:00,2026-08-27T16:39:21.672000+00:00,2.08,2.1008,2.0592,2026-08-27T16:39:52.703745+00:00,2026-08-27T16:39:52.703745+00:00,2.1008,target,0.9999999999999966,31.031745,1.4423076923076827,-0.4807692307692419,2026-08-27T16:39:52.703745+00:00,,,,949
2026-08-27,CELU,target+1_floor-1,first,resting,STOP_LIMIT,2026-08-27T14:25:42+00:00,,0,2026-08-27T17:20:00+00:00,2026-08-27T18:15:59.508000+00:00,2.13,2.1513,2.1087,2026-08-27T18:16:01.078364+00:00,2026-08-27T18:16:01.078741+00:00,2.1,floor,-1.408450704225343,1.570741,0.0,-1.408450704225343,,,2026-08-27T18:16:01.078364+00:00,,55
2026-08-27,CELU,target+1_floor-1,reclaim,resting,STOP_LIMIT,2026-08-27T14:25:42+00:00,,1787854500000,2026-08-27T18:18:00+00:00,2026-08-27T18:20:00.020000+00:00,2.28,2.3028,2.2571999999999997,2026-08-27T18:20:07.951803+00:00,2026-08-27T18:20:07.960602+00:00,2.25,floor,-1.3157894736842022,7.940602,0.0,-1.3157894736842022,,,2026-08-27T18:20:07.951803+00:00,,361
2026-08-27,CELU,target+1_floor-1,first,resting,STOP_LIMIT,2026-08-27T14:25:42+00:00,,0,2026-08-27T19:22:00+00:00,2026-08-27T19:39:17.215000+00:00,2.12,2.1412,2.0988,2026-08-27T19:43:55.152719+00:00,2026-08-27T19:43:55.153076+00:00,2.09,floor,-1.4150943396226532,277.938076,0.9433962264150951,-1.4150943396226532,,,2026-08-27T19:43:55.152719+00:00,,2851
2026-08-27,CELU,target+1_floor+0,first,resting,STOP_LIMIT,2026-08-27T14:25:42+00:00,,0,2026-08-27T16:14:00+00:00,2026-08-27T16:35:28.976000+00:00,2.01,2.0301,2.01,2026-08-27T16:35:29.001621+00:00,2026-08-27T16:35:29.002139+00:00,2.0,floor,-0.4975124378109347,0.026139,0.0,-0.4975124378109347,,,,,2
2026-08-27,CELU,target+1_floor+0,reclaim,resting,STOP_LIMIT,2026-08-27T14:25:42+00:00,,1787848500000,2026-08-27T16:38:00+00:00,2026-08-27T16:39:21.672000+00:00,2.08,2.1008,2.08,2026-08-27T16:39:21.729756+00:00,2026-08-27T16:39:21.730041+00:00,2.07,floor,-0.4807692307692419,0.058041,0.0,-0.4807692307692419,,,,,2
2026-08-27,CELU,target+1_floor+0,first,resting,STOP_LIMIT,2026-08-27T14:25:42+00:00,,0,2026-08-27T17:20:00+00:00,2026-08-27T18:15:59.508000+00:00,2.13,2.1513,2.13,2026-08-27T18:15:59.832011+00:00,2026-08-27T18:15:59.850972+00:00,2.12,floor,-0.4694835680751074,0.342972,0.0,-0.4694835680751074,,,,,2
2026-08-27,CELU,target+1_floor+0,reclaim,resting,STOP_LIMIT,2026-08-27T14:25:42+00:00,,1787854500000,2026-08-27T18:18:00+00:00,2026-08-27T18:20:00.020000+00:00,2.28,2.3028,2.28,2026-08-27T18:20:00.564458+00:00,2026-08-27T18:20:00.570501+00:00,2.26,floor,-0.8771929824561412,0.550501,0.0,-0.8771929824561412,,,,,2
2026-08-27,CELU,target+1_floor+0,first,resting,STOP_LIMIT,2026-08-27T14:25:42+00:00,,0,2026-08-27T19:22:00+00:00,2026-08-27T19:39:17.215000+00:00,2.12,2.1412,2.12,2026-08-27T19:39:17.944210+00:00,2026-08-27T19:39:17.961076+00:00,2.1,floor,-0.9433962264150951,0.746076,0.0,-0.9433962264150951,,,,,2
2026-08-27,CELU,target+2_floor-2,first,resting,STOP_LIMIT,2026-08-27T14:25:42+00:00,,0,2026-08-27T16:14:00+00:00,2026-08-27T16:35:28.976000+00:00,2.01,2.0502,1.9697999999999998,2026-08-27T16:36:21.984183+00:00,2026-08-27T16:36:21.984183+00:00,2.0502,target,2.000000000000001,53.008183,2.48756218905474,-0.9950248756218805,2026-08-27T16:36:21.947573+00:00,2026-08-27T16:36:21.984183+00:00,,,1247
2026-08-27,CELU,target+2_floor-2,reclaim,resting,STOP_LIMIT,2026-08-27T14:25:42+00:00,,1787848500000,2026-08-27T16:38:00+00:00,2026-08-27T16:39:21.672000+00:00,2.08,2.1216,2.0384,2026-08-27T16:44:05.747387+00:00,2026-08-27T16:44:05.749871+00:00,2.03,floor,-2.4038461538461666,284.077871,1.4423076923076827,-2.4038461538461666,2026-08-27T16:39:52.703745+00:00,,2026-08-27T16:43:14.993025+00:00,2026-08-27T16:44:05.747387+00:00,4069
2026-08-27,CELU,target+2_floor-2,first,resting,STOP_LIMIT,2026-08-27T14:25:42+00:00,,0,2026-08-27T17:20:00+00:00,2026-08-27T18:15:59.508000+00:00,2.13,2.1726,2.0873999999999997,2026-08-27T18:16:01.314781+00:00,2026-08-27T18:16:01.314956+00:00,2.08,floor,-2.3474178403755785,1.806956,0.0,-2.3474178403755785,,,2026-08-27T18:16:01.078364+00:00,2026-08-27T18:16:01.314781+00:00,92
2026-08-27,CELU,target+2_floor-2,reclaim,resting,STOP_LIMIT,2026-08-27T14:25:42+00:00,,1787854500000,2026-08-27T18:18:00+00:00,2026-08-27T18:20:00.020000+00:00,2.28,2.3255999999999997,2.2344,2026-08-27T18:20:21.675268+00:00,2026-08-27T18:20:21.676638+00:00,2.23,floor,-2.192982456140343,21.656638,0.0,-2.192982456140343,,,2026-08-27T18:20:07.951803+00:00,2026-08-27T18:20:21.675268+00:00,680
2026-08-27,CELU,target+2_floor-2,first,resting,STOP_LIMIT,2026-08-27T14:25:42+00:00,,0,2026-08-27T19:22:00+00:00,2026-08-27T19:39:17.215000+00:00,2.12,2.1624000000000003,2.0776,2026-08-27T19:44:05.806430+00:00,2026-08-27T19:44:05.807291+00:00,2.07,floor,-2.358490566037748,288.592291,0.9433962264150951,-2.358490566037748,,,2026-08-27T19:43:55.152719+00:00,2026-08-27T19:44:05.806430+00:00,3003
2026-08-27,CELU,target+2_floor-1,first,resting,STOP_LIMIT,2026-08-27T14:25:42+00:00,,0,2026-08-27T16:14:00+00:00,2026-08-27T16:35:28.976000+00:00,2.01,2.0502,1.9898999999999998,2026-08-27T16:36:21.984183+00:00,2026-08-27T16:36:21.984183+00:00,2.0502,target,2.000000000000001,53.008183,2.48756218905474,-0.9950248756218805,2026-08-27T16:36:21.947573+00:00,2026-08-27T16:36:21.984183+00:00,,,1247
2026-08-27,CELU,target+2_floor-1,reclaim,resting,STOP_LIMIT,2026-08-27T14:25:42+00:00,,1787848500000,2026-08-27T16:38:00+00:00,2026-08-27T16:39:21.672000+00:00,2.08,2.1216,2.0592,2026-08-27T16:43:14.993025+00:00,2026-08-27T16:43:14.993264+00:00,2.05,floor,-1.4423076923077043,233.321264,1.4423076923076827,-1.4423076923077043,2026-08-27T16:39:52.703745+00:00,,2026-08-27T16:43:14.993025+00:00,,3186
2026-08-27,CELU,target+2_floor-1,first,resting,STOP_LIMIT,2026-08-27T14:25:42+00:00,,0,2026-08-27T17:20:00+00:00,2026-08-27T18:15:59.508000+00:00,2.13,2.1726,2.1087,2026-08-27T18:16:01.078364+00:00,2026-08-27T18:16:01.078741+00:00,2.1,floor,-1.408450704225343,1.570741,0.0,-1.408450704225343,,,2026-08-27T18:16:01.078364+00:00,,55
2026-08-27,CELU,target+2_floor-1,reclaim,resting,STOP_LIMIT,2026-08-27T14:25:42+00:00,,1787854500000,2026-08-27T18:18:00+00:00,2026-08-27T18:20:00.020000+00:00,2.28,2.3255999999999997,2.2571999999999997,2026-08-27T18:20:07.951803+00:00,2026-08-27T18:20:07.960602+00:00,2.25,floor,-1.3157894736842022,7.940602,0.0,-1.3157894736842022,,,2026-08-27T18:20:07.951803+00:00,,361
2026-08-27,CELU,target+2_floor-1,first,resting,STOP_LIMIT,2026-08-27T14:25:42+00:00,,0,2026-08-27T19:22:00+00:00,2026-08-27T19:39:17.215000+00:00,2.12,2.1624000000000003,2.0988,2026-08-27T19:43:55.152719+00:00,2026-08-27T19:43:55.153076+00:00,2.09,floor,-1.4150943396226532,277.938076,0.9433962264150951,-1.4150943396226532,,,2026-08-27T19:43:55.152719+00:00,,2851
2026-08-27,CELU,target+2_floor+0,first,resting,STOP_LIMIT,2026-08-27T14:25:42+00:00,,0,2026-08-27T16:14:00+00:00,2026-08-27T16:35:28.976000+00:00,2.01,2.0502,2.01,2026-08-27T16:35:29.001621+00:00,2026-08-27T16:35:29.002139+00:00,2.0,floor,-0.4975124378109347,0.026139,0.0,-0.4975124378109347,,,,,2
2026-08-27,CELU,target+2_floor+0,reclaim,resting,STOP_LIMIT,2026-08-27T14:25:42+00:00,,1787848500000,2026-08-27T16:38:00+00:00,2026-08-27T16:39:21.672000+00:00,2.08,2.1216,2.08,2026-08-27T16:39:21.729756+00:00,2026-08-27T16:39:21.730041+00:00,2.07,floor,-0.4807692307692419,0.058041,0.0,-0.4807692307692419,,,,,2
2026-08-27,CELU,target+2_floor+0,first,resting,STOP_LIMIT,2026-08-27T14:25:42+00:00,,0,2026-08-27T17:20:00+00:00,2026-08-27T18:15:59.508000+00:00,2.13,2.1726,2.13,2026-08-27T18:15:59.832011+00:00,2026-08-27T18:15:59.850972+00:00,2.12,floor,-0.4694835680751074,0.342972,0.0,-0.4694835680751074,,,,,2
2026-08-27,CELU,target+2_floor+0,reclaim,resting,STOP_LIMIT,2026-08-27T14:25:42+00:00,,1787854500000,2026-08-27T18:18:00+00:00,2026-08-27T18:20:00.020000+00:00,2.28,2.3255999999999997,2.28,2026-08-27T18:20:00.564458+00:00,2026-08-27T18:20:00.570501+00:00,2.26,floor,-0.8771929824561412,0.550501,0.0,-0.8771929824561412,,,,,2
2026-08-27,CELU,target+2_floor+0,first,resting,STOP_LIMIT,2026-08-27T14:25:42+00:00,,0,2026-08-27T19:22:00+00:00,2026-08-27T19:39:17.215000+00:00,2.12,2.1624000000000003,2.12,2026-08-27T19:39:17.944210+00:00,2026-08-27T19:39:17.961076+00:00,2.1,floor,-0.9433962264150951,0.746076,0.0,-0.9433962264150951,,,,,2
2026-08-27,MIMI,target+1_floor-2,first,resting,STOP_LIMIT,2026-08-27T13:42:24+00:00,2026-08-27T18:08:39.202000+00:00,0,2026-08-27T15:22:00+00:00,2026-08-27T15:29:44.815000+00:00,2.67,2.6967,2.6166,2026-08-27T15:30:12.067581+00:00,2026-08-27T15:30:12.067581+00:00,2.6967,target,0.9999999999999979,27.252581,1.123595505617987,-0.37453183520598454,2026-08-27T15:30:12.067581+00:00,,,,228
2026-08-27,MIMI,target+1_floor-2,reclaim,resting,STOP_LIMIT,2026-08-27T13:42:24+00:00,2026-08-27T18:08:39.202000+00:00,1787844540000,2026-08-27T15:32:00+00:00,2026-08-27T15:46:29.211000+00:00,2.79,2.8179,2.7342,2026-08-27T15:50:47.220062+00:00,2026-08-27T15:50:47.220334+00:00,2.74,floor,-1.7921146953404954,258.009334,0.7168458781362014,-2.1505376344086042,,,2026-08-27T15:46:39.946495+00:00,2026-08-27T15:50:47.220062+00:00,1082
2026-08-27,MIMI,target+1_floor-2,reclaim,resting,STOP_LIMIT,2026-08-27T13:42:24+00:00,2026-08-27T18:08:39.202000+00:00,1787849880000,2026-08-27T17:02:00+00:00,2026-08-27T17:02:48.235000+00:00,2.67,2.6967,2.6166,2026-08-27T17:03:59.491587+00:00,2026-08-27T17:03:59.491715+00:00,2.61,floor,-2.247191011235957,71.256715,0.0,-2.247191011235957,,,2026-08-27T17:03:19.863527+00:00,2026-08-27T17:03:59.491587+00:00,53
2026-08-27,MIMI,target+1_floor-1,first,resting,STOP_LIMIT,2026-08-27T13:42:24+00:00,2026-08-27T18:08:39.202000+00:00,0,2026-08-27T15:22:00+00:00,2026-08-27T15:29:44.815000+00:00,2.67,2.6967,2.6433,2026-08-27T15:30:12.067581+00:00,2026-08-27T15:30:12.067581+00:00,2.6967,target,0.9999999999999979,27.252581,1.123595505617987,-0.37453183520598454,2026-08-27T15:30:12.067581+00:00,,,,228
2026-08-27,MIMI,target+1_floor-1,reclaim,resting,STOP_LIMIT,2026-08-27T13:42:24+00:00,2026-08-27T18:08:39.202000+00:00,1787844540000,2026-08-27T15:32:00+00:00,2026-08-27T15:46:29.211000+00:00,2.79,2.8179,2.7621,2026-08-27T15:46:39.946495+00:00,2026-08-27T15:46:39.946700+00:00,2.76,floor,-1.0752688172043101,10.7357,0.0,-1.0752688172043101,,,2026-08-27T15:46:39.946495+00:00,,66
2026-08-27,MIMI,target+1_floor-1,reclaim,resting,STOP_LIMIT,2026-08-27T13:42:24+00:00,2026-08-27T18:08:39.202000+00:00,1787849880000,2026-08-27T17:02:00+00:00,2026-08-27T17:02:48.235000+00:00,2.67,2.6967,2.6433,2026-08-27T17:03:19.863527+00:00,2026-08-27T17:03:19.864030+00:00,2.64,floor,-1.1235955056179703,31.62903,0.0,-1.1235955056179703,,,2026-08-27T17:03:19.863527+00:00,,34
2026-08-27,MIMI,target+1_floor+0,first,resting,STOP_LIMIT,2026-08-27T13:42:24+00:00,2026-08-27T18:08:39.202000+00:00,0,2026-08-27T15:22:00+00:00,2026-08-27T15:29:44.815000+00:00,2.67,2.6967,2.67,2026-08-27T15:29:47.227932+00:00,2026-08-27T15:29:51.058169+00:00,2.66,floor,-0.37453183520598454,6.243169,0.0,-0.37453183520598454,,,,,2
2026-08-27,MIMI,target+1_floor+0,reclaim,resting,STOP_LIMIT,2026-08-27T13:42:24+00:00,2026-08-27T18:08:39.202000+00:00,1787844540000,2026-08-27T15:32:00+00:00,2026-08-27T15:46:29.211000+00:00,2.79,2.8179,2.79,2026-08-27T15:46:29.580393+00:00,2026-08-27T15:46:29.581112+00:00,2.78,floor,-0.3584229390681086,0.370112,0.0,-0.3584229390681086,,,,,2
2026-08-27,MIMI,target+1_floor+0,reclaim,resting,STOP_LIMIT,2026-08-27T13:42:24+00:00,2026-08-27T18:08:39.202000+00:00,1787849880000,2026-08-27T17:02:00+00:00,2026-08-27T17:02:48.235000+00:00,2.67,2.6967,2.67,2026-08-27T17:02:59.734886+00:00,2026-08-27T17:02:59.735558+00:00,2.66,floor,-0.37453183520598454,11.500558,0.0,-0.37453183520598454,,,,,2
2026-08-27,MIMI,target+2_floor-2,first,resting,STOP_LIMIT,2026-08-27T13:42:24+00:00,2026-08-27T18:08:39.202000+00:00,0,2026-08-27T15:22:00+00:00,2026-08-27T15:29:44.815000+00:00,2.67,2.7234,2.6166,2026-08-27T15:31:00.635599+00:00,2026-08-27T15:31:00.635599+00:00,2.7234,target,1.9999999999999958,75.820599,2.247191011235957,-0.37453183520598454,2026-08-27T15:30:12.067581+00:00,2026-08-27T15:31:00.635599+00:00,,,461
2026-08-27,MIMI,target+2_floor-2,reclaim,resting,STOP_LIMIT,2026-08-27T13:42:24+00:00,2026-08-27T18:08:39.202000+00:00,1787844540000,2026-08-27T15:32:00+00:00,2026-08-27T15:46:29.211000+00:00,2.79,2.8458,2.7342,2026-08-27T15:50:47.220062+00:00,2026-08-27T15:50:47.220334+00:00,2.74,floor,-1.7921146953404954,258.009334,0.7168458781362014,-2.1505376344086042,,,2026-08-27T15:46:39.946495+00:00,2026-08-27T15:50:47.220062+00:00,1082
2026-08-27,MIMI,target+2_floor-2,reclaim,resting,STOP_LIMIT,2026-08-27T13:42:24+00:00,2026-08-27T18:08:39.202000+00:00,1787849880000,2026-08-27T17:02:00+00:00,2026-08-27T17:02:48.235000+00:00,2.67,2.7234,2.6166,2026-08-27T17:03:59.491587+00:00,2026-08-27T17:03:59.491715+00:00,2.61,floor,-2.247191011235957,71.256715,0.0,-2.247191011235957,,,2026-08-27T17:03:19.863527+00:00,2026-08-27T17:03:59.491587+00:00,53
2026-08-27,MIMI,target+2_floor-1,first,resting,STOP_LIMIT,2026-08-27T13:42:24+00:00,2026-08-27T18:08:39.202000+00:00,0,2026-08-27T15:22:00+00:00,2026-08-27T15:29:44.815000+00:00,2.67,2.7234,2.6433,2026-08-27T15:31:00.635599+00:00,2026-08-27T15:31:00.635599+00:00,2.7234,target,1.9999999999999958,75.820599,2.247191011235957,-0.37453183520598454,2026-08-27T15:30:12.067581+00:00,2026-08-27T15:31:00.635599+00:00,,,461
2026-08-27,MIMI,target+2_floor-1,reclaim,resting,STOP_LIMIT,2026-08-27T13:42:24+00:00,2026-08-27T18:08:39.202000+00:00,1787844540000,2026-08-27T15:32:00+00:00,2026-08-27T15:46:29.211000+00:00,2.79,2.8458,2.7621,2026-08-27T15:46:39.946495+00:00,2026-08-27T15:46:39.946700+00:00,2.76,floor,-1.0752688172043101,10.7357,0.0,-1.0752688172043101,,,2026-08-27T15:46:39.946495+00:00,,66
2026-08-27,MIMI,target+2_floor-1,reclaim,resting,STOP_LIMIT,2026-08-27T13:42:24+00:00,2026-08-27T18:08:39.202000+00:00,1787849880000,2026-08-27T17:02:00+00:00,2026-08-27T17:02:48.235000+00:00,2.67,2.7234,2.6433,2026-08-27T17:03:19.863527+00:00,2026-08-27T17:03:19.864030+00:00,2.64,floor,-1.1235955056179703,31.62903,0.0,-1.1235955056179703,,,2026-08-27T17:03:19.863527+00:00,,34
2026-08-27,MIMI,target+2_floor+0,first,resting,STOP_LIMIT,2026-08-27T13:42:24+00:00,2026-08-27T18:08:39.202000+00:00,0,2026-08-27T15:22:00+00:00,2026-08-27T15:29:44.815000+00:00,2.67,2.7234,2.67,2026-08-27T15:29:47.227932+00:00,2026-08-27T15:29:51.058169+00:00,2.66,floor,-0.37453183520598454,6.243169,0.0,-0.37453183520598454,,,,,2
2026-08-27,MIMI,target+2_floor+0,reclaim,resting,STOP_LIMIT,2026-08-27T13:42:24+00:00,2026-08-27T18:08:39.202000+00:00,1787844540000,2026-08-27T15:32:00+00:00,2026-08-27T15:46:29.211000+00:00,2.79,2.8458,2.79,2026-08-27T15:46:29.580393+00:00,2026-08-27T15:46:29.581112+00:00,2.78,floor,-0.3584229390681086,0.370112,0.0,-0.3584229390681086,,,,,2
2026-08-27,MIMI,target+2_floor+0,reclaim,resting,STOP_LIMIT,2026-08-27T13:42:24+00:00,2026-08-27T18:08:39.202000+00:00,1787849880000,2026-08-27T17:02:00+00:00,2026-08-27T17:02:48.235000+00:00,2.67,2.7234,2.67,2026-08-27T17:02:59.734886+00:00,2026-08-27T17:02:59.735558+00:00,2.66,floor,-0.37453183520598454,11.500558,0.0,-0.37453183520598454,,,,,2
2026-08-27,PPCB,target+1_floor-2,first,resting,STOP_LIMIT,2026-08-27T12:31:04+00:00,,0,2026-08-27T14:58:00+00:00,2026-08-27T14:59:27.311000+00:00,2.82,2.8482,2.7636,2026-08-27T14:59:34.704293+00:00,2026-08-27T14:59:34.704293+00:00,2.8482,target,1.0000000000000002,7.393293,1.0638297872340514,-0.7092198581560291,2026-08-27T14:59:34.704293+00:00,,,,174
2026-08-27,PPCB,target+1_floor-2,reclaim,resting,STOP_LIMIT,2026-08-27T12:31:04+00:00,,1787842740000,2026-08-27T15:02:00+00:00,2026-08-27T15:09:22.377000+00:00,2.86,2.8886,2.8028,2026-08-27T15:10:06.208535+00:00,2026-08-27T15:10:06.210093+00:00,2.8,floor,-2.0979020979020997,43.833093,0.0,-2.0979020979020997,,,2026-08-27T15:09:43.386438+00:00,2026-08-27T15:10:06.208535+00:00,288
2026-08-27,PPCB,target+1_floor-2,first,resting,STOP_LIMIT,2026-08-27T12:31:04+00:00,,0,2026-08-27T16:53:00+00:00,2026-08-27T16:58:23.443000+00:00,2.42,2.4442,2.3716,2026-08-27T17:00:33.415709+00:00,2026-08-27T17:00:33.416105+00:00,2.37,floor,-2.0661157024793315,129.973105,0.0,-2.0661157024793315,,,2026-08-27T16:58:26.896553+00:00,2026-08-27T17:00:33.415709+00:00,503
2026-08-27,PPCB,target+1_floor-2,first,resting,STOP_LIMIT,2026-08-27T12:31:04+00:00,,0,2026-08-27T17:35:00+00:00,2026-08-27T17:44:30.289000+00:00,2.13,2.1513,2.0873999999999997,2026-08-27T17:45:24.891820+00:00,2026-08-27T17:45:24.892505+00:00,2.08,floor,-2.3474178403755785,54.603505,0.0,-2.3474178403755785,,,2026-08-27T17:44:31.141116+00:00,2026-08-27T17:45:24.891820+00:00,224
2026-08-27,PPCB,target+1_floor-2,first,resting,STOP_LIMIT,2026-08-27T12:31:04+00:00,,0,2026-08-27T17:49:00+00:00,2026-08-27T17:51:53.572000+00:00,2.13,2.1513,2.0873999999999997,2026-08-27T17:53:17.316072+00:00,2026-08-27T17:53:17.316072+00:00,2.1513,target,1.0000000000000044,83.744072,1.408450704225364,-0.9389671361502356,2026-08-27T17:53:17.316072+00:00,,,,261
2026-08-27,PPCB,target+1_floor-2,first,resting,STOP_LIMIT,2026-08-27T12:31:04+00:00,,0,2026-08-27T18:15:00+00:00,2026-08-27T18:15:41.425000+00:00,2.21,2.2321,2.1658,2026-08-27T18:21:35.466443+00:00,2026-08-27T18:21:35.466703+00:00,2.16,floor,-2.262443438914019,354.041703,0.9049773755656116,-2.262443438914019,,,2026-08-27T18:19:16.279262+00:00,2026-08-27T18:21:35.466443+00:00,980
2026-08-27,PPCB,target+1_floor-2,reclaim,resting,STOP_LIMIT,2026-08-27T12:31:04+00:00,,1787854500000,2026-08-27T18:22:00+00:00,2026-08-27T18:27:55.507000+00:00,2.24,2.2624000000000004,2.1952000000000003,2026-08-27T18:33:55.093941+00:00,2026-08-27T18:33:55.094141+00:00,2.2,floor,-1.785714285714287,359.587141,0.44642857142856185,-2.232142857142869,,,2026-08-27T18:31:33.469563+00:00,2026-08-27T18:33:55.093941+00:00,1506
2026-08-27,PPCB,target+1_floor-2,reclaim,resting,STOP_LIMIT,2026-08-27T12:31:04+00:00,,1787857800000,2026-08-27T19:13:00+00:00,2026-08-27T19:13:01.665000+00:00,2.35,2.3735,2.303,2026-08-27T19:13:28.388778+00:00,2026-08-27T19:13:28.388949+00:00,2.3,floor,-2.1276595744680966,26.723949,0.0,-2.1276595744680966,,,2026-08-27T19:13:20.875872+00:00,2026-08-27T19:13:28.388778+00:00,202
2026-08-27,PPCB,target+1_floor-1,first,resting,STOP_LIMIT,2026-08-27T12:31:04+00:00,,0,2026-08-27T14:58:00+00:00,2026-08-27T14:59:27.311000+00:00,2.82,2.8482,2.7918,2026-08-27T14:59:34.704293+00:00,2026-08-27T14:59:34.704293+00:00,2.8482,target,1.0000000000000002,7.393293,1.0638297872340514,-0.7092198581560291,2026-08-27T14:59:34.704293+00:00,,,,174
2026-08-27,PPCB,target+1_floor-1,reclaim,resting,STOP_LIMIT,2026-08-27T12:31:04+00:00,,1787842740000,2026-08-27T15:02:00+00:00,2026-08-27T15:09:22.377000+00:00,2.86,2.8886,2.8314,2026-08-27T15:09:43.386438+00:00,2026-08-27T15:09:43.386739+00:00,2.83,floor,-1.0489510489510423,21.009739,0.0,-1.0489510489510423,,,2026-08-27T15:09:43.386438+00:00,,206
2026-08-27,PPCB,target+1_floor-1,first,resting,STOP_LIMIT,2026-08-27T12:31:04+00:00,,0,2026-08-27T16:53:00+00:00,2026-08-27T16:58:23.443000+00:00,2.42,2.4442,2.3958,2026-08-27T16:58:26.896553+00:00,2026-08-27T16:58:26.897192+00:00,2.39,floor,-1.2396694214875952,3.454192,0.0,-1.2396694214875952,,,2026-08-27T16:58:26.896553+00:00,,41
2026-08-27,PPCB,target+1_floor-1,first,resting,STOP_LIMIT,2026-08-27T12:31:04+00:00,,0,2026-08-27T17:35:00+00:00,2026-08-27T17:44:30.289000+00:00,2.13,2.1513,2.1087,2026-08-27T17:44:31.141116+00:00,2026-08-27T17:44:31.141367+00:00,2.1,floor,-1.408450704225343,0.852367,0.0,-1.408450704225343,,,2026-08-27T17:44:31.141116+00:00,,61
2026-08-27,PPCB,target+1_floor-1,first,resting,STOP_LIMIT,2026-08-27T12:31:04+00:00,,0,2026-08-27T17:49:00+00:00,2026-08-27T17:51:53.572000+00:00,2.13,2.1513,2.1087,2026-08-27T17:53:17.316072+00:00,2026-08-27T17:53:17.316072+00:00,2.1513,target,1.0000000000000044,83.744072,1.408450704225364,-0.9389671361502356,2026-08-27T17:53:17.316072+00:00,,,,261
2026-08-27,PPCB,target+1_floor-1,first,resting,STOP_LIMIT,2026-08-27T12:31:04+00:00,,0,2026-08-27T18:15:00+00:00,2026-08-27T18:15:41.425000+00:00,2.21,2.2321,2.1879,2026-08-27T18:19:16.279262+00:00,2026-08-27T18:19:16.279912+00:00,2.18,floor,-1.3574660633484075,214.854912,0.9049773755656116,-1.3574660633484075,,,2026-08-27T18:19:16.279262+00:00,,669
2026-08-27,PPCB,target+1_floor-1,reclaim,resting,STOP_LIMIT,2026-08-27T12:31:04+00:00,,1787854500000,2026-08-27T18:20:00+00:00,2026-08-27T18:27:55.507000+00:00,2.24,2.2624000000000004,2.2176,2026-08-27T18:31:33.469563+00:00,2026-08-27T18:31:33.469846+00:00,2.21,floor,-1.3392857142857253,217.962846,0.44642857142856185,-1.3392857142857253,,,2026-08-27T18:31:33.469563+00:00,,1218
2026-08-27,PPCB,target+1_floor-1,reclaim,resting,STOP_LIMIT,2026-08-27T12:31:04+00:00,,1787857800000,2026-08-27T19:13:00+00:00,2026-08-27T19:13:01.665000+00:00,2.35,2.3735,2.3265000000000002,2026-08-27T19:13:20.875872+00:00,2026-08-27T19:13:20.876473+00:00,2.32,floor,-1.2765957446808616,19.211473,0.0,-1.2765957446808616,,,2026-08-27T19:13:20.875872+00:00,,133
2026-08-27,PPCB,target+1_floor+0,first,resting,STOP_LIMIT,2026-08-27T12:31:04+00:00,,0,2026-08-27T14:58:00+00:00,2026-08-27T14:59:27.311000+00:00,2.82,2.8482,2.82,2026-08-27T14:59:27.753376+00:00,2026-08-27T14:59:27.753831+00:00,2.81,floor,-0.35460992907800665,0.442831,0.0,-0.35460992907800665,,,,,2
2026-08-27,PPCB,target+1_floor+0,reclaim,resting,STOP_LIMIT,2026-08-27T12:31:04+00:00,,1787842740000,2026-08-27T15:02:00+00:00,2026-08-27T15:09:22.377000+00:00,2.86,2.8886,2.86,2026-08-27T15:09:23.316603+00:00,2026-08-27T15:09:23.319924+00:00,2.85,floor,-0.3496503496503422,0.942924,0.0,-0.3496503496503422,,,,,2
2026-08-27,PPCB,target+1_floor+0,first,resting,STOP_LIMIT,2026-08-27T12:31:04+00:00,,0,2026-08-27T16:53:00+00:00,2026-08-27T16:58:23.443000+00:00,2.42,2.4442,2.42,2026-08-27T16:58:24.172526+00:00,2026-08-27T16:58:24.172812+00:00,2.41,floor,-0.41322314049585895,0.729812,0.0,-0.41322314049585895,,,,,2
2026-08-27,PPCB,target+1_floor+0,first,resting,STOP_LIMIT,2026-08-27T12:31:04+00:00,,0,2026-08-27T17:35:00+00:00,2026-08-27T17:44:30.289000+00:00,2.13,2.1513,2.13,2026-08-27T17:44:30.324640+00:00,2026-08-27T17:44:30.348137+00:00,2.11,floor,-0.9389671361502356,0.059137,0.0,-0.9389671361502356,,,,,2
2026-08-27,PPCB,target+1_floor+0,first,resting,STOP_LIMIT,2026-08-27T12:31:04+00:00,,0,2026-08-27T17:49:00+00:00,2026-08-27T17:51:53.572000+00:00,2.13,2.1513,2.13,2026-08-27T17:51:53.619467+00:00,2026-08-27T17:51:54.978514+00:00,2.12,floor,-0.4694835680751074,1.406514,0.0,-0.4694835680751074,,,,,2
2026-08-27,PPCB,target+1_floor+0,first,resting,STOP_LIMIT,2026-08-27T12:31:04+00:00,,0,2026-08-27T18:15:00+00:00,2026-08-27T18:15:41.425000+00:00,2.21,2.2321,2.21,2026-08-27T18:15:41.481852+00:00,2026-08-27T18:15:41.483886+00:00,2.2,floor,-0.4524886877827958,0.058886,0.0,-0.4524886877827958,,,,,2
2026-08-27,PPCB,target+1_floor+0,reclaim,resting,STOP_LIMIT,2026-08-27T12:31:04+00:00,,1787854500000,2026-08-27T18:18:00+00:00,2026-08-27T18:27:55.507000+00:00,2.24,2.2624000000000004,2.24,2026-08-27T18:27:55.873446+00:00,2026-08-27T18:27:56.178963+00:00,2.23,floor,-0.4464285714285817,0.671963,0.0,-0.4464285714285817,,,,,2
2026-08-27,PPCB,target+1_floor+0,reclaim,resting,STOP_LIMIT,2026-08-27T12:31:04+00:00,,1787857800000,2026-08-27T19:13:00+00:00,2026-08-27T19:13:01.665000+00:00,2.35,2.3735,2.35,2026-08-27T19:13:01.909174+00:00,2026-08-27T19:13:02.241791+00:00,2.34,floor,-0.42553191489362685,0.576791,0.0,-0.42553191489362685,,,,,2
2026-08-27,PPCB,target+2_floor-2,first,resting,STOP_LIMIT,2026-08-27T12:31:04+00:00,,0,2026-08-27T14:58:00+00:00,2026-08-27T14:59:27.311000+00:00,2.82,2.8764,2.7636,2026-08-27T15:01:25.151245+00:00,2026-08-27T15:01:25.152609+00:00,2.76,floor,-2.1276595744680873,117.841609,1.0638297872340514,-2.1276595744680873,2026-08-27T14:59:34.704293+00:00,,2026-08-27T15:00:27.807793+00:00,2026-08-27T15:01:25.151245+00:00,1287
2026-08-27,PPCB,target+2_floor-2,reclaim,resting,STOP_LIMIT,2026-08-27T12:31:04+00:00,,1787842740000,2026-08-27T15:02:00+00:00,2026-08-27T15:09:22.377000+00:00,2.86,2.9172,2.8028,2026-08-27T15:10:06.208535+00:00,2026-08-27T15:10:06.210093+00:00,2.8,floor,-2.0979020979020997,43.833093,0.0,-2.0979020979020997,,,2026-08-27T15:09:43.386438+00:00,2026-08-27T15:10:06.208535+00:00,288
2026-08-27,PPCB,target+2_floor-2,first,resting,STOP_LIMIT,2026-08-27T12:31:04+00:00,,0,2026-08-27T16:53:00+00:00,2026-08-27T16:58:23.443000+00:00,2.42,2.4684,2.3716,2026-08-27T17:00:33.415709+00:00,2026-08-27T17:00:33.416105+00:00,2.37,floor,-2.0661157024793315,129.973105,0.0,-2.0661157024793315,,,2026-08-27T16:58:26.896553+00:00,2026-08-27T17:00:33.415709+00:00,503
2026-08-27,PPCB,target+2_floor-2,first,resting,STOP_LIMIT,2026-08-27T12:31:04+00:00,,0,2026-08-27T17:35:00+00:00,2026-08-27T17:44:30.289000+00:00,2.13,2.1726,2.0873999999999997,2026-08-27T17:45:24.891820+00:00,2026-08-27T17:45:24.892505+00:00,2.08,floor,-2.3474178403755785,54.603505,0.0,-2.3474178403755785,,,2026-08-27T17:44:31.141116+00:00,2026-08-27T17:45:24.891820+00:00,224
2026-08-27,PPCB,target+2_floor-2,first,resting,STOP_LIMIT,2026-08-27T12:31:04+00:00,,0,2026-08-27T17:49:00+00:00,2026-08-27T17:51:53.572000+00:00,2.13,2.1726,2.0873999999999997,2026-08-27T17:53:47.512406+00:00,2026-08-27T17:53:47.512406+00:00,2.1726,target,2.000000000000009,113.940406,2.3474178403755994,-0.9389671361502356,2026-08-27T17:53:17.316072+00:00,2026-08-27T17:53:47.512406+00:00,,,529
2026-08-27,PPCB,target+2_floor-2,first,resting,STOP_LIMIT,2026-08-27T12:31:04+00:00,,0,2026-08-27T18:15:00+00:00,2026-08-27T18:15:41.425000+00:00,2.21,2.2542,2.1658,2026-08-27T18:21:35.466443+00:00,2026-08-27T18:21:35.466703+00:00,2.16,floor,-2.262443438914019,354.041703,0.9049773755656116,-2.262443438914019,,,2026-08-27T18:19:16.279262+00:00,2026-08-27T18:21:35.466443+00:00,980
2026-08-27,PPCB,target+2_floor-2,reclaim,resting,STOP_LIMIT,2026-08-27T12:31:04+00:00,,1787854500000,2026-08-27T18:22:00+00:00,2026-08-27T18:27:55.507000+00:00,2.24,2.2848,2.1952000000000003,2026-08-27T18:33:55.093941+00:00,2026-08-27T18:33:55.094141+00:00,2.2,floor,-1.785714285714287,359.587141,0.44642857142856185,-2.232142857142869,,,2026-08-27T18:31:33.469563+00:00,2026-08-27T18:33:55.093941+00:00,1506
2026-08-27,PPCB,target+2_floor-2,reclaim,resting,STOP_LIMIT,2026-08-27T12:31:04+00:00,,1787857800000,2026-08-27T19:13:00+00:00,2026-08-27T19:13:01.665000+00:00,2.35,2.3970000000000002,2.303,2026-08-27T19:13:28.388778+00:00,2026-08-27T19:13:28.388949+00:00,2.3,floor,-2.1276595744680966,26.723949,0.0,-2.1276595744680966,,,2026-08-27T19:13:20.875872+00:00,2026-08-27T19:13:28.388778+00:00,202
2026-08-27,PPCB,target+2_floor-1,first,resting,STOP_LIMIT,2026-08-27T12:31:04+00:00,,0,2026-08-27T14:58:00+00:00,2026-08-27T14:59:27.311000+00:00,2.82,2.8764,2.7918,2026-08-27T15:00:27.807793+00:00,2026-08-27T15:00:27.808095+00:00,2.79,floor,-1.0638297872340359,60.497095,1.0638297872340514,-1.0638297872340359,2026-08-27T14:59:34.704293+00:00,,2026-08-27T15:00:27.807793+00:00,,952
2026-08-27,PPCB,target+2_floor-1,reclaim,resting,STOP_LIMIT,2026-08-27T12:31:04+00:00,,1787842740000,2026-08-27T15:02:00+00:00,2026-08-27T15:09:22.377000+00:00,2.86,2.9172,2.8314,2026-08-27T15:09:43.386438+00:00,2026-08-27T15:09:43.386739+00:00,2.83,floor,-1.0489510489510423,21.009739,0.0,-1.0489510489510423,,,2026-08-27T15:09:43.386438+00:00,,206
2026-08-27,PPCB,target+2_floor-1,first,resting,STOP_LIMIT,2026-08-27T12:31:04+00:00,,0,2026-08-27T16:53:00+00:00,2026-08-27T16:58:23.443000+00:00,2.42,2.4684,2.3958,2026-08-27T16:58:26.896553+00:00,2026-08-27T16:58:26.897192+00:00,2.39,floor,-1.2396694214875952,3.454192,0.0,-1.2396694214875952,,,2026-08-27T16:58:26.896553+00:00,,41
2026-08-27,PPCB,target+2_floor-1,first,resting,STOP_LIMIT,2026-08-27T12:31:04+00:00,,0,2026-08-27T17:35:00+00:00,2026-08-27T17:44:30.289000+00:00,2.13,2.1726,2.1087,2026-08-27T17:44:31.141116+00:00,2026-08-27T17:44:31.141367+00:00,2.1,floor,-1.408450704225343,0.852367,0.0,-1.408450704225343,,,2026-08-27T17:44:31.141116+00:00,,61
2026-08-27,PPCB,target+2_floor-1,first,resting,STOP_LIMIT,2026-08-27T12:31:04+00:00,,0,2026-08-27T17:49:00+00:00,2026-08-27T17:51:53.572000+00:00,2.13,2.1726,2.1087,2026-08-27T17:53:47.512406+00:00,2026-08-27T17:53:47.512406+00:00,2.1726,target,2.000000000000009,113.940406,2.3474178403755994,-0.9389671361502356,2026-08-27T17:53:17.316072+00:00,2026-08-27T17:53:47.512406+00:00,,,529
2026-08-27,PPCB,target+2_floor-1,first,resting,STOP_LIMIT,2026-08-27T12:31:04+00:00,,0,2026-08-27T18:15:00+00:00,2026-08-27T18:15:41.425000+00:00,2.21,2.2542,2.1879,2026-08-27T18:19:16.279262+00:00,2026-08-27T18:19:16.279912+00:00,2.18,floor,-1.3574660633484075,214.854912,0.9049773755656116,-1.3574660633484075,,,2026-08-27T18:19:16.279262+00:00,,669
2026-08-27,PPCB,target+2_floor-1,reclaim,resting,STOP_LIMIT,2026-08-27T12:31:04+00:00,,1787854500000,2026-08-27T18:20:00+00:00,2026-08-27T18:27:55.507000+00:00,2.24,2.2848,2.2176,2026-08-27T18:31:33.469563+00:00,2026-08-27T18:31:33.469846+00:00,2.21,floor,-1.3392857142857253,217.962846,0.44642857142856185,-1.3392857142857253,,,2026-08-27T18:31:33.469563+00:00,,1218
2026-08-27,PPCB,target+2_floor-1,reclaim,resting,STOP_LIMIT,2026-08-27T12:31:04+00:00,,1787857800000,2026-08-27T19:13:00+00:00,2026-08-27T19:13:01.665000+00:00,2.35,2.3970000000000002,2.3265000000000002,2026-08-27T19:13:20.875872+00:00,2026-08-27T19:13:20.876473+00:00,2.32,floor,-1.2765957446808616,19.211473,0.0,-1.2765957446808616,,,2026-08-27T19:13:20.875872+00:00,,133
2026-08-27,PPCB,target+2_floor+0,first,resting,STOP_LIMIT,2026-08-27T12:31:04+00:00,,0,2026-08-27T14:58:00+00:00,2026-08-27T14:59:27.311000+00:00,2.82,2.8764,2.82,2026-08-27T14:59:27.753376+00:00,2026-08-27T14:59:27.753831+00:00,2.81,floor,-0.35460992907800665,0.442831,0.0,-0.35460992907800665,,,,,2
2026-08-27,PPCB,target+2_floor+0,reclaim,resting,STOP_LIMIT,2026-08-27T12:31:04+00:00,,1787842740000,2026-08-27T15:02:00+00:00,2026-08-27T15:09:22.377000+00:00,2.86,2.9172,2.86,2026-08-27T15:09:23.316603+00:00,2026-08-27T15:09:23.319924+00:00,2.85,floor,-0.3496503496503422,0.942924,0.0,-0.3496503496503422,,,,,2
2026-08-27,PPCB,target+2_floor+0,first,resting,STOP_LIMIT,2026-08-27T12:31:04+00:00,,0,2026-08-27T16:53:00+00:00,2026-08-27T16:58:23.443000+00:00,2.42,2.4684,2.42,2026-08-27T16:58:24.172526+00:00,2026-08-27T16:58:24.172812+00:00,2.41,floor,-0.41322314049585895,0.729812,0.0,-0.41322314049585895,,,,,2
2026-08-27,PPCB,target+2_floor+0,first,resting,STOP_LIMIT,2026-08-27T12:31:04+00:00,,0,2026-08-27T17:35:00+00:00,2026-08-27T17:44:30.289000+00:00,2.13,2.1726,2.13,2026-08-27T17:44:30.324640+00:00,2026-08-27T17:44:30.348137+00:00,2.11,floor,-0.9389671361502356,0.059137,0.0,-0.9389671361502356,,,,,2
2026-08-27,PPCB,target+2_floor+0,first,resting,STOP_LIMIT,2026-08-27T12:31:04+00:00,,0,2026-08-27T17:49:00+00:00,2026-08-27T17:51:53.572000+00:00,2.13,2.1726,2.13,2026-08-27T17:51:53.619467+00:00,2026-08-27T17:51:54.978514+00:00,2.12,floor,-0.4694835680751074,1.406514,0.0,-0.4694835680751074,,,,,2
2026-08-27,PPCB,target+2_floor+0,first,resting,STOP_LIMIT,2026-08-27T12:31:04+00:00,,0,2026-08-27T18:15:00+00:00,2026-08-27T18:15:41.425000+00:00,2.21,2.2542,2.21,2026-08-27T18:15:41.481852+00:00,2026-08-27T18:15:41.483886+00:00,2.2,floor,-0.4524886877827958,0.058886,0.0,-0.4524886877827958,,,,,2
2026-08-27,PPCB,target+2_floor+0,reclaim,resting,STOP_LIMIT,2026-08-27T12:31:04+00:00,,1787854500000,2026-08-27T18:18:00+00:00,2026-08-27T18:27:55.507000+00:00,2.24,2.2848,2.24,2026-08-27T18:27:55.873446+00:00,2026-08-27T18:27:56.178963+00:00,2.23,floor,-0.4464285714285817,0.671963,0.0,-0.4464285714285817,,,,,2
2026-08-27,PPCB,target+2_floor+0,reclaim,resting,STOP_LIMIT,2026-08-27T12:31:04+00:00,,1787857800000,2026-08-27T19:13:00+00:00,2026-08-27T19:13:01.665000+00:00,2.35,2.3970000000000002,2.35,2026-08-27T19:13:01.909174+00:00,2026-08-27T19:13:02.241791+00:00,2.34,floor,-0.42553191489362685,0.576791,0.0,-0.42553191489362685,,,,,2
2026-08-28,QNRX,target+1_floor-2,first,resting,limit,2026-08-28T11:21:56+00:00,2026-08-28T14:08:41.603000+00:00,0,2026-08-28T12:41:20.756000+00:00,2026-08-28T12:41:20.756000+00:00,7.14,7.211399999999999,6.997199999999999,2026-08-28T12:41:29.177370+00:00,2026-08-28T12:41:29.177644+00:00,6.95,floor,-2.6610644257703013,8.421644,0.0,-2.6610644257703013,,,2026-08-28T12:41:26.385290+00:00,2026-08-28T12:41:29.177370+00:00,35
2026-08-28,QNRX,target+1_floor-2,reclaim,reactive,limit,2026-08-28T11:21:56+00:00,2026-08-28T14:08:41.603000+00:00,1787921040000,2026-08-28T13:14:28.153000+00:00,2026-08-28T13:14:28.153000+00:00,7.27,7.3427,7.124599999999999,2026-08-28T13:14:39.043066+00:00,2026-08-28T13:14:39.043066+00:00,7.3427,target,1.0000000000000029,10.890066,1.1004126547455306,-0.27510316368637655,2026-08-28T13:14:39.043066+00:00,,,,99
2026-08-28,QNRX,target+1_floor-1,first,resting,limit,2026-08-28T11:21:56+00:00,2026-08-28T14:08:41.603000+00:00,0,2026-08-28T12:41:20.756000+00:00,2026-08-28T12:41:20.756000+00:00,7.14,7.211399999999999,7.0686,2026-08-28T12:41:26.385290+00:00,2026-08-28T12:41:26.385557+00:00,7.06,floor,-1.1204481792717098,5.629557,0.0,-1.1204481792717098,,,2026-08-28T12:41:26.385290+00:00,,18
2026-08-28,QNRX,target+1_floor-1,reclaim,reactive,limit,2026-08-28T11:21:56+00:00,2026-08-28T14:08:41.603000+00:00,1787921040000,2026-08-28T13:14:28.153000+00:00,2026-08-28T13:14:28.153000+00:00,7.27,7.3427,7.197299999999999,2026-08-28T13:14:39.043066+00:00,2026-08-28T13:14:39.043066+00:00,7.3427,target,1.0000000000000029,10.890066,1.1004126547455306,-0.27510316368637655,2026-08-28T13:14:39.043066+00:00,,,,99
2026-08-28,QNRX,target+1_floor+0,first,resting,limit,2026-08-28T11:21:56+00:00,2026-08-28T14:08:41.603000+00:00,0,2026-08-28T12:41:20.756000+00:00,2026-08-28T12:41:20.756000+00:00,7.14,7.211399999999999,7.14,2026-08-28T12:41:20.778512+00:00,2026-08-28T12:41:21.227969+00:00,7.1,floor,-0.5602240896358549,0.471969,0.0,-0.7002801120448154,,,,,2
2026-08-28,QNRX,target+1_floor+0,reclaim,reactive,limit,2026-08-28T11:21:56+00:00,2026-08-28T14:08:41.603000+00:00,1787921040000,2026-08-28T13:14:28.153000+00:00,2026-08-28T13:14:28.153000+00:00,7.27,7.3427,7.27,2026-08-28T13:14:28.156107+00:00,2026-08-28T13:14:28.156494+00:00,7.25,floor,-0.27510316368637655,0.003494,0.0,-0.27510316368637655,,,,,2
2026-08-28,QNRX,target+2_floor-2,first,resting,limit,2026-08-28T11:21:56+00:00,2026-08-28T14:08:41.603000+00:00,0,2026-08-28T12:41:20.756000+00:00,2026-08-28T12:41:20.756000+00:00,7.14,7.2828,6.997199999999999,2026-08-28T12:41:29.177370+00:00,2026-08-28T12:41:29.177644+00:00,6.95,floor,-2.6610644257703013,8.421644,0.0,-2.6610644257703013,,,2026-08-28T12:41:26.385290+00:00,2026-08-28T12:41:29.177370+00:00,35
2026-08-28,QNRX,target+2_floor-2,reclaim,reactive,limit,2026-08-28T11:21:56+00:00,2026-08-28T14:08:41.603000+00:00,1787921040000,2026-08-28T13:14:28.153000+00:00,2026-08-28T13:14:28.153000+00:00,7.27,7.4154,7.124599999999999,2026-08-28T13:14:41.772929+00:00,2026-08-28T13:14:41.772929+00:00,7.4154,target,2.0000000000000058,13.619929,2.063273727647873,-0.27510316368637655,2026-08-28T13:14:39.043066+00:00,2026-08-28T13:14:41.772929+00:00,,,156
2026-08-28,QNRX,target+2_floor-1,first,resting,limit,2026-08-28T11:21:56+00:00,2026-08-28T14:08:41.603000+00:00,0,2026-08-28T12:41:20.756000+00:00,2026-08-28T12:41:20.756000+00:00,7.14,7.2828,7.0686,2026-08-28T12:41:26.385290+00:00,2026-08-28T12:41:26.385557+00:00,7.06,floor,-1.1204481792717098,5.629557,0.0,-1.1204481792717098,,,2026-08-28T12:41:26.385290+00:00,,18
2026-08-28,QNRX,target+2_floor-1,reclaim,reactive,limit,2026-08-28T11:21:56+00:00,2026-08-28T14:08:41.603000+00:00,1787921040000,2026-08-28T13:14:28.153000+00:00,2026-08-28T13:14:28.153000+00:00,7.27,7.4154,7.197299999999999,2026-08-28T13:14:41.772929+00:00,2026-08-28T13:14:41.772929+00:00,7.4154,target,2.0000000000000058,13.619929,2.063273727647873,-0.27510316368637655,2026-08-28T13:14:39.043066+00:00,2026-08-28T13:14:41.772929+00:00,,,156
2026-08-28,QNRX,target+2_floor+0,first,resting,limit,2026-08-28T11:21:56+00:00,2026-08-28T14:08:41.603000+00:00,0,2026-08-28T12:41:20.756000+00:00,2026-08-28T12:41:20.756000+00:00,7.14,7.2828,7.14,2026-08-28T12:41:20.778512+00:00,2026-08-28T12:41:21.227969+00:00,7.1,floor,-0.5602240896358549,0.471969,0.0,-0.7002801120448154,,,,,2
2026-08-28,QNRX,target+2_floor+0,reclaim,reactive,limit,2026-08-28T11:21:56+00:00,2026-08-28T14:08:41.603000+00:00,1787921040000,2026-08-28T13:14:28.153000+00:00,2026-08-28T13:14:28.153000+00:00,7.27,7.4154,7.27,2026-08-28T13:14:28.156107+00:00,2026-08-28T13:14:28.156494+00:00,7.25,floor,-0.27510316368637655,0.003494,0.0,-0.27510316368637655,,,,,2
2026-08-31,AEHL,target+1_floor-2,reclaim,reactive,limit,2026-08-31T08:06:23+00:00,,1788178680000,2026-08-31T12:45:04.504000+00:00,2026-08-31T12:45:04.504000+00:00,6.16,6.2216000000000005,6.0368,2026-08-31T12:45:36.138529+00:00,2026-08-31T12:45:36.138529+00:00,6.2216000000000005,target,1.0000000000000053,31.634529,1.136363636363641,-0.9740259740259821,2026-08-31T12:45:36.138529+00:00,,,,149
2026-08-31,AEHL,target+1_floor-2,first,resting,STOP_LIMIT,2026-08-31T08:06:23+00:00,,0,2026-08-31T14:22:00+00:00,2026-08-31T14:23:14.136000+00:00,6.29,6.3529,6.1642,2026-08-31T14:23:52.280400+00:00,2026-08-31T14:23:52.280543+00:00,6.16,floor,-2.0667726550079477,38.144543,0.0,-2.0667726550079477,,,2026-08-31T14:23:19.641652+00:00,2026-08-31T14:23:52.280400+00:00,169
2026-08-31,AEHL,target+1_floor-2,reclaim,resting,STOP_LIMIT,2026-08-31T08:06:23+00:00,,1788186660000,2026-08-31T14:34:00+00:00,2026-08-31T14:42:04.071000+00:00,6.52,6.5851999999999995,6.3896,2026-08-31T14:42:19.367784+00:00,2026-08-31T14:42:19.367999+00:00,6.37,floor,-2.3006134969325074,15.296999,0.0,-2.3006134969325074,,,2026-08-31T14:42:04.081025+00:00,2026-08-31T14:42:19.367784+00:00,78
2026-08-31,AEHL,target+1_floor-2,reclaim,reactive,market,2026-08-31T08:06:23+00:00,,1788189720000,2026-08-31T15:35:09.345000+00:00,2026-08-31T15:35:09.345000+00:00,6.62,6.6862,6.4876,2026-08-31T15:35:10.049011+00:00,2026-08-31T15:35:10.049011+00:00,6.6862,target,1.0000000000000038,0.704011,1.057401812688826,-1.3595166163141972,2026-08-31T15:35:10.049011+00:00,,2026-08-31T15:35:09.405494+00:00,,43
2026-08-31,AEHL,target+1_floor-2,first,resting,STOP_LIMIT,2026-08-31T08:06:23+00:00,,0,2026-08-31T18:13:00+00:00,2026-08-31T18:14:01.310000+00:00,6.3,6.3629999999999995,6.1739999999999995,2026-08-31T18:25:53.274237+00:00,2026-08-31T18:25:53.274237+00:00,6.3629999999999995,target,0.9999999999999957,711.964237,1.1111111111111156,-1.1111111111111016,2026-08-31T18:25:53.274237+00:00,,2026-08-31T18:14:39.986672+00:00,,776
2026-08-31,AEHL,target+1_floor-2,reclaim,resting,STOP_LIMIT,2026-08-31T08:06:23+00:00,,1788200040000,2026-08-31T18:28:00+00:00,2026-08-31T18:28:45.219000+00:00,6.7,6.767,6.566,2026-08-31T18:31:30.641021+00:00,2026-08-31T18:31:30.641709+00:00,6.55,floor,-2.238805970149259,165.422709,0.1492537313432804,-2.238805970149259,,,2026-08-31T18:28:45.251600+00:00,2026-08-31T18:31:30.641021+00:00,906
2026-08-31,AEHL,target+1_floor-2,first,resting,STOP_LIMIT,2026-08-31T08:06:23+00:00,,0,2026-08-31T19:40:00+00:00,2026-08-31T19:42:47.300000+00:00,6.49,6.5549,6.3602,2026-08-31T19:43:52.226807+00:00,2026-08-31T19:43:53.218662+00:00,6.36,floor,-2.0030816640986115,65.918662,0.0,-2.1571648690292844,,,2026-08-31T19:42:53.039460+00:00,2026-08-31T19:43:52.226807+00:00,99
2026-08-31,AEHL,target+1_floor-2,first,resting,STOP_LIMIT,2026-08-31T08:06:23+00:00,,0,2026-08-31T19:54:00+00:00,2026-08-31T19:55:58.250000+00:00,6.5,6.565,6.37,2026-08-31T19:57:02.487521+00:00,2026-08-31T19:57:02.487521+00:00,6.565,target,1.000000000000006,64.237521,1.0769230769230813,-0.7692307692307665,2026-08-31T19:57:02.487521+00:00,,,,345
2026-08-31,AEHL,target+1_floor-1,reclaim,reactive,limit,2026-08-31T08:06:23+00:00,,1788178680000,2026-08-31T12:45:04.504000+00:00,2026-08-31T12:45:04.504000+00:00,6.16,6.2216000000000005,6.0984,2026-08-31T12:45:36.138529+00:00,2026-08-31T12:45:36.138529+00:00,6.2216000000000005,target,1.0000000000000053,31.634529,1.136363636363641,-0.9740259740259821,2026-08-31T12:45:36.138529+00:00,,,,149
2026-08-31,AEHL,target+1_floor-1,first,resting,STOP_LIMIT,2026-08-31T08:06:23+00:00,,0,2026-08-31T14:22:00+00:00,2026-08-31T14:23:14.136000+00:00,6.29,6.3529,6.2271,2026-08-31T14:23:19.641652+00:00,2026-08-31T14:23:19.641899+00:00,6.22,floor,-1.112877583465823,5.505899,0.0,-1.112877583465823,,,2026-08-31T14:23:19.641652+00:00,,25
2026-08-31,AEHL,target+1_floor-1,reclaim,resting,STOP_LIMIT,2026-08-31T08:06:23+00:00,,1788186660000,2026-08-31T14:34:00+00:00,2026-08-31T14:42:04.071000+00:00,6.52,6.5851999999999995,6.4548,2026-08-31T14:42:04.081025+00:00,2026-08-31T14:42:04.081284+00:00,6.44,floor,-1.2269938650306624,0.010284,0.0,-1.3803680981595072,,,2026-08-31T14:42:04.081025+00:00,,2
2026-08-31,AEHL,target+1_floor-1,reclaim,reactive,market,2026-08-31T08:06:23+00:00,,1788189720000,2026-08-31T15:35:09.345000+00:00,2026-08-31T15:35:09.345000+00:00,6.62,6.6862,6.5538,2026-08-31T15:35:09.405494+00:00,2026-08-31T15:35:09.509973+00:00,6.53,floor,-1.3595166163141972,0.164973,0.0,-1.3595166163141972,,,2026-08-31T15:35:09.405494+00:00,,2
2026-08-31,AEHL,target+1_floor-1,first,resting,STOP_LIMIT,2026-08-31T08:06:23+00:00,,0,2026-08-31T18:13:00+00:00,2026-08-31T18:14:01.310000+00:00,6.3,6.3629999999999995,6.237,2026-08-31T18:14:39.986672+00:00,2026-08-31T18:14:39.998190+00:00,6.23,floor,-1.1111111111111016,38.68819,0.0,-1.1111111111111016,,,2026-08-31T18:14:39.986672+00:00,,34
2026-08-31,AEHL,target+1_floor-1,reclaim,reactive,market,2026-08-31T08:06:23+00:00,,1788200040000,2026-08-31T18:26:26.594000+00:00,2026-08-31T18:26:26.594000+00:00,6.6,6.6659999999999995,6.534,2026-08-31T18:27:05.827117+00:00,2026-08-31T18:27:07.087282+00:00,6.53,floor,-1.0606060606060514,40.493282,0.7575757575757683,-1.0606060606060514,,,2026-08-31T18:27:05.827117+00:00,,353
2026-08-31,AEHL,target+1_floor-1,first,resting,STOP_LIMIT,2026-08-31T08:06:23+00:00,,0,2026-08-31T19:40:00+00:00,2026-08-31T19:42:47.300000+00:00,6.49,6.5549,6.4251000000000005,2026-08-31T19:42:53.039460+00:00,2026-08-31T19:42:54.349484+00:00,6.42,floor,-1.0785824345146422,7.049484,0.0,-1.0785824345146422,,,2026-08-31T19:42:53.039460+00:00,,6
2026-08-31,AEHL,target+1_floor-1,first,resting,STOP_LIMIT,2026-08-31T08:06:23+00:00,,0,2026-08-31T19:54:00+00:00,2026-08-31T19:55:58.250000+00:00,6.5,6.565,6.435,2026-08-31T19:57:02.487521+00:00,2026-08-31T19:57:02.487521+00:00,6.565,target,1.000000000000006,64.237521,1.0769230769230813,-0.7692307692307665,2026-08-31T19:57:02.487521+00:00,,,,345
2026-08-31,AEHL,target+1_floor+0,reclaim,reactive,limit,2026-08-31T08:06:23+00:00,,1788178680000,2026-08-31T12:45:04.504000+00:00,2026-08-31T12:45:04.504000+00:00,6.16,6.2216000000000005,6.16,2026-08-31T12:45:04.569819+00:00,2026-08-31T12:45:04.570327+00:00,6.11,floor,-0.8116883116883088,0.066327,0.0,-0.8116883116883088,,,,,2
2026-08-31,AEHL,target+1_floor+0,first,resting,STOP_LIMIT,2026-08-31T08:06:23+00:00,,0,2026-08-31T14:22:00+00:00,2026-08-31T14:23:14.136000+00:00,6.29,6.3529,6.29,2026-08-31T14:23:14.137425+00:00,2026-08-31T14:23:14.137811+00:00,6.23,floor,-0.9538950715421243,0.001811,0.0,-0.9538950715421243,,,,,2
2026-08-31,AEHL,target+1_floor+0,reclaim,resting,STOP_LIMIT,2026-08-31T08:06:23+00:00,,1788186660000,2026-08-31T14:34:00+00:00,2026-08-31T14:42:04.071000+00:00,6.52,6.5851999999999995,6.52,2026-08-31T14:42:04.081025+00:00,2026-08-31T14:42:04.081284+00:00,6.44,floor,-1.2269938650306624,0.010284,0.0,-1.3803680981595072,,,2026-08-31T14:42:04.081025+00:00,,2
2026-08-31,AEHL,target+1_floor+0,reclaim,reactive,market,2026-08-31T08:06:23+00:00,,1788189720000,2026-08-31T15:35:09.345000+00:00,2026-08-31T15:35:09.345000+00:00,6.62,6.6862,6.62,2026-08-31T15:35:09.405494+00:00,2026-08-31T15:35:09.509973+00:00,6.53,floor,-1.3595166163141972,0.164973,0.0,-1.3595166163141972,,,2026-08-31T15:35:09.405494+00:00,,2
2026-08-31,AEHL,target+1_floor+0,first,resting,STOP_LIMIT,2026-08-31T08:06:23+00:00,,0,2026-08-31T18:13:00+00:00,2026-08-31T18:14:01.310000+00:00,6.3,6.3629999999999995,6.3,2026-08-31T18:14:07.388936+00:00,2026-08-31T18:14:10.798932+00:00,6.26,floor,-0.6349206349206356,9.488932,0.0,-0.6349206349206356,,,,,2
2026-08-31,AEHL,target+1_floor+0,reclaim,reactive,market,2026-08-31T08:06:23+00:00,,1788200040000,2026-08-31T18:26:26.594000+00:00,2026-08-31T18:26:26.594000+00:00,6.6,6.6659999999999995,6.6,2026-08-31T18:26:27.340967+00:00,2026-08-31T18:26:27.342822+00:00,6.56,floor,-0.6060606060606066,0.748822,0.0,-0.6060606060606066,,,,,2
2026-08-31,AEHL,target+1_floor+0,first,resting,STOP_LIMIT,2026-08-31T08:06:23+00:00,,0,2026-08-31T19:40:00+00:00,2026-08-31T19:42:47.300000+00:00,6.49,6.5549,6.49,2026-08-31T19:42:47.909205+00:00,2026-08-31T19:42:48.448478+00:00,6.45,floor,-0.6163328197226507,1.148478,0.0,-0.6163328197226507,,,,,2
2026-08-31,AEHL,target+1_floor+0,first,resting,STOP_LIMIT,2026-08-31T08:06:23+00:00,,0,2026-08-31T19:54:00+00:00,2026-08-31T19:55:58.250000+00:00,6.5,6.565,6.5,2026-08-31T19:55:59.329516+00:00,2026-08-31T19:55:59.682181+00:00,6.45,floor,-0.7692307692307665,1.432181,0.0,-0.7692307692307665,,,,,2
2026-08-31,AEHL,target+2_floor-2,reclaim,reactive,limit,2026-08-31T08:06:23+00:00,,1788178680000,2026-08-31T12:45:04.504000+00:00,2026-08-31T12:45:04.504000+00:00,6.16,6.2832,6.0368,2026-08-31T12:45:50.678954+00:00,2026-08-31T12:45:50.678954+00:00,6.2832,target,1.9999999999999958,46.174954,2.1103896103896087,-0.9740259740259821,2026-08-31T12:45:36.138529+00:00,2026-08-31T12:45:50.678954+00:00,,,271
2026-08-31,AEHL,target+2_floor-2,first,resting,STOP_LIMIT,2026-08-31T08:06:23+00:00,,0,2026-08-31T14:22:00+00:00,2026-08-31T14:23:14.136000+00:00,6.29,6.4158,6.1642,2026-08-31T14:23:52.280400+00:00,2026-08-31T14:23:52.280543+00:00,6.16,floor,-2.0667726550079477,38.144543,0.0,-2.0667726550079477,,,2026-08-31T14:23:19.641652+00:00,2026-08-31T14:23:52.280400+00:00,169
2026-08-31,AEHL,target+2_floor-2,reclaim,resting,STOP_LIMIT,2026-08-31T08:06:23+00:00,,1788186660000,2026-08-31T14:34:00+00:00,2026-08-31T14:42:04.071000+00:00,6.52,6.650399999999999,6.3896,2026-08-31T14:42:19.367784+00:00,2026-08-31T14:42:19.367999+00:00,6.37,floor,-2.3006134969325074,15.296999,0.0,-2.3006134969325074,,,2026-08-31T14:42:04.081025+00:00,2026-08-31T14:42:19.367784+00:00,78
2026-08-31,AEHL,target+2_floor-2,reclaim,reactive,market,2026-08-31T08:06:23+00:00,,1788189720000,2026-08-31T15:35:09.345000+00:00,2026-08-31T15:35:09.345000+00:00,6.62,6.752400000000001,6.4876,2026-08-31T15:35:16.268737+00:00,2026-08-31T15:35:16.268737+00:00,6.752400000000001,target,2.0000000000000075,6.923737,2.1148036253776388,-1.3595166163141972,2026-08-31T15:35:10.049011+00:00,2026-08-31T15:35:16.268737+00:00,2026-08-31T15:35:09.405494+00:00,,208
2026-08-31,AEHL,target+2_floor-2,first,resting,STOP_LIMIT,2026-08-31T08:06:23+00:00,,0,2026-08-31T18:13:00+00:00,2026-08-31T18:14:01.310000+00:00,6.3,6.426,6.1739999999999995,2026-08-31T18:26:25.827555+00:00,2026-08-31T18:26:25.827555+00:00,6.426,target,2.0000000000000053,744.517555,2.0634920634920615,-1.1111111111111016,2026-08-31T18:25:53.274237+00:00,2026-08-31T18:26:25.827555+00:00,2026-08-31T18:14:39.986672+00:00,,850
2026-08-31,AEHL,target+2_floor-2,reclaim,resting,STOP_LIMIT,2026-08-31T08:06:23+00:00,,1788200040000,2026-08-31T18:27:00+00:00,2026-08-31T18:28:49.235000+00:00,6.68,6.8136,6.546399999999999,2026-08-31T18:31:34.738530+00:00,2026-08-31T18:31:34.738860+00:00,6.54,floor,-2.0958083832335284,165.50386,0.44910179640718934,-2.0958083832335284,,,2026-08-31T18:28:49.435940+00:00,2026-08-31T18:31:34.738530+00:00,917
2026-08-31,AEHL,target+2_floor-2,first,resting,STOP_LIMIT,2026-08-31T08:06:23+00:00,,0,2026-08-31T19:40:00+00:00,2026-08-31T19:42:47.300000+00:00,6.49,6.619800000000001,6.3602,2026-08-31T19:43:52.226807+00:00,2026-08-31T19:43:53.218662+00:00,6.36,floor,-2.0030816640986115,65.918662,0.0,-2.1571648690292844,,,2026-08-31T19:42:53.039460+00:00,2026-08-31T19:43:52.226807+00:00,99
2026-08-31,AEHL,target+2_floor-2,first,resting,STOP_LIMIT,2026-08-31T08:06:23+00:00,,0,2026-08-31T19:54:00+00:00,2026-08-31T19:55:58.250000+00:00,6.5,6.63,6.37,2026-08-31T19:59:58.838670+00:00,2026-08-31T19:59:58.838670+00:00,6.46,close,-0.6153846153846159,240.58867,1.8461538461538478,-1.0769230769230813,2026-08-31T19:57:02.487521+00:00,,2026-08-31T19:58:36.365904+00:00,,958
2026-08-31,AEHL,target+2_floor-1,reclaim,reactive,limit,2026-08-31T08:06:23+00:00,,1788178680000,2026-08-31T12:45:04.504000+00:00,2026-08-31T12:45:04.504000+00:00,6.16,6.2832,6.0984,2026-08-31T12:45:50.678954+00:00,2026-08-31T12:45:50.678954+00:00,6.2832,target,1.9999999999999958,46.174954,2.1103896103896087,-0.9740259740259821,2026-08-31T12:45:36.138529+00:00,2026-08-31T12:45:50.678954+00:00,,,271
2026-08-31,AEHL,target+2_floor-1,first,resting,STOP_LIMIT,2026-08-31T08:06:23+00:00,,0,2026-08-31T14:22:00+00:00,2026-08-31T14:23:14.136000+00:00,6.29,6.4158,6.2271,2026-08-31T14:23:19.641652+00:00,2026-08-31T14:23:19.641899+00:00,6.22,floor,-1.112877583465823,5.505899,0.0,-1.112877583465823,,,2026-08-31T14:23:19.641652+00:00,,25
2026-08-31,AEHL,target+2_floor-1,reclaim,resting,STOP_LIMIT,2026-08-31T08:06:23+00:00,,1788186660000,2026-08-31T14:34:00+00:00,2026-08-31T14:42:04.071000+00:00,6.52,6.650399999999999,6.4548,2026-08-31T14:42:04.081025+00:00,2026-08-31T14:42:04.081284+00:00,6.44,floor,-1.2269938650306624,0.010284,0.0,-1.3803680981595072,,,2026-08-31T14:42:04.081025+00:00,,2
2026-08-31,AEHL,target+2_floor-1,reclaim,reactive,market,2026-08-31T08:06:23+00:00,,1788189720000,2026-08-31T15:35:09.345000+00:00,2026-08-31T15:35:09.345000+00:00,6.62,6.752400000000001,6.5538,2026-08-31T15:35:09.405494+00:00,2026-08-31T15:35:09.509973+00:00,6.53,floor,-1.3595166163141972,0.164973,0.0,-1.3595166163141972,,,2026-08-31T15:35:09.405494+00:00,,2
2026-08-31,AEHL,target+2_floor-1,first,resting,STOP_LIMIT,2026-08-31T08:06:23+00:00,,0,2026-08-31T18:13:00+00:00,2026-08-31T18:14:01.310000+00:00,6.3,6.426,6.237,2026-08-31T18:14:39.986672+00:00,2026-08-31T18:14:39.998190+00:00,6.23,floor,-1.1111111111111016,38.68819,0.0,-1.1111111111111016,,,2026-08-31T18:14:39.986672+00:00,,34
2026-08-31,AEHL,target+2_floor-1,reclaim,reactive,market,2026-08-31T08:06:23+00:00,,1788200040000,2026-08-31T18:26:26.594000+00:00,2026-08-31T18:26:26.594000+00:00,6.6,6.731999999999999,6.534,2026-08-31T18:27:05.827117+00:00,2026-08-31T18:27:07.087282+00:00,6.53,floor,-1.0606060606060514,40.493282,0.7575757575757683,-1.0606060606060514,,,2026-08-31T18:27:05.827117+00:00,,353
2026-08-31,AEHL,target+2_floor-1,first,resting,STOP_LIMIT,2026-08-31T08:06:23+00:00,,0,2026-08-31T19:40:00+00:00,2026-08-31T19:42:47.300000+00:00,6.49,6.619800000000001,6.4251000000000005,2026-08-31T19:42:53.039460+00:00,2026-08-31T19:42:54.349484+00:00,6.42,floor,-1.0785824345146422,7.049484,0.0,-1.0785824345146422,,,2026-08-31T19:42:53.039460+00:00,,6
2026-08-31,AEHL,target+2_floor-1,first,resting,STOP_LIMIT,2026-08-31T08:06:23+00:00,,0,2026-08-31T19:54:00+00:00,2026-08-31T19:55:58.250000+00:00,6.5,6.63,6.435,2026-08-31T19:58:36.365904+00:00,2026-08-31T19:58:36.366352+00:00,6.43,floor,-1.0769230769230813,158.116352,1.8461538461538478,-1.0769230769230813,2026-08-31T19:57:02.487521+00:00,,2026-08-31T19:58:36.365904+00:00,,786
2026-08-31,AEHL,target+2_floor+0,reclaim,reactive,limit,2026-08-31T08:06:23+00:00,,1788178680000,2026-08-31T12:45:04.504000+00:00,2026-08-31T12:45:04.504000+00:00,6.16,6.2832,6.16,2026-08-31T12:45:04.569819+00:00,2026-08-31T12:45:04.570327+00:00,6.11,floor,-0.8116883116883088,0.066327,0.0,-0.8116883116883088,,,,,2
2026-08-31,AEHL,target+2_floor+0,first,resting,STOP_LIMIT,2026-08-31T08:06:23+00:00,,0,2026-08-31T14:22:00+00:00,2026-08-31T14:23:14.136000+00:00,6.29,6.4158,6.29,2026-08-31T14:23:14.137425+00:00,2026-08-31T14:23:14.137811+00:00,6.23,floor,-0.9538950715421243,0.001811,0.0,-0.9538950715421243,,,,,2
2026-08-31,AEHL,target+2_floor+0,reclaim,resting,STOP_LIMIT,2026-08-31T08:06:23+00:00,,1788186660000,2026-08-31T14:34:00+00:00,2026-08-31T14:42:04.071000+00:00,6.52,6.650399999999999,6.52,2026-08-31T14:42:04.081025+00:00,2026-08-31T14:42:04.081284+00:00,6.44,floor,-1.2269938650306624,0.010284,0.0,-1.3803680981595072,,,2026-08-31T14:42:04.081025+00:00,,2
2026-08-31,AEHL,target+2_floor+0,reclaim,reactive,market,2026-08-31T08:06:23+00:00,,1788189720000,2026-08-31T15:35:09.345000+00:00,2026-08-31T15:35:09.345000+00:00,6.62,6.752400000000001,6.62,2026-08-31T15:35:09.405494+00:00,2026-08-31T15:35:09.509973+00:00,6.53,floor,-1.3595166163141972,0.164973,0.0,-1.3595166163141972,,,2026-08-31T15:35:09.405494+00:00,,2
2026-08-31,AEHL,target+2_floor+0,first,resting,STOP_LIMIT,2026-08-31T08:06:23+00:00,,0,2026-08-31T18:13:00+00:00,2026-08-31T18:14:01.310000+00:00,6.3,6.426,6.3,2026-08-31T18:14:07.388936+00:00,2026-08-31T18:14:10.798932+00:00,6.26,floor,-0.6349206349206356,9.488932,0.0,-0.6349206349206356,,,,,2
2026-08-31,AEHL,target+2_floor+0,reclaim,reactive,market,2026-08-31T08:06:23+00:00,,1788200040000,2026-08-31T18:26:26.594000+00:00,2026-08-31T18:26:26.594000+00:00,6.6,6.731999999999999,6.6,2026-08-31T18:26:27.340967+00:00,2026-08-31T18:26:27.342822+00:00,6.56,floor,-0.6060606060606066,0.748822,0.0,-0.6060606060606066,,,,,2
2026-08-31,AEHL,target+2_floor+0,first,resting,STOP_LIMIT,2026-08-31T08:06:23+00:00,,0,2026-08-31T19:40:00+00:00,2026-08-31T19:42:47.300000+00:00,6.49,6.619800000000001,6.49,2026-08-31T19:42:47.909205+00:00,2026-08-31T19:42:48.448478+00:00,6.45,floor,-0.6163328197226507,1.148478,0.0,-0.6163328197226507,,,,,2
2026-08-31,AEHL,target+2_floor+0,first,resting,STOP_LIMIT,2026-08-31T08:06:23+00:00,,0,2026-08-31T19:54:00+00:00,2026-08-31T19:55:58.250000+00:00,6.5,6.63,6.5,2026-08-31T19:55:59.329516+00:00,2026-08-31T19:55:59.682181+00:00,6.45,floor,-0.7692307692307665,1.432181,0.0,-0.7692307692307665,,,,,2
2026-08-31,NCRA,target+1_floor-2,first,resting,STOP_LIMIT,2026-08-31T15:34:18+00:00,2026-08-31T17:09:10.091000+00:00,0,2026-08-31T16:06:00+00:00,2026-08-31T16:21:20.347000+00:00,3.05,3.0805,2.989,2026-08-31T16:21:25.572940+00:00,2026-08-31T16:21:25.573233+00:00,2.98,floor,-2.2950819672131098,5.226233,0.0,-2.2950819672131098,,,2026-08-31T16:21:21.495450+00:00,2026-08-31T16:21:25.572940+00:00,100
2026-08-31,NCRA,target+1_floor-2,reclaim,resting,STOP_LIMIT,2026-08-31T17:14:30+00:00,,1788201300000,2026-08-31T18:38:00+00:00,2026-08-31T18:46:48.376000+00:00,3.05,3.0805,2.989,2026-08-31T18:49:06.790638+00:00,2026-08-31T18:49:06.790862+00:00,2.98,floor,-2.2950819672131098,138.414862,0.6557377049180334,-2.2950819672131098,,,2026-08-31T18:46:48.810968+00:00,2026-08-31T18:49:06.790638+00:00,466
2026-08-31,NCRA,target+1_floor-2,first,resting,STOP_LIMIT,2026-08-31T17:14:30+00:00,,0,2026-08-31T19:06:00+00:00,2026-08-31T19:10:13.429000+00:00,3.03,3.0603,2.9694,2026-08-31T19:10:51.425809+00:00,2026-08-31T19:10:51.426196+00:00,2.97,floor,-1.9801980198019673,37.997196,0.0,-2.3102310231023053,,,2026-08-31T19:10:51.390917+00:00,2026-08-31T19:10:51.425809+00:00,198
2026-08-31,NCRA,target+1_floor-1,first,resting,STOP_LIMIT,2026-08-31T15:34:18+00:00,2026-08-31T17:09:10.091000+00:00,0,2026-08-31T16:06:00+00:00,2026-08-31T16:21:20.347000+00:00,3.05,3.0805,3.0195,2026-08-31T16:21:21.495450+00:00,2026-08-31T16:21:21.495672+00:00,3.01,floor,-1.3114754098360668,1.148672,0.0,-1.3114754098360668,,,2026-08-31T16:21:21.495450+00:00,,25
2026-08-31,NCRA,target+1_floor-1,reclaim,resting,STOP_LIMIT,2026-08-31T17:14:30+00:00,,1788201300000,2026-08-31T18:38:00+00:00,2026-08-31T18:46:48.376000+00:00,3.05,3.0805,3.0195,2026-08-31T18:46:48.810968+00:00,2026-08-31T18:46:50.286744+00:00,3.03,floor,-0.6557377049180334,1.910744,0.0,-1.3114754098360668,,,2026-08-31T18:46:48.810968+00:00,,3
2026-08-31,NCRA,target+1_floor-1,first,resting,STOP_LIMIT,2026-08-31T17:14:30+00:00,,0,2026-08-31T19:06:00+00:00,2026-08-31T19:10:13.429000+00:00,3.03,3.0603,2.9997,2026-08-31T19:10:51.390917+00:00,2026-08-31T19:10:51.391714+00:00,2.99,floor,-1.3201320132013068,37.962714,0.0,-1.3201320132013068,,,2026-08-31T19:10:51.390917+00:00,,143
2026-08-31,NCRA,target+1_floor+0,first,resting,STOP_LIMIT,2026-08-31T15:34:18+00:00,2026-08-31T17:09:10.091000+00:00,0,2026-08-31T16:06:00+00:00,2026-08-31T16:21:20.347000+00:00,3.05,3.0805,3.05,2026-08-31T16:21:21.452119+00:00,2026-08-31T16:21:21.457743+00:00,3.04,floor,-0.32786885245900943,1.110743,0.0,-0.32786885245900943,,,,,2
2026-08-31,NCRA,target+1_floor+0,reclaim,resting,STOP_LIMIT,2026-08-31T17:14:30+00:00,,1788201300000,2026-08-31T18:38:00+00:00,2026-08-31T18:46:48.376000+00:00,3.05,3.0805,3.05,2026-08-31T18:46:48.810361+00:00,2026-08-31T18:46:48.810968+00:00,3.01,floor,-1.3114754098360668,0.434968,0.0,-1.3114754098360668,,,2026-08-31T18:46:48.810968+00:00,,2
2026-08-31,NCRA,target+1_floor+0,first,resting,STOP_LIMIT,2026-08-31T17:14:30+00:00,,0,2026-08-31T19:06:00+00:00,2026-08-31T19:10:13.429000+00:00,3.03,3.0603,3.03,2026-08-31T19:10:14.291995+00:00,2026-08-31T19:10:14.345012+00:00,3.0,floor,-0.9900990099009837,0.916012,0.0,-0.9900990099009837,,,,,2
2026-08-31,NCRA,target+2_floor-2,first,resting,STOP_LIMIT,2026-08-31T15:34:18+00:00,2026-08-31T17:09:10.091000+00:00,0,2026-08-31T16:06:00+00:00,2026-08-31T16:21:20.347000+00:00,3.05,3.1109999999999998,2.989,2026-08-31T16:21:25.572940+00:00,2026-08-31T16:21:25.573233+00:00,2.98,floor,-2.2950819672131098,5.226233,0.0,-2.2950819672131098,,,2026-08-31T16:21:21.495450+00:00,2026-08-31T16:21:25.572940+00:00,100
2026-08-31,NCRA,target+2_floor-2,reclaim,resting,STOP_LIMIT,2026-08-31T17:14:30+00:00,,1788201300000,2026-08-31T18:38:00+00:00,2026-08-31T18:46:48.376000+00:00,3.05,3.1109999999999998,2.989,2026-08-31T18:49:06.790638+00:00,2026-08-31T18:49:06.790862+00:00,2.98,floor,-2.2950819672131098,138.414862,0.6557377049180334,-2.2950819672131098,,,2026-08-31T18:46:48.810968+00:00,2026-08-31T18:49:06.790638+00:00,466
2026-08-31,NCRA,target+2_floor-2,first,resting,STOP_LIMIT,2026-08-31T17:14:30+00:00,,0,2026-08-31T19:06:00+00:00,2026-08-31T19:10:13.429000+00:00,3.03,3.0906,2.9694,2026-08-31T19:10:51.425809+00:00,2026-08-31T19:10:51.426196+00:00,2.97,floor,-1.9801980198019673,37.997196,0.0,-2.3102310231023053,,,2026-08-31T19:10:51.390917+00:00,2026-08-31T19:10:51.425809+00:00,198
2026-08-31,NCRA,target+2_floor-1,first,resting,STOP_LIMIT,2026-08-31T15:34:18+00:00,2026-08-31T17:09:10.091000+00:00,0,2026-08-31T16:06:00+00:00,2026-08-31T16:21:20.347000+00:00,3.05,3.1109999999999998,3.0195,2026-08-31T16:21:21.495450+00:00,2026-08-31T16:21:21.495672+00:00,3.01,floor,-1.3114754098360668,1.148672,0.0,-1.3114754098360668,,,2026-08-31T16:21:21.495450+00:00,,25
2026-08-31,NCRA,target+2_floor-1,reclaim,resting,STOP_LIMIT,2026-08-31T17:14:30+00:00,,1788201300000,2026-08-31T18:38:00+00:00,2026-08-31T18:46:48.376000+00:00,3.05,3.1109999999999998,3.0195,2026-08-31T18:46:48.810968+00:00,2026-08-31T18:46:50.286744+00:00,3.03,floor,-0.6557377049180334,1.910744,0.0,-1.3114754098360668,,,2026-08-31T18:46:48.810968+00:00,,3
2026-08-31,NCRA,target+2_floor-1,first,resting,STOP_LIMIT,2026-08-31T17:14:30+00:00,,0,2026-08-31T19:06:00+00:00,2026-08-31T19:10:13.429000+00:00,3.03,3.0906,2.9997,2026-08-31T19:10:51.390917+00:00,2026-08-31T19:10:51.391714+00:00,2.99,floor,-1.3201320132013068,37.962714,0.0,-1.3201320132013068,,,2026-08-31T19:10:51.390917+00:00,,143
2026-08-31,NCRA,target+2_floor+0,first,resting,STOP_LIMIT,2026-08-31T15:34:18+00:00,2026-08-31T17:09:10.091000+00:00,0,2026-08-31T16:06:00+00:00,2026-08-31T16:21:20.347000+00:00,3.05,3.1109999999999998,3.05,2026-08-31T16:21:21.452119+00:00,2026-08-31T16:21:21.457743+00:00,3.04,floor,-0.32786885245900943,1.110743,0.0,-0.32786885245900943,,,,,2
2026-08-31,NCRA,target+2_floor+0,reclaim,resting,STOP_LIMIT,2026-08-31T17:14:30+00:00,,1788201300000,2026-08-31T18:38:00+00:00,2026-08-31T18:46:48.376000+00:00,3.05,3.1109999999999998,3.05,2026-08-31T18:46:48.810361+00:00,2026-08-31T18:46:48.810968+00:00,3.01,floor,-1.3114754098360668,0.434968,0.0,-1.3114754098360668,,,2026-08-31T18:46:48.810968+00:00,,2
2026-08-31,NCRA,target+2_floor+0,first,resting,STOP_LIMIT,2026-08-31T17:14:30+00:00,,0,2026-08-31T19:06:00+00:00,2026-08-31T19:10:13.429000+00:00,3.03,3.0906,3.03,2026-08-31T19:10:14.291995+00:00,2026-08-31T19:10:14.345012+00:00,3.0,floor,-0.9900990099009837,0.916012,0.0,-0.9900990099009837,,,,,2
2026-08-31,RDHL,target+1_floor-2,first,resting,STOP_LIMIT,2026-08-31T11:41:31+00:00,2026-08-31T21:51:21.426000+00:00,0,2026-08-31T14:21:00+00:00,2026-08-31T14:30:06.403000+00:00,1.11,1.1211000000000002,1.0878,2026-08-31T14:30:49.017291+00:00,2026-08-31T14:30:49.019133+00:00,1.08,floor,-2.702702702702705,42.616133,0.0,-2.702702702702705,,,2026-08-31T14:30:06.438345+00:00,2026-08-31T14:30:49.017291+00:00,161
2026-08-31,RDHL,target+1_floor-2,reclaim,resting,STOP_LIMIT,2026-08-31T11:41:31+00:00,2026-08-31T21:51:21.426000+00:00,1788187140000,2026-08-31T14:42:00+00:00,2026-08-31T15:04:44.129000+00:00,1.13,1.1413,1.1074,2026-08-31T15:07:16.204325+00:00,2026-08-31T15:07:16.233709+00:00,1.1,floor,-2.654867256637151,152.104709,0.8849557522123902,-2.654867256637151,,,2026-08-31T15:07:12.818218+00:00,2026-08-31T15:07:16.204325+00:00,658
2026-08-31,RDHL,target+1_floor-2,first,resting,STOP_LIMIT,2026-08-31T11:41:31+00:00,2026-08-31T21:51:21.426000+00:00,0,2026-08-31T16:31:00+00:00,2026-08-31T16:35:19.736000+00:00,1.08,1.0908,1.0584,2026-08-31T16:38:26.112113+00:00,2026-08-31T16:38:26.112441+00:00,1.05,floor,-2.77777777777778,186.376441,0.0,-2.77777777777778,,,2026-08-31T16:35:22.515442+00:00,2026-08-31T16:38:26.112113+00:00,302
2026-08-31,RDHL,target+1_floor-2,first,resting,STOP_LIMIT,2026-08-31T11:41:31+00:00,2026-08-31T21:51:21.426000+00:00,0,2026-08-31T19:45:00+00:00,2026-08-31T19:47:29.456000+00:00,0.958,0.96758,0.9388399999999999,2026-08-31T19:48:02.980514+00:00,2026-08-31T19:48:02.980782+00:00,0.9311,floor,-2.8079331941544807,33.524782,0.0,-2.8079331941544807,,,2026-08-31T19:47:55.399374+00:00,2026-08-31T19:48:02.980514+00:00,40
2026-08-31,RDHL,target+1_floor-2,first,resting,STOP_LIMIT,2026-08-31T11:41:31+00:00,2026-08-31T21:51:21.426000+00:00,0,2026-08-31T19:49:00+00:00,2026-08-31T19:53:32.074000+00:00,0.959,0.96859,0.93982,2026-08-31T19:54:57.379241+00:00,2026-08-31T19:54:57.475259+00:00,0.935,floor,-2.5026068821689167,85.401259,0.0,-2.5026068821689167,,,2026-08-31T19:53:32.204714+00:00,2026-08-31T19:54:57.379241+00:00,72
2026-08-31,RDHL,target+1_floor-1,first,resting,STOP_LIMIT,2026-08-31T11:41:31+00:00,2026-08-31T21:51:21.426000+00:00,0,2026-08-31T14:21:00+00:00,2026-08-31T14:30:06.403000+00:00,1.11,1.1211000000000002,1.0989,2026-08-31T14:30:06.438345+00:00,2026-08-31T14:30:06.466719+00:00,1.09,floor,-1.8018018018018032,0.063719,0.0,-1.8018018018018032,,,2026-08-31T14:30:06.438345+00:00,,2
2026-08-31,RDHL,target+1_floor-1,reclaim,resting,STOP_LIMIT,2026-08-31T11:41:31+00:00,2026-08-31T21:51:21.426000+00:00,1788187140000,2026-08-31T14:42:00+00:00,2026-08-31T15:04:44.129000+00:00,1.13,1.1413,1.1186999999999998,2026-08-31T15:07:12.818218+00:00,2026-08-31T15:07:12.818792+00:00,1.11,floor,-1.7699115044247606,148.689792,0.8849557522123902,-1.7699115044247606,,,2026-08-31T15:07:12.818218+00:00,,622
2026-08-31,RDHL,target+1_floor-1,first,resting,STOP_LIMIT,2026-08-31T11:41:31+00:00,2026-08-31T21:51:21.426000+00:00,0,2026-08-31T16:31:00+00:00,2026-08-31T16:35:19.736000+00:00,1.08,1.0908,1.0692000000000002,2026-08-31T16:35:22.515442+00:00,2026-08-31T16:35:22.516083+00:00,1.06,floor,-1.8518518518518534,2.780083,0.0,-1.8518518518518534,,,2026-08-31T16:35:22.515442+00:00,,10
2026-08-31,RDHL,target+1_floor-1,first,resting,STOP_LIMIT,2026-08-31T11:41:31+00:00,2026-08-31T21:51:21.426000+00:00,0,2026-08-31T19:45:00+00:00,2026-08-31T19:47:29.456000+00:00,0.958,0.96758,0.9484199999999999,2026-08-31T19:47:55.399374+00:00,2026-08-31T19:47:55.399800+00:00,0.9406,floor,-1.8162839248434208,25.9438,0.0,-1.8162839248434208,,,2026-08-31T19:47:55.399374+00:00,,31
2026-08-31,RDHL,target+1_floor+0,first,resting,STOP_LIMIT,2026-08-31T11:41:31+00:00,2026-08-31T21:51:21.426000+00:00,0,2026-08-31T14:21:00+00:00,2026-08-31T14:30:06.403000+00:00,1.11,1.1211000000000002,1.11,2026-08-31T14:30:06.438345+00:00,2026-08-31T14:30:06.466719+00:00,1.09,floor,-1.8018018018018032,0.063719,0.0,-1.8018018018018032,,,2026-08-31T14:30:06.438345+00:00,,2
2026-08-31,RDHL,target+1_floor+0,reclaim,resting,STOP_LIMIT,2026-08-31T11:41:31+00:00,2026-08-31T21:51:21.426000+00:00,1788187140000,2026-08-31T14:42:00+00:00,2026-08-31T15:04:44.129000+00:00,1.13,1.1413,1.13,2026-08-31T15:04:44.592677+00:00,2026-08-31T15:04:46.175422+00:00,1.12,floor,-0.8849557522123707,2.046422,0.0,-0.8849557522123707,,,,,2
2026-08-31,RDHL,target+1_floor+0,first,resting,STOP_LIMIT,2026-08-31T11:41:31+00:00,2026-08-31T21:51:21.426000+00:00,0,2026-08-31T16:31:00+00:00,2026-08-31T16:35:19.736000+00:00,1.08,1.0908,1.08,2026-08-31T16:35:20.505213+00:00,2026-08-31T16:35:20.977527+00:00,1.07,floor,-0.9259259259259267,1.241527,0.0,-0.9259259259259267,,,,,2
2026-08-31,RDHL,target+1_floor+0,first,resting,STOP_LIMIT,2026-08-31T11:41:31+00:00,2026-08-31T21:51:21.426000+00:00,0,2026-08-31T19:45:00+00:00,2026-08-31T19:47:29.456000+00:00,0.958,0.96758,0.958,2026-08-31T19:47:30.688194+00:00,2026-08-31T19:47:32.617952+00:00,0.9502,floor,-0.8141962421711814,3.161952,0.0,-0.8141962421711814,,,,,2
2026-08-31,RDHL,target+2_floor-2,first,resting,STOP_LIMIT,2026-08-31T11:41:31+00:00,2026-08-31T21:51:21.426000+00:00,0,2026-08-31T14:21:00+00:00,2026-08-31T14:30:06.403000+00:00,1.11,1.1322,1.0878,2026-08-31T14:30:49.017291+00:00,2026-08-31T14:30:49.019133+00:00,1.08,floor,-2.702702702702705,42.616133,0.0,-2.702702702702705,,,2026-08-31T14:30:06.438345+00:00,2026-08-31T14:30:49.017291+00:00,161
2026-08-31,RDHL,target+2_floor-2,reclaim,resting,STOP_LIMIT,2026-08-31T11:41:31+00:00,2026-08-31T21:51:21.426000+00:00,1788187140000,2026-08-31T14:42:00+00:00,2026-08-31T15:04:44.129000+00:00,1.13,1.1525999999999998,1.1074,2026-08-31T15:07:16.204325+00:00,2026-08-31T15:07:16.233709+00:00,1.1,floor,-2.654867256637151,152.104709,0.8849557522123902,-2.654867256637151,,,2026-08-31T15:07:12.818218+00:00,2026-08-31T15:07:16.204325+00:00,658
2026-08-31,RDHL,target+2_floor-2,first,resting,STOP_LIMIT,2026-08-31T11:41:31+00:00,2026-08-31T21:51:21.426000+00:00,0,2026-08-31T16:31:00+00:00,2026-08-31T16:35:19.736000+00:00,1.08,1.1016000000000001,1.0584,2026-08-31T16:38:26.112113+00:00,2026-08-31T16:38:26.112441+00:00,1.05,floor,-2.77777777777778,186.376441,0.0,-2.77777777777778,,,2026-08-31T16:35:22.515442+00:00,2026-08-31T16:38:26.112113+00:00,302
2026-08-31,RDHL,target+2_floor-2,first,resting,STOP_LIMIT,2026-08-31T11:41:31+00:00,2026-08-31T21:51:21.426000+00:00,0,2026-08-31T19:45:00+00:00,2026-08-31T19:47:29.456000+00:00,0.958,0.97716,0.9388399999999999,2026-08-31T19:48:02.980514+00:00,2026-08-31T19:48:02.980782+00:00,0.9311,floor,-2.8079331941544807,33.524782,0.0,-2.8079331941544807,,,2026-08-31T19:47:55.399374+00:00,2026-08-31T19:48:02.980514+00:00,40
2026-08-31,RDHL,target+2_floor-2,first,resting,STOP_LIMIT,2026-08-31T11:41:31+00:00,2026-08-31T21:51:21.426000+00:00,0,2026-08-31T19:49:00+00:00,2026-08-31T19:53:32.074000+00:00,0.959,0.9781799999999999,0.93982,2026-08-31T19:54:57.379241+00:00,2026-08-31T19:54:57.475259+00:00,0.935,floor,-2.5026068821689167,85.401259,0.0,-2.5026068821689167,,,2026-08-31T19:53:32.204714+00:00,2026-08-31T19:54:57.379241+00:00,72
2026-08-31,RDHL,target+2_floor-1,first,resting,STOP_LIMIT,2026-08-31T11:41:31+00:00,2026-08-31T21:51:21.426000+00:00,0,2026-08-31T14:21:00+00:00,2026-08-31T14:30:06.403000+00:00,1.11,1.1322,1.0989,2026-08-31T14:30:06.438345+00:00,2026-08-31T14:30:06.466719+00:00,1.09,floor,-1.8018018018018032,0.063719,0.0,-1.8018018018018032,,,2026-08-31T14:30:06.438345+00:00,,2
2026-08-31,RDHL,target+2_floor-1,reclaim,resting,STOP_LIMIT,2026-08-31T11:41:31+00:00,2026-08-31T21:51:21.426000+00:00,1788187140000,2026-08-31T14:42:00+00:00,2026-08-31T15:04:44.129000+00:00,1.13,1.1525999999999998,1.1186999999999998,2026-08-31T15:07:12.818218+00:00,2026-08-31T15:07:12.818792+00:00,1.11,floor,-1.7699115044247606,148.689792,0.8849557522123902,-1.7699115044247606,,,2026-08-31T15:07:12.818218+00:00,,622
2026-08-31,RDHL,target+2_floor-1,first,resting,STOP_LIMIT,2026-08-31T11:41:31+00:00,2026-08-31T21:51:21.426000+00:00,0,2026-08-31T16:31:00+00:00,2026-08-31T16:35:19.736000+00:00,1.08,1.1016000000000001,1.0692000000000002,2026-08-31T16:35:22.515442+00:00,2026-08-31T16:35:22.516083+00:00,1.06,floor,-1.8518518518518534,2.780083,0.0,-1.8518518518518534,,,2026-08-31T16:35:22.515442+00:00,,10
2026-08-31,RDHL,target+2_floor-1,first,resting,STOP_LIMIT,2026-08-31T11:41:31+00:00,2026-08-31T21:51:21.426000+00:00,0,2026-08-31T19:45:00+00:00,2026-08-31T19:47:29.456000+00:00,0.958,0.97716,0.9484199999999999,2026-08-31T19:47:55.399374+00:00,2026-08-31T19:47:55.399800+00:00,0.9406,floor,-1.8162839248434208,25.9438,0.0,-1.8162839248434208,,,2026-08-31T19:47:55.399374+00:00,,31
2026-08-31,RDHL,target+2_floor+0,first,resting,STOP_LIMIT,2026-08-31T11:41:31+00:00,2026-08-31T21:51:21.426000+00:00,0,2026-08-31T14:21:00+00:00,2026-08-31T14:30:06.403000+00:00,1.11,1.1322,1.11,2026-08-31T14:30:06.438345+00:00,2026-08-31T14:30:06.466719+00:00,1.09,floor,-1.8018018018018032,0.063719,0.0,-1.8018018018018032,,,2026-08-31T14:30:06.438345+00:00,,2
2026-08-31,RDHL,target+2_floor+0,reclaim,resting,STOP_LIMIT,2026-08-31T11:41:31+00:00,2026-08-31T21:51:21.426000+00:00,1788187140000,2026-08-31T14:42:00+00:00,2026-08-31T15:04:44.129000+00:00,1.13,1.1525999999999998,1.13,2026-08-31T15:04:44.592677+00:00,2026-08-31T15:04:46.175422+00:00,1.12,floor,-0.8849557522123707,2.046422,0.0,-0.8849557522123707,,,,,2
2026-08-31,RDHL,target+2_floor+0,first,resting,STOP_LIMIT,2026-08-31T11:41:31+00:00,2026-08-31T21:51:21.426000+00:00,0,2026-08-31T16:31:00+00:00,2026-08-31T16:35:19.736000+00:00,1.08,1.1016000000000001,1.08,2026-08-31T16:35:20.505213+00:00,2026-08-31T16:35:20.977527+00:00,1.07,floor,-0.9259259259259267,1.241527,0.0,-0.9259259259259267,,,,,2
2026-08-31,RDHL,target+2_floor+0,first,resting,STOP_LIMIT,2026-08-31T11:41:31+00:00,2026-08-31T21:51:21.426000+00:00,0,2026-08-31T19:45:00+00:00,2026-08-31T19:47:29.456000+00:00,0.958,0.97716,0.958,2026-08-31T19:47:30.688194+00:00,2026-08-31T19:47:32.617952+00:00,0.9502,floor,-0.8141962421711814,3.161952,0.0,-0.8141962421711814,,,,,2
2026-08-31,WETO,target+1_floor-2,first,resting,STOP_LIMIT,2026-08-31T13:34:44+00:00,2026-08-31T19:37:17.277000+00:00,0,2026-08-31T15:26:00+00:00,2026-08-31T15:30:11.002000+00:00,12.7,12.827,12.446,2026-08-31T15:30:19.795774+00:00,2026-08-31T15:30:20.381113+00:00,12.4,floor,-2.3622047244094406,9.379113,0.0,-2.3622047244094406,,,2026-08-31T15:30:17.133520+00:00,2026-08-31T15:30:19.795774+00:00,89
2026-08-31,WETO,target+1_floor-2,first,resting,STOP_LIMIT,2026-08-31T13:34:44+00:00,2026-08-31T19:37:17.277000+00:00,0,2026-08-31T16:19:00+00:00,2026-08-31T16:21:00.223000+00:00,10.7,10.806999999999999,10.485999999999999,2026-08-31T16:21:01.462291+00:00,2026-08-31T16:21:01.468236+00:00,10.49,floor,-1.962616822429898,1.245236,0.0,-3.738317757009333,,,2026-08-31T16:21:01.447384+00:00,2026-08-31T16:21:01.462291+00:00,4
2026-08-31,WETO,target+1_floor-2,first,resting,STOP_LIMIT,2026-08-31T13:34:44+00:00,2026-08-31T19:37:17.277000+00:00,0,2026-08-31T16:35:00+00:00,2026-08-31T16:46:07.319000+00:00,10.3,10.403,10.094000000000001,2026-08-31T16:47:25.415105+00:00,2026-08-31T16:47:25.415105+00:00,10.403,target,0.9999999999999976,78.096105,1.1650485436893128,-1.650485436893203,2026-08-31T16:47:25.415105+00:00,,2026-08-31T16:46:11.020049+00:00,,257
2026-08-31,WETO,target+1_floor-2,reclaim,resting,STOP_LIMIT,2026-08-31T13:34:44+00:00,2026-08-31T19:37:17.277000+00:00,1788194760000,2026-08-31T16:49:00+00:00,2026-08-31T16:49:08.164000+00:00,10.9,11.009,10.682,2026-08-31T16:49:18.433308+00:00,2026-08-31T16:49:18.433308+00:00,11.009,target,0.9999999999999999,10.269308,1.376146788990829,-0.733944954128441,2026-08-31T16:49:18.433308+00:00,,,,57
2026-08-31,WETO,target+1_floor-2,first,resting,STOP_LIMIT,2026-08-31T13:34:44+00:00,2026-08-31T19:37:17.277000+00:00,0,2026-08-31T17:47:00+00:00,2026-08-31T17:47:23.599000+00:00,10.85,10.958499999999999,10.633,2026-08-31T17:49:30.694942+00:00,2026-08-31T17:49:30.695800+00:00,10.6,floor,-2.3041474654377883,127.0968,0.09216589861750955,-2.3041474654377883,,,2026-08-31T17:47:47.356272+00:00,2026-08-31T17:49:30.694942+00:00,297
2026-08-31,WETO,target+1_floor-1,first,resting,STOP_LIMIT,2026-08-31T13:34:44+00:00,2026-08-31T19:37:17.277000+00:00,0,2026-08-31T15:26:00+00:00,2026-08-31T15:30:11.002000+00:00,12.7,12.827,12.572999999999999,2026-08-31T15:30:17.133520+00:00,2026-08-31T15:30:17.144831+00:00,12.57,floor,-1.0236220472440867,6.142831,0.0,-1.0236220472440867,,,2026-08-31T15:30:17.133520+00:00,,52
2026-08-31,WETO,target+1_floor-1,first,resting,STOP_LIMIT,2026-08-31T13:34:44+00:00,2026-08-31T19:37:17.277000+00:00,0,2026-08-31T16:19:00+00:00,2026-08-31T16:21:00.223000+00:00,10.7,10.806999999999999,10.593,2026-08-31T16:21:01.447384+00:00,2026-08-31T16:21:01.459422+00:00,10.5,floor,-1.8691588785046664,1.236422,0.0,-1.8691588785046664,,,2026-08-31T16:21:01.447384+00:00,,2
2026-08-31,WETO,target+1_floor-1,first,resting,STOP_LIMIT,2026-08-31T13:34:44+00:00,2026-08-31T19:37:17.277000+00:00,0,2026-08-31T16:35:00+00:00,2026-08-31T16:46:07.319000+00:00,10.3,10.403,10.197000000000001,2026-08-31T16:46:11.020049+00:00,2026-08-31T16:46:11.020452+00:00,10.17,floor,-1.2621359223301047,3.701452,0.0,-1.2621359223301047,,,2026-08-31T16:46:11.020049+00:00,,23
2026-08-31,WETO,target+1_floor-1,reclaim,resting,STOP_LIMIT,2026-08-31T13:34:44+00:00,2026-08-31T19:37:17.277000+00:00,1788194760000,2026-08-31T16:49:00+00:00,2026-08-31T16:49:08.164000+00:00,10.9,11.009,10.791,2026-08-31T16:49:18.433308+00:00,2026-08-31T16:49:18.433308+00:00,11.009,target,0.9999999999999999,10.269308,1.376146788990829,-0.733944954128441,2026-08-31T16:49:18.433308+00:00,,,,57
2026-08-31,WETO,target+1_floor-1,first,resting,STOP_LIMIT,2026-08-31T13:34:44+00:00,2026-08-31T19:37:17.277000+00:00,0,2026-08-31T17:47:00+00:00,2026-08-31T17:47:23.599000+00:00,10.85,10.958499999999999,10.7415,2026-08-31T17:47:47.356272+00:00,2026-08-31T17:47:47.356438+00:00,10.73,floor,-1.1059907834101312,23.757438,0.09216589861750955,-1.1059907834101312,,,2026-08-31T17:47:47.356272+00:00,,114
2026-08-31,WETO,target+1_floor+0,first,resting,STOP_LIMIT,2026-08-31T13:34:44+00:00,2026-08-31T19:37:17.277000+00:00,0,2026-08-31T15:26:00+00:00,2026-08-31T15:30:11.002000+00:00,12.7,12.827,12.7,2026-08-31T15:30:11.173627+00:00,2026-08-31T15:30:11.177131+00:00,12.64,floor,-0.4724409448818797,0.175131,0.0,-0.4724409448818797,,,,,2
2026-08-31,WETO,target+1_floor+0,first,resting,STOP_LIMIT,2026-08-31T13:34:44+00:00,2026-08-31T19:37:17.277000+00:00,0,2026-08-31T16:19:00+00:00,2026-08-31T16:21:00.223000+00:00,10.7,10.806999999999999,10.7,2026-08-31T16:21:01.447384+00:00,2026-08-31T16:21:01.459422+00:00,10.5,floor,-1.8691588785046664,1.236422,0.0,-1.8691588785046664,,,2026-08-31T16:21:01.447384+00:00,,2
2026-08-31,WETO,target+1_floor+0,first,resting,STOP_LIMIT,2026-08-31T13:34:44+00:00,2026-08-31T19:37:17.277000+00:00,0,2026-08-31T16:35:00+00:00,2026-08-31T16:46:07.319000+00:00,10.3,10.403,10.3,2026-08-31T16:46:07.683849+00:00,2026-08-31T16:46:07.775345+00:00,10.25,floor,-0.4854368932038904,0.456345,0.0,-0.7766990291262142,,,,,2
2026-08-31,WETO,target+1_floor+0,reclaim,resting,STOP_LIMIT,2026-08-31T13:34:44+00:00,2026-08-31T19:37:17.277000+00:00,1788194760000,2026-08-31T16:49:00+00:00,2026-08-31T16:49:08.164000+00:00,10.9,11.009,10.9,2026-08-31T16:49:08.534766+00:00,2026-08-31T16:49:08.662444+00:00,10.82,floor,-0.733944954128441,0.498444,0.0,-0.733944954128441,,,,,2
2026-08-31,WETO,target+1_floor+0,first,resting,STOP_LIMIT,2026-08-31T13:34:44+00:00,2026-08-31T19:37:17.277000+00:00,0,2026-08-31T17:47:00+00:00,2026-08-31T17:47:23.599000+00:00,10.85,10.958499999999999,10.85,2026-08-31T17:47:23.700966+00:00,2026-08-31T17:47:24.670774+00:00,10.8,floor,-0.4608294930875478,1.071774,0.0,-0.4608294930875478,,,,,2
2026-08-31,WETO,target+2_floor-2,first,resting,STOP_LIMIT,2026-08-31T13:34:44+00:00,2026-08-31T19:37:17.277000+00:00,0,2026-08-31T15:26:00+00:00,2026-08-31T15:30:11.002000+00:00,12.7,12.953999999999999,12.446,2026-08-31T15:30:19.795774+00:00,2026-08-31T15:30:20.381113+00:00,12.4,floor,-2.3622047244094406,9.379113,0.0,-2.3622047244094406,,,2026-08-31T15:30:17.133520+00:00,2026-08-31T15:30:19.795774+00:00,89
2026-08-31,WETO,target+2_floor-2,first,resting,STOP_LIMIT,2026-08-31T13:34:44+00:00,2026-08-31T19:37:17.277000+00:00,0,2026-08-31T16:19:00+00:00,2026-08-31T16:21:00.223000+00:00,10.7,10.914,10.485999999999999,2026-08-31T16:21:01.462291+00:00,2026-08-31T16:21:01.468236+00:00,10.49,floor,-1.962616822429898,1.245236,0.0,-3.738317757009333,,,2026-08-31T16:21:01.447384+00:00,2026-08-31T16:21:01.462291+00:00,4
2026-08-31,WETO,target+2_floor-2,first,resting,STOP_LIMIT,2026-08-31T13:34:44+00:00,2026-08-31T19:37:17.277000+00:00,0,2026-08-31T16:35:00+00:00,2026-08-31T16:46:07.319000+00:00,10.3,10.506,10.094000000000001,2026-08-31T16:47:51.049967+00:00,2026-08-31T16:47:51.049967+00:00,10.506,target,1.9999999999999951,103.730967,2.3300970873786255,-1.650485436893203,2026-08-31T16:47:25.415105+00:00,2026-08-31T16:47:51.049967+00:00,2026-08-31T16:46:11.020049+00:00,,337
2026-08-31,WETO,target+2_floor-2,reclaim,resting,STOP_LIMIT,2026-08-31T13:34:44+00:00,2026-08-31T19:37:17.277000+00:00,1788194760000,2026-08-31T16:49:00+00:00,2026-08-31T16:49:08.164000+00:00,10.9,11.118,10.682,2026-08-31T16:50:12.929479+00:00,2026-08-31T16:50:12.929479+00:00,11.118,target,1.9999999999999998,64.765479,2.0183486238532002,-1.1926605504587229,2026-08-31T16:49:18.433308+00:00,2026-08-31T16:50:12.929479+00:00,2026-08-31T16:49:34.802843+00:00,,392
2026-08-31,WETO,target+2_floor-2,first,resting,STOP_LIMIT,2026-08-31T13:34:44+00:00,2026-08-31T19:37:17.277000+00:00,0,2026-08-31T17:47:00+00:00,2026-08-31T17:47:23.599000+00:00,10.85,11.067,10.633,2026-08-31T17:49:30.694942+00:00,2026-08-31T17:49:30.695800+00:00,10.6,floor,-2.3041474654377883,127.0968,0.09216589861750955,-2.3041474654377883,,,2026-08-31T17:47:47.356272+00:00,2026-08-31T17:49:30.694942+00:00,297
2026-08-31,WETO,target+2_floor-1,first,resting,STOP_LIMIT,2026-08-31T13:34:44+00:00,2026-08-31T19:37:17.277000+00:00,0,2026-08-31T15:26:00+00:00,2026-08-31T15:30:11.002000+00:00,12.7,12.953999999999999,12.572999999999999,2026-08-31T15:30:17.133520+00:00,2026-08-31T15:30:17.144831+00:00,12.57,floor,-1.0236220472440867,6.142831,0.0,-1.0236220472440867,,,2026-08-31T15:30:17.133520+00:00,,52
2026-08-31,WETO,target+2_floor-1,first,resting,STOP_LIMIT,2026-08-31T13:34:44+00:00,2026-08-31T19:37:17.277000+00:00,0,2026-08-31T16:19:00+00:00,2026-08-31T16:21:00.223000+00:00,10.7,10.914,10.593,2026-08-31T16:21:01.447384+00:00,2026-08-31T16:21:01.459422+00:00,10.5,floor,-1.8691588785046664,1.236422,0.0,-1.8691588785046664,,,2026-08-31T16:21:01.447384+00:00,,2
2026-08-31,WETO,target+2_floor-1,first,resting,STOP_LIMIT,2026-08-31T13:34:44+00:00,2026-08-31T19:37:17.277000+00:00,0,2026-08-31T16:35:00+00:00,2026-08-31T16:46:07.319000+00:00,10.3,10.506,10.197000000000001,2026-08-31T16:46:11.020049+00:00,2026-08-31T16:46:11.020452+00:00,10.17,floor,-1.2621359223301047,3.701452,0.0,-1.2621359223301047,,,2026-08-31T16:46:11.020049+00:00,,23
2026-08-31,WETO,target+2_floor-1,reclaim,resting,STOP_LIMIT,2026-08-31T13:34:44+00:00,2026-08-31T19:37:17.277000+00:00,1788194760000,2026-08-31T16:49:00+00:00,2026-08-31T16:49:08.164000+00:00,10.9,11.118,10.791,2026-08-31T16:49:34.802843+00:00,2026-08-31T16:49:34.803022+00:00,10.77,floor,-1.1926605504587229,26.639022,1.651376146788988,-1.1926605504587229,2026-08-31T16:49:18.433308+00:00,,2026-08-31T16:49:34.802843+00:00,,172
2026-08-31,WETO,target+2_floor-1,first,resting,STOP_LIMIT,2026-08-31T13:34:44+00:00,2026-08-31T19:37:17.277000+00:00,0,2026-08-31T17:47:00+00:00,2026-08-31T17:47:23.599000+00:00,10.85,11.067,10.7415,2026-08-31T17:47:47.356272+00:00,2026-08-31T17:47:47.356438+00:00,10.73,floor,-1.1059907834101312,23.757438,0.09216589861750955,-1.1059907834101312,,,2026-08-31T17:47:47.356272+00:00,,114
2026-08-31,WETO,target+2_floor+0,first,resting,STOP_LIMIT,2026-08-31T13:34:44+00:00,2026-08-31T19:37:17.277000+00:00,0,2026-08-31T15:26:00+00:00,2026-08-31T15:30:11.002000+00:00,12.7,12.953999999999999,12.7,2026-08-31T15:30:11.173627+00:00,2026-08-31T15:30:11.177131+00:00,12.64,floor,-0.4724409448818797,0.175131,0.0,-0.4724409448818797,,,,,2
2026-08-31,WETO,target+2_floor+0,first,resting,STOP_LIMIT,2026-08-31T13:34:44+00:00,2026-08-31T19:37:17.277000+00:00,0,2026-08-31T16:19:00+00:00,2026-08-31T16:21:00.223000+00:00,10.7,10.914,10.7,2026-08-31T16:21:01.447384+00:00,2026-08-31T16:21:01.459422+00:00,10.5,floor,-1.8691588785046664,1.236422,0.0,-1.8691588785046664,,,2026-08-31T16:21:01.447384+00:00,,2
2026-08-31,WETO,target+2_floor+0,first,resting,STOP_LIMIT,2026-08-31T13:34:44+00:00,2026-08-31T19:37:17.277000+00:00,0,2026-08-31T16:35:00+00:00,2026-08-31T16:46:07.319000+00:00,10.3,10.506,10.3,2026-08-31T16:46:07.683849+00:00,2026-08-31T16:46:07.775345+00:00,10.25,floor,-0.4854368932038904,0.456345,0.0,-0.7766990291262142,,,,,2
2026-08-31,WETO,target+2_floor+0,reclaim,resting,STOP_LIMIT,2026-08-31T13:34:44+00:00,2026-08-31T19:37:17.277000+00:00,1788194760000,2026-08-31T16:49:00+00:00,2026-08-31T16:49:08.164000+00:00,10.9,11.118,10.9,2026-08-31T16:49:08.534766+00:00,2026-08-31T16:49:08.662444+00:00,10.82,floor,-0.733944954128441,0.498444,0.0,-0.733944954128441,,,,,2
2026-08-31,WETO,target+2_floor+0,first,resting,STOP_LIMIT,2026-08-31T13:34:44+00:00,2026-08-31T19:37:17.277000+00:00,0,2026-08-31T17:47:00+00:00,2026-08-31T17:47:23.599000+00:00,10.85,11.067,10.85,2026-08-31T17:47:23.700966+00:00,2026-08-31T17:47:24.670774+00:00,10.8,floor,-0.4608294930875478,1.071774,0.0,-0.4608294930875478,,,,,2
2026-08-31,YDDL,target+1_floor-2,reclaim,reactive,limit,2026-08-31T09:28:39+00:00,2026-08-31T14:57:57.973000+00:00,1788178260000,2026-08-31T12:19:05.799000+00:00,2026-08-31T12:19:05.799000+00:00,2.44,2.4644,2.3912,2026-08-31T12:19:08.442266+00:00,2026-08-31T12:19:08.442608+00:00,2.39,floor,-2.049180327868845,2.643608,0.0,-2.049180327868845,,,2026-08-31T12:19:08.438004+00:00,2026-08-31T12:19:08.442266+00:00,30
2026-08-31,YDDL,target+1_floor-2,first,resting,STOP_LIMIT,2026-08-31T09:28:39+00:00,2026-08-31T14:57:57.973000+00:00,0,2026-08-31T13:32:00+00:00,2026-08-31T13:34:23.180000+00:00,2.49,2.5149000000000004,2.4402000000000004,2026-08-31T13:34:26.907908+00:00,2026-08-31T13:34:26.907908+00:00,2.5149000000000004,target,1.0000000000000058,3.727908,1.2048192771084258,-0.4016064257028205,2026-08-31T13:34:26.907908+00:00,,,,36
2026-08-31,YDDL,target+1_floor-2,first,resting,STOP_LIMIT,2026-08-31T09:28:39+00:00,2026-08-31T14:57:57.973000+00:00,0,2026-08-31T14:21:00+00:00,2026-08-31T14:29:32.217000+00:00,2.44,2.4644,2.3912,2026-08-31T14:30:03.369028+00:00,2026-08-31T14:30:03.369332+00:00,2.39,floor,-2.049180327868845,31.152332,0.0,-2.049180327868845,,,2026-08-31T14:30:03.362775+00:00,2026-08-31T14:30:03.369028+00:00,78
2026-08-31,YDDL,target+1_floor-2,first,resting,STOP_LIMIT,2026-08-31T18:36:26+00:00,2026-08-31T20:12:00.931000+00:00,0,2026-08-31T19:10:00+00:00,2026-08-31T19:10:02.339000+00:00,2.27,2.2927,2.2246,2026-08-31T19:14:04.438024+00:00,2026-08-31T19:14:04.447610+00:00,2.21,floor,-2.643171806167403,242.10861,0.0,-2.643171806167403,,,2026-08-31T19:10:21.283902+00:00,2026-08-31T19:14:04.438024+00:00,143
2026-08-31,YDDL,target+1_floor-1,reclaim,reactive,limit,2026-08-31T09:28:39+00:00,2026-08-31T14:57:57.973000+00:00,1788178260000,2026-08-31T12:19:05.799000+00:00,2026-08-31T12:19:05.799000+00:00,2.44,2.4644,2.4156,2026-08-31T12:19:08.438004+00:00,2026-08-31T12:19:08.438228+00:00,2.42,floor,-0.8196721311475417,2.639228,0.0,-1.2295081967213035,,,2026-08-31T12:19:08.438004+00:00,,17
2026-08-31,YDDL,target+1_floor-1,first,resting,STOP_LIMIT,2026-08-31T09:28:39+00:00,2026-08-31T14:57:57.973000+00:00,0,2026-08-31T13:32:00+00:00,2026-08-31T13:34:23.180000+00:00,2.49,2.5149000000000004,2.4651,2026-08-31T13:34:26.907908+00:00,2026-08-31T13:34:26.907908+00:00,2.5149000000000004,target,1.0000000000000058,3.727908,1.2048192771084258,-0.4016064257028205,2026-08-31T13:34:26.907908+00:00,,,,36
2026-08-31,YDDL,target+1_floor-1,first,resting,STOP_LIMIT,2026-08-31T09:28:39+00:00,2026-08-31T14:57:57.973000+00:00,0,2026-08-31T14:21:00+00:00,2026-08-31T14:29:32.217000+00:00,2.44,2.4644,2.4156,2026-08-31T14:30:03.362775+00:00,2026-08-31T14:30:03.363075+00:00,2.41,floor,-1.2295081967213035,31.146075,0.0,-1.2295081967213035,,,2026-08-31T14:30:03.362775+00:00,,59
2026-08-31,YDDL,target+1_floor-1,first,resting,STOP_LIMIT,2026-08-31T18:36:26+00:00,2026-08-31T20:12:00.931000+00:00,0,2026-08-31T19:10:00+00:00,2026-08-31T19:10:02.339000+00:00,2.27,2.2927,2.2473,2026-08-31T19:10:21.283902+00:00,2026-08-31T19:10:21.295385+00:00,2.25,floor,-0.8810572687224677,18.956385,0.0,-1.3215859030836918,,,2026-08-31T19:10:21.283902+00:00,,36
2026-08-31,YDDL,target+1_floor+0,reclaim,reactive,limit,2026-08-31T09:28:39+00:00,2026-08-31T14:57:57.973000+00:00,1788178260000,2026-08-31T12:19:05.799000+00:00,2026-08-31T12:19:05.799000+00:00,2.44,2.4644,2.44,2026-08-31T12:19:06.864242+00:00,2026-08-31T12:19:06.864502+00:00,2.43,floor,-0.40983606557376173,1.065502,0.0,-0.40983606557376173,,,,,2
2026-08-31,YDDL,target+1_floor+0,first,resting,STOP_LIMIT,2026-08-31T09:28:39+00:00,2026-08-31T14:57:57.973000+00:00,0,2026-08-31T13:32:00+00:00,2026-08-31T13:34:23.180000+00:00,2.49,2.5149000000000004,2.49,2026-08-31T13:34:24.918567+00:00,2026-08-31T13:34:25.228045+00:00,2.48,floor,-0.4016064257028205,2.048045,0.0,-0.4016064257028205,,,,,2
2026-08-31,YDDL,target+1_floor+0,first,resting,STOP_LIMIT,2026-08-31T09:28:39+00:00,2026-08-31T14:57:57.973000+00:00,0,2026-08-31T14:21:00+00:00,2026-08-31T14:29:32.217000+00:00,2.44,2.4644,2.44,2026-08-31T14:29:32.609063+00:00,2026-08-31T14:29:32.609339+00:00,2.42,floor,-0.8196721311475417,0.392339,0.0,-0.8196721311475417,,,,,2
2026-08-31,YDDL,target+1_floor+0,first,resting,STOP_LIMIT,2026-08-31T18:36:26+00:00,2026-08-31T20:12:00.931000+00:00,0,2026-08-31T19:10:00+00:00,2026-08-31T19:10:02.339000+00:00,2.27,2.2927,2.27,2026-08-31T19:10:02.847659+00:00,2026-08-31T19:10:02.873380+00:00,2.26,floor,-0.4405286343612437,0.53438,0.0,-0.4405286343612437,,,,,2
2026-08-31,YDDL,target+2_floor-2,reclaim,reactive,limit,2026-08-31T09:28:39+00:00,2026-08-31T14:57:57.973000+00:00,1788178260000,2026-08-31T12:19:05.799000+00:00,2026-08-31T12:19:05.799000+00:00,2.44,2.4888,2.3912,2026-08-31T12:19:08.442266+00:00,2026-08-31T12:19:08.442608+00:00,2.39,floor,-2.049180327868845,2.643608,0.0,-2.049180327868845,,,2026-08-31T12:19:08.438004+00:00,2026-08-31T12:19:08.442266+00:00,30
2026-08-31,YDDL,target+2_floor-2,first,resting,STOP_LIMIT,2026-08-31T09:28:39+00:00,2026-08-31T14:57:57.973000+00:00,0,2026-08-31T13:32:00+00:00,2026-08-31T13:34:23.180000+00:00,2.49,2.5398,2.4402000000000004,2026-08-31T13:34:26.927768+00:00,2026-08-31T13:34:26.927768+00:00,2.5398,target,1.9999999999999933,3.747768,2.0080321285140488,-0.4016064257028205,2026-08-31T13:34:26.907908+00:00,2026-08-31T13:34:26.927768+00:00,,,84
2026-08-31,YDDL,target+2_floor-2,first,resting,STOP_LIMIT,2026-08-31T09:28:39+00:00,2026-08-31T14:57:57.973000+00:00,0,2026-08-31T14:21:00+00:00,2026-08-31T14:29:32.217000+00:00,2.44,2.4888,2.3912,2026-08-31T14:30:03.369028+00:00,2026-08-31T14:30:03.369332+00:00,2.39,floor,-2.049180327868845,31.152332,0.0,-2.049180327868845,,,2026-08-31T14:30:03.362775+00:00,2026-08-31T14:30:03.369028+00:00,78
2026-08-31,YDDL,target+2_floor-2,first,resting,STOP_LIMIT,2026-08-31T18:36:26+00:00,2026-08-31T20:12:00.931000+00:00,0,2026-08-31T19:10:00+00:00,2026-08-31T19:10:02.339000+00:00,2.27,2.3154,2.2246,2026-08-31T19:14:04.438024+00:00,2026-08-31T19:14:04.447610+00:00,2.21,floor,-2.643171806167403,242.10861,0.0,-2.643171806167403,,,2026-08-31T19:10:21.283902+00:00,2026-08-31T19:14:04.438024+00:00,143
2026-08-31,YDDL,target+2_floor-1,reclaim,reactive,limit,2026-08-31T09:28:39+00:00,2026-08-31T14:57:57.973000+00:00,1788178260000,2026-08-31T12:19:05.799000+00:00,2026-08-31T12:19:05.799000+00:00,2.44,2.4888,2.4156,2026-08-31T12:19:08.438004+00:00,2026-08-31T12:19:08.438228+00:00,2.42,floor,-0.8196721311475417,2.639228,0.0,-1.2295081967213035,,,2026-08-31T12:19:08.438004+00:00,,17
2026-08-31,YDDL,target+2_floor-1,first,resting,STOP_LIMIT,2026-08-31T09:28:39+00:00,2026-08-31T14:57:57.973000+00:00,0,2026-08-31T13:32:00+00:00,2026-08-31T13:34:23.180000+00:00,2.49,2.5398,2.4651,2026-08-31T13:34:26.927768+00:00,2026-08-31T13:34:26.927768+00:00,2.5398,target,1.9999999999999933,3.747768,2.0080321285140488,-0.4016064257028205,2026-08-31T13:34:26.907908+00:00,2026-08-31T13:34:26.927768+00:00,,,84
2026-08-31,YDDL,target+2_floor-1,first,resting,STOP_LIMIT,2026-08-31T09:28:39+00:00,2026-08-31T14:57:57.973000+00:00,0,2026-08-31T14:21:00+00:00,2026-08-31T14:29:32.217000+00:00,2.44,2.4888,2.4156,2026-08-31T14:30:03.362775+00:00,2026-08-31T14:30:03.363075+00:00,2.41,floor,-1.2295081967213035,31.146075,0.0,-1.2295081967213035,,,2026-08-31T14:30:03.362775+00:00,,59
2026-08-31,YDDL,target+2_floor-1,first,resting,STOP_LIMIT,2026-08-31T18:36:26+00:00,2026-08-31T20:12:00.931000+00:00,0,2026-08-31T19:10:00+00:00,2026-08-31T19:10:02.339000+00:00,2.27,2.3154,2.2473,2026-08-31T19:10:21.283902+00:00,2026-08-31T19:10:21.295385+00:00,2.25,floor,-0.8810572687224677,18.956385,0.0,-1.3215859030836918,,,2026-08-31T19:10:21.283902+00:00,,36
2026-08-31,YDDL,target+2_floor+0,reclaim,reactive,limit,2026-08-31T09:28:39+00:00,2026-08-31T14:57:57.973000+00:00,1788178260000,2026-08-31T12:19:05.799000+00:00,2026-08-31T12:19:05.799000+00:00,2.44,2.4888,2.44,2026-08-31T12:19:06.864242+00:00,2026-08-31T12:19:06.864502+00:00,2.43,floor,-0.40983606557376173,1.065502,0.0,-0.40983606557376173,,,,,2
2026-08-31,YDDL,target+2_floor+0,first,resting,STOP_LIMIT,2026-08-31T09:28:39+00:00,2026-08-31T14:57:57.973000+00:00,0,2026-08-31T13:32:00+00:00,2026-08-31T13:34:23.180000+00:00,2.49,2.5398,2.49,2026-08-31T13:34:24.918567+00:00,2026-08-31T13:34:25.228045+00:00,2.48,floor,-0.4016064257028205,2.048045,0.0,-0.4016064257028205,,,,,2
2026-08-31,YDDL,target+2_floor+0,first,resting,STOP_LIMIT,2026-08-31T09:28:39+00:00,2026-08-31T14:57:57.973000+00:00,0,2026-08-31T14:21:00+00:00,2026-08-31T14:29:32.217000+00:00,2.44,2.4888,2.44,2026-08-31T14:29:32.609063+00:00,2026-08-31T14:29:32.609339+00:00,2.42,floor,-0.8196721311475417,0.392339,0.0,-0.8196721311475417,,,,,2
2026-08-31,YDDL,target+2_floor+0,first,resting,STOP_LIMIT,2026-08-31T18:36:26+00:00,2026-08-31T20:12:00.931000+00:00,0,2026-08-31T19:10:00+00:00,2026-08-31T19:10:02.339000+00:00,2.27,2.3154,2.27,2026-08-31T19:10:02.847659+00:00,2026-08-31T19:10:02.873380+00:00,2.26,floor,-0.4405286343612437,0.53438,0.0,-0.4405286343612437,,,,,2
2026-09-01,BIAF,target+1_floor-2,first,resting,limit,2026-09-01T12:07:07+00:00,,0,2026-09-01T13:00:26.214000+00:00,2026-09-01T13:00:26.214000+00:00,6.7,6.767,6.566,2026-09-01T13:01:40.447864+00:00,2026-09-01T13:01:40.464534+00:00,6.55,floor,-2.238805970149259,74.250534,0.4477611940298544,-2.238805970149259,,,2026-09-01T13:01:28.307592+00:00,2026-09-01T13:01:40.447864+00:00,522
2026-09-01,BIAF,target+1_floor-2,first,resting,limit,2026-09-01T12:07:07+00:00,,0,2026-09-01T13:02:22.382000+00:00,2026-09-01T13:02:22.382000+00:00,6.7,6.767,6.566,2026-09-01T13:03:27.497898+00:00,2026-09-01T13:03:27.499127+00:00,6.56,floor,-2.0895522388059784,65.117127,0.5970149253731348,-2.0895522388059784,,,2026-09-01T13:03:13.080815+00:00,2026-09-01T13:03:27.497898+00:00,436
2026-09-01,BIAF,target+1_floor-2,reclaim,reactive,limit,2026-09-01T12:07:07+00:00,,1788267720000,2026-09-01T13:07:47.323000+00:00,2026-09-01T13:07:47.323000+00:00,6.82,6.8882,6.6836,2026-09-01T13:08:23.012496+00:00,2026-09-01T13:08:23.012496+00:00,6.8882,target,1.0000000000000004,35.689496,1.026392961876824,-1.31964809384164,2026-09-01T13:08:23.012496+00:00,,2026-09-01T13:07:47.843293+00:00,,472
2026-09-01,BIAF,target+1_floor-2,first,resting,STOP_LIMIT,2026-09-01T12:07:07+00:00,,0,2026-09-01T15:31:00+00:00,2026-09-01T15:31:53.572000+00:00,6.6,6.6659999999999995,6.468,2026-09-01T15:33:19.820746+00:00,2026-09-01T15:33:19.820746+00:00,6.6659999999999995,target,0.9999999999999976,86.248746,1.060606060606065,-1.5151515151515098,2026-09-01T15:33:19.820746+00:00,,2026-09-01T15:31:54.272293+00:00,,233
2026-09-01,BIAF,target+1_floor-2,reclaim,resting,STOP_LIMIT,2026-09-01T12:07:07+00:00,,1788276660000,2026-09-01T15:34:00+00:00,2026-09-01T15:34:09.703000+00:00,6.8,6.867999999999999,6.664,2026-09-01T15:34:23.031626+00:00,2026-09-01T15:34:23.032807+00:00,6.65,floor,-2.2058823529411686,13.329807,0.0,-2.2058823529411686,,,2026-09-01T15:34:11.507038+00:00,2026-09-01T15:34:23.031626+00:00,107
2026-09-01,BIAF,target+1_floor-2,first,resting,STOP_LIMIT,2026-09-01T12:07:07+00:00,,0,2026-09-01T16:38:00+00:00,2026-09-01T16:39:33.085000+00:00,6.53,6.5953,6.3994,2026-09-01T16:39:40.872931+00:00,2026-09-01T16:39:40.873136+00:00,6.42,floor,-1.68453292496172,7.788136,0.0,-2.6033690658499222,,,2026-09-01T16:39:40.869534+00:00,2026-09-01T16:39:40.872931+00:00,42
2026-09-01,BIAF,target+1_floor-2,reclaim,resting,STOP_LIMIT,2026-09-01T12:07:07+00:00,,1788280920000,2026-09-01T16:46:00+00:00,2026-09-01T16:47:38.131000+00:00,6.62,6.6862,6.4876,2026-09-01T16:47:48.436542+00:00,2026-09-01T16:47:48.436733+00:00,6.51,floor,-1.6616314199395819,10.305733,0.0,-2.567975830815709,,,2026-09-01T16:47:39.206912+00:00,2026-09-01T16:47:48.436542+00:00,18
2026-09-01,BIAF,target+1_floor-2,first,resting,STOP_LIMIT,2026-09-01T12:07:07+00:00,,0,2026-09-01T18:30:00+00:00,2026-09-01T18:30:13.361000+00:00,6.75,6.8175,6.615,2026-09-01T18:33:35.229556+00:00,2026-09-01T18:33:35.229717+00:00,6.61,floor,-2.0740740740740695,201.868717,0.29629629629629,-2.0740740740740695,,,2026-09-01T18:30:15.044109+00:00,2026-09-01T18:33:35.229556+00:00,341
2026-09-01,BIAF,target+1_floor-2,reclaim,resting,STOP_LIMIT,2026-09-01T12:07:07+00:00,,1788288540000,2026-09-01T18:52:00+00:00,2026-09-01T19:06:47.347000+00:00,6.85,6.9185,6.712999999999999,2026-09-01T19:07:10.559547+00:00,2026-09-01T19:07:10.695339+00:00,6.71,floor,-2.0437956204379515,23.348339,0.43795620437956573,-2.0437956204379515,,,2026-09-01T19:06:47.358353+00:00,2026-09-01T19:07:10.559547+00:00,95
2026-09-01,BIAF,target+1_floor-1,first,resting,limit,2026-09-01T12:07:07+00:00,,0,2026-09-01T13:00:26.214000+00:00,2026-09-01T13:00:26.214000+00:00,6.7,6.767,6.633,2026-09-01T13:01:28.307592+00:00,2026-09-01T13:01:28.307845+00:00,6.63,floor,-1.0447761194029892,62.093845,0.4477611940298544,-1.0447761194029892,,,2026-09-01T13:01:28.307592+00:00,,459
2026-09-01,BIAF,target+1_floor-1,first,resting,limit,2026-09-01T12:07:07+00:00,,0,2026-09-01T13:02:22.382000+00:00,2026-09-01T13:02:22.382000+00:00,6.7,6.767,6.633,2026-09-01T13:03:13.080815+00:00,2026-09-01T13:03:13.081039+00:00,6.63,floor,-1.0447761194029892,50.699039,0.5970149253731348,-1.0447761194029892,,,2026-09-01T13:03:13.080815+00:00,,362
2026-09-01,BIAF,target+1_floor-1,reclaim,reactive,limit,2026-09-01T12:07:07+00:00,,1788267720000,2026-09-01T13:07:47.323000+00:00,2026-09-01T13:07:47.323000+00:00,6.82,6.8882,6.7518,2026-09-01T13:07:47.843293+00:00,2026-09-01T13:07:47.852627+00:00,6.73,floor,-1.31964809384164,0.529627,0.0,-1.31964809384164,,,2026-09-01T13:07:47.843293+00:00,,2
2026-09-01,BIAF,target+1_floor-1,first,resting,STOP_LIMIT,2026-09-01T12:07:07+00:00,,0,2026-09-01T15:31:00+00:00,2026-09-01T15:31:53.572000+00:00,6.6,6.6659999999999995,6.534,2026-09-01T15:31:54.272293+00:00,2026-09-01T15:31:54.272601+00:00,6.51,floor,-1.3636363636363615,0.700601,0.0,-1.3636363636363615,,,2026-09-01T15:31:54.272293+00:00,,2
2026-09-01,BIAF,target+1_floor-1,reclaim,resting,STOP_LIMIT,2026-09-01T12:07:07+00:00,,1788276660000,2026-09-01T15:34:00+00:00,2026-09-01T15:34:09.703000+00:00,6.8,6.867999999999999,6.732,2026-09-01T15:34:11.507038+00:00,2026-09-01T15:34:11.507903+00:00,6.73,floor,-1.0294117647058736,1.804903,0.0,-1.0294117647058736,,,2026-09-01T15:34:11.507038+00:00,,36
2026-09-01,BIAF,target+1_floor-1,first,resting,STOP_LIMIT,2026-09-01T12:07:07+00:00,,0,2026-09-01T16:38:00+00:00,2026-09-01T16:39:33.085000+00:00,6.53,6.5953,6.464700000000001,2026-09-01T16:39:40.869534+00:00,2026-09-01T16:39:40.870257+00:00,6.41,floor,-1.8376722817764182,7.785257,0.0,-1.8376722817764182,,,2026-09-01T16:39:40.869534+00:00,,33
2026-09-01,BIAF,target+1_floor-1,reclaim,resting,STOP_LIMIT,2026-09-01T12:07:07+00:00,,1788280920000,2026-09-01T16:46:00+00:00,2026-09-01T16:47:38.131000+00:00,6.62,6.6862,6.5538,2026-09-01T16:47:39.206912+00:00,2026-09-01T16:47:39.207212+00:00,6.53,floor,-1.3595166163141972,1.076212,0.0,-1.3595166163141972,,,2026-09-01T16:47:39.206912+00:00,,2
2026-09-01,BIAF,target+1_floor-1,first,resting,STOP_LIMIT,2026-09-01T12:07:07+00:00,,0,2026-09-01T18:30:00+00:00,2026-09-01T18:30:13.361000+00:00,6.75,6.8175,6.6825,2026-09-01T18:30:15.044109+00:00,2026-09-01T18:30:19.281452+00:00,6.69,floor,-0.8888888888888832,5.920452,0.0,-1.481481481481476,,,2026-09-01T18:30:15.044109+00:00,,2
2026-09-01,BIAF,target+1_floor-1,reclaim,resting,STOP_LIMIT,2026-09-01T12:07:07+00:00,,1788288540000,2026-09-01T18:52:00+00:00,2026-09-01T19:06:47.347000+00:00,6.85,6.9185,6.781499999999999,2026-09-01T19:06:47.358353+00:00,2026-09-01T19:06:47.442329+00:00,6.75,floor,-1.459854014598535,0.095329,0.0,-1.459854014598535,,,2026-09-01T19:06:47.358353+00:00,,2
2026-09-01,BIAF,target+1_floor+0,first,resting,limit,2026-09-01T12:07:07+00:00,,0,2026-09-01T13:00:26.214000+00:00,2026-09-01T13:00:26.214000+00:00,6.7,6.767,6.7,2026-09-01T13:00:26.445252+00:00,2026-09-01T13:00:26.827384+00:00,6.69,floor,-0.1492537313432804,0.613384,0.0,-0.1492537313432804,,,,,2
2026-09-01,BIAF,target+1_floor+0,first,resting,limit,2026-09-01T12:07:07+00:00,,0,2026-09-01T13:02:22.382000+00:00,2026-09-01T13:02:22.382000+00:00,6.7,6.767,6.7,2026-09-01T13:02:22.391635+00:00,2026-09-01T13:02:22.493924+00:00,6.7,floor,0.0,0.111924,0.0,-0.2985074626865741,,,,,2
2026-09-01,BIAF,target+1_floor+0,reclaim,reactive,limit,2026-09-01T12:07:07+00:00,,1788267720000,2026-09-01T13:07:47.323000+00:00,2026-09-01T13:07:47.323000+00:00,6.82,6.8882,6.82,2026-09-01T13:07:47.843293+00:00,2026-09-01T13:07:47.852627+00:00,6.73,floor,-1.31964809384164,0.529627,0.0,-1.31964809384164,,,2026-09-01T13:07:47.843293+00:00,,2
2026-09-01,BIAF,target+1_floor+0,first,resting,STOP_LIMIT,2026-09-01T12:07:07+00:00,,0,2026-09-01T15:31:00+00:00,2026-09-01T15:31:53.572000+00:00,6.6,6.6659999999999995,6.6,2026-09-01T15:31:54.272293+00:00,2026-09-01T15:31:54.272601+00:00,6.51,floor,-1.3636363636363615,0.700601,0.0,-1.3636363636363615,,,2026-09-01T15:31:54.272293+00:00,,2
2026-09-01,BIAF,target+1_floor+0,reclaim,resting,STOP_LIMIT,2026-09-01T12:07:07+00:00,,1788276660000,2026-09-01T15:34:00+00:00,2026-09-01T15:34:09.703000+00:00,6.8,6.867999999999999,6.8,2026-09-01T15:34:10.098149+00:00,2026-09-01T15:34:10.155236+00:00,6.79,floor,-0.14705882352940863,0.452236,0.0,-0.7352941176470562,,,,,2
2026-09-01,BIAF,target+1_floor+0,first,resting,STOP_LIMIT,2026-09-01T12:07:07+00:00,,0,2026-09-01T16:38:00+00:00,2026-09-01T16:39:33.085000+00:00,6.53,6.5953,6.53,2026-09-01T16:39:33.149343+00:00,2026-09-01T16:39:33.150322+00:00,6.47,floor,-0.9188361408882159,0.065322,0.0,-0.9188361408882159,,,,,2
2026-09-01,BIAF,target+1_floor+0,reclaim,resting,STOP_LIMIT,2026-09-01T12:07:07+00:00,,1788280920000,2026-09-01T16:46:00+00:00,2026-09-01T16:47:38.131000+00:00,6.62,6.6862,6.62,2026-09-01T16:47:39.206912+00:00,2026-09-01T16:47:39.207212+00:00,6.53,floor,-1.3595166163141972,1.076212,0.0,-1.3595166163141972,,,2026-09-01T16:47:39.206912+00:00,,2
2026-09-01,BIAF,target+1_floor+0,first,resting,STOP_LIMIT,2026-09-01T12:07:07+00:00,,0,2026-09-01T18:30:00+00:00,2026-09-01T18:30:13.361000+00:00,6.75,6.8175,6.75,2026-09-01T18:30:15.044109+00:00,2026-09-01T18:30:19.281452+00:00,6.69,floor,-0.8888888888888832,5.920452,0.0,-1.481481481481476,,,2026-09-01T18:30:15.044109+00:00,,2
2026-09-01,BIAF,target+1_floor+0,reclaim,resting,STOP_LIMIT,2026-09-01T12:07:07+00:00,,1788288540000,2026-09-01T18:52:00+00:00,2026-09-01T19:06:47.347000+00:00,6.85,6.9185,6.85,2026-09-01T19:06:47.358353+00:00,2026-09-01T19:06:47.442329+00:00,6.75,floor,-1.459854014598535,0.095329,0.0,-1.459854014598535,,,2026-09-01T19:06:47.358353+00:00,,2
2026-09-01,BIAF,target+2_floor-2,first,resting,limit,2026-09-01T12:07:07+00:00,,0,2026-09-01T13:00:26.214000+00:00,2026-09-01T13:00:26.214000+00:00,6.7,6.8340000000000005,6.566,2026-09-01T13:01:40.447864+00:00,2026-09-01T13:01:40.464534+00:00,6.55,floor,-2.238805970149259,74.250534,0.4477611940298544,-2.238805970149259,,,2026-09-01T13:01:28.307592+00:00,2026-09-01T13:01:40.447864+00:00,522
2026-09-01,BIAF,target+2_floor-2,first,resting,limit,2026-09-01T12:07:07+00:00,,0,2026-09-01T13:02:22.382000+00:00,2026-09-01T13:02:22.382000+00:00,6.7,6.8340000000000005,6.566,2026-09-01T13:03:27.497898+00:00,2026-09-01T13:03:27.499127+00:00,6.56,floor,-2.0895522388059784,65.117127,0.5970149253731348,-2.0895522388059784,,,2026-09-01T13:03:13.080815+00:00,2026-09-01T13:03:27.497898+00:00,436
2026-09-01,BIAF,target+2_floor-2,reclaim,reactive,limit,2026-09-01T12:07:07+00:00,,1788267720000,2026-09-01T13:07:47.323000+00:00,2026-09-01T13:07:47.323000+00:00,6.82,6.9564,6.6836,2026-09-01T13:13:36.432673+00:00,2026-09-01T13:13:36.433212+00:00,6.67,floor,-2.1994134897360755,349.110212,1.7595307917888579,-2.1994134897360755,2026-09-01T13:08:23.012496+00:00,,2026-09-01T13:07:47.843293+00:00,2026-09-01T13:13:36.432673+00:00,2092
2026-09-01,BIAF,target+2_floor-2,first,resting,STOP_LIMIT,2026-09-01T12:07:07+00:00,,0,2026-09-01T15:31:00+00:00,2026-09-01T15:31:53.572000+00:00,6.6,6.731999999999999,6.468,2026-09-01T15:33:22.544201+00:00,2026-09-01T15:33:22.544201+00:00,6.731999999999999,target,1.9999999999999951,88.972201,2.12121212121213,-1.5151515151515098,2026-09-01T15:33:19.820746+00:00,2026-09-01T15:33:22.544201+00:00,2026-09-01T15:31:54.272293+00:00,,492
2026-09-01,BIAF,target+2_floor-2,reclaim,resting,STOP_LIMIT,2026-09-01T12:07:07+00:00,,1788276660000,2026-09-01T15:34:00+00:00,2026-09-01T15:34:09.703000+00:00,6.8,6.936,6.664,2026-09-01T15:34:23.031626+00:00,2026-09-01T15:34:23.032807+00:00,6.65,floor,-2.2058823529411686,13.329807,0.0,-2.2058823529411686,,,2026-09-01T15:34:11.507038+00:00,2026-09-01T15:34:23.031626+00:00,107
2026-09-01,BIAF,target+2_floor-2,first,resting,STOP_LIMIT,2026-09-01T12:07:07+00:00,,0,2026-09-01T16:38:00+00:00,2026-09-01T16:39:33.085000+00:00,6.53,6.6606000000000005,6.3994,2026-09-01T16:39:40.872931+00:00,2026-09-01T16:39:40.873136+00:00,6.42,floor,-1.68453292496172,7.788136,0.0,-2.6033690658499222,,,2026-09-01T16:39:40.869534+00:00,2026-09-01T16:39:40.872931+00:00,42
2026-09-01,BIAF,target+2_floor-2,reclaim,resting,STOP_LIMIT,2026-09-01T12:07:07+00:00,,1788280920000,2026-09-01T16:46:00+00:00,2026-09-01T16:47:38.131000+00:00,6.62,6.752400000000001,6.4876,2026-09-01T16:47:48.436542+00:00,2026-09-01T16:47:48.436733+00:00,6.51,floor,-1.6616314199395819,10.305733,0.0,-2.567975830815709,,,2026-09-01T16:47:39.206912+00:00,2026-09-01T16:47:48.436542+00:00,18
2026-09-01,BIAF,target+2_floor-2,first,resting,STOP_LIMIT,2026-09-01T12:07:07+00:00,,0,2026-09-01T18:30:00+00:00,2026-09-01T18:30:13.361000+00:00,6.75,6.885,6.615,2026-09-01T18:33:35.229556+00:00,2026-09-01T18:33:35.229717+00:00,6.61,floor,-2.0740740740740695,201.868717,0.29629629629629,-2.0740740740740695,,,2026-09-01T18:30:15.044109+00:00,2026-09-01T18:33:35.229556+00:00,341
2026-09-01,BIAF,target+2_floor-2,reclaim,resting,STOP_LIMIT,2026-09-01T12:07:07+00:00,,1788288540000,2026-09-01T18:52:00+00:00,2026-09-01T19:06:47.347000+00:00,6.85,6.987,6.712999999999999,2026-09-01T19:07:10.559547+00:00,2026-09-01T19:07:10.695339+00:00,6.71,floor,-2.0437956204379515,23.348339,0.43795620437956573,-2.0437956204379515,,,2026-09-01T19:06:47.358353+00:00,2026-09-01T19:07:10.559547+00:00,95
2026-09-01,BIAF,target+2_floor-1,first,resting,limit,2026-09-01T12:07:07+00:00,,0,2026-09-01T13:00:26.214000+00:00,2026-09-01T13:00:26.214000+00:00,6.7,6.8340000000000005,6.633,2026-09-01T13:01:28.307592+00:00,2026-09-01T13:01:28.307845+00:00,6.63,floor,-1.0447761194029892,62.093845,0.4477611940298544,-1.0447761194029892,,,2026-09-01T13:01:28.307592+00:00,,459
2026-09-01,BIAF,target+2_floor-1,first,resting,limit,2026-09-01T12:07:07+00:00,,0,2026-09-01T13:02:22.382000+00:00,2026-09-01T13:02:22.382000+00:00,6.7,6.8340000000000005,6.633,2026-09-01T13:03:13.080815+00:00,2026-09-01T13:03:13.081039+00:00,6.63,floor,-1.0447761194029892,50.699039,0.5970149253731348,-1.0447761194029892,,,2026-09-01T13:03:13.080815+00:00,,362
2026-09-01,BIAF,target+2_floor-1,reclaim,reactive,limit,2026-09-01T12:07:07+00:00,,1788267720000,2026-09-01T13:07:47.323000+00:00,2026-09-01T13:07:47.323000+00:00,6.82,6.9564,6.7518,2026-09-01T13:07:47.843293+00:00,2026-09-01T13:07:47.852627+00:00,6.73,floor,-1.31964809384164,0.529627,0.0,-1.31964809384164,,,2026-09-01T13:07:47.843293+00:00,,2
2026-09-01,BIAF,target+2_floor-1,first,resting,STOP_LIMIT,2026-09-01T12:07:07+00:00,,0,2026-09-01T15:31:00+00:00,2026-09-01T15:31:53.572000+00:00,6.6,6.731999999999999,6.534,2026-09-01T15:31:54.272293+00:00,2026-09-01T15:31:54.272601+00:00,6.51,floor,-1.3636363636363615,0.700601,0.0,-1.3636363636363615,,,2026-09-01T15:31:54.272293+00:00,,2
2026-09-01,BIAF,target+2_floor-1,reclaim,resting,STOP_LIMIT,2026-09-01T12:07:07+00:00,,1788276660000,2026-09-01T15:34:00+00:00,2026-09-01T15:34:09.703000+00:00,6.8,6.936,6.732,2026-09-01T15:34:11.507038+00:00,2026-09-01T15:34:11.507903+00:00,6.73,floor,-1.0294117647058736,1.804903,0.0,-1.0294117647058736,,,2026-09-01T15:34:11.507038+00:00,,36
2026-09-01,BIAF,target+2_floor-1,first,resting,STOP_LIMIT,2026-09-01T12:07:07+00:00,,0,2026-09-01T16:38:00+00:00,2026-09-01T16:39:33.085000+00:00,6.53,6.6606000000000005,6.464700000000001,2026-09-01T16:39:40.869534+00:00,2026-09-01T16:39:40.870257+00:00,6.41,floor,-1.8376722817764182,7.785257,0.0,-1.8376722817764182,,,2026-09-01T16:39:40.869534+00:00,,33
2026-09-01,BIAF,target+2_floor-1,reclaim,resting,STOP_LIMIT,2026-09-01T12:07:07+00:00,,1788280920000,2026-09-01T16:46:00+00:00,2026-09-01T16:47:38.131000+00:00,6.62,6.752400000000001,6.5538,2026-09-01T16:47:39.206912+00:00,2026-09-01T16:47:39.207212+00:00,6.53,floor,-1.3595166163141972,1.076212,0.0,-1.3595166163141972,,,2026-09-01T16:47:39.206912+00:00,,2
2026-09-01,BIAF,target+2_floor-1,first,resting,STOP_LIMIT,2026-09-01T12:07:07+00:00,,0,2026-09-01T18:30:00+00:00,2026-09-01T18:30:13.361000+00:00,6.75,6.885,6.6825,2026-09-01T18:30:15.044109+00:00,2026-09-01T18:30:19.281452+00:00,6.69,floor,-0.8888888888888832,5.920452,0.0,-1.481481481481476,,,2026-09-01T18:30:15.044109+00:00,,2
2026-09-01,BIAF,target+2_floor-1,reclaim,resting,STOP_LIMIT,2026-09-01T12:07:07+00:00,,1788288540000,2026-09-01T18:52:00+00:00,2026-09-01T19:06:47.347000+00:00,6.85,6.987,6.781499999999999,2026-09-01T19:06:47.358353+00:00,2026-09-01T19:06:47.442329+00:00,6.75,floor,-1.459854014598535,0.095329,0.0,-1.459854014598535,,,2026-09-01T19:06:47.358353+00:00,,2
2026-09-01,BIAF,target+2_floor+0,first,resting,limit,2026-09-01T12:07:07+00:00,,0,2026-09-01T13:00:26.214000+00:00,2026-09-01T13:00:26.214000+00:00,6.7,6.8340000000000005,6.7,2026-09-01T13:00:26.445252+00:00,2026-09-01T13:00:26.827384+00:00,6.69,floor,-0.1492537313432804,0.613384,0.0,-0.1492537313432804,,,,,2
2026-09-01,BIAF,target+2_floor+0,first,resting,limit,2026-09-01T12:07:07+00:00,,0,2026-09-01T13:02:22.382000+00:00,2026-09-01T13:02:22.382000+00:00,6.7,6.8340000000000005,6.7,2026-09-01T13:02:22.391635+00:00,2026-09-01T13:02:22.493924+00:00,6.7,floor,0.0,0.111924,0.0,-0.2985074626865741,,,,,2
2026-09-01,BIAF,target+2_floor+0,reclaim,reactive,limit,2026-09-01T12:07:07+00:00,,1788267720000,2026-09-01T13:07:47.323000+00:00,2026-09-01T13:07:47.323000+00:00,6.82,6.9564,6.82,2026-09-01T13:07:47.843293+00:00,2026-09-01T13:07:47.852627+00:00,6.73,floor,-1.31964809384164,0.529627,0.0,-1.31964809384164,,,2026-09-01T13:07:47.843293+00:00,,2
2026-09-01,BIAF,target+2_floor+0,first,resting,STOP_LIMIT,2026-09-01T12:07:07+00:00,,0,2026-09-01T15:31:00+00:00,2026-09-01T15:31:53.572000+00:00,6.6,6.731999999999999,6.6,2026-09-01T15:31:54.272293+00:00,2026-09-01T15:31:54.272601+00:00,6.51,floor,-1.3636363636363615,0.700601,0.0,-1.3636363636363615,,,2026-09-01T15:31:54.272293+00:00,,2
2026-09-01,BIAF,target+2_floor+0,reclaim,resting,STOP_LIMIT,2026-09-01T12:07:07+00:00,,1788276660000,2026-09-01T15:34:00+00:00,2026-09-01T15:34:09.703000+00:00,6.8,6.936,6.8,2026-09-01T15:34:10.098149+00:00,2026-09-01T15:34:10.155236+00:00,6.79,floor,-0.14705882352940863,0.452236,0.0,-0.7352941176470562,,,,,2
2026-09-01,BIAF,target+2_floor+0,first,resting,STOP_LIMIT,2026-09-01T12:07:07+00:00,,0,2026-09-01T16:38:00+00:00,2026-09-01T16:39:33.085000+00:00,6.53,6.6606000000000005,6.53,2026-09-01T16:39:33.149343+00:00,2026-09-01T16:39:33.150322+00:00,6.47,floor,-0.9188361408882159,0.065322,0.0,-0.9188361408882159,,,,,2
2026-09-01,BIAF,target+2_floor+0,reclaim,resting,STOP_LIMIT,2026-09-01T12:07:07+00:00,,1788280920000,2026-09-01T16:46:00+00:00,2026-09-01T16:47:38.131000+00:00,6.62,6.752400000000001,6.62,2026-09-01T16:47:39.206912+00:00,2026-09-01T16:47:39.207212+00:00,6.53,floor,-1.3595166163141972,1.076212,0.0,-1.3595166163141972,,,2026-09-01T16:47:39.206912+00:00,,2
2026-09-01,BIAF,target+2_floor+0,first,resting,STOP_LIMIT,2026-09-01T12:07:07+00:00,,0,2026-09-01T18:30:00+00:00,2026-09-01T18:30:13.361000+00:00,6.75,6.885,6.75,2026-09-01T18:30:15.044109+00:00,2026-09-01T18:30:19.281452+00:00,6.69,floor,-0.8888888888888832,5.920452,0.0,-1.481481481481476,,,2026-09-01T18:30:15.044109+00:00,,2
2026-09-01,BIAF,target+2_floor+0,reclaim,resting,STOP_LIMIT,2026-09-01T12:07:07+00:00,,1788288540000,2026-09-01T18:52:00+00:00,2026-09-01T19:06:47.347000+00:00,6.85,6.987,6.85,2026-09-01T19:06:47.358353+00:00,2026-09-01T19:06:47.442329+00:00,6.75,floor,-1.459854014598535,0.095329,0.0,-1.459854014598535,,,2026-09-01T19:06:47.358353+00:00,,2
2026-09-01,FLYE,target+1_floor-2,first,resting,STOP_LIMIT,2026-09-01T15:23:09+00:00,,0,2026-09-01T15:37:00+00:00,2026-09-01T15:37:54.135000+00:00,1.89,1.9088999999999998,1.8521999999999998,2026-09-01T15:38:07.693311+00:00,2026-09-01T15:38:07.693593+00:00,1.85,floor,-2.1164021164021065,13.558593,0.0,-2.1164021164021065,,,2026-09-01T15:38:00.666707+00:00,2026-09-01T15:38:07.693311+00:00,56
2026-09-01,FLYE,target+1_floor-2,reclaim,resting,STOP_LIMIT,2026-09-01T15:23:09+00:00,,1788277020000,2026-09-01T15:40:00+00:00,2026-09-01T15:41:13.048000+00:00,1.89,1.9088999999999998,1.8521999999999998,2026-09-01T15:43:23.232309+00:00,2026-09-01T15:43:23.232992+00:00,1.85,floor,-2.1164021164021065,130.184992,0.0,-2.1164021164021065,,,2026-09-01T15:41:16.031787+00:00,2026-09-01T15:43:23.232309+00:00,136
2026-09-01,FLYE,target+1_floor-2,reclaim,resting,STOP_LIMIT,2026-09-01T15:23:09+00:00,,1788284880000,2026-09-01T17:51:00+00:00,2026-09-01T17:57:53.300000+00:00,2.1,2.121,2.058,2026-09-01T17:59:40.901644+00:00,2026-09-01T17:59:40.901841+00:00,2.05,floor,-2.380952380952394,107.601841,0.476190476190466,-2.380952380952394,,,2026-09-01T17:59:04.496712+00:00,2026-09-01T17:59:40.901644+00:00,285
2026-09-01,FLYE,target+1_floor-1,first,resting,STOP_LIMIT,2026-09-01T15:23:09+00:00,,0,2026-09-01T15:37:00+00:00,2026-09-01T15:37:54.135000+00:00,1.89,1.9088999999999998,1.8711,2026-09-01T15:38:00.666707+00:00,2026-09-01T15:38:00.666971+00:00,1.87,floor,-1.0582010582010475,6.531971,0.0,-1.0582010582010475,,,2026-09-01T15:38:00.666707+00:00,,6
2026-09-01,FLYE,target+1_floor-1,reclaim,resting,STOP_LIMIT,2026-09-01T15:23:09+00:00,,1788277020000,2026-09-01T15:40:00+00:00,2026-09-01T15:41:13.048000+00:00,1.89,1.9088999999999998,1.8711,2026-09-01T15:41:16.031787+00:00,2026-09-01T15:41:20.798883+00:00,1.88,floor,-0.5291005291005296,7.750883,0.0,-1.0582010582010475,,,2026-09-01T15:41:16.031787+00:00,,3
2026-09-01,FLYE,target+1_floor-1,reclaim,resting,STOP_LIMIT,2026-09-01T15:23:09+00:00,,1788284880000,2026-09-01T17:51:00+00:00,2026-09-01T17:57:53.300000+00:00,2.1,2.121,2.079,2026-09-01T17:59:04.496712+00:00,2026-09-01T17:59:04.497235+00:00,2.07,floor,-1.4285714285714404,71.197235,0.476190476190466,-1.4285714285714404,,,2026-09-01T17:59:04.496712+00:00,,225
2026-09-01,FLYE,target+1_floor+0,first,resting,STOP_LIMIT,2026-09-01T15:23:09+00:00,,0,2026-09-01T15:37:00+00:00,2026-09-01T15:37:54.135000+00:00,1.89,1.9088999999999998,1.89,2026-09-01T15:37:57.063077+00:00,2026-09-01T15:37:59.059026+00:00,1.88,floor,-0.5291005291005296,4.924026,0.0,-0.5291005291005296,,,,,2
2026-09-01,FLYE,target+1_floor+0,reclaim,resting,STOP_LIMIT,2026-09-01T15:23:09+00:00,,1788277020000,2026-09-01T15:40:00+00:00,2026-09-01T15:41:13.048000+00:00,1.89,1.9088999999999998,1.89,2026-09-01T15:41:16.031380+00:00,2026-09-01T15:41:16.031787+00:00,1.87,floor,-1.0582010582010475,2.983787,0.0,-1.0582010582010475,,,2026-09-01T15:41:16.031787+00:00,,2
2026-09-01,FLYE,target+1_floor+0,reclaim,resting,STOP_LIMIT,2026-09-01T15:23:09+00:00,,1788284880000,2026-09-01T17:51:00+00:00,2026-09-01T17:57:53.300000+00:00,2.1,2.121,2.1,2026-09-01T17:57:54.768341+00:00,2026-09-01T17:57:54.774446+00:00,2.09,floor,-0.47619047619048716,1.474446,0.0,-0.47619047619048716,,,,,2
2026-09-01,FLYE,target+2_floor-2,first,resting,STOP_LIMIT,2026-09-01T15:23:09+00:00,,0,2026-09-01T15:37:00+00:00,2026-09-01T15:37:54.135000+00:00,1.89,1.9278,1.8521999999999998,2026-09-01T15:38:07.693311+00:00,2026-09-01T15:38:07.693593+00:00,1.85,floor,-2.1164021164021065,13.558593,0.0,-2.1164021164021065,,,2026-09-01T15:38:00.666707+00:00,2026-09-01T15:38:07.693311+00:00,56
2026-09-01,FLYE,target+2_floor-2,reclaim,resting,STOP_LIMIT,2026-09-01T15:23:09+00:00,,1788277020000,2026-09-01T15:40:00+00:00,2026-09-01T15:41:13.048000+00:00,1.89,1.9278,1.8521999999999998,2026-09-01T15:43:23.232309+00:00,2026-09-01T15:43:23.232992+00:00,1.85,floor,-2.1164021164021065,130.184992,0.0,-2.1164021164021065,,,2026-09-01T15:41:16.031787+00:00,2026-09-01T15:43:23.232309+00:00,136
2026-09-01,FLYE,target+2_floor-2,reclaim,resting,STOP_LIMIT,2026-09-01T15:23:09+00:00,,1788284880000,2026-09-01T17:51:00+00:00,2026-09-01T17:57:53.300000+00:00,2.1,2.1420000000000003,2.058,2026-09-01T17:59:40.901644+00:00,2026-09-01T17:59:40.901841+00:00,2.05,floor,-2.380952380952394,107.601841,0.476190476190466,-2.380952380952394,,,2026-09-01T17:59:04.496712+00:00,2026-09-01T17:59:40.901644+00:00,285
2026-09-01,FLYE,target+2_floor-1,first,resting,STOP_LIMIT,2026-09-01T15:23:09+00:00,,0,2026-09-01T15:37:00+00:00,2026-09-01T15:37:54.135000+00:00,1.89,1.9278,1.8711,2026-09-01T15:38:00.666707+00:00,2026-09-01T15:38:00.666971+00:00,1.87,floor,-1.0582010582010475,6.531971,0.0,-1.0582010582010475,,,2026-09-01T15:38:00.666707+00:00,,6
2026-09-01,FLYE,target+2_floor-1,reclaim,resting,STOP_LIMIT,2026-09-01T15:23:09+00:00,,1788277020000,2026-09-01T15:40:00+00:00,2026-09-01T15:41:13.048000+00:00,1.89,1.9278,1.8711,2026-09-01T15:41:16.031787+00:00,2026-09-01T15:41:20.798883+00:00,1.88,floor,-0.5291005291005296,7.750883,0.0,-1.0582010582010475,,,2026-09-01T15:41:16.031787+00:00,,3
2026-09-01,FLYE,target+2_floor-1,reclaim,resting,STOP_LIMIT,2026-09-01T15:23:09+00:00,,1788284880000,2026-09-01T17:51:00+00:00,2026-09-01T17:57:53.300000+00:00,2.1,2.1420000000000003,2.079,2026-09-01T17:59:04.496712+00:00,2026-09-01T17:59:04.497235+00:00,2.07,floor,-1.4285714285714404,71.197235,0.476190476190466,-1.4285714285714404,,,2026-09-01T17:59:04.496712+00:00,,225
2026-09-01,FLYE,target+2_floor+0,first,resting,STOP_LIMIT,2026-09-01T15:23:09+00:00,,0,2026-09-01T15:37:00+00:00,2026-09-01T15:37:54.135000+00:00,1.89,1.9278,1.89,2026-09-01T15:37:57.063077+00:00,2026-09-01T15:37:59.059026+00:00,1.88,floor,-0.5291005291005296,4.924026,0.0,-0.5291005291005296,,,,,2
2026-09-01,FLYE,target+2_floor+0,reclaim,resting,STOP_LIMIT,2026-09-01T15:23:09+00:00,,1788277020000,2026-09-01T15:40:00+00:00,2026-09-01T15:41:13.048000+00:00,1.89,1.9278,1.89,2026-09-01T15:41:16.031380+00:00,2026-09-01T15:41:16.031787+00:00,1.87,floor,-1.0582010582010475,2.983787,0.0,-1.0582010582010475,,,2026-09-01T15:41:16.031787+00:00,,2
2026-09-01,FLYE,target+2_floor+0,reclaim,resting,STOP_LIMIT,2026-09-01T15:23:09+00:00,,1788284880000,2026-09-01T17:51:00+00:00,2026-09-01T17:57:53.300000+00:00,2.1,2.1420000000000003,2.1,2026-09-01T17:57:54.768341+00:00,2026-09-01T17:57:54.774446+00:00,2.09,floor,-0.47619047619048716,1.474446,0.0,-0.47619047619048716,,,,,2
2026-09-01,RDAC,target+1_floor-2,reclaim,resting,STOP_LIMIT,2026-09-01T17:46:29+00:00,,1788289500000,2026-09-01T19:16:00+00:00,2026-09-01T19:38:51.958000+00:00,6.75,6.8175,6.615,2026-09-01T19:38:51.969947+00:00,2026-09-01T19:38:53.697496+00:00,6.48,floor,-3.999999999999994,1.739496,0.0,-3.999999999999994,,,2026-09-01T19:38:51.969947+00:00,2026-09-01T19:38:51.969947+00:00,2
2026-09-01,RDAC,target+1_floor-1,reclaim,resting,STOP_LIMIT,2026-09-01T17:46:29+00:00,,1788289500000,2026-09-01T19:16:00+00:00,2026-09-01T19:38:51.958000+00:00,6.75,6.8175,6.6825,2026-09-01T19:38:51.969947+00:00,2026-09-01T19:38:53.697496+00:00,6.48,floor,-3.999999999999994,1.739496,0.0,-3.999999999999994,,,2026-09-01T19:38:51.969947+00:00,2026-09-01T19:38:51.969947+00:00,2
2026-09-01,RDAC,target+1_floor+0,reclaim,resting,STOP_LIMIT,2026-09-01T17:46:29+00:00,,1788289500000,2026-09-01T19:16:00+00:00,2026-09-01T19:38:51.958000+00:00,6.75,6.8175,6.75,2026-09-01T19:38:51.969947+00:00,2026-09-01T19:38:53.697496+00:00,6.48,floor,-3.999999999999994,1.739496,0.0,-3.999999999999994,,,2026-09-01T19:38:51.969947+00:00,2026-09-01T19:38:51.969947+00:00,2
2026-09-01,RDAC,target+2_floor-2,reclaim,resting,STOP_LIMIT,2026-09-01T17:46:29+00:00,,1788289500000,2026-09-01T19:16:00+00:00,2026-09-01T19:38:51.958000+00:00,6.75,6.885,6.615,2026-09-01T19:38:51.969947+00:00,2026-09-01T19:38:53.697496+00:00,6.48,floor,-3.999999999999994,1.739496,0.0,-3.999999999999994,,,2026-09-01T19:38:51.969947+00:00,2026-09-01T19:38:51.969947+00:00,2
2026-09-01,RDAC,target+2_floor-1,reclaim,resting,STOP_LIMIT,2026-09-01T17:46:29+00:00,,1788289500000,2026-09-01T19:16:00+00:00,2026-09-01T19:38:51.958000+00:00,6.75,6.885,6.6825,2026-09-01T19:38:51.969947+00:00,2026-09-01T19:38:53.697496+00:00,6.48,floor,-3.999999999999994,1.739496,0.0,-3.999999999999994,,,2026-09-01T19:38:51.969947+00:00,2026-09-01T19:38:51.969947+00:00,2
2026-09-01,RDAC,target+2_floor+0,reclaim,resting,STOP_LIMIT,2026-09-01T17:46:29+00:00,,1788289500000,2026-09-01T19:16:00+00:00,2026-09-01T19:38:51.958000+00:00,6.75,6.885,6.75,2026-09-01T19:38:51.969947+00:00,2026-09-01T19:38:53.697496+00:00,6.48,floor,-3.999999999999994,1.739496,0.0,-3.999999999999994,,,2026-09-01T19:38:51.969947+00:00,2026-09-01T19:38:51.969947+00:00,2
2026-09-01,SSM,target+1_floor-2,reclaim,reactive,limit,2026-09-01T08:35:52+00:00,,1788267060000,2026-09-01T13:25:20.136000+00:00,2026-09-01T13:25:20.136000+00:00,3.84,3.8784,3.7632,2026-09-01T13:26:56.187386+00:00,2026-09-01T13:26:56.187386+00:00,3.8784,target,1.0000000000000056,96.051386,1.0416666666666676,-1.0416666666666676,2026-09-01T13:26:56.187386+00:00,,2026-09-01T13:25:45.419787+00:00,,105
2026-09-01,SSM,target+1_floor-2,first,resting,STOP_LIMIT,2026-09-01T08:35:52+00:00,,0,2026-09-01T13:34:00+00:00,2026-09-01T13:38:12.723000+00:00,3.96,3.9996,3.8808,2026-09-01T13:38:53.112482+00:00,2026-09-01T13:38:53.112482+00:00,3.9996,target,1.000000000000002,40.389482,1.010101010101011,-1.5151515151515165,2026-09-01T13:38:53.112482+00:00,,2026-09-01T13:38:12.938227+00:00,,231
2026-09-01,SSM,target+1_floor-2,reclaim,reactive,market,2026-09-01T08:35:52+00:00,,1788269820000,2026-09-01T13:48:02.717000+00:00,2026-09-01T13:48:02.717000+00:00,4.36,4.4036,4.2728,2026-09-01T13:48:04.358691+00:00,2026-09-01T13:48:04.359057+00:00,4.27,floor,-2.0642201834862557,1.642057,0.0,-2.0642201834862557,,,2026-09-01T13:48:04.354355+00:00,2026-09-01T13:48:04.358691+00:00,50
2026-09-01,SSM,target+1_floor-2,first,resting,STOP_LIMIT,2026-09-01T08:35:52+00:00,,0,2026-09-01T14:38:00+00:00,2026-09-01T14:43:50.601000+00:00,4.06,4.1006,3.9787999999999997,2026-09-01T14:44:26.866746+00:00,2026-09-01T14:44:26.866746+00:00,4.1006,target,1.0000000000000102,36.265746,1.2315270935960767,-0.7389162561576198,2026-09-01T14:44:26.866746+00:00,,,,192
2026-09-01,SSM,target+1_floor-2,reclaim,resting,STOP_LIMIT,2026-09-01T08:35:52+00:00,,1788276360000,2026-09-01T15:29:00+00:00,2026-09-01T15:30:42.528000+00:00,3.96,3.9996,3.8808,2026-09-01T15:30:44.486828+00:00,2026-09-01T15:30:44.487930+00:00,3.89,floor,-1.7676767676767637,1.95993,0.0,-2.020202020202022,,,2026-09-01T15:30:44.467805+00:00,2026-09-01T15:30:44.486828+00:00,3
2026-09-01,SSM,target+1_floor-2,reclaim,resting,STOP_LIMIT,2026-09-01T08:35:52+00:00,,1788287460000,2026-09-01T18:40:00+00:00,2026-09-01T18:58:19.154000+00:00,3.99,4.0299000000000005,3.9102,2026-09-01T19:00:15.388596+00:00,2026-09-01T19:00:15.388596+00:00,4.0299000000000005,target,1.0000000000000067,116.234596,1.0025062656641612,-1.253132832080207,2026-09-01T19:00:15.388596+00:00,,2026-09-01T18:58:19.220048+00:00,,86
2026-09-01,SSM,target+1_floor-1,reclaim,reactive,limit,2026-09-01T08:35:52+00:00,,1788267060000,2026-09-01T13:25:20.136000+00:00,2026-09-01T13:25:20.136000+00:00,3.84,3.8784,3.8015999999999996,2026-09-01T13:25:45.419787+00:00,2026-09-01T13:25:49.600939+00:00,3.8,floor,-1.0416666666666676,29.464939,0.0,-1.0416666666666676,,,2026-09-01T13:25:45.419787+00:00,,28
2026-09-01,SSM,target+1_floor-1,first,resting,STOP_LIMIT,2026-09-01T08:35:52+00:00,,0,2026-09-01T13:34:00+00:00,2026-09-01T13:38:12.723000+00:00,3.96,3.9996,3.9204,2026-09-01T13:38:12.938227+00:00,2026-09-01T13:38:13.057724+00:00,3.91,floor,-1.262626262626258,0.334724,0.0,-1.262626262626258,,,2026-09-01T13:38:12.938227+00:00,,2
2026-09-01,SSM,target+1_floor-1,reclaim,reactive,market,2026-09-01T08:35:52+00:00,,1788269820000,2026-09-01T13:48:02.717000+00:00,2026-09-01T13:48:02.717000+00:00,4.36,4.4036,4.316400000000001,2026-09-01T13:48:04.354355+00:00,2026-09-01T13:48:04.354579+00:00,4.31,floor,-1.1467889908257043,1.637579,0.0,-1.1467889908257043,,,2026-09-01T13:48:04.354355+00:00,,29
2026-09-01,SSM,target+1_floor-1,first,resting,STOP_LIMIT,2026-09-01T08:35:52+00:00,,0,2026-09-01T14:38:00+00:00,2026-09-01T14:43:50.601000+00:00,4.06,4.1006,4.019399999999999,2026-09-01T14:44:26.866746+00:00,2026-09-01T14:44:26.866746+00:00,4.1006,target,1.0000000000000102,36.265746,1.2315270935960767,-0.7389162561576198,2026-09-01T14:44:26.866746+00:00,,,,192
2026-09-01,SSM,target+1_floor-1,reclaim,resting,STOP_LIMIT,2026-09-01T08:35:52+00:00,,1788276360000,2026-09-01T15:29:00+00:00,2026-09-01T15:30:42.528000+00:00,3.96,3.9996,3.9204,2026-09-01T15:30:44.467805+00:00,2026-09-01T15:30:44.486828+00:00,3.88,floor,-2.020202020202022,1.958828,0.0,-2.020202020202022,,,2026-09-01T15:30:44.467805+00:00,2026-09-01T15:30:44.486828+00:00,2
2026-09-01,SSM,target+1_floor-1,reclaim,resting,STOP_LIMIT,2026-09-01T08:35:52+00:00,,1788287460000,2026-09-01T18:40:00+00:00,2026-09-01T18:58:19.154000+00:00,3.99,4.0299000000000005,3.9501000000000004,2026-09-01T18:58:19.220048+00:00,2026-09-01T18:58:19.993911+00:00,3.95,floor,-1.0025062656641612,0.839911,0.0,-1.0025062656641612,,,2026-09-01T18:58:19.220048+00:00,,2
2026-09-01,SSM,target+1_floor+0,reclaim,reactive,limit,2026-09-01T08:35:52+00:00,,1788267060000,2026-09-01T13:25:20.136000+00:00,2026-09-01T13:25:20.136000+00:00,3.84,3.8784,3.84,2026-09-01T13:25:20.136698+00:00,2026-09-01T13:25:21.221005+00:00,3.82,floor,-0.5208333333333338,1.085005,0.0,-0.5208333333333338,,,,,2
2026-09-01,SSM,target+1_floor+0,first,resting,STOP_LIMIT,2026-09-01T08:35:52+00:00,,0,2026-09-01T13:34:00+00:00,2026-09-01T13:38:12.723000+00:00,3.96,3.9996,3.96,2026-09-01T13:38:12.938227+00:00,2026-09-01T13:38:13.057724+00:00,3.91,floor,-1.262626262626258,0.334724,0.0,-1.262626262626258,,,2026-09-01T13:38:12.938227+00:00,,2
2026-09-01,SSM,target+1_floor+0,reclaim,reactive,market,2026-09-01T08:35:52+00:00,,1788269820000,2026-09-01T13:48:02.717000+00:00,2026-09-01T13:48:02.717000+00:00,4.36,4.4036,4.36,2026-09-01T13:48:04.332755+00:00,2026-09-01T13:48:04.337630+00:00,4.34,floor,-0.45871559633028575,1.62063,0.0,-0.45871559633028575,,,,,2
2026-09-01,SSM,target+1_floor+0,first,resting,STOP_LIMIT,2026-09-01T08:35:52+00:00,,0,2026-09-01T14:38:00+00:00,2026-09-01T14:43:50.601000+00:00,4.06,4.1006,4.06,2026-09-01T14:43:51.979612+00:00,2026-09-01T14:43:52.494412+00:00,4.05,floor,-0.24630541871920658,1.893412,0.0,-0.24630541871920658,,,,,2
2026-09-01,SSM,target+1_floor+0,reclaim,resting,STOP_LIMIT,2026-09-01T08:35:52+00:00,,1788276360000,2026-09-01T15:29:00+00:00,2026-09-01T15:30:42.528000+00:00,3.96,3.9996,3.96,2026-09-01T15:30:44.467805+00:00,2026-09-01T15:30:44.486828+00:00,3.88,floor,-2.020202020202022,1.958828,0.0,-2.020202020202022,,,2026-09-01T15:30:44.467805+00:00,2026-09-01T15:30:44.486828+00:00,2
2026-09-01,SSM,target+1_floor+0,reclaim,resting,STOP_LIMIT,2026-09-01T08:35:52+00:00,,1788287460000,2026-09-01T18:40:00+00:00,2026-09-01T18:58:19.154000+00:00,3.99,4.0299000000000005,3.99,2026-09-01T18:58:19.220048+00:00,2026-09-01T18:58:19.993911+00:00,3.95,floor,-1.0025062656641612,0.839911,0.0,-1.0025062656641612,,,2026-09-01T18:58:19.220048+00:00,,2
2026-09-01,SSM,target+2_floor-2,reclaim,reactive,limit,2026-09-01T08:35:52+00:00,,1788267060000,2026-09-01T13:25:20.136000+00:00,2026-09-01T13:25:20.136000+00:00,3.84,3.9168,3.7632,2026-09-01T13:28:49.226418+00:00,2026-09-01T13:28:54.818044+00:00,3.76,floor,-2.0833333333333353,214.682044,1.3020833333333404,-2.0833333333333353,2026-09-01T13:26:56.187386+00:00,,2026-09-01T13:25:45.419787+00:00,2026-09-01T13:28:49.226418+00:00,313
2026-09-01,SSM,target+2_floor-2,first,resting,STOP_LIMIT,2026-09-01T08:35:52+00:00,,0,2026-09-01T13:34:00+00:00,2026-09-01T13:38:12.723000+00:00,3.96,4.0392,3.8808,2026-09-01T13:38:58.237965+00:00,2026-09-01T13:38:58.237965+00:00,4.0392,target,2.000000000000004,45.514965,2.020202020202022,-1.5151515151515165,2026-09-01T13:38:53.112482+00:00,2026-09-01T13:38:58.237965+00:00,2026-09-01T13:38:12.938227+00:00,,297
2026-09-01,SSM,target+2_floor-2,reclaim,reactive,market,2026-09-01T08:35:52+00:00,,1788269820000,2026-09-01T13:48:02.717000+00:00,2026-09-01T13:48:02.717000+00:00,4.36,4.4472000000000005,4.2728,2026-09-01T13:48:04.358691+00:00,2026-09-01T13:48:04.359057+00:00,4.27,floor,-2.0642201834862557,1.642057,0.0,-2.0642201834862557,,,2026-09-01T13:48:04.354355+00:00,2026-09-01T13:48:04.358691+00:00,50
2026-09-01,SSM,target+2_floor-2,first,resting,STOP_LIMIT,2026-09-01T08:35:52+00:00,,0,2026-09-01T14:38:00+00:00,2026-09-01T14:43:50.601000+00:00,4.06,4.1411999999999995,3.9787999999999997,2026-09-01T14:45:01.760888+00:00,2026-09-01T14:45:01.760888+00:00,4.1411999999999995,target,1.9999999999999987,71.159888,2.216748768472925,-0.7389162561576198,2026-09-01T14:44:26.866746+00:00,2026-09-01T14:45:01.760888+00:00,,,358
2026-09-01,SSM,target+2_floor-2,reclaim,resting,STOP_LIMIT,2026-09-01T08:35:52+00:00,,1788276360000,2026-09-01T15:29:00+00:00,2026-09-01T15:30:42.528000+00:00,3.96,4.0392,3.8808,2026-09-01T15:30:44.486828+00:00,2026-09-01T15:30:44.487930+00:00,3.89,floor,-1.7676767676767637,1.95993,0.0,-2.020202020202022,,,2026-09-01T15:30:44.467805+00:00,2026-09-01T15:30:44.486828+00:00,3
2026-09-01,SSM,target+2_floor-2,reclaim,resting,STOP_LIMIT,2026-09-01T08:35:52+00:00,,1788287460000,2026-09-01T18:40:00+00:00,2026-09-01T18:58:19.154000+00:00,3.99,4.0698,3.9102,2026-09-01T19:03:07.940566+00:00,2026-09-01T19:03:07.940566+00:00,4.0698,target,1.9999999999999911,288.786566,2.0050125313283225,-1.253132832080207,2026-09-01T19:00:15.388596+00:00,2026-09-01T19:03:07.940566+00:00,2026-09-01T18:58:19.220048+00:00,,237
2026-09-01,SSM,target+2_floor-1,reclaim,reactive,limit,2026-09-01T08:35:52+00:00,,1788267060000,2026-09-01T13:25:20.136000+00:00,2026-09-01T13:25:20.136000+00:00,3.84,3.9168,3.8015999999999996,2026-09-01T13:25:45.419787+00:00,2026-09-01T13:25:49.600939+00:00,3.8,floor,-1.0416666666666676,29.464939,0.0,-1.0416666666666676,,,2026-09-01T13:25:45.419787+00:00,,28
2026-09-01,SSM,target+2_floor-1,first,resting,STOP_LIMIT,2026-09-01T08:35:52+00:00,,0,2026-09-01T13:34:00+00:00,2026-09-01T13:38:12.723000+00:00,3.96,4.0392,3.9204,2026-09-01T13:38:12.938227+00:00,2026-09-01T13:38:13.057724+00:00,3.91,floor,-1.262626262626258,0.334724,0.0,-1.262626262626258,,,2026-09-01T13:38:12.938227+00:00,,2
2026-09-01,SSM,target+2_floor-1,reclaim,reactive,market,2026-09-01T08:35:52+00:00,,1788269820000,2026-09-01T13:48:02.717000+00:00,2026-09-01T13:48:02.717000+00:00,4.36,4.4472000000000005,4.316400000000001,2026-09-01T13:48:04.354355+00:00,2026-09-01T13:48:04.354579+00:00,4.31,floor,-1.1467889908257043,1.637579,0.0,-1.1467889908257043,,,2026-09-01T13:48:04.354355+00:00,,29
2026-09-01,SSM,target+2_floor-1,first,resting,STOP_LIMIT,2026-09-01T08:35:52+00:00,,0,2026-09-01T14:38:00+00:00,2026-09-01T14:43:50.601000+00:00,4.06,4.1411999999999995,4.019399999999999,2026-09-01T14:45:01.760888+00:00,2026-09-01T14:45:01.760888+00:00,4.1411999999999995,target,1.9999999999999987,71.159888,2.216748768472925,-0.7389162561576198,2026-09-01T14:44:26.866746+00:00,2026-09-01T14:45:01.760888+00:00,,,358
2026-09-01,SSM,target+2_floor-1,reclaim,resting,STOP_LIMIT,2026-09-01T08:35:52+00:00,,1788276360000,2026-09-01T15:29:00+00:00,2026-09-01T15:30:42.528000+00:00,3.96,4.0392,3.9204,2026-09-01T15:30:44.467805+00:00,2026-09-01T15:30:44.486828+00:00,3.88,floor,-2.020202020202022,1.958828,0.0,-2.020202020202022,,,2026-09-01T15:30:44.467805+00:00,2026-09-01T15:30:44.486828+00:00,2
2026-09-01,SSM,target+2_floor-1,reclaim,resting,STOP_LIMIT,2026-09-01T08:35:52+00:00,,1788287460000,2026-09-01T18:40:00+00:00,2026-09-01T18:58:19.154000+00:00,3.99,4.0698,3.9501000000000004,2026-09-01T18:58:19.220048+00:00,2026-09-01T18:58:19.993911+00:00,3.95,floor,-1.0025062656641612,0.839911,0.0,-1.0025062656641612,,,2026-09-01T18:58:19.220048+00:00,,2
2026-09-01,SSM,target+2_floor+0,reclaim,reactive,limit,2026-09-01T08:35:52+00:00,,1788267060000,2026-09-01T13:25:20.136000+00:00,2026-09-01T13:25:20.136000+00:00,3.84,3.9168,3.84,2026-09-01T13:25:20.136698+00:00,2026-09-01T13:25:21.221005+00:00,3.82,floor,-0.5208333333333338,1.085005,0.0,-0.5208333333333338,,,,,2
2026-09-01,SSM,target+2_floor+0,first,resting,STOP_LIMIT,2026-09-01T08:35:52+00:00,,0,2026-09-01T13:34:00+00:00,2026-09-01T13:38:12.723000+00:00,3.96,4.0392,3.96,2026-09-01T13:38:12.938227+00:00,2026-09-01T13:38:13.057724+00:00,3.91,floor,-1.262626262626258,0.334724,0.0,-1.262626262626258,,,2026-09-01T13:38:12.938227+00:00,,2
2026-09-01,SSM,target+2_floor+0,reclaim,reactive,market,2026-09-01T08:35:52+00:00,,1788269820000,2026-09-01T13:48:02.717000+00:00,2026-09-01T13:48:02.717000+00:00,4.36,4.4472000000000005,4.36,2026-09-01T13:48:04.332755+00:00,2026-09-01T13:48:04.337630+00:00,4.34,floor,-0.45871559633028575,1.62063,0.0,-0.45871559633028575,,,,,2
2026-09-01,SSM,target+2_floor+0,first,resting,STOP_LIMIT,2026-09-01T08:35:52+00:00,,0,2026-09-01T14:38:00+00:00,2026-09-01T14:43:50.601000+00:00,4.06,4.1411999999999995,4.06,2026-09-01T14:43:51.979612+00:00,2026-09-01T14:43:52.494412+00:00,4.05,floor,-0.24630541871920658,1.893412,0.0,-0.24630541871920658,,,,,2
2026-09-01,SSM,target+2_floor+0,reclaim,resting,STOP_LIMIT,2026-09-01T08:35:52+00:00,,1788276360000,2026-09-01T15:29:00+00:00,2026-09-01T15:30:42.528000+00:00,3.96,4.0392,3.96,2026-09-01T15:30:44.467805+00:00,2026-09-01T15:30:44.486828+00:00,3.88,floor,-2.020202020202022,1.958828,0.0,-2.020202020202022,,,2026-09-01T15:30:44.467805+00:00,2026-09-01T15:30:44.486828+00:00,2
2026-09-01,SSM,target+2_floor+0,reclaim,resting,STOP_LIMIT,2026-09-01T08:35:52+00:00,,1788287460000,2026-09-01T18:40:00+00:00,2026-09-01T18:58:19.154000+00:00,3.99,4.0698,3.99,2026-09-01T18:58:19.220048+00:00,2026-09-01T18:58:19.993911+00:00,3.95,floor,-1.0025062656641612,0.839911,0.0,-1.0025062656641612,,,2026-09-01T18:58:19.220048+00:00,,2
