session_day_et,split,symbol,buy_signal_ts,entry_ts,entry_px,reached_5,checkpoint_minutes,checkpoint_ts,quote_ts,bar_close_ts,missing_state,price_vs_entry_pct,max_up_so_far_pct,max_down_so_far_pct,touched_plus_2,touched_minus_3,volume_ratio_20,macd_histogram,macd_histogram_pct,macd_histogram_direction,stochastic,rsi,dot_consensus,atr_trailing_stop,atr_direction,vwap,price_vs_vwap_pct,above_vwap,minutes_since_flip,last_bar_direction,latest_minute_new_low
2026-08-24,build,BTCT,2026-08-24T13:27:00+00:00,2026-08-24T13:27:00.003525+00:00,1.69,False,0,2026-08-24T13:27:00.003525+00:00,2026-08-24T13:27:00.003525+00:00,2026-08-24T13:27:00+00:00,,-0.591715976331364,-0.591715976331364,-0.591715976331364,False,False,0.7816336196803785,0.009256298730392156,0.5508062320971232,rising,83.75000000000011,60.06515512337497,3,1.5810601116235385,long,1.6857391342083339,-0.31079151584115783,False,5.875e-05,up,
2026-08-24,build,BTCT,2026-08-24T13:27:00+00:00,2026-08-24T13:27:00.003525+00:00,1.69,False,3,2026-08-24T13:30:00.003525+00:00,2026-08-24T13:29:59.800197+00:00,2026-08-24T13:30:00+00:00,,-3.5502958579881727,-0.591715976331364,-4.142011834319515,False,True,0.8311539472206941,0.0062138134396441495,0.38004975166019267,falling,40.90909090909089,48.30714515481378,0,1.5810601116235385,long,1.6855193094518273,-2.9972548619604633,False,3.00005875,down,True
2026-08-24,build,BTCT,2026-08-24T13:27:00+00:00,2026-08-24T13:27:00.003525+00:00,1.69,False,5,2026-08-24T13:32:00.003525+00:00,2026-08-24T13:31:59.612381+00:00,2026-08-24T13:32:00+00:00,,-6.508875739644959,-0.591715976331364,-8.875739644970404,False,True,4.021703235765273,-0.0007962258642672734,-0.05008654867379213,falling,31.062499999999925,39.33881645460361,1,1.5810601116235385,long,1.682975774883018,-5.542312389463932,False,5.00005875,down,True
2026-08-24,build,BTCT,2026-08-24T13:27:00+00:00,2026-08-24T13:27:00.003525+00:00,1.69,False,10,2026-08-24T13:37:00.003525+00:00,2026-08-24T13:36:59.806320+00:00,2026-08-24T13:37:00+00:00,,-7.692307692307687,1.183431952662728,-9.467455621301768,False,True,2.300276085313152,-0.0005824752221909001,-0.03710033262362421,falling,21.052631578947395,41.92710988566197,2,1.722869938098559,short,1.6792620567192347,-6.506551867949617,False,10.000058749999999,down,True
2026-08-24,build,BTCT,2026-08-24T13:55:00+00:00,2026-08-24T13:55:00.494736+00:00,1.63,True,0,2026-08-24T13:55:00.494736+00:00,2026-08-24T13:55:00.494736+00:00,2026-08-24T13:55:00+00:00,,-0.6134969325153228,-0.6134969325153228,-0.6134969325153228,False,False,0.875931391296623,0.012831625847775543,0.7896385137092642,rising,96.15384615384623,59.61993237410584,3,1.4800945505587948,long,1.664888383919782,-2.3958593443885623,False,0.0082456,up,
2026-08-24,build,BTCT,2026-08-24T13:55:00+00:00,2026-08-24T13:55:00.494736+00:00,1.63,True,3,2026-08-24T13:58:00.494736+00:00,2026-08-24T13:57:59.788785+00:00,2026-08-24T13:58:00+00:00,,-1.8404907975460016,1.8404907975460238,-2.4539877300613355,False,False,0.881327553289755,0.013654015833915019,0.8507174974401881,falling,61.764705882352956,54.49451649328875,2,1.4800945505587948,long,1.663831964183804,-3.535931839887696,False,3.0082456,down,False
2026-08-24,build,BTCT,2026-08-24T13:55:00+00:00,2026-08-24T13:55:00.494736+00:00,1.63,True,5,2026-08-24T14:00:00.494736+00:00,2026-08-24T14:00:00.112686+00:00,2026-08-24T14:00:00+00:00,,-1.8404907975460016,1.8404907975460238,-2.4539877300613355,False,False,0.5103486836735016,0.010365089677620216,0.647453912025749,falling,59.352941176470615,53.750783752366345,2,1.482756582327106,long,1.6634855474435826,-3.7623138679962143,False,5.0082455999999995,down,False
2026-08-24,build,BTCT,2026-08-24T13:55:00+00:00,2026-08-24T13:55:00.494736+00:00,1.63,True,10,2026-08-24T14:05:00.494736+00:00,2026-08-24T14:05:00.432051+00:00,2026-08-24T14:05:00+00:00,,18.404907975460127,19.631901840490794,-2.4539877300613355,True,False,5.079873673882381,0.03345420009428956,1.724532197241588,rising,94.56756756756756,82.36653619493414,3,1.6716231648969462,long,1.673352019534405,15.928984299415937,True,10.0082456,up,False
2026-08-24,build,BTCT,2026-08-24T15:28:00+00:00,2026-08-24T15:28:00.598358+00:00,2.38,False,0,2026-08-24T15:28:00.598358+00:00,2026-08-24T15:28:00.598358+00:00,2026-08-24T15:28:00+00:00,,-0.42016806722687816,-0.42016806722687816,-0.42016806722687816,False,False,1.1767106649308305,0.005519241059987174,0.23238909726261786,rising,95.83333333333343,56.949559025048416,3,2.1685937790154544,long,2.058443712995247,15.378428130256294,True,0.009972633333333333,up,
2026-08-24,build,BTCT,2026-08-24T15:28:00+00:00,2026-08-24T15:28:00.598358+00:00,2.38,False,3,2026-08-24T15:31:00.598358+00:00,2026-08-24T15:30:59.146645+00:00,2026-08-24T15:31:00+00:00,,-3.7815126050420145,-0.42016806722687816,-5.042016806722693,False,True,0.6944419239513957,0.00306555882413334,0.13386135208651762,falling,25.083333333333325,48.08591119721804,0,2.1685937790154544,long,2.0620253226527865,11.060711759533405,True,3.009972633333333,down,False
2026-08-24,build,BTCT,2026-08-24T15:28:00+00:00,2026-08-24T15:28:00.598358+00:00,2.38,False,5,2026-08-24T15:33:00.598358+00:00,2026-08-24T15:32:56.775506+00:00,2026-08-24T15:33:00+00:00,,-3.7815126050420145,-0.42016806722687816,-5.042016806722693,False,True,0.5682526626537263,-0.0011367276795641254,-0.049610600076992334,falling,26.083333333333584,48.364444989792375,1,2.1685937790154544,long,2.0626036548149416,11.087750409594687,True,5.009972633333334,up,False
2026-08-24,build,BTCT,2026-08-24T15:28:00+00:00,2026-08-24T15:28:00.598358+00:00,2.38,False,10,2026-08-24T15:38:00.598358+00:00,2026-08-24T15:38:00.405187+00:00,2026-08-24T15:38:00+00:00,,-12.605042016806712,-0.42016806722687816,-22.2689075630252,False,True,1.042600598686978,-0.03115916524521134,-1.490869150488581,rising,45.283018867924504,39.240158346886524,3,2.358328163145612,short,2.0617242463646903,1.3714614689702698,True,10.009972633333332,up,False
2026-08-24,build,BTCT,2026-08-24T16:06:00+00:00,2026-08-24T16:06:00.301511+00:00,2.31,False,0,2026-08-24T16:06:00.301511+00:00,2026-08-24T16:06:00.301511+00:00,2026-08-24T16:06:00+00:00,,-0.43290043290044045,-0.43290043290044045,-0.43290043290044045,False,False,1.8701219760082906,0.009883995640270149,0.429720257391859,rising,88.29411764705893,61.142535135555036,3,2.0796709693064885,long,2.068143615656987,11.215680699685237,True,0.005025183333333333,up,
2026-08-24,build,BTCT,2026-08-24T16:06:00+00:00,2026-08-24T16:06:00.301511+00:00,2.31,False,3,2026-08-24T16:09:00.301511+00:00,2026-08-24T16:09:00.173911+00:00,2026-08-24T16:09:00+00:00,,0.43290043290042934,4.761904761904767,-0.43290043290044045,True,False,1.3086043576628386,0.017694220889478415,0.7625833249785983,falling,60.82142857142856,58.22223501120457,3,2.142726775445191,long,2.0718169900002468,11.99348259035773,True,3.0050251833333332,down,False
2026-08-24,build,BTCT,2026-08-24T16:06:00+00:00,2026-08-24T16:06:00.301511+00:00,2.31,False,5,2026-08-24T16:11:00.301511+00:00,2026-08-24T16:10:59.414569+00:00,2026-08-24T16:11:00+00:00,,0.43290043290042934,4.761904761904767,-0.43290043290044045,True,False,0.5945259164448335,0.012197573929383726,0.5246268356724182,falling,62.50000000000004,58.6264124802334,2,2.142726775445191,long,2.072297788849658,12.194300090944864,True,5.005025183333333,up,False
2026-08-24,build,BTCT,2026-08-24T16:06:00+00:00,2026-08-24T16:06:00.301511+00:00,2.31,False,10,2026-08-24T16:16:00.301511+00:00,2026-08-24T16:16:00.276480+00:00,2026-08-24T16:16:00+00:00,,-0.8658008658008698,4.761904761904767,-2.5974025974025983,True,False,0.6781325191666819,-0.002158255595546693,-0.09391478158246783,falling,26.722222222222094,54.72932791403206,1,2.142726775445191,long,2.073507767401317,10.831511515394965,True,10.005025183333334,up,False
2026-08-24,build,BTCT,2026-08-24T17:29:00+00:00,2026-08-24T17:29:00.001103+00:00,2.09,True,0,2026-08-24T17:29:00.001103+00:00,2026-08-24T17:29:00.001103+00:00,2026-08-24T17:29:00+00:00,,-0.4784688995215225,-0.4784688995215225,-0.4784688995215225,False,False,4.141468107471274,0.0018877075384617914,0.09032093485463116,rising,100.0,52.48143610537903,3,1.9250027479917584,long,2.078737309540008,0.541804412144975,True,1.8383333333333334e-05,up,
2026-08-24,build,BTCT,2026-08-24T17:29:00+00:00,2026-08-24T17:29:00.001103+00:00,2.09,True,3,2026-08-24T17:32:00.001103+00:00,2026-08-24T17:31:58.614774+00:00,2026-08-24T17:32:00+00:00,,0.4784688995215447,1.435406698564612,-1.4354066985645786,False,False,0.7862844768134297,0.013542514909257591,0.6418253511496489,rising,88.23529411764704,55.263468605926015,3,1.96644140697178,long,2.0788252945841457,1.4996308490700105,True,3.0000183833333334,down,False
2026-08-24,build,BTCT,2026-08-24T17:29:00+00:00,2026-08-24T17:29:00.001103+00:00,2.09,True,5,2026-08-24T17:34:00.001103+00:00,2026-08-24T17:33:58.619760+00:00,2026-08-24T17:34:00+00:00,,0.0,1.435406698564612,-1.4354066985645786,False,False,0.12461481665649557,0.012258460113931079,0.5851293610468294,falling,79.41176470588252,52.173216493702355,3,1.9793225004619392,long,2.078835430217113,0.7775781357160616,True,5.000018383333333,down,False
2026-08-24,build,BTCT,2026-08-24T17:29:00+00:00,2026-08-24T17:29:00.001103+00:00,2.09,True,10,2026-08-24T17:39:00.001103+00:00,2026-08-24T17:38:59.873777+00:00,2026-08-24T17:39:00+00:00,,0.0,1.435406698564612,-2.392344497607646,False,False,0.5587110094339314,0.00569755849246819,0.2719598325760472,rising,61.111111111111384,52.583992128100085,3,1.990458000369551,long,2.078832838150663,0.7777037938134335,True,10.000018383333332,up,False
2026-08-24,build,BTCT,2026-08-24T18:48:00+00:00,2026-08-24T18:48:04.154702+00:00,1.95,False,0,2026-08-24T18:48:04.154702+00:00,2026-08-24T18:48:04.154702+00:00,2026-08-24T18:48:00+00:00,,-0.512820512820511,-0.512820512820511,-0.512820512820511,False,False,1.5819008567085027,0.008264469369131722,0.4249084508551014,rising,75.00000000000006,56.897395737153225,3,1.822927833654448,long,2.0723117272875546,-6.143464113586461,False,0.06924503333333334,flat,
2026-08-24,build,BTCT,2026-08-24T18:48:00+00:00,2026-08-24T18:48:04.154702+00:00,1.95,False,3,2026-08-24T18:51:04.154702+00:00,2026-08-24T18:51:03.244207+00:00,2026-08-24T18:51:00+00:00,,-2.051282051282055,0.512820512820511,-2.051282051282055,False,False,0.6501580575002088,0.006107896471826486,0.31976841379124055,falling,40.09999999999986,47.51288025634759,0,1.822927833654448,long,2.072206047215116,-7.8228729924311295,False,3.069245033333333,down,True
2026-08-24,build,BTCT,2026-08-24T18:48:00+00:00,2026-08-24T18:48:04.154702+00:00,1.95,False,5,2026-08-24T18:53:04.154702+00:00,2026-08-24T18:53:01.637974+00:00,2026-08-24T18:53:00+00:00,,-2.564102564102566,0.512820512820511,-2.564102564102566,False,False,0.16061428825359608,0.00411098815180169,0.21467301053794724,falling,44.999999999999986,48.70838495403564,2,1.8282080325318895,long,2.072179847271165,-7.585241574381374,False,5.069245033333333,flat,True
2026-08-24,build,BTCT,2026-08-24T18:48:00+00:00,2026-08-24T18:48:04.154702+00:00,1.95,False,10,2026-08-24T18:58:04.154702+00:00,2026-08-24T18:58:02.219803+00:00,2026-08-24T18:58:00+00:00,,-1.538461538461544,0.512820512820511,-2.564102564102566,False,False,0.33002135291767914,0.002847881556915571,0.1475662758130251,rising,44.296296296296276,53.66583423239954,3,1.8566712081000496,long,2.0719128820712553,-6.854191761638528,False,10.069245033333335,up,False
2026-08-24,build,BTCT,2026-08-24T19:47:00+00:00,2026-08-24T19:47:00.061639+00:00,1.87,False,0,2026-08-24T19:47:00.061639+00:00,2026-08-24T19:47:00.061639+00:00,2026-08-24T19:47:00+00:00,,-0.5347593582887722,-0.5347593582887722,-0.5347593582887722,False,False,1.5112324040439284,0.00368309532546994,0.1969569692764674,rising,85.71428571428599,51.02410965224163,3,1.7910552580402257,long,2.067901326039669,-9.570153253815006,False,0.0010273166666666667,up,
2026-08-24,build,BTCT,2026-08-24T19:47:00+00:00,2026-08-24T19:47:00.061639+00:00,1.87,False,3,2026-08-24T19:50:00.061639+00:00,2026-08-24T19:49:59.574982+00:00,2026-08-24T19:50:00+00:00,,-1.0695187165775444,-0.5347593582887722,-1.0695187165775444,False,False,1.1653747876025808,0.00399091007130499,0.21514340007034988,falling,64.28571428571433,46.99153708326849,3,1.7930202921165956,long,2.0677292812024435,-10.288062520386386,False,3.0010273166666668,up,False
2026-08-24,build,BTCT,2026-08-24T19:47:00+00:00,2026-08-24T19:47:00.061639+00:00,1.87,False,5,2026-08-24T19:52:00.061639+00:00,2026-08-24T19:51:56.294950+00:00,2026-08-24T19:52:00+00:00,,-1.0695187165775444,-0.5347593582887722,-1.0695187165775444,False,False,0.3603902568527245,0.0034371935889007093,0.18579424804868697,falling,57.14285714285732,45.38340644686459,0,1.7984162336932763,long,2.0676408375057482,-10.526046572396696,False,5.001027316666667,down,False
2026-08-24,build,BTCT,2026-08-24T19:47:00+00:00,2026-08-24T19:47:00.061639+00:00,1.87,False,10,2026-08-24T19:57:00.061639+00:00,2026-08-24T19:56:59.330216+00:00,2026-08-24T19:57:00+00:00,,-3.7433155080213942,-0.5347593582887722,-3.7433155080213942,False,True,1.5775037553038247,-0.0018465907049219441,-0.10258837249566355,falling,0.0,31.80905566543872,0,1.8635340548347097,short,2.067066009662249,-12.920052306693696,False,10.001027316666667,down,True
2026-08-24,build,DAIC,2026-08-24T15:55:00+00:00,2026-08-24T15:55:00.214528+00:00,2.28,True,0,2026-08-24T15:55:00.214528+00:00,2026-08-24T15:55:00.214528+00:00,2026-08-24T15:55:00+00:00,,-1.754385964912264,-1.754385964912264,-1.754385964912264,False,False,2.0852658894998677,0.024617780161945102,1.0758108710372372,rising,92.47560975609755,61.5780522403897,3,1.617743903200769,long,1.788706655178798,27.930423547916128,True,0.0035754666666666666,up,
2026-08-24,build,DAIC,2026-08-24T15:55:00+00:00,2026-08-24T15:55:00.214528+00:00,2.28,True,3,2026-08-24T15:58:00.214528+00:00,2026-08-24T15:57:52.114689+00:00,,strategy_bar,17.543859649122815,18.42105263157896,-3.50877192982455,True,True,,,,,,,,,,,,,3.0035754666666667,,False
2026-08-24,build,DAIC,2026-08-24T15:55:00+00:00,2026-08-24T15:55:00.214528+00:00,2.28,True,5,2026-08-24T16:00:00.214528+00:00,2026-08-24T16:00:00.046966+00:00,,strategy_bar,14.91228070175441,18.42105263157896,-3.50877192982455,True,True,,,,,,,,,,,,,5.003575466666666,,False
2026-08-24,build,DAIC,2026-08-24T15:55:00+00:00,2026-08-24T15:55:00.214528+00:00,2.28,True,10,2026-08-24T16:05:00.214528+00:00,2026-08-24T16:04:57.475563+00:00,,strategy_bar,10.964912280701755,18.42105263157896,-3.50877192982455,True,True,,,,,,,,,,,,,10.003575466666666,,False
2026-08-24,build,DAIC,2026-08-24T16:57:00+00:00,2026-08-24T16:57:00.261108+00:00,2.64,True,0,2026-08-24T16:57:00.261108+00:00,2026-08-24T16:57:00.261108+00:00,2026-08-24T16:57:00+00:00,,-0.37878787878788955,-0.37878787878788955,-0.37878787878788955,False,False,1.763136024825455,0.03105792336818093,1.1809096337711382,rising,100.0,67.00685752821576,3,2.0521852814636854,long,1.9174241291574363,37.16318471259079,True,0.0043518,up,
2026-08-24,build,DAIC,2026-08-24T16:57:00+00:00,2026-08-24T16:57:00.261108+00:00,2.64,True,3,2026-08-24T17:00:00.261108+00:00,2026-08-24T16:59:57.221944+00:00,,strategy_bar,1.1363636363636243,3.0303030303030276,-1.8939393939394034,True,False,,,,,,,,,,,,,3.0043518000000002,,False
2026-08-24,build,DAIC,2026-08-24T16:57:00+00:00,2026-08-24T16:57:00.261108+00:00,2.64,True,5,2026-08-24T17:02:00.261108+00:00,2026-08-24T17:01:34.280392+00:00,,strategy_bar,2.2727272727272707,3.0303030303030276,-1.8939393939394034,True,False,,,,,,,,,,,,,5.004351799999999,,False
2026-08-24,build,DAIC,2026-08-24T16:57:00+00:00,2026-08-24T16:57:00.261108+00:00,2.64,True,10,2026-08-24T17:07:00.261108+00:00,,,"strategy_bar,executable_quote",,13.636363636363624,-1.8939393939394034,True,False,,,,,,,,,,,,,10.0043518,,
2026-08-24,build,LUCY,2026-08-24T18:51:00+00:00,2026-08-24T18:51:00.619173+00:00,1.1,False,0,2026-08-24T18:51:00.619173+00:00,2026-08-24T18:51:00.619173+00:00,2026-08-24T18:51:00+00:00,,-0.909090909090915,-0.909090909090915,-0.909090909090915,False,False,2.964662137083995,0.0017762763327909183,0.16221701669323457,rising,89.99999999999977,65.53792549286959,3,1.0432922648439464,long,1.0508344244038341,4.202905288454195,True,0.01031955,up,
2026-08-24,build,LUCY,2026-08-24T18:51:00+00:00,2026-08-24T18:51:00.619173+00:00,1.1,False,3,2026-08-24T18:54:00.619173+00:00,2026-08-24T18:53:55.903403+00:00,2026-08-24T18:54:00+00:00,,-0.909090909090915,-0.909090909090915,-1.8181818181818188,False,False,1.010812154496291,0.0027493610508771147,0.2510832009933438,rising,89.99999999999977,64.04369882738791,3,1.0469656396001006,long,1.0509169141274937,4.194726079664024,True,3.0103195499999997,down,False
2026-08-24,build,LUCY,2026-08-24T18:51:00+00:00,2026-08-24T18:51:00.619173+00:00,1.1,False,5,2026-08-24T18:56:00.619173+00:00,2026-08-24T18:55:59.507775+00:00,2026-08-24T18:56:00+00:00,,-2.7272727272727337,-0.909090909090915,-2.7272727272727337,False,False,2.5885219927207594,-9.74763572313183e-05,-0.009109088611467926,falling,0.33333333333329634,48.89556053984775,0,1.0469656396001006,long,1.0509649495747821,1.8207125207134522,True,5.01031955,down,False
2026-08-24,build,LUCY,2026-08-24T18:51:00+00:00,2026-08-24T18:51:00.619173+00:00,1.1,False,10,2026-08-24T19:01:00.619173+00:00,2026-08-24T19:00:44.467274+00:00,2026-08-24T19:01:00+00:00,,-2.7272727272727337,-0.909090909090915,-3.6363636363636376,False,True,0.26442336001381783,-0.000997243994815389,-0.09276688323864084,falling,37.49999999999972,51.498874433182685,3,1.0469656396001006,long,1.0509849759046093,2.2850016552063757,True,10.01031955,up,False
2026-08-24,build,LUCY,2026-08-24T19:20:00+00:00,2026-08-24T19:20:00.988445+00:00,1.11,False,0,2026-08-24T19:20:00.988445+00:00,2026-08-24T19:20:00.988445+00:00,2026-08-24T19:20:00+00:00,,-0.9009009009009028,-0.9009009009009028,-0.9009009009009028,False,False,8.338737556618176,0.003625374769809073,0.3266397666284416,rising,93.20000000000016,67.89256872184845,3,1.0279206033300436,long,1.0511164277720495,5.592489154845426,True,0.016474083333333334,up,
2026-08-24,build,LUCY,2026-08-24T19:20:00+00:00,2026-08-24T19:20:00.988445+00:00,1.11,False,3,2026-08-24T19:23:00.988445+00:00,2026-08-24T19:22:31.898382+00:00,2026-08-24T19:23:00+00:00,,-2.7027027027027084,-0.9009009009009028,-2.7027027027027084,False,False,0.7895228950953785,0.005208076374460537,0.4778051719688566,rising,66.66666666666677,58.724795112893034,3,1.0279206033300436,long,1.0511749747637564,3.6934883504974314,True,3.0164740833333337,up,False
2026-08-24,build,LUCY,2026-08-24T19:20:00+00:00,2026-08-24T19:20:00.988445+00:00,1.11,False,5,2026-08-24T19:25:00.988445+00:00,2026-08-24T19:24:57.118007+00:00,2026-08-24T19:25:00+00:00,,-3.603603603603611,-0.9009009009009028,-3.603603603603611,False,True,0.7028371400142965,0.003963886829725184,0.3687336585790869,falling,46.666666666666586,52.957144194793486,0,1.0279206033300436,long,1.051190791092786,2.264975027270033,True,5.016474083333334,down,True
2026-08-24,build,LUCY,2026-08-24T19:20:00+00:00,2026-08-24T19:20:00.988445+00:00,1.11,False,10,2026-08-24T19:30:00.988445+00:00,2026-08-24T19:29:59.549653+00:00,2026-08-24T19:30:00+00:00,,-2.7027027027027084,-0.9009009009009028,-3.603603603603611,False,True,0.1541989841126791,0.001895156867297989,0.17547748771277674,falling,25.0,53.578560364086975,1,1.0385425218761477,long,1.0512168757441998,2.738076691874225,True,10.016474083333332,down,False
2026-08-24,build,LUCY,2026-08-24T19:56:00+00:00,2026-08-24T19:56:00.913644+00:00,1.13,False,0,2026-08-24T19:56:00.913644+00:00,2026-08-24T19:56:00.913644+00:00,2026-08-24T19:56:00+00:00,,-0.8849557522123686,-0.8849557522123686,-0.8849557522123686,False,False,5.526227620953439,0.0061262388541641,0.5421450313419558,rising,100.0,74.42151039889902,3,1.0644069590014598,long,1.05164338672084,7.450873011571546,True,0.0152274,up,
2026-08-24,build,LUCY,2026-08-24T19:56:00+00:00,2026-08-24T19:56:00.913644+00:00,1.13,False,3,2026-08-24T19:59:00.913644+00:00,2026-08-24T19:58:59.099505+00:00,2026-08-24T19:59:00+00:00,,-1.7699115044247593,-0.8849557522123686,-1.7699115044247593,False,False,1.3296201620282768,0.004504479004926468,0.4058089193627448,falling,66.66666666666691,62.41599710736451,0,1.0644069590014598,long,1.0518585471462427,5.527497305745022,True,3.0152274,down,False
2026-08-24,build,LUCY,2026-08-24T19:56:00+00:00,2026-08-24T19:56:00.913644+00:00,1.13,False,5,2026-08-24T20:01:00.913644+00:00,,,"strategy_bar,executable_quote",,-0.8849557522123686,-3.539823008849541,False,True,,,,,,,,,,,,,5.0152274,,
2026-08-24,build,LUCY,2026-08-24T19:56:00+00:00,2026-08-24T19:56:00.913644+00:00,1.13,False,10,2026-08-24T20:06:00.913644+00:00,,,"strategy_bar,executable_quote",,-0.8849557522123686,-3.539823008849541,False,True,,,,,,,,,,,,,10.015227399999999,,
2026-08-24,build,PMI,2026-08-24T11:34:00+00:00,2026-08-24T11:34:00.855962+00:00,4.37,False,0,2026-08-24T11:34:00.855962+00:00,2026-08-24T11:34:00.855962+00:00,2026-08-24T11:34:00+00:00,,-0.22883295194507935,-0.22883295194507935,-0.22883295194507935,False,False,1.3344896220080278,0.02136906325503611,0.4901161297026631,rising,94.11764705882365,47.15927402849477,3,4.2437268599078966,long,4.38867674346108,-0.6534257394055332,False,0.014266033333333334,up,
2026-08-24,build,PMI,2026-08-24T11:34:00+00:00,2026-08-24T11:34:00.855962+00:00,4.37,False,3,2026-08-24T11:37:00.855962+00:00,2026-08-24T11:36:58.741342+00:00,2026-08-24T11:37:00+00:00,,-0.22883295194507935,-0.22883295194507935,-0.22883295194507935,False,False,0.5672630881378397,0.02150578597929459,0.49325197200216947,falling,91.66666666666686,47.12143645281919,3,4.283388152272844,long,4.387726721528323,-0.6319154151575135,False,3.0142660333333335,flat,False
2026-08-24,build,PMI,2026-08-24T11:34:00+00:00,2026-08-24T11:34:00.855962+00:00,4.37,False,5,2026-08-24T11:39:00.855962+00:00,2026-08-24T11:38:58.809044+00:00,2026-08-24T11:39:00+00:00,,-0.22883295194507935,-0.22883295194507935,-0.22883295194507935,False,False,0.832328065161766,0.018203793913087737,0.41751820901577374,falling,91.65971643035883,47.12143645281919,1,4.29836841745462,long,4.387129511130379,-0.618388653937596,False,5.014266033333333,flat,False
2026-08-24,build,PMI,2026-08-24T11:34:00+00:00,2026-08-24T11:34:00.855962+00:00,4.37,False,10,2026-08-24T11:44:00.855962+00:00,2026-08-24T11:43:59.952449+00:00,2026-08-24T11:44:00+00:00,,-0.4576659038901698,0.22883295194506825,-0.4576659038901698,False,False,0.9095294656575197,0.01020769584868519,0.23414831629051938,falling,23.75000000000014,46.79688886044502,0,4.312104629736766,long,4.385940900246509,-0.6028558261016115,False,10.014266033333334,down,True
2026-08-24,build,PMI,2026-08-24T12:02:00+00:00,2026-08-24T12:02:02.082785+00:00,4.34,False,0,2026-08-24T12:02:02.082785+00:00,2026-08-24T12:02:02.082785+00:00,2026-08-24T12:02:00+00:00,,-0.4608294930875445,-0.4608294930875445,-0.4608294930875445,False,False,4.054815503706338,0.0036337093653654104,0.08391938488141824,rising,87.09677419354861,55.29809588127281,3,4.158716492955514,long,4.366626186364027,-0.8387754023553184,False,0.03471308333333333,up,
2026-08-24,build,PMI,2026-08-24T12:02:00+00:00,2026-08-24T12:02:02.082785+00:00,4.34,False,3,2026-08-24T12:05:02.082785+00:00,2026-08-24T12:04:50.410610+00:00,2026-08-24T12:05:00+00:00,,-0.691244239631339,-0.4608294930875445,-0.691244239631339,False,False,0.6123521989063888,0.009741131645001545,0.2254995982453249,rising,80.51612903225812,53.559981708115075,3,4.2062868443932215,long,4.365840392282019,-1.054559675690614,False,3.0347130833333336,up,False
2026-08-24,build,PMI,2026-08-24T12:02:00+00:00,2026-08-24T12:02:02.082785+00:00,4.34,False,5,2026-08-24T12:07:02.082785+00:00,2026-08-24T12:07:00.604988+00:00,2026-08-24T12:07:00+00:00,,-1.8433179723502335,-0.4608294930875445,-1.8433179723502335,False,False,0.6887131560028756,0.005461617950119391,0.128206994134258,falling,41.935483870967595,43.05859549148941,0,4.212189475514577,long,4.365223691731066,-2.4104994190879303,False,5.034713083333333,down,True
2026-08-24,build,PMI,2026-08-24T12:02:00+00:00,2026-08-24T12:02:02.082785+00:00,4.34,False,10,2026-08-24T12:12:02.082785+00:00,2026-08-24T12:11:58.820370+00:00,2026-08-24T12:12:00+00:00,,1.1520737327188835,1.1520737327188835,-1.8433179723502335,False,False,2.5231805382181323,0.01262404329460541,0.2869165957091164,rising,99.92857142857096,64.79715336672538,3,4.248818157869294,long,4.364063521146613,0.8211722556222378,True,10.034713083333333,up,False
2026-08-24,build,PMI,2026-08-24T12:50:00+00:00,2026-08-24T12:50:03.990114+00:00,4.32,False,0,2026-08-24T12:50:03.990114+00:00,2026-08-24T12:50:03.990114+00:00,2026-08-24T12:50:00+00:00,,-0.23148148148149916,-0.23148148148149916,-0.23148148148149916,False,False,0.9210974088058468,0.0008417334569610323,0.019509409131093575,rising,84.49999999999966,50.080360927943794,3,4.231394051680334,long,4.3604144951528205,-1.0529846463876447,False,0.0665019,up,
2026-08-24,build,PMI,2026-08-24T12:50:00+00:00,2026-08-24T12:50:03.990114+00:00,4.32,False,3,2026-08-24T12:53:03.990114+00:00,2026-08-24T12:52:52.337314+00:00,2026-08-24T12:53:00+00:00,,0.0,0.23148148148146586,-0.23148148148149916,False,False,0.31105140881514187,0.006312572017809687,0.14608377343815807,rising,82.90909090909109,51.21457223796547,3,4.254272193075414,long,4.360055624174475,-0.8911726712622303,False,3.0665019,down,False
2026-08-24,build,PMI,2026-08-24T12:50:00+00:00,2026-08-24T12:50:03.990114+00:00,4.32,False,5,2026-08-24T12:55:03.990114+00:00,2026-08-24T12:54:34.267379+00:00,2026-08-24T12:55:00+00:00,,-0.6944444444444531,0.23148148148146586,-0.6944444444444531,False,False,0.7387883337503823,0.004782429898490951,0.11139805498336752,falling,57.363636363636196,44.3500523942299,0,4.268934203568265,long,4.3597474556975016,-1.5286999161018833,False,5.0665019000000004,down,True
2026-08-24,build,PMI,2026-08-24T12:50:00+00:00,2026-08-24T12:50:03.990114+00:00,4.32,False,10,2026-08-24T13:00:03.990114+00:00,2026-08-24T12:59:21.152783+00:00,2026-08-24T13:00:00+00:00,,-0.92592592592593,0.23148148148146586,-2.083333333333326,False,False,0.3653517338325437,-0.0004450801679413488,-0.010398826381190832,falling,45.545454545454405,43.62032949809151,3,4.36565210971631,short,4.35842029334898,-1.7969880846163133,False,10.066501899999999,down,False
2026-08-24,build,PMI,2026-08-24T13:17:00+00:00,2026-08-24T13:17:00.592729+00:00,4.38,False,0,2026-08-24T13:17:00.592729+00:00,2026-08-24T13:17:00.592729+00:00,2026-08-24T13:17:00+00:00,,-0.45662100456620447,-0.45662100456620447,-0.45662100456620447,False,False,1.3645958986731002,0.005685587416090739,0.1301049751965844,rising,100.0,61.74088679690816,3,4.279585493093623,long,4.355758922280245,0.3269482534240087,True,0.009878816666666667,up,
2026-08-24,build,PMI,2026-08-24T13:17:00+00:00,2026-08-24T13:17:00.592729+00:00,4.38,False,3,2026-08-24T13:20:00.592729+00:00,2026-08-24T13:19:56.508581+00:00,2026-08-24T13:20:00+00:00,,-0.6849315068493178,0.0,-0.6849315068493178,False,False,1.2897642986649085,0.006916418376149822,0.15790909534588635,falling,88.88888888888911,63.52665512355335,3,4.291544715579919,long,4.356016099509685,0.5505925584851301,True,3.0098788166666663,flat,True
2026-08-24,build,PMI,2026-08-24T13:17:00+00:00,2026-08-24T13:17:00.592729+00:00,4.38,False,5,2026-08-24T13:22:00.592729+00:00,2026-08-24T13:22:00.486231+00:00,2026-08-24T13:22:00+00:00,,0.0,0.0,-0.6849315068493178,False,False,0.36677290781801786,0.004821009413182194,0.10989558488185723,rising,96.55555555555569,61.668816243346036,3,4.291544715579919,long,4.356044159419418,0.7083454494798858,True,5.009878816666667,up,False
2026-08-24,build,PMI,2026-08-24T13:17:00+00:00,2026-08-24T13:17:00.592729+00:00,4.38,False,10,2026-08-24T13:27:00.592729+00:00,2026-08-24T13:26:55.639804+00:00,2026-08-24T13:27:00+00:00,,2.054794520547931,3.1963470319634535,-0.6849315068493178,True,False,2.889959640886253,0.013586414127759572,0.3034646116405613,falling,70.61111111111111,69.37214600568073,3,4.338493286336785,long,4.36573829385891,2.5508103932326387,True,10.009878816666665,down,False
2026-08-24,build,PMI,2026-08-24T15:58:00+00:00,2026-08-24T15:58:00.551569+00:00,4.35,True,0,2026-08-24T15:58:00.551569+00:00,2026-08-24T15:58:00.551569+00:00,2026-08-24T15:58:00+00:00,,-0.22988505747125743,-0.22988505747125743,-0.22988505747125743,False,False,2.2442156610613817,0.009504815000450452,0.21854671082408894,rising,99.57142857142873,56.392147500662745,3,4.2101538008935355,long,4.56195114648773,-4.665791887131565,False,0.009192816666666666,up,
2026-08-24,build,PMI,2026-08-24T15:58:00+00:00,2026-08-24T15:58:00.551569+00:00,4.35,True,3,2026-08-24T16:01:00.551569+00:00,2026-08-24T16:01:00.447773+00:00,2026-08-24T16:01:00+00:00,,-0.45977011494251485,0.22988505747127963,-1.1494252873563204,False,False,0.19158239307994593,0.012901372578252981,0.29795317732685866,falling,64.25297891842365,52.66265421520476,2,4.2101538008935355,long,4.560803127419323,-5.060580800599479,False,3.009192816666667,flat,False
2026-08-24,build,PMI,2026-08-24T15:58:00+00:00,2026-08-24T15:58:00.551569+00:00,4.35,True,5,2026-08-24T16:03:00.551569+00:00,2026-08-24T16:03:00.092258+00:00,2026-08-24T16:03:00+00:00,,-0.6896551724137834,0.22988505747127963,-1.1494252873563204,False,False,0.28809229925255436,0.010485810468948965,0.2426765365768466,falling,55.91200733272235,51.048891129693004,0,4.223487677476794,long,4.560662577391137,-5.257187378424522,False,5.009192816666666,down,False
2026-08-24,build,PMI,2026-08-24T15:58:00+00:00,2026-08-24T15:58:00.551569+00:00,4.35,True,10,2026-08-24T16:08:00.551569+00:00,2026-08-24T16:08:00.270205+00:00,2026-08-24T16:08:00+00:00,,-0.6896551724137834,0.22988505747127963,-2.9885057471264354,False,False,0.4149071419668453,0.0038903242410417427,0.08975254910697295,rising,76.84563758389294,53.87647025073254,3,4.236210141981435,long,4.560038230058936,-4.945972351113836,False,10.009192816666665,up,False
2026-08-24,build,PMI,2026-08-24T17:42:00+00:00,2026-08-24T17:42:00.137546+00:00,4.63,False,0,2026-08-24T17:42:00.137546+00:00,2026-08-24T17:42:00.137546+00:00,2026-08-24T17:42:00+00:00,,-0.21598272138227959,-0.21598272138227959,-0.21598272138227959,False,False,9.247097382619854,0.011801835645032885,0.25493780150417744,rising,99.56222639149459,72.88881538450138,3,4.480901640520768,long,4.571174677196835,1.2715620580662002,True,0.0022924333333333336,up,
2026-08-24,build,PMI,2026-08-24T17:42:00+00:00,2026-08-24T17:42:00.137546+00:00,4.63,False,3,2026-08-24T17:45:00.137546+00:00,2026-08-24T17:44:37.830386+00:00,2026-08-24T17:45:00+00:00,,-1.0799136069114423,-0.21598272138227959,-2.591792656587477,False,False,0.5294937296795169,0.012749725769766478,0.27807471689785124,falling,71.85741088180107,61.182515391056775,3,4.480901640520768,long,4.571192717148407,0.302049896076273,True,3.002292433333333,flat,False
2026-08-24,build,PMI,2026-08-24T17:42:00+00:00,2026-08-24T17:42:00.137546+00:00,4.63,False,5,2026-08-24T17:47:00.137546+00:00,2026-08-24T17:46:59.254831+00:00,2026-08-24T17:47:00+00:00,,-0.8639308855291628,-0.21598272138227959,-2.591792656587477,False,False,1.2435227233731025,0.011528156100660186,0.250666581879978,falling,80.61288305190757,63.153608180605026,2,4.480901640520768,long,4.5712469303972565,0.607122520951453,True,5.002292433333333,down,False
2026-08-24,build,PMI,2026-08-24T17:42:00+00:00,2026-08-24T17:42:00.137546+00:00,4.63,False,10,2026-08-24T17:52:00.137546+00:00,2026-08-24T17:51:45.111856+00:00,2026-08-24T17:52:00+00:00,,-2.3758099352051865,-0.21598272138227959,-2.8077753779697567,False,False,0.09343304787087099,-0.004057328535632301,-0.0895657513384614,falling,23.076923076923286,49.113691264145245,1,4.480901640520768,long,4.571120902636452,-0.899580289218227,False,10.002292433333334,down,False
2026-08-24,build,PMI,2026-08-24T18:17:00+00:00,2026-08-24T18:17:00.122862+00:00,4.51,False,0,2026-08-24T18:17:00.122862+00:00,2026-08-24T18:17:00.122862+00:00,2026-08-24T18:17:00+00:00,,-0.44345898004433115,-0.44345898004433115,-0.44345898004433115,False,False,0.49803637640141296,0.010107806783586632,0.22412485384568684,rising,93.91824526420737,57.52596219926931,3,4.431026111830438,long,4.570056434427295,-1.3163171022161246,False,0.0020477,up,
2026-08-24,build,PMI,2026-08-24T18:17:00+00:00,2026-08-24T18:17:00.122862+00:00,4.51,False,3,2026-08-24T18:20:00.122862+00:00,2026-08-24T18:19:30.195534+00:00,,strategy_bar,-0.44345898004433115,-0.22172949002217113,-0.44345898004433115,False,False,,,,,,,,,,,,,3.0020477,,False
2026-08-24,build,PMI,2026-08-24T18:17:00+00:00,2026-08-24T18:17:00.122862+00:00,4.51,False,5,2026-08-24T18:22:00.122862+00:00,2026-08-24T18:22:00.116245+00:00,2026-08-24T18:22:00+00:00,,-0.6651884700665023,-0.22172949002217113,-0.6651884700665023,False,False,0.028676301904106447,0.0068521043664265665,0.15260811506517966,falling,63.38028169014098,52.27244385970365,1,4.4451461692571845,long,4.570020593634364,-1.7509897820991327,False,5.0020477,flat,False
2026-08-24,build,PMI,2026-08-24T18:17:00+00:00,2026-08-24T18:17:00.122862+00:00,4.51,False,10,2026-08-24T18:27:00.122862+00:00,2026-08-24T18:26:34.653323+00:00,2026-08-24T18:27:00+00:00,,0.22172949002217113,0.22172949002217113,-0.6651884700665023,False,False,0.29400875492736894,0.00638261026166112,0.1412050676237499,falling,80.16032064128255,57.95428923404484,3,4.475033296742194,long,4.569950133533336,-1.0908244527122024,False,10.0020477,down,False
2026-08-24,build,PMI,2026-08-24T18:43:00+00:00,2026-08-24T18:43:00.203558+00:00,4.62,False,0,2026-08-24T18:43:00.203558+00:00,2026-08-24T18:43:00.203558+00:00,2026-08-24T18:43:00+00:00,,-0.8658008658008698,-0.8658008658008698,-0.8658008658008698,False,False,4.762507165306082,0.008887850343661009,0.1923777130662556,rising,100.0,76.40776335831748,3,4.504439311630988,long,4.5697736216691975,1.099099922425828,True,0.003392633333333333,up,
2026-08-24,build,PMI,2026-08-24T18:43:00+00:00,2026-08-24T18:43:00.203558+00:00,4.62,False,3,2026-08-24T18:46:00.203558+00:00,2026-08-24T18:45:59.413942+00:00,2026-08-24T18:46:00+00:00,,-2.16450216450218,-0.43290043290044045,-2.3809523809523836,False,False,1.7964443754366897,0.0069520665857464164,0.153467253548486,falling,37.80234968901196,52.98563653957013,0,4.504439311630988,long,4.569814397373477,-0.8712475805660813,False,3.003392633333333,down,True
2026-08-24,build,PMI,2026-08-24T18:43:00+00:00,2026-08-24T18:43:00.203558+00:00,4.62,False,5,2026-08-24T18:48:00.203558+00:00,2026-08-24T18:47:48.610683+00:00,2026-08-24T18:48:00+00:00,,-1.7316017316017285,-0.43290043290044045,-2.3809523809523836,False,False,1.4690088713941603,0.004189884821815246,0.09204289936106952,falling,53.07532826537683,56.72987126936218,2,4.504439311630988,long,4.569796856093888,-0.38725695367156643,False,5.003392633333333,up,False
2026-08-24,build,PMI,2026-08-24T18:43:00+00:00,2026-08-24T18:43:00.203558+00:00,4.62,False,10,2026-08-24T18:53:00.203558+00:00,2026-08-24T18:53:00.157944+00:00,2026-08-24T18:53:00+00:00,,-2.3809523809523836,-0.43290043290044045,-3.0303030303030276,False,True,0.3316489140576644,-0.003975376814398657,-0.0879508144778464,falling,27.483683828861178,49.245316137653376,1,4.504439311630988,long,4.56968347264321,-1.0872410078432093,False,10.003392633333334,down,False
2026-08-24,build,PMI,2026-08-24T19:14:00+00:00,2026-08-24T19:14:00.205665+00:00,4.68,True,0,2026-08-24T19:14:00.205665+00:00,2026-08-24T19:14:00.205665+00:00,2026-08-24T19:14:00+00:00,,-0.8547008547008517,-0.8547008547008517,-0.8547008547008517,False,False,3.3572321196275716,0.010980576170172993,0.2346276959438674,rising,100.0,69.25052197311578,3,4.515907640321265,long,4.569444315691147,2.4194557734123823,True,0.00342775,up,
2026-08-24,build,PMI,2026-08-24T19:14:00+00:00,2026-08-24T19:14:00.205665+00:00,4.68,True,3,2026-08-24T19:17:00.205665+00:00,2026-08-24T19:16:58.673733+00:00,2026-08-24T19:17:00+00:00,,0.42735042735044804,1.9230769230769162,-1.2820512820512775,False,False,2.302886426474665,0.017852025895338602,0.3797172309384142,falling,71.41666666666659,62.043639814517185,3,4.53534088980561,long,4.570472390053237,2.864640649218253,True,3.00342775,down,False
2026-08-24,build,PMI,2026-08-24T19:14:00+00:00,2026-08-24T19:14:00.205665+00:00,4.68,True,5,2026-08-24T19:19:00.205665+00:00,2026-08-24T19:19:00.110303+00:00,2026-08-24T19:19:00+00:00,,1.0683760683760868,1.9230769230769162,-1.2820512820512775,False,False,2.8879740005759365,0.015000076024482549,0.3168985512418674,rising,84.74364318466026,62.94464983660359,3,4.53534088980561,long,4.57113411117494,3.5497949716323474,True,5.00342775,up,False
2026-08-24,build,PMI,2026-08-24T19:14:00+00:00,2026-08-24T19:14:00.205665+00:00,4.68,True,10,2026-08-24T19:24:00.205665+00:00,2026-08-24T19:24:00.166250+00:00,2026-08-24T19:24:00+00:00,,0.42735042735044804,3.205128205128216,-3.8461538461538436,True,True,0.8701421603802036,0.009359702855186516,0.19669853007705357,falling,70.45161290322588,64.74616282924715,2,4.53534088980561,long,4.573582874528541,4.040970297067381,True,10.003427749999998,up,False
2026-08-24,build,XPON,2026-08-24T13:34:00+00:00,2026-08-24T13:34:00.057978+00:00,8.75,False,0,2026-08-24T13:34:00.057978+00:00,2026-08-24T13:34:00.057978+00:00,2026-08-24T13:34:00+00:00,,-0.22857142857142243,-0.22857142857142243,-0.22857142857142243,False,False,2.849827835590959,0.011524464381850097,0.1318588602042345,rising,88.54114445319773,59.75612206608524,3,6.863251693003461,long,7.720082863653141,13.211220065379381,True,0.0009663,up,
2026-08-24,build,XPON,2026-08-24T13:34:00+00:00,2026-08-24T13:34:00.057978+00:00,8.75,False,3,2026-08-24T13:37:00.057978+00:00,2026-08-24T13:36:59.740502+00:00,2026-08-24T13:37:00+00:00,,-7.9999999999999964,0.34285714285713365,-12.0,False,True,0.9854301067858671,-0.01073922529453749,-0.13282900797201594,falling,41.631454558476015,47.09674570453754,0,6.863251693003461,long,7.754804355258002,4.257949390020599,True,3.0009663,down,False
2026-08-24,build,XPON,2026-08-24T13:34:00+00:00,2026-08-24T13:34:00.057978+00:00,8.75,False,5,2026-08-24T13:39:00.057978+00:00,2026-08-24T13:38:59.515397+00:00,2026-08-24T13:39:00+00:00,,-9.371428571428575,0.34285714285713365,-12.8,False,True,1.0438049857840392,-0.03597281718842721,-0.4522038615767091,falling,32.32113442669912,45.01741797840698,2,6.863251693003461,long,7.759851024261389,2.514854668323818,True,5.0009663,down,True
2026-08-24,build,XPON,2026-08-24T13:34:00+00:00,2026-08-24T13:34:00.057978+00:00,8.75,False,10,2026-08-24T13:44:00.057978+00:00,2026-08-24T13:43:59.706665+00:00,2026-08-24T13:44:00+00:00,,-12.11428571428571,0.34285714285713365,-19.65714285714285,False,True,0.7478783230006505,-0.07138122965940522,-0.9282344559090404,rising,36.93181818181819,43.99385634611938,3,6.863251693003461,long,7.747773460353005,-0.7456782345101276,False,10.0009663,up,False
2026-08-24,build,XPON,2026-08-24T14:56:00+00:00,2026-08-24T14:56:00.226711+00:00,7.18,True,0,2026-08-24T14:56:00.226711+00:00,2026-08-24T14:56:00.226711+00:00,2026-08-24T14:56:00+00:00,,-0.41782729805013297,-0.41782729805013297,-0.41782729805013297,False,False,2.0079370156104877,0.045257843133682585,0.6329768270445116,rising,91.93548387096777,60.70409214855925,3,6.323464426969257,long,7.61421778265275,-6.096723207869925,False,0.0037785166666666667,up,
2026-08-24,build,XPON,2026-08-24T14:56:00+00:00,2026-08-24T14:56:00.226711+00:00,7.18,True,3,2026-08-24T14:59:00.226711+00:00,2026-08-24T14:59:00.202508+00:00,2026-08-24T14:59:00+00:00,,-3.064066852367686,1.392757660167132,-3.760445682451252,False,True,1.0110274200898701,0.034127825116422365,0.4891756029645151,falling,55.07709404083907,53.939283252439594,0,6.323464426969257,long,7.605516557794458,-8.269215549204445,False,3.0037785166666664,down,True
2026-08-24,build,XPON,2026-08-24T14:56:00+00:00,2026-08-24T14:56:00.226711+00:00,7.18,True,5,2026-08-24T15:01:00.226711+00:00,2026-08-24T15:00:59.942603+00:00,2026-08-24T15:01:00+00:00,,0.1392757660167332,1.392757660167132,-4.317548746518096,False,True,1.3685181309964047,0.031528647096967455,0.43832402470412146,rising,83.53846153846149,60.26543663136242,3,6.408682823429285,long,7.601677061663202,-5.376143426616265,False,5.003778516666667,up,False
2026-08-24,build,XPON,2026-08-24T14:56:00+00:00,2026-08-24T14:56:00.226711+00:00,7.18,True,10,2026-08-24T15:06:00.226711+00:00,2026-08-24T15:05:58.618120+00:00,2026-08-24T15:06:00+00:00,,-0.974930362116988,2.506963788300842,-5.153203342618385,True,True,1.9241284237003466,0.018008458225019022,0.25186654860166463,falling,59.64912280701764,56.71453902425397,0,6.567616258743429,long,7.589134627983324,-5.786359703833788,False,10.003778516666667,down,False
2026-08-24,build,XPON,2026-08-24T17:32:00+00:00,2026-08-24T17:32:00.617511+00:00,7.22,False,0,2026-08-24T17:32:00.617511+00:00,2026-08-24T17:32:00.617511+00:00,2026-08-24T17:32:00+00:00,,-1.5235457063711877,-1.5235457063711877,-1.5235457063711877,False,False,1.0683851313590464,0.04681731499724409,0.648448247167469,rising,100.0,57.169155974995135,3,6.716326047448338,long,7.6981048898932185,-6.211981997297156,False,0.01029185,up,
2026-08-24,build,XPON,2026-08-24T17:32:00+00:00,2026-08-24T17:32:00.617511+00:00,7.22,False,3,2026-08-24T17:35:00.617511+00:00,2026-08-24T17:35:00.427736+00:00,2026-08-24T17:35:00+00:00,,2.354570637119102,3.7396121883656486,-2.0775623268697974,True,False,1.3543924993578218,0.0740158620814326,1.000214352451792,rising,82.45614035087726,60.78260018224622,3,6.805238670366937,long,7.69612877421068,-3.84776272459203,False,3.01029185,down,False
2026-08-24,build,XPON,2026-08-24T17:32:00+00:00,2026-08-24T17:32:00.617511+00:00,7.22,False,5,2026-08-24T17:37:00.617511+00:00,2026-08-24T17:37:00.386453+00:00,2026-08-24T17:37:00+00:00,,0.8310249307479367,3.7396121883656486,-2.0775623268697974,True,False,0.6015524383566736,0.059804290360511755,0.8209236837407241,falling,60.90909090909093,55.951429297717404,1,6.805238670366937,long,7.695523461130231,-5.334574875949216,False,5.01029185,down,False
2026-08-24,build,XPON,2026-08-24T17:32:00+00:00,2026-08-24T17:32:00.617511+00:00,7.22,False,10,2026-08-24T17:42:00.617511+00:00,2026-08-24T17:41:59.647107+00:00,2026-08-24T17:42:00+00:00,,0.41551246537396835,3.7396121883656486,-2.0775623268697974,True,False,1.0194680098133497,0.020351139939604176,0.27974075518356256,falling,47.67441860465121,55.24714066039477,2,6.85789572928299,long,7.6938871375577405,-5.444414898068118,False,10.01029185,up,False
2026-08-24,build,XPON,2026-08-24T18:52:00+00:00,2026-08-24T18:52:00.470706+00:00,7.4,True,0,2026-08-24T18:52:00.470706+00:00,2026-08-24T18:52:00.470706+00:00,2026-08-24T18:52:00+00:00,,-0.2702702702702786,-0.2702702702702786,-0.2702702702702786,False,False,2.8146450606232247,0.018629584546129313,0.25226248539105367,rising,60.7142857142857,65.664172444315,3,6.967672025313158,long,7.671147348214061,-3.7301766636079536,False,0.0078451,up,
2026-08-24,build,XPON,2026-08-24T18:52:00+00:00,2026-08-24T18:52:00.470706+00:00,7.4,True,3,2026-08-24T18:55:00.470706+00:00,2026-08-24T18:55:00.358371+00:00,2026-08-24T18:55:00+00:00,,3.378378378378377,4.459459459459469,-0.9459459459459474,True,False,2.3639298585615314,0.045554090501705516,0.5939255606480511,rising,88.13559322033893,78.6613625378215,3,7.112275276960337,long,7.670555279450605,-0.007239103694267612,False,3.0078451,up,False
2026-08-24,build,XPON,2026-08-24T18:52:00+00:00,2026-08-24T18:52:00.470706+00:00,7.4,True,5,2026-08-24T18:57:00.470706+00:00,2026-08-24T18:57:00.350524+00:00,2026-08-24T18:57:00+00:00,,-2.5675675675675746,7.972972972972969,-7.567567567567579,True,True,1.6164915181295632,0.0017774924565388123,0.024503618094000725,falling,35.689655172413765,48.13321870380779,2,7.112275276960337,long,7.6663250233756735,-5.378392151629874,False,5.0078451,up,False
2026-08-24,build,XPON,2026-08-24T18:52:00+00:00,2026-08-24T18:52:00.470706+00:00,7.4,True,10,2026-08-24T19:02:00.470706+00:00,2026-08-24T19:01:59.591121+00:00,2026-08-24T19:02:00+00:00,,-2.972972972972987,7.972972972972969,-7.567567567567579,True,True,0.3361624278078703,-0.02432850792181704,-0.33789594335857,falling,31.03448275862071,46.087489233922746,2,7.112275276960337,long,7.663973041066364,-6.053949284271054,False,10.007845099999999,down,False
2026-08-25,build,AIXI,2026-08-25T16:24:00+00:00,2026-08-25T16:24:00.285366+00:00,1.16,True,0,2026-08-25T16:24:00.285366+00:00,2026-08-25T16:24:00.285366+00:00,2026-08-25T16:24:00+00:00,,-0.8620689655172376,-0.8620689655172376,-0.8620689655172376,False,False,1.0650990385729178,0.00558092808993108,0.4811144905113,rising,88.4393063583815,58.336223654812876,3,1.093111621089457,long,1.3386701079250305,-13.346836301736309,False,0.0047561,up,
2026-08-25,build,AIXI,2026-08-25T16:24:00+00:00,2026-08-25T16:24:00.285366+00:00,1.16,True,3,2026-08-25T16:27:00.285366+00:00,2026-08-25T16:26:52.447194+00:00,2026-08-25T16:27:00+00:00,,-1.7241379310344862,0.0,-2.5862068965517238,False,False,0.44471951119430486,0.003512181673870247,0.30674075754325303,falling,58.333333333333364,53.25015254074645,2,1.093111621089457,long,1.3379122184954246,-14.418899523345996,False,3.0047561000000003,up,False
2026-08-25,build,AIXI,2026-08-25T16:24:00+00:00,2026-08-25T16:24:00.285366+00:00,1.16,True,5,2026-08-25T16:29:00.285366+00:00,2026-08-25T16:28:57.157283+00:00,2026-08-25T16:29:00+00:00,,-0.8620689655172376,0.0,-2.5862068965517238,False,False,0.4879324721496232,0.0033895950799120596,0.29220647240621206,rising,79.99999999999991,57.72264333102889,3,1.0937810879985932,long,1.337606406785211,-13.277927339782137,False,5.0047561,up,False
2026-08-25,build,AIXI,2026-08-25T16:24:00+00:00,2026-08-25T16:24:00.285366+00:00,1.16,True,10,2026-08-25T16:34:00.285366+00:00,2026-08-25T16:33:58.748947+00:00,2026-08-25T16:34:00+00:00,,2.586206896551735,5.1724137931034475,-2.5862068965517238,True,False,1.1509130982761837,0.007156542414045071,0.5988738421795039,falling,65.00000000000011,59.17239797513597,1,1.1278248703988745,long,1.3343617574917606,-10.44407610674657,False,10.0047561,down,False
2026-08-25,build,AIXI,2026-08-25T17:36:00+00:00,2026-08-25T17:36:01.808671+00:00,1.25,False,0,2026-08-25T17:36:01.808671+00:00,2026-08-25T17:36:01.808671+00:00,2026-08-25T17:36:00+00:00,,-0.8000000000000007,-0.8000000000000007,-0.8000000000000007,False,False,3.418709983457622,0.007748728851542819,0.6242430396795955,rising,92.09090909090916,67.83797018152268,3,1.1406157521915827,long,1.3207106474898642,-6.0127210786701575,False,0.030144516666666666,up,
2026-08-25,build,AIXI,2026-08-25T17:36:00+00:00,2026-08-25T17:36:01.808671+00:00,1.25,False,3,2026-08-25T17:39:01.808671+00:00,2026-08-25T17:39:00.620621+00:00,2026-08-25T17:39:00+00:00,,1.6000000000000014,2.400000000000002,-2.400000000000002,True,False,3.002009614953792,0.013312923780175602,1.0402347069991875,rising,92.15384615384617,73.59636777466284,3,1.1667616651220905,long,1.3199373691071363,-3.0408540622110736,False,3.0301445166666667,up,False
2026-08-25,build,AIXI,2026-08-25T17:36:00+00:00,2026-08-25T17:36:01.808671+00:00,1.25,False,5,2026-08-25T17:41:01.808671+00:00,2026-08-25T17:41:00.536125+00:00,2026-08-25T17:41:00+00:00,,-0.8000000000000007,2.400000000000002,-2.400000000000002,True,False,0.5919907434026646,0.010202016256291115,0.8161613005032893,falling,64.28571428571428,63.09866753914387,0,1.1667616651220905,long,1.319708165727585,-5.282089445067073,False,5.030144516666667,down,False
2026-08-25,build,AIXI,2026-08-25T17:36:00+00:00,2026-08-25T17:36:01.808671+00:00,1.25,False,10,2026-08-25T17:46:01.808671+00:00,2026-08-25T17:46:01.753228+00:00,2026-08-25T17:46:00+00:00,,-3.200000000000003,2.400000000000002,-4.800000000000004,True,True,1.11767554402089,-0.002889675847820499,-0.23879645052644402,falling,18.272727272727263,51.82892960508879,1,1.1667616651220905,long,1.3184537682948974,-8.218245561619264,False,10.030144516666667,up,False
2026-08-25,build,AIXI,2026-08-25T18:13:00+00:00,2026-08-25T18:13:01.160804+00:00,1.27,False,0,2026-08-25T18:13:01.160804+00:00,2026-08-25T18:13:01.160804+00:00,2026-08-25T18:13:00+00:00,,-0.7874015748031482,-0.7874015748031482,-0.7874015748031482,False,False,4.6922387434996,0.006426204769015611,0.5060003755130402,rising,100.0,69.52315184886686,3,1.183071293684071,long,1.3152696803195976,-3.441855385018644,False,0.01934673333333333,up,
2026-08-25,build,AIXI,2026-08-25T18:13:00+00:00,2026-08-25T18:13:01.160804+00:00,1.27,False,3,2026-08-25T18:16:01.160804+00:00,2026-08-25T18:16:00.652474+00:00,2026-08-25T18:16:00+00:00,,-1.5748031496062964,1.5748031496062964,-3.149606299212604,False,True,2.2322234507834327,0.010078741959468986,0.8030870087226284,falling,59.09090909090899,59.211271130129724,2,1.1842216279578055,long,1.3147308723959845,-4.543201475685299,False,3.0193467333333337,down,False
2026-08-25,build,AIXI,2026-08-25T18:13:00+00:00,2026-08-25T18:13:01.160804+00:00,1.27,False,5,2026-08-25T18:18:01.160804+00:00,2026-08-25T18:17:54.702136+00:00,2026-08-25T18:18:00+00:00,,-2.3622047244094557,1.5748031496062964,-3.149606299212604,False,True,1.3223549297819441,0.005323597406354196,0.427598185249333,falling,50.0000000000001,56.28403193678406,2,1.1842216279578055,long,1.3144410159262694,-5.282931305771454,False,5.019346733333333,up,False
2026-08-25,build,AIXI,2026-08-25T18:13:00+00:00,2026-08-25T18:13:01.160804+00:00,1.27,False,10,2026-08-25T18:23:01.160804+00:00,2026-08-25T18:22:55.869922+00:00,2026-08-25T18:23:00+00:00,,-5.511811023622048,1.5748031496062964,-5.511811023622048,False,True,1.0320764045924191,-0.003872374451217825,-0.32135887561973653,falling,5.000000000000111,45.21055533987253,0,1.1842216279578055,long,1.313839309187015,-8.284065518968465,False,10.019346733333332,down,True
2026-08-25,build,AIXI,2026-08-25T19:45:00+00:00,2026-08-25T19:45:00.371530+00:00,1.27,True,0,2026-08-25T19:45:00.371530+00:00,2026-08-25T19:45:00.371530+00:00,2026-08-25T19:45:00+00:00,,-0.7874015748031482,-0.7874015748031482,-0.7874015748031482,False,False,4.546565691377938,0.005550572075973278,0.4405215933312125,rising,81.81818181818181,66.39934065688313,3,1.1586226317830697,long,1.305023123880153,-3.449986675047434,False,0.006192166666666667,up,
2026-08-25,build,AIXI,2026-08-25T19:45:00+00:00,2026-08-25T19:45:00.371530+00:00,1.27,True,3,2026-08-25T19:48:00.371530+00:00,2026-08-25T19:47:59.775424+00:00,2026-08-25T19:48:00+00:00,,-4.7244094488189,0.7874015748031482,-4.7244094488189,False,True,0.9318430429858797,0.0029666527829348742,0.2451779159450309,falling,33.333333333333336,48.63161358518877,0,1.1777981054264557,long,1.3045854938586279,-7.250233449926569,False,3.0061921666666667,down,False
2026-08-25,build,AIXI,2026-08-25T19:45:00+00:00,2026-08-25T19:45:00.371530+00:00,1.27,True,5,2026-08-25T19:50:00.371530+00:00,2026-08-25T19:49:59.278269+00:00,2026-08-25T19:50:00+00:00,,-3.149606299212604,0.7874015748031482,-4.7244094488189,False,True,1.2657798993447575,0.0016974863176113988,0.136894057871887,rising,54.54545454545455,55.60731543875289,3,1.1777981054264557,long,1.3043154880923196,-4.93097633812406,False,5.006192166666667,up,False
2026-08-25,build,AIXI,2026-08-25T19:45:00+00:00,2026-08-25T19:45:00.371530+00:00,1.27,True,10,2026-08-25T19:55:00.371530+00:00,2026-08-25T19:55:00.041140+00:00,2026-08-25T19:55:00+00:00,,6.299212598425208,6.299212598425208,-4.7244094488189,True,True,3.525022058477916,0.010335813166567264,0.7644266819441805,rising,94.73333333333332,72.28981513424355,3,1.1940109458170434,long,1.3042346743970985,3.66999333344884,True,10.006192166666667,up,False
2026-08-25,build,DAIC,2026-08-25T16:06:00+00:00,2026-08-25T16:06:00.328641+00:00,3.46,True,0,2026-08-25T16:06:00.328641+00:00,2026-08-25T16:06:00.328641+00:00,2026-08-25T16:06:00+00:00,,-0.28901734104045396,-0.28901734104045396,-0.28901734104045396,False,False,9.717848198020409,0.023204906156015014,0.6723331446953414,rising,88.14634146341464,77.89833421970717,3,3.103629223253421,long,3.8832852334283854,-11.121645912347589,False,0.005477350000000001,up,
2026-08-25,build,DAIC,2026-08-25T16:06:00+00:00,2026-08-25T16:06:00.328641+00:00,3.46,True,3,2026-08-25T16:09:00.328641+00:00,2026-08-25T16:08:59.481388+00:00,2026-08-25T16:09:00+00:00,,-2.023121387283233,1.1560693641618602,-5.491329479768781,False,True,2.0264870401569666,0.03150771530287627,0.9280623064175632,falling,70.23809523809523,68.10407905041669,3,3.103629223253421,long,3.8779245239054254,-12.453169754296201,False,3.00547735,up,False
2026-08-25,build,DAIC,2026-08-25T16:06:00+00:00,2026-08-25T16:06:00.328641+00:00,3.46,True,5,2026-08-25T16:11:00.328641+00:00,2026-08-25T16:11:00.319996+00:00,2026-08-25T16:11:00+00:00,,1.1560693641618602,1.4450867052023142,-5.491329479768781,False,True,2.077585518469001,0.030815588512706882,0.8804453860773396,rising,95.23809523809524,70.13971079314811,3,3.103629223253421,long,3.8752175810535716,-9.682490678408817,False,5.0054773500000005,up,False
2026-08-25,build,DAIC,2026-08-25T16:06:00+00:00,2026-08-25T16:06:00.328641+00:00,3.46,True,10,2026-08-25T16:16:00.328641+00:00,2026-08-25T16:16:00.169809+00:00,2026-08-25T16:16:00+00:00,,2.023121387283222,6.069364161849711,-5.491329479768781,True,True,1.24278809757186,0.023734513121132964,0.6685778343981117,falling,66.66666666666663,65.12878718120623,2,3.103629223253421,long,3.867609528060794,-8.212037067248678,False,10.00547735,up,False
2026-08-25,build,DAIC,2026-08-25T18:03:00+00:00,2026-08-25T18:03:00.400137+00:00,3.66,True,0,2026-08-25T18:03:00.400137+00:00,2026-08-25T18:03:00.400137+00:00,2026-08-25T18:03:00+00:00,,-0.819672131147553,-0.819672131147553,-0.819672131147553,False,False,7.469238689075506,0.017412102902518024,0.475740516462241,rising,88.26125330979706,69.12710366940432,3,3.3299692283801337,long,3.844005554328728,-4.786818117927005,False,0.006668950000000001,up,
2026-08-25,build,DAIC,2026-08-25T18:03:00+00:00,2026-08-25T18:03:00.400137+00:00,3.66,True,3,2026-08-25T18:06:00.400137+00:00,2026-08-25T18:05:59.760523+00:00,2026-08-25T18:06:00+00:00,,2.1857923497267784,2.7322404371584508,-1.6393442622950838,True,False,2.7415733019152633,0.03782080878908885,1.0102791107246727,rising,91.33333333333333,73.3806405948225,3,3.4018222449306283,long,3.843226387191813,-2.5922591373704784,False,3.00666895,up,False
2026-08-25,build,DAIC,2026-08-25T18:03:00+00:00,2026-08-25T18:03:00.400137+00:00,3.66,True,5,2026-08-25T18:08:00.400137+00:00,2026-08-25T18:07:59.616649+00:00,2026-08-25T18:08:00+00:00,,0.2732240437158362,2.7322404371584508,-1.6393442622950838,True,False,0.8076029656657367,0.030154902535595735,0.8205415655944417,falling,75.0,63.92994162080707,3,3.4018222449306283,long,3.8428997619568737,-4.369090331707648,False,5.00666895,up,False
2026-08-25,build,DAIC,2026-08-25T18:03:00+00:00,2026-08-25T18:03:00.400137+00:00,3.66,True,10,2026-08-25T18:13:00.400137+00:00,2026-08-25T18:12:56.301962+00:00,2026-08-25T18:13:00+00:00,,-0.2732240437158584,3.2786885245901454,-1.6393442622950838,True,False,1.2999558467284813,0.009134837443325945,0.2519955156779571,falling,13.157894736842062,54.37158161625875,0,3.416611492175095,long,3.8421910398035077,-5.652791273351543,False,10.00666895,down,False
2026-08-25,build,DAIC,2026-08-25T19:45:00+00:00,2026-08-25T19:45:00.370510+00:00,3.69,True,0,2026-08-25T19:45:00.370510+00:00,2026-08-25T19:45:00.370510+00:00,2026-08-25T19:45:00+00:00,,-0.27100271002709064,-0.27100271002709064,-0.27100271002709064,False,False,4.319768465928568,0.019313146721538887,0.5235617740603689,rising,95.85185185185182,65.89496509552666,3,3.4165368882698433,long,3.8359844955561093,-3.8369418783266385,False,0.0061751666666666665,up,
2026-08-25,build,DAIC,2026-08-25T19:45:00+00:00,2026-08-25T19:45:00.370510+00:00,3.69,True,3,2026-08-25T19:48:00.370510+00:00,2026-08-25T19:47:59.776882+00:00,2026-08-25T19:48:00+00:00,,5.420054200542013,6.50406504065042,-0.27100271002709064,True,False,2.42874183525247,0.05154298058924722,1.3233114400320212,rising,91.1764705882353,69.01045978282644,3,3.5313495106158745,long,3.8358720940859503,1.541446233444832,True,3.0061751666666665,up,False
2026-08-25,build,DAIC,2026-08-25T19:45:00+00:00,2026-08-25T19:45:00.370510+00:00,3.69,True,5,2026-08-25T19:50:00.370510+00:00,2026-08-25T19:49:59.278566+00:00,2026-08-25T19:50:00+00:00,,5.1490514905149,7.5880758807588045,-0.27100271002709064,True,False,2.083849567606317,0.0536884317668796,1.3819416156210966,falling,82.72727272727269,66.12678988277281,3,3.5313495106158745,long,3.8361457324564863,1.2735248072087701,True,5.006175166666667,down,False
2026-08-25,build,DAIC,2026-08-25T19:45:00+00:00,2026-08-25T19:45:00.370510+00:00,3.69,True,10,2026-08-25T19:55:00.370510+00:00,2026-08-25T19:54:59.394534+00:00,2026-08-25T19:55:00+00:00,,4.607046070460696,7.5880758807588045,-0.27100271002709064,True,False,1.0514742557530168,0.022113876254190104,0.5727499677334914,falling,60.333333333333385,61.75149396694211,0,3.561695331910968,long,3.8363868529826735,0.6415710396408647,True,10.006175166666667,down,False
2026-08-25,build,PMI,2026-08-25T16:21:00+00:00,2026-08-25T16:21:00.067792+00:00,7.76,True,0,2026-08-25T16:21:00.067792+00:00,2026-08-25T16:21:00.067792+00:00,2026-08-25T16:21:00+00:00,,-0.773195876288657,-0.773195876288657,-0.773195876288657,False,False,3.6270291672165764,0.030139985074842005,0.3884619409553282,rising,99.6666666666667,62.36316827143802,3,7.286954157857345,long,8.16644975717515,-4.991762262628052,False,0.0011298666666666667,up,
2026-08-25,build,PMI,2026-08-25T16:21:00+00:00,2026-08-25T16:21:00.067792+00:00,7.76,True,3,2026-08-25T16:24:00.067792+00:00,2026-08-25T16:23:58.189079+00:00,2026-08-25T16:24:00+00:00,,0.5154639175257714,1.0309278350515427,-1.8041237113401998,False,False,1.6477855612487657,0.03524288814239841,0.45116094196321377,rising,89.47597303761688,62.74447301577655,3,7.318126928822961,long,8.164507679477074,-4.322461235037711,False,3.0011298666666666,up,False
2026-08-25,build,PMI,2026-08-25T16:21:00+00:00,2026-08-25T16:21:00.067792+00:00,7.76,True,5,2026-08-25T16:26:00.067792+00:00,2026-08-25T16:25:59.480482+00:00,2026-08-25T16:26:00+00:00,,1.4175257731958713,2.9639175257732076,-1.8041237113401998,True,False,3.201273277096928,0.04067114232264764,0.5161312477493355,falling,72.95447309773964,64.29214249830298,3,7.437691543058369,long,8.162782477608655,-3.4642902513249196,False,5.001129866666667,down,False
2026-08-25,build,PMI,2026-08-25T16:21:00+00:00,2026-08-25T16:21:00.067792+00:00,7.76,True,10,2026-08-25T16:31:00.067792+00:00,2026-08-25T16:30:58.982309+00:00,2026-08-25T16:31:00+00:00,,3.0927835051546504,4.639175257731942,-1.8041237113401998,True,False,1.929942446463525,0.038883917871467735,0.4830180352223266,falling,80.03999999999998,69.21985253401891,3,7.550068296036708,long,8.160730978236726,-1.3544249716292978,False,10.001129866666668,down,False
2026-08-25,build,PMI,2026-08-25T18:41:00+00:00,2026-08-25T18:41:00.137993+00:00,9.83,True,0,2026-08-25T18:41:00.137993+00:00,2026-08-25T18:41:00.137993+00:00,2026-08-25T18:41:00+00:00,,-0.3051881993896166,-0.3051881993896166,-0.3051881993896166,False,False,2.378850810218265,0.08576352074558426,0.875137966791676,rising,94.88395948198496,66.44504307269173,3,9.005904698632826,long,8.654193940727017,13.239893479631526,True,0.0022998833333333336,up,
2026-08-25,build,PMI,2026-08-25T18:41:00+00:00,2026-08-25T18:41:00.137993+00:00,9.83,True,3,2026-08-25T18:44:00.137993+00:00,2026-08-25T18:44:00.099071+00:00,2026-08-25T18:44:00+00:00,,-3.2553407934893253,0.5086469989827203,-4.374364191251267,False,True,0.32787456142641974,0.053094475060866744,0.5577326497774797,falling,51.27631578947363,52.41585019291253,0,9.005904698632826,long,8.660179770757408,9.924969827357533,True,3.0022998833333334,up,False
2026-08-25,build,PMI,2026-08-25T18:41:00+00:00,2026-08-25T18:41:00.137993+00:00,9.83,True,5,2026-08-25T18:46:00.137993+00:00,2026-08-25T18:46:00.102728+00:00,2026-08-25T18:46:00+00:00,,-2.64496439471007,0.5086469989827203,-4.374364191251267,False,True,1.32665785864766,0.044091200407205454,0.45810467242828823,falling,57.209677419354925,56.07711405488012,2,9.005904698632826,long,8.663216463782438,11.098459102772672,True,5.002299883333333,down,False
2026-08-25,build,PMI,2026-08-25T18:41:00+00:00,2026-08-25T18:41:00.137993+00:00,9.83,True,10,2026-08-25T18:51:00.137993+00:00,2026-08-25T18:50:59.404433+00:00,2026-08-25T18:51:00+00:00,,0.20345879959307034,0.9155645981688609,-4.374364191251267,False,True,1.9296688130691488,0.038034704584762574,0.3847797080847622,rising,88.1454545454547,63.88954428023533,3,9.106576119528821,long,8.673971534184261,13.959331789870944,True,10.002299883333334,down,False
2026-08-25,build,WVVIP,2026-08-25T15:55:00+00:00,2026-08-25T15:55:00.522967+00:00,5.78,True,0,2026-08-25T15:55:00.522967+00:00,2026-08-25T15:55:00.522967+00:00,2026-08-25T15:55:00+00:00,,-3.114186851211087,-3.114186851211087,-3.114186851211087,False,True,1.9763379387009687,0.07569269898571479,1.316394764968953,rising,100.0,65.3001385711717,3,5.198068244016204,long,8.271325026831224,-30.482722159416255,False,0.008716116666666666,up,
2026-08-25,build,WVVIP,2026-08-25T15:55:00+00:00,2026-08-25T15:55:00.522967+00:00,5.78,True,3,2026-08-25T15:58:00.522967+00:00,2026-08-25T15:58:00.212772+00:00,2026-08-25T15:58:00+00:00,,1.903114186851207,2.249134948096887,-9.515570934256058,True,True,1.763948206901227,0.09309619424249531,1.5805805474107864,rising,93.5897435897435,64.73860755302925,3,5.198068244016204,long,8.21694353233805,-28.318845361177036,False,3.0087161166666667,up,False
2026-08-25,build,WVVIP,2026-08-25T15:55:00+00:00,2026-08-25T15:55:00.522967+00:00,5.78,True,5,2026-08-25T16:00:00.522967+00:00,2026-08-25T16:00:00.383122+00:00,2026-08-25T16:00:00+00:00,,6.401384083044981,6.92041522491349,-9.515570934256058,True,True,4.264338162333797,0.11747118335055905,1.9039089684045225,rising,98.05825242718441,69.96480601409004,3,5.416778202199229,long,8.128654261309357,-24.095676828477373,False,5.008716116666666,up,False
2026-08-25,build,WVVIP,2026-08-25T15:55:00+00:00,2026-08-25T15:55:00.522967+00:00,5.78,True,10,2026-08-25T16:05:00.522967+00:00,2026-08-25T16:04:58.932039+00:00,2026-08-25T16:05:00+00:00,,5.190311418685112,6.92041522491349,-9.515570934256058,True,True,1.653067993366501,0.05537792032192568,0.9070912419643844,rising,87.85714285714286,62.87258404700533,3,5.416778202199229,long,8.035481725719434,-24.02446787403518,False,10.008716116666667,up,False
2026-08-25,build,WVVIP,2026-08-25T16:38:00+00:00,2026-08-25T16:38:01.778848+00:00,5.6,False,0,2026-08-25T16:38:01.778848+00:00,2026-08-25T16:38:01.778848+00:00,2026-08-25T16:38:00+00:00,,-0.7142857142857117,-0.7142857142857117,-0.7142857142857117,False,False,0.8597834892112821,0.04874850271734882,0.8736447376718008,rising,100.00000000000001,58.91636053670469,3,5.294984209886951,long,7.791473398618856,-28.384533777794672,False,0.029647466666666667,up,
2026-08-25,build,WVVIP,2026-08-25T16:38:00+00:00,2026-08-25T16:38:01.778848+00:00,5.6,False,3,2026-08-25T16:41:01.778848+00:00,2026-08-25T16:41:01.037883+00:00,2026-08-25T16:41:00+00:00,,-1.2499999999999845,0.8928571428571619,-1.7857142857142794,False,False,0.6951305575158787,0.05485291581440599,0.9918973583552917,falling,69.54285714285709,54.92604562288991,2,5.294984209886951,long,7.777606475268222,-28.897148273250906,False,3.029647466666667,down,False
2026-08-25,build,WVVIP,2026-08-25T16:38:00+00:00,2026-08-25T16:38:01.778848+00:00,5.6,False,5,2026-08-25T16:43:01.778848+00:00,2026-08-25T16:43:01.231475+00:00,2026-08-25T16:43:00+00:00,,-7.321428571428557,0.8928571428571619,-8.571428571428562,False,True,1.0702079472925674,0.01526606082954345,0.29471159902593536,falling,0.0,41.516429572032436,0,5.687111426904244,short,7.759525496170848,-33.24334068421821,False,5.029647466666666,down,True
2026-08-25,build,WVVIP,2026-08-25T16:38:00+00:00,2026-08-25T16:38:01.778848+00:00,5.6,False,10,2026-08-25T16:48:01.778848+00:00,2026-08-25T16:47:54.843611+00:00,2026-08-25T16:48:00+00:00,,-6.785714285714284,0.8928571428571619,-12.49999999999999,False,True,0.5221836771955449,-0.021936172724820464,-0.42343736559831024,falling,35.498164324598065,45.337009469905674,3,5.618265313218717,short,7.733341346842517,-33.01084527821636,False,10.029647466666667,down,False
2026-08-25,build,WVVIP,2026-08-25T19:42:00+00:00,2026-08-25T19:42:03.110480+00:00,3.5,False,0,2026-08-25T19:42:03.110480+00:00,2026-08-25T19:42:03.110480+00:00,2026-08-25T19:42:00+00:00,,-8.285714285714285,-8.285714285714285,-8.285714285714285,False,True,1.8941731711744418,0.01919238101118298,0.5483537431766565,rising,54.72730703906398,44.42117027959226,3,3.0995029847500963,long,7.257599403292989,-51.774687393024955,False,0.05184133333333333,up,
2026-08-25,build,WVVIP,2026-08-25T19:42:00+00:00,2026-08-25T19:42:03.110480+00:00,3.5,False,3,2026-08-25T19:45:03.110480+00:00,,,"strategy_bar,executable_quote",,-2.857142857142858,-8.285714285714285,False,True,,,,,,,,,,,,,3.0518413333333334,,
2026-08-25,build,WVVIP,2026-08-25T19:42:00+00:00,2026-08-25T19:42:03.110480+00:00,3.5,False,5,2026-08-25T19:47:03.110480+00:00,,,"strategy_bar,executable_quote",,-2.857142857142858,-8.285714285714285,False,True,,,,,,,,,,,,,5.051841333333333,,
2026-08-25,build,WVVIP,2026-08-25T19:42:00+00:00,2026-08-25T19:42:03.110480+00:00,3.5,False,10,2026-08-25T19:52:03.110480+00:00,,,"strategy_bar,executable_quote",,-2.857142857142858,-8.285714285714285,False,True,,,,,,,,,,,,,10.051841333333334,,
2026-08-26,build,CDTG,2026-08-26T19:28:00+00:00,2026-08-26T19:28:02.563357+00:00,1.3,False,0,2026-08-26T19:28:02.563357+00:00,2026-08-26T19:28:02.563357+00:00,2026-08-26T19:28:00+00:00,,-0.7692307692307665,-0.7692307692307665,-0.7692307692307665,False,False,8.889056106852278,0.0014724853026030407,0.1141461474886078,rising,94.11764705882365,63.07409828417261,3,1.2114553878651582,long,1.307925895005174,-1.3705589187912648,False,0.042722616666666664,up,
2026-08-26,build,CDTG,2026-08-26T19:28:00+00:00,2026-08-26T19:28:02.563357+00:00,1.3,False,3,2026-08-26T19:31:02.563357+00:00,,,"strategy_bar,executable_quote",,-0.7692307692307665,-3.076923076923077,False,True,,,,,,,,,,,,,3.0427226166666665,,
2026-08-26,build,CDTG,2026-08-26T19:28:00+00:00,2026-08-26T19:28:02.563357+00:00,1.3,False,5,2026-08-26T19:33:02.563357+00:00,,,"strategy_bar,executable_quote",,-0.7692307692307665,-3.076923076923077,False,True,,,,,,,,,,,,,5.0427226166666665,,
2026-08-26,build,CDTG,2026-08-26T19:28:00+00:00,2026-08-26T19:28:02.563357+00:00,1.3,False,10,2026-08-26T19:38:02.563357+00:00,,,"strategy_bar,executable_quote",,-0.7692307692307665,-3.076923076923077,False,True,,,,,,,,,,,,,10.042722616666667,,
2026-08-26,build,CRE,2026-08-26T12:58:00+00:00,2026-08-26T12:58:00.245641+00:00,6.98,False,0,2026-08-26T12:58:00.245641+00:00,2026-08-26T12:58:00.245641+00:00,2026-08-26T12:58:00+00:00,,-0.2865329512894088,-0.2865329512894088,-0.2865329512894088,False,False,3.6230459950747687,0.04024904359795546,0.5742398253407065,rising,89.80808080808079,61.482953807086176,3,6.074399275337646,long,6.971504618692756,0.5392721279483759,True,0.004094016666666667,up,
2026-08-26,build,CRE,2026-08-26T12:58:00+00:00,2026-08-26T12:58:00.245641+00:00,6.98,False,3,2026-08-26T13:01:00.245641+00:00,2026-08-26T13:01:00.050418+00:00,2026-08-26T13:01:00+00:00,,-5.0143266475644825,2.005730659025784,-5.873925501432664,True,True,1.2182077736206962,0.05634323409024505,0.8459945058595353,falling,53.46534653465348,51.12869758206255,3,6.074399275337646,long,6.967410418190933,-4.412118703217582,False,3.004094016666667,down,True
2026-08-26,build,CRE,2026-08-26T12:58:00+00:00,2026-08-26T12:58:00.245641+00:00,6.98,False,5,2026-08-26T13:03:00.245641+00:00,2026-08-26T13:03:00.125801+00:00,2026-08-26T13:03:00+00:00,,-17.621776504298005,2.005730659025784,-18.624641833810895,True,True,1.9816925659190392,-0.029214989567309252,-0.5079807617072829,falling,4.910344827586217,33.85506978309199,0,7.10085233345736,short,6.9463655609878,-17.20562430085876,False,5.0040940166666665,down,True
2026-08-26,build,CRE,2026-08-26T12:58:00+00:00,2026-08-26T12:58:00.245641+00:00,6.98,False,10,2026-08-26T13:08:00.245641+00:00,2026-08-26T13:07:57.864103+00:00,2026-08-26T13:08:00+00:00,,-10.601719197707737,2.005730659025784,-18.624641833810895,True,True,0.3554475875430622,-0.01390976354338705,-0.22291287729786935,rising,38.62068965517244,45.67865207187676,3,7.10085233345736,short,6.929782700743109,-9.953886442487448,False,10.004094016666667,down,False
2026-08-26,build,CRE,2026-08-26T13:31:00+00:00,2026-08-26T13:31:00.100384+00:00,6.68,True,0,2026-08-26T13:31:00.100384+00:00,2026-08-26T13:31:00.100384+00:00,2026-08-26T13:31:00+00:00,,-0.44910179640718084,-0.44910179640718084,-0.44910179640718084,False,False,9.347642520833794,0.02200651370346731,0.33051746272967636,rising,85.53061224489797,61.134704165277704,3,5.856245605984843,long,6.8935933601284995,-3.414668487555117,False,0.0016730666666666667,up,
2026-08-26,build,CRE,2026-08-26T13:31:00+00:00,2026-08-26T13:31:00.100384+00:00,6.68,True,3,2026-08-26T13:34:00.100384+00:00,2026-08-26T13:33:59.827483+00:00,2026-08-26T13:34:00+00:00,,4.041916167664672,10.479041916167663,-5.688622754491012,True,True,3.9128697153873304,0.0922279849923298,1.3181829030147472,rising,74.94267515923568,68.39601751981101,3,5.884236484787875,long,6.901177811089614,1.3826942519442165,True,3.0016730666666667,up,False
2026-08-26,build,CRE,2026-08-26T13:31:00+00:00,2026-08-26T13:31:00.100384+00:00,6.68,True,5,2026-08-26T13:36:00.100384+00:00,2026-08-26T13:35:59.353128+00:00,2026-08-26T13:36:00+00:00,,2.6946107784431295,10.479041916167663,-5.688622754491012,True,True,1.3163184211014107,0.07830590155343348,1.1414688058983613,falling,66.2484076433121,62.43908453941586,2,5.884236484787875,long,6.901463170179389,-0.5993391424316541,False,5.001673066666667,down,False
2026-08-26,build,CRE,2026-08-26T13:31:00+00:00,2026-08-26T13:31:00.100384+00:00,6.68,True,10,2026-08-26T13:41:00.100384+00:00,2026-08-26T13:41:00.054352+00:00,2026-08-26T13:41:00+00:00,,5.239520958083843,10.479041916167663,-5.688622754491012,True,True,1.5449892090728161,0.03098840627476307,0.4370781855140844,rising,71.9532710280374,60.790871020864465,3,5.884236484787875,long,6.9101255845435,2.6016085128556465,True,10.001673066666665,up,False
2026-08-26,build,CRE,2026-08-26T16:20:00+00:00,2026-08-26T16:20:00.032365+00:00,6.3,False,0,2026-08-26T16:20:00.032365+00:00,2026-08-26T16:20:00.032365+00:00,2026-08-26T16:20:00+00:00,,-0.31746031746030523,-0.31746031746030523,-0.31746031746030523,False,False,0.7222650877251837,0.026410813691596327,0.4193723691442324,rising,84.89285714285715,53.32386261387417,3,5.998376291408968,long,7.045093355750427,-10.60870762117554,False,0.0005394166666666667,up,
2026-08-26,build,CRE,2026-08-26T16:20:00+00:00,2026-08-26T16:20:00.032365+00:00,6.3,False,3,2026-08-26T16:23:00.032365+00:00,2026-08-26T16:22:58.521305+00:00,2026-08-26T16:23:00+00:00,,1.1111111111111072,1.4285714285714235,-1.2698412698412764,False,False,1.6550157224130724,0.03645703085438627,0.5723238752650907,rising,88.57142857142858,59.36637355871421,3,6.042376261201391,long,7.042987437578606,-9.555425784061612,False,3.000539416666667,up,False
2026-08-26,build,CRE,2026-08-26T16:20:00+00:00,2026-08-26T16:20:00.032365+00:00,6.3,False,5,2026-08-26T16:25:00.032365+00:00,2026-08-26T16:24:59.287267+00:00,2026-08-26T16:25:00+00:00,,0.15873015873015817,1.746031746031762,-1.2698412698412764,False,False,0.8334195253691892,0.03304727845216898,0.5228999755090028,falling,72.22222222222234,53.59785701463996,3,6.042376261201391,long,7.041913875044419,-10.25167146111774,False,5.000539416666667,down,False
2026-08-26,build,CRE,2026-08-26T16:20:00+00:00,2026-08-26T16:20:00.032365+00:00,6.3,False,10,2026-08-26T16:30:00.032365+00:00,2026-08-26T16:29:59.369671+00:00,2026-08-26T16:30:00+00:00,,-1.2698412698412764,1.746031746031762,-1.5873015873015817,False,False,0.5440102640457447,0.007612205185433204,0.12231389387696963,falling,10.681818181817926,45.015339675398344,1,6.042376261201391,long,7.040715747709934,-11.60699816599956,False,10.000539416666667,up,False
2026-08-26,build,CRE,2026-08-26T16:50:00+00:00,2026-08-26T16:50:03.164961+00:00,6.28,True,0,2026-08-26T16:50:03.164961+00:00,2026-08-26T16:50:03.164961+00:00,2026-08-26T16:50:00+00:00,,-0.4777070063694322,-0.4777070063694322,-0.4777070063694322,False,False,1.9052834010100377,0.03574960928470556,0.571080020522453,rising,89.13043478260873,62.32499424381917,3,5.945950294937607,long,7.026644766172666,-10.91053826804238,False,0.05274935,up,
2026-08-26,build,CRE,2026-08-26T16:50:00+00:00,2026-08-26T16:50:03.164961+00:00,6.28,True,3,2026-08-26T16:53:03.164961+00:00,2026-08-26T16:53:00.983788+00:00,2026-08-26T16:53:00+00:00,,-2.547770700636942,-0.15923566878981443,-2.866242038216571,False,False,0.9682145317682034,0.033359582197925994,0.5406739416195461,falling,61.111111111111136,54.0621300448237,2,5.949760235950086,long,7.02477356068661,-12.167987384963673,False,3.05274935,down,True
2026-08-26,build,CRE,2026-08-26T16:50:00+00:00,2026-08-26T16:50:03.164961+00:00,6.28,True,5,2026-08-26T16:55:03.164961+00:00,2026-08-26T16:55:01.953070+00:00,2026-08-26T16:55:00+00:00,,-1.5923566878981,0.31847133757960666,-3.0254777070063743,False,True,1.0902536090518924,0.028128327288338677,0.4536826981990109,falling,67.76904310111141,56.327761995780264,2,5.949760235950086,long,7.023668799874839,-11.727044986653079,False,5.05274935,up,False
2026-08-26,build,CRE,2026-08-26T16:50:00+00:00,2026-08-26T16:50:03.164961+00:00,6.28,True,10,2026-08-26T17:00:03.164961+00:00,2026-08-26T16:59:57.161715+00:00,2026-08-26T17:00:00+00:00,,-2.2292993630573354,0.31847133757960666,-3.0254777070063743,False,True,0.06704462209765265,0.008774213622471456,0.14243853283232882,falling,30.581039755351764,52.07251698882886,0,5.949760235950086,long,7.0226895814902335,-12.284318870707766,False,10.05274935,down,False
2026-08-26,build,CRE,2026-08-26T19:25:00+00:00,2026-08-26T19:25:00.266263+00:00,6.23,True,0,2026-08-26T19:25:00.266263+00:00,2026-08-26T19:25:00.266263+00:00,2026-08-26T19:25:00+00:00,,-0.48154093097914075,-0.48154093097914075,-0.48154093097914075,False,False,5.137660716755717,0.013379390951283432,0.2154491296502968,rising,67.44186046511633,59.77769678758641,3,5.76142132332375,long,6.9751281448310625,-10.969377607751374,False,0.004437716666666667,up,
2026-08-26,build,CRE,2026-08-26T19:25:00+00:00,2026-08-26T19:25:00.266263+00:00,6.23,True,3,2026-08-26T19:28:00.266263+00:00,2026-08-26T19:27:59.412485+00:00,2026-08-26T19:28:00+00:00,,-1.2841091492776902,1.284109149277679,-1.765650080256831,False,False,0.7552922633767222,0.028899428292087297,0.46536921565357964,rising,67.44186046511633,58.22526066655468,3,5.786137058659,long,6.97353792336213,-10.94907537254789,False,3.0044377166666667,up,True
2026-08-26,build,CRE,2026-08-26T19:25:00+00:00,2026-08-26T19:25:00.266263+00:00,6.23,True,5,2026-08-26T19:30:00.266263+00:00,2026-08-26T19:29:57.032052+00:00,2026-08-26T19:30:00+00:00,,-1.1235955056179803,1.284109149277679,-2.7287319422151013,False,False,1.9792296659812343,0.022728703348431013,0.3683744464899678,falling,58.13953488372097,54.99159825940874,2,5.786137058659,long,6.972712910008737,-11.512203648260222,False,5.004437716666667,flat,True
2026-08-26,build,CRE,2026-08-26T19:25:00+00:00,2026-08-26T19:25:00.266263+00:00,6.23,True,10,2026-08-26T19:35:00.266263+00:00,2026-08-26T19:34:58.914087+00:00,2026-08-26T19:35:00+00:00,,0.0,1.284109149277679,-2.7287319422151013,False,False,0.8305939032766744,0.017309726867122358,0.27781797687417514,falling,65.61538461538456,57.79868731668703,3,5.942395488884084,long,6.970278493879959,-10.611892975716986,False,10.004437716666667,down,False
2026-08-26,build,DAIC,2026-08-26T12:35:00+00:00,2026-08-26T12:35:01.694955+00:00,5.88,True,0,2026-08-26T12:35:01.694955+00:00,2026-08-26T12:35:01.694955+00:00,2026-08-26T12:35:00+00:00,,-0.170068027210879,-0.170068027210879,-0.170068027210879,False,False,2.909739321811988,0.00835079866729048,0.14226232823322793,rising,93.93939393939407,57.98130338821986,3,5.552525861483124,long,6.18362517833467,-5.071865924757313,False,0.02824925,up,
2026-08-26,build,DAIC,2026-08-26T12:35:00+00:00,2026-08-26T12:35:01.694955+00:00,5.88,True,3,2026-08-26T12:38:01.694955+00:00,2026-08-26T12:38:01.693372+00:00,2026-08-26T12:38:00+00:00,,-0.5102040816326592,1.3605442176870763,-0.6802721088435382,False,False,1.1195014697685055,0.024561307576375264,0.4191492470114213,rising,75.23212045169387,55.13498595028388,3,5.610070689186499,long,6.17934302951879,-5.1711489068066,False,3.02824925,down,False
2026-08-26,build,DAIC,2026-08-26T12:35:00+00:00,2026-08-26T12:35:01.694955+00:00,5.88,True,5,2026-08-26T12:40:01.694955+00:00,2026-08-26T12:40:00.812486+00:00,2026-08-26T12:40:00+00:00,,-0.6802721088435382,1.3605442176870763,-0.8503401360544172,False,False,0.8335526275527377,0.021540774965037,0.36875417213107936,falling,70.37500000000001,53.029503207191155,1,5.610070689186499,long,6.177193003619963,-5.434393962164363,False,5.02824925,down,True
2026-08-26,build,DAIC,2026-08-26T12:35:00+00:00,2026-08-26T12:35:01.694955+00:00,5.88,True,10,2026-08-26T12:45:01.694955+00:00,2026-08-26T12:45:00.535874+00:00,2026-08-26T12:45:00+00:00,,0.0,1.3605442176870763,-1.3605442176870763,False,False,0.2618871160179865,0.012424959021366526,0.21166880785973638,falling,40.000000000000234,54.404589952063944,1,5.662868866942006,long,6.174273699893698,-4.92808894913318,False,10.02824925,up,False
2026-08-26,build,DAIC,2026-08-26T17:59:00+00:00,2026-08-26T17:59:00.708416+00:00,5.26,False,0,2026-08-26T17:59:00.708416+00:00,2026-08-26T17:59:00.708416+00:00,2026-08-26T17:59:00+00:00,,-0.9505703422053147,-0.9505703422053147,-0.9505703422053147,False,False,7.213458001710882,0.017488092067504846,0.33760795497113605,rising,83.3333333333333,74.4524746926903,3,4.748698475557074,long,5.714615479155253,-9.355231005573817,False,0.011806933333333334,up,
2026-08-26,build,DAIC,2026-08-26T17:59:00+00:00,2026-08-26T17:59:00.708416+00:00,5.26,False,3,2026-08-26T18:02:00.708416+00:00,2026-08-26T18:02:00.433005+00:00,2026-08-26T18:02:00+00:00,,1.520912547528508,2.281368821292773,-1.7110266159695797,True,False,3.86583032691093,0.057698365453357665,1.0764620420402549,rising,95.08196721311485,75.0781480752774,3,4.857858780445659,long,5.707937174057619,-6.095672805212038,False,3.0118069333333333,up,False
2026-08-26,build,DAIC,2026-08-26T17:59:00+00:00,2026-08-26T17:59:00.708416+00:00,5.26,False,5,2026-08-26T18:04:00.708416+00:00,2026-08-26T18:04:00.482838+00:00,2026-08-26T18:04:00+00:00,,-7.604562737642572,2.281368821292773,-9.695817490494296,True,True,3.9982541496039747,0.02398841679916859,0.4910627799215679,falling,21.09374999999998,45.26886696023428,0,4.857858780445659,long,5.7002023737040775,-14.301288274688861,False,5.011806933333333,down,True
2026-08-26,build,DAIC,2026-08-26T17:59:00+00:00,2026-08-26T17:59:00.708416+00:00,5.26,False,10,2026-08-26T18:09:00.708416+00:00,,,"strategy_bar,executable_quote",,2.281368821292773,-9.695817490494296,True,True,,,,,,,,,,,,,10.011806933333334,,
2026-08-26,build,XPON,2026-08-26T15:37:00+00:00,2026-08-26T15:37:00.315452+00:00,9.58,False,0,2026-08-26T15:37:00.315452+00:00,2026-08-26T15:37:00.315452+00:00,2026-08-26T15:37:00+00:00,,-0.8350730688935326,-0.8350730688935326,-0.8350730688935326,False,False,2.618315918869084,0.09593373068062065,1.0013959361233888,rising,99.99999999999999,68.60626090693536,3,8.814175720603878,long,9.428919425468264,1.6023105905821566,True,0.005257533333333333,up,
2026-08-26,build,XPON,2026-08-26T15:37:00+00:00,2026-08-26T15:37:00.315452+00:00,9.58,False,3,2026-08-26T15:40:00.315452+00:00,2026-08-26T15:40:00.270351+00:00,2026-08-26T15:40:00+00:00,,-2.087682672233815,-0.8350730688935326,-3.653444676409179,False,True,0.4858358347428345,0.0735808266062393,0.781112808983432,falling,78.66666666666664,60.83198086823294,2,8.814175720603878,long,9.42860826143134,-0.09129938579114372,False,3.0052575333333333,up,False
2026-08-26,build,XPON,2026-08-26T15:37:00+00:00,2026-08-26T15:37:00.315452+00:00,9.58,False,5,2026-08-26T15:42:00.315452+00:00,2026-08-26T15:41:58.841462+00:00,2026-08-26T15:42:00+00:00,,-3.9665970772442716,-0.8350730688935326,-3.9665970772442716,False,True,0.6826855573733952,0.03697579286917578,0.40186711084855753,falling,39.841269841269984,51.7220194930903,0,8.814175720603878,long,9.428096155847264,-2.408717010235617,False,5.005257533333333,down,True
2026-08-26,build,XPON,2026-08-26T15:37:00+00:00,2026-08-26T15:37:00.315452+00:00,9.58,False,10,2026-08-26T15:47:00.315452+00:00,2026-08-26T15:47:00.308862+00:00,2026-08-26T15:47:00+00:00,,-4.906054279749483,-0.8350730688935326,-6.1586638830897655,False,True,0.7256003124241236,-0.019761397893587142,-0.21550052228557406,rising,30.508474576271144,51.24764729768978,3,8.814175720603878,long,9.425191501869866,-2.7075471285568975,False,10.005257533333333,up,False
2026-08-26,build,XPON,2026-08-26T17:34:00+00:00,2026-08-26T17:34:01.331290+00:00,8.29,False,0,2026-08-26T17:34:01.331290+00:00,2026-08-26T17:34:01.331290+00:00,2026-08-26T17:34:00+00:00,,-0.603136308805774,-0.603136308805774,-0.603136308805774,False,False,0.9327632227390945,0.03362916734939972,0.4063947715939543,rising,80.8823529411766,61.56908409562678,3,7.941439597748377,long,9.329533126004069,-11.303171463797945,False,0.02218816666666667,up,
2026-08-26,build,XPON,2026-08-26T17:34:00+00:00,2026-08-26T17:34:01.331290+00:00,8.29,False,3,2026-08-26T17:37:01.331290+00:00,2026-08-26T17:36:53.856778+00:00,2026-08-26T17:37:00+00:00,,0.965018094089265,2.1712907117008573,-0.603136308805774,True,False,1.524491010047594,0.03902705130529133,0.4662674437018832,falling,72.5250000000001,65.27457363255523,3,8.017009342558962,long,9.325126100286377,-10.241428266123364,False,3.0221881666666666,down,False
2026-08-26,build,XPON,2026-08-26T17:34:00+00:00,2026-08-26T17:34:01.331290+00:00,8.29,False,5,2026-08-26T17:39:01.331290+00:00,2026-08-26T17:38:58.753091+00:00,2026-08-26T17:39:00+00:00,,-1.0856453558504175,2.1712907117008573,-2.0506634499396825,True,False,1.2481303649020692,0.018269892193563522,0.22212634885791518,falling,29.166666666666686,52.88812171232977,0,8.017009342558962,long,9.3223099376896,-11.770794417092212,False,5.022188166666667,down,True
2026-08-26,build,XPON,2026-08-26T17:34:00+00:00,2026-08-26T17:34:01.331290+00:00,8.29,False,10,2026-08-26T17:44:01.331290+00:00,2026-08-26T17:43:58.954492+00:00,2026-08-26T17:44:00+00:00,,-1.2062726176115812,2.1712907117008573,-2.171290711700846,True,False,0.46488246277588935,-0.007623975666024067,-0.09258015380721395,rising,33.78378378378369,52.84590985408619,3,8.017009342558962,long,9.319776980979823,-11.639516516260851,False,10.022188166666666,up,False
2026-08-26,build,XPON,2026-08-26T18:48:00+00:00,2026-08-26T18:48:00.641832+00:00,8.43,True,0,2026-08-26T18:48:00.641832+00:00,2026-08-26T18:48:00.641832+00:00,2026-08-26T18:48:00+00:00,,-2.609727164887299,-2.609727164887299,-2.609727164887299,False,False,7.924855425397223,0.022810681476052752,0.2722038362297464,rising,90.2439024390246,71.36238857264584,3,8.014197670576351,long,9.294988210319298,-9.843887798625472,False,0.010697199999999999,up,
2026-08-26,build,XPON,2026-08-26T18:48:00+00:00,2026-08-26T18:48:00.641832+00:00,8.43,True,3,2026-08-26T18:51:00.641832+00:00,2026-08-26T18:51:00.598945+00:00,2026-08-26T18:51:00+00:00,,1.542111506524324,4.62633451957295,-2.609727164887299,True,False,3.6246981439007384,0.06266092174147965,0.7311659479752585,rising,65.11627906976754,68.60727126985583,3,8.085622509168864,long,9.28845425307722,-7.734917280119014,False,3.0106972,down,False
2026-08-26,build,XPON,2026-08-26T18:48:00+00:00,2026-08-26T18:48:00.641832+00:00,8.43,True,5,2026-08-26T18:53:00.641832+00:00,2026-08-26T18:52:59.929016+00:00,2026-08-26T18:53:00+00:00,,0.5931198102016699,4.62633451957295,-2.609727164887299,True,False,1.280373981985126,0.05069762043970052,0.5971451170753889,falling,55.81395348837218,62.761504065540336,0,8.085622509168864,long,9.286893726422804,-8.580842528169608,False,5.0106972,down,False
2026-08-26,build,XPON,2026-08-26T18:48:00+00:00,2026-08-26T18:48:00.641832+00:00,8.43,True,10,2026-08-26T18:58:00.641832+00:00,2026-08-26T18:58:00.627673+00:00,2026-08-26T18:58:00+00:00,,-0.11862396204033177,4.62633451957295,-2.609727164887299,True,False,0.4849082314029514,0.0021264152559519467,0.02521750004093719,falling,30.523809523809486,57.25074810906033,1,8.085622509168864,long,9.28186518518207,-9.152957603158784,False,10.010697200000001,up,False
2026-08-26,build,XPON,2026-08-26T19:52:00+00:00,2026-08-26T19:52:00.328400+00:00,8.77,True,0,2026-08-26T19:52:00.328400+00:00,2026-08-26T19:52:00.328400+00:00,2026-08-26T19:52:00+00:00,,-1.8244013683010318,-1.8244013683010318,-1.8244013683010318,False,False,4.658658763670696,0.03704914501705845,0.4248755162506702,rising,75.00000000000016,63.09932520849179,3,8.226228079607797,long,9.245068608218526,-5.679445231501679,False,0.0054733333333333335,up,
2026-08-26,build,XPON,2026-08-26T19:52:00+00:00,2026-08-26T19:52:00.328400+00:00,8.77,True,3,2026-08-26T19:55:00.328400+00:00,2026-08-26T19:54:58.516738+00:00,2026-08-26T19:55:00+00:00,,-2.394526795895091,-0.45610034207524963,-2.5085518814139007,False,False,0.5941691084575232,0.03269444158514255,0.3788463683098789,falling,56.60377358490586,55.94611367580564,2,8.233182463686239,long,9.244143354990532,-6.643594018465548,False,3.005473333333333,up,False
2026-08-26,build,XPON,2026-08-26T19:52:00+00:00,2026-08-26T19:52:00.328400+00:00,8.77,True,5,2026-08-26T19:57:00.328400+00:00,2026-08-26T19:57:00.327292+00:00,2026-08-26T19:57:00+00:00,,3.078677309007971,3.534777651083254,-2.5085518814139007,True,False,1.9266524694897207,0.06605315972257478,0.7302968558666929,rising,92.52702702702716,69.96231800924886,3,8.350694737125885,long,9.242339150467151,-2.1384104959745076,False,5.005473333333333,up,False
2026-08-26,build,XPON,2026-08-26T19:52:00+00:00,2026-08-26T19:52:00.328400+00:00,8.77,True,10,2026-08-26T20:02:00.328400+00:00,,,"strategy_bar,executable_quote",,6.955530216647676,-2.5085518814139007,True,False,,,,,,,,,,,,,10.005473333333333,,
2026-08-26,build,YYGH,2026-08-26T12:57:00+00:00,2026-08-26T12:57:00.334133+00:00,1.95,False,0,2026-08-26T12:57:00.334133+00:00,2026-08-26T12:57:00.334133+00:00,2026-08-26T12:57:00+00:00,,-0.512820512820511,-0.512820512820511,-0.512820512820511,False,False,0.4104841812094833,0.01080826147733134,0.5542698193503252,rising,100.0,53.973193625895455,3,1.8704546139176597,long,2.1958797758887605,-11.19732412441583,False,0.005568883333333333,up,
2026-08-26,build,YYGH,2026-08-26T12:57:00+00:00,2026-08-26T12:57:00.334133+00:00,1.95,False,3,2026-08-26T13:00:00.334133+00:00,2026-08-26T12:59:59.963476+00:00,2026-08-26T13:00:00+00:00,,-1.025641025641022,1.025641025641022,-1.025641025641022,False,False,1.5621008282826396,0.010340885259775945,0.5330353226688632,falling,69.99999999999993,50.82776645999985,2,1.8837629529073021,long,2.193738886838838,-11.566503578029474,False,3.0055688833333334,down,False
2026-08-26,build,YYGH,2026-08-26T12:57:00+00:00,2026-08-26T12:57:00.334133+00:00,1.95,False,5,2026-08-26T13:02:00.334133+00:00,2026-08-26T13:02:00.068945+00:00,2026-08-26T13:02:00+00:00,,2.051282051282044,2.051282051282044,-1.025641025641022,True,False,1.442272975255643,0.012585014638060592,0.6292821960128303,rising,99.91666666666669,62.156496172358196,3,1.8918362318885387,long,2.1918136449866554,-8.755928927882184,False,5.005568883333334,up,False
2026-08-26,build,YYGH,2026-08-26T12:57:00+00:00,2026-08-26T12:57:00.334133+00:00,1.95,False,10,2026-08-26T13:07:00.334133+00:00,2026-08-26T13:06:59.826226+00:00,2026-08-26T13:07:00+00:00,,1.538461538461533,3.076923076923066,-1.025641025641022,True,False,1.0989686964760759,0.008312648005296535,0.41983070733820876,falling,55.55555555555556,54.751277876355104,0,1.9026189855108309,long,2.1861920011580818,-9.431559581631287,False,10.005568883333332,down,False
2026-08-26,build,YYGH,2026-08-26T13:40:00+00:00,2026-08-26T13:40:00.202071+00:00,1.99,False,0,2026-08-26T13:40:00.202071+00:00,2026-08-26T13:40:00.202071+00:00,2026-08-26T13:40:00+00:00,,-0.5025125628140725,-0.5025125628140725,-0.5025125628140725,False,False,1.558511653277297,0.005135887619559694,0.25812371812633533,rising,88.72222222222234,59.09810320273802,3,1.772131995243389,long,2.136469178276983,-6.869707261367985,False,0.00336785,up,
2026-08-26,build,YYGH,2026-08-26T13:40:00+00:00,2026-08-26T13:40:00.202071+00:00,1.99,False,3,2026-08-26T13:43:00.202071+00:00,2026-08-26T13:43:00.068456+00:00,2026-08-26T13:43:00+00:00,,-0.5025125628140725,0.0,-3.5175879396984966,False,True,1.0858384118986646,0.008957951699880834,0.4503067259780241,rising,92.8666666666667,57.836386121155805,3,1.797265181564615,long,2.129866200215002,-6.599766698997922,False,3.0033678499999996,up,False
2026-08-26,build,YYGH,2026-08-26T13:40:00+00:00,2026-08-26T13:40:00.202071+00:00,1.99,False,5,2026-08-26T13:45:00.202071+00:00,2026-08-26T13:44:58.914950+00:00,2026-08-26T13:45:00+00:00,,0.5025125628140614,3.5175879396984966,-3.5175879396984966,True,True,1.9293314261583359,0.013420736913778018,0.6684632621297015,falling,70.33333333333329,57.81145151210578,3,1.8301721452516924,long,2.123778672091735,-5.465667096911176,False,5.00336785,down,False
2026-08-26,build,YYGH,2026-08-26T13:40:00+00:00,2026-08-26T13:40:00.202071+00:00,1.99,False,10,2026-08-26T13:50:00.202071+00:00,2026-08-26T13:49:59.767972+00:00,2026-08-26T13:50:00+00:00,,-5.025125628140703,3.5175879396984966,-8.040201005025127,True,True,0.712699536231054,-0.008368657853871185,-0.4451413752059141,falling,20.83333333333328,43.62464494788787,1,1.8301721452516924,long,2.1103486997066385,-10.915196135058613,False,10.00336785,up,True
2026-08-26,build,YYGH,2026-08-26T14:33:00+00:00,2026-08-26T14:33:00.580863+00:00,1.95,False,0,2026-08-26T14:33:00.580863+00:00,2026-08-26T14:33:00.580863+00:00,2026-08-26T14:33:00+00:00,,-0.512820512820511,-0.512820512820511,-0.512820512820511,False,False,0.9125693170194477,0.009068677869179528,0.46625593157735357,rising,86.36363636363643,65.56260744226523,3,1.8195669469500142,long,2.07218733001658,-6.137829730652877,False,0.00968105,up,
2026-08-26,build,YYGH,2026-08-26T14:33:00+00:00,2026-08-26T14:33:00.580863+00:00,1.95,False,3,2026-08-26T14:36:00.580863+00:00,2026-08-26T14:35:59.684655+00:00,2026-08-26T14:36:00+00:00,,0.512820512820511,1.538461538461533,-1.538461538461544,False,False,2.44398065739324,0.01022101495686739,0.5188595845914712,rising,84.53846153846152,67.147108966071,3,1.8362382768384071,long,2.070469825698121,-4.857343219875753,False,3.0096810499999997,up,False
2026-08-26,build,YYGH,2026-08-26T14:33:00+00:00,2026-08-26T14:33:00.580863+00:00,1.95,False,5,2026-08-26T14:38:00.580863+00:00,2026-08-26T14:37:59.770487+00:00,2026-08-26T14:38:00+00:00,,1.538461538461533,1.538461538461533,-1.538461538461544,False,False,1.1048554568754843,0.01037084602932484,0.5237801024911536,rising,92.3076923076923,68.00244650136862,3,1.8657564971765805,long,2.069794586661081,-4.338333245229631,False,5.00968105,up,False
2026-08-26,build,YYGH,2026-08-26T14:33:00+00:00,2026-08-26T14:33:00.580863+00:00,1.95,False,10,2026-08-26T14:43:00.580863+00:00,2026-08-26T14:42:59.617484+00:00,2026-08-26T14:43:00+00:00,,1.538461538461533,4.102564102564088,-1.538461538461544,True,False,2.319568241911963,0.007928730943191582,0.3987091895399569,falling,57.166666666666615,60.21726860776972,0,1.9100993265544093,long,2.067468599016006,-3.814742291783435,False,10.009681050000001,down,False
2026-08-26,build,YYGH,2026-08-26T15:31:00+00:00,2026-08-26T15:31:00.000437+00:00,2.03,False,0,2026-08-26T15:31:00.000437+00:00,2026-08-26T15:31:00.000437+00:00,2026-08-26T15:31:00+00:00,,-0.49261083743841194,-0.49261083743841194,-0.49261083743841194,False,False,6.933240404736047,0.0104937871311773,0.5190575817963743,rising,87.80000000000003,71.46782112980064,3,1.8960217394823295,long,2.0579960490141533,-1.7636598005880688,False,7.283333333333334e-06,up,
2026-08-26,build,YYGH,2026-08-26T15:31:00+00:00,2026-08-26T15:31:00.000437+00:00,2.03,False,3,2026-08-26T15:34:00.000437+00:00,2026-08-26T15:33:55.893100+00:00,2026-08-26T15:34:00+00:00,,-1.477832512315258,2.9556650246305383,-1.477832512315258,True,False,2.11416477970667,0.015148691299035379,0.7555457007000189,falling,57.500000000000014,58.65377871641353,2,1.9394473915858639,long,2.057811392993247,-2.566386461512815,False,3.0000072833333333,down,True
2026-08-26,build,YYGH,2026-08-26T15:31:00+00:00,2026-08-26T15:31:00.000437+00:00,2.03,False,5,2026-08-26T15:36:00.000437+00:00,2026-08-26T15:35:59.925240+00:00,2026-08-26T15:36:00+00:00,,0.0,2.9556650246305383,-1.477832512315258,True,False,1.4649789125102748,0.01170311153715,0.5750914760270269,falling,71.05263157894751,62.66667622406777,2,1.9394473915858639,long,2.0575893611247698,-1.097855653395352,False,5.000007283333333,up,False
2026-08-26,build,YYGH,2026-08-26T15:31:00+00:00,2026-08-26T15:31:00.000437+00:00,2.03,False,10,2026-08-26T15:41:00.000437+00:00,2026-08-26T15:40:58.915223+00:00,2026-08-26T15:41:00+00:00,,-1.477832512315258,2.9556650246305383,-1.477832512315258,True,False,1.5937579092540095,0.002136733759670356,0.10630516217265454,falling,11.111111111110892,55.12592200332348,0,1.9394473915858639,long,2.057180449867074,-2.293452179662847,False,10.000007283333334,down,False
2026-08-26,build,YYGH,2026-08-26T17:24:00+00:00,2026-08-26T17:24:00.206168+00:00,1.93,True,0,2026-08-26T17:24:00.206168+00:00,2026-08-26T17:24:00.206168+00:00,2026-08-26T17:24:00+00:00,,-0.5181347150259086,-0.5181347150259086,-0.5181347150259086,False,False,2.1292666913681364,0.004983642311944016,0.25823318886698876,rising,85.67335243553005,65.62493666995049,3,1.8604798685530979,long,2.047615881535817,-5.748924033912273,False,0.0034361333333333332,up,
2026-08-26,build,YYGH,2026-08-26T17:24:00+00:00,2026-08-26T17:24:00.206168+00:00,1.93,True,3,2026-08-26T17:27:00.206168+00:00,2026-08-26T17:26:59.400208+00:00,2026-08-26T17:27:00+00:00,,0.5181347150259086,0.5181347150259086,-0.5181347150259086,False,False,1.4638279792095676,0.008107091053120317,0.4159829161640062,rising,98.4285714285716,69.49746800467598,3,1.8765984926991863,long,2.0473540389190354,-4.808842879515707,False,3.003436133333333,up,False
2026-08-26,build,YYGH,2026-08-26T17:24:00+00:00,2026-08-26T17:24:00.206168+00:00,1.93,True,5,2026-08-26T17:29:00.206168+00:00,2026-08-26T17:28:59.994210+00:00,2026-08-26T17:29:00+00:00,,0.5181347150259086,0.5181347150259086,-0.5181347150259086,False,False,1.0781878433476988,0.007714345035748997,0.3962170023497173,falling,95.71428571428588,68.37399390760328,3,1.8881270353274793,long,2.047277978188288,-4.898112481873495,False,5.0034361333333335,down,False
2026-08-26,build,YYGH,2026-08-26T17:24:00+00:00,2026-08-26T17:24:00.206168+00:00,1.93,True,10,2026-08-26T17:34:00.206168+00:00,2026-08-26T17:33:51.236627+00:00,2026-08-26T17:34:00+00:00,,0.5181347150259086,0.5181347150259086,-0.5181347150259086,False,False,0.30004685805117104,0.0032758663239187778,0.16802761201881297,falling,98.66666666666681,65.62606450982605,3,1.8974230669361083,long,2.0470638793779097,-4.7611547621820405,False,10.003436133333334,up,False
2026-08-26,build,YYGH,2026-08-26T19:36:00+00:00,2026-08-26T19:36:00.656146+00:00,1.99,True,0,2026-08-26T19:36:00.656146+00:00,2026-08-26T19:36:00.656146+00:00,2026-08-26T19:36:00+00:00,,-0.5025125628140725,-0.5025125628140725,-0.5025125628140725,False,False,2.0327917107003346,0.0048881066243119005,0.24687407193494446,rising,90.90909090909072,62.59642964403321,3,1.9088169049174668,long,2.0413185753007084,-3.0038709313991108,False,0.010935766666666668,up,
2026-08-26,build,YYGH,2026-08-26T19:36:00+00:00,2026-08-26T19:36:00.656146+00:00,1.99,True,3,2026-08-26T19:39:00.656146+00:00,2026-08-26T19:39:00.223242+00:00,2026-08-26T19:39:00+00:00,,-1.5075376884422176,-0.5025125628140725,-2.010050251256279,False,False,0.5258573761567773,0.003643613060273006,0.18586069477009826,falling,50.66666666666659,54.243998295824284,1,1.9088169049174668,long,2.0412321725008424,-3.959969551225029,False,3.010935766666667,up,False
2026-08-26,build,YYGH,2026-08-26T19:36:00+00:00,2026-08-26T19:36:00.656146+00:00,1.99,True,5,2026-08-26T19:41:00.656146+00:00,2026-08-26T19:40:55.505718+00:00,2026-08-26T19:41:00+00:00,,-1.005025125628145,-0.5025125628140725,-2.010050251256279,False,False,0.8144096399810516,0.004078845975665754,0.206148083274323,rising,80.99999999999989,60.47105870568446,3,1.9196224354033553,long,2.0411645604733706,-3.0651404440836028,False,5.010935766666666,up,False
2026-08-26,build,YYGH,2026-08-26T19:36:00+00:00,2026-08-26T19:36:00.656146+00:00,1.99,True,10,2026-08-26T19:46:00.656146+00:00,2026-08-26T19:45:58.861232+00:00,2026-08-26T19:46:00+00:00,,-1.5075376884422176,-0.5025125628140725,-2.010050251256279,False,False,2.331362578115427,0.0013043847950213756,0.06621242614321704,falling,34.21052631578938,55.67035740532757,1,1.9206190316329714,long,2.041026900310759,-3.479959049042647,False,10.010935766666668,flat,False
2026-08-27,build,CELU,2026-08-27T16:36:00+00:00,2026-08-27T16:36:00.198679+00:00,2.03,True,0,2026-08-27T16:36:00.198679+00:00,2026-08-27T16:36:00.198679+00:00,2026-08-27T16:36:00+00:00,,-0.49261083743841194,-0.49261083743841194,-0.49261083743841194,False,False,2.4069079626336176,0.012831350434946,0.6336469350590618,rising,96.15384615384623,62.44514823743157,3,1.836999920622509,long,1.854857756704329,9.172791966429594,True,0.0033113166666666667,up,
2026-08-27,build,CELU,2026-08-27T16:36:00+00:00,2026-08-27T16:36:00.198679+00:00,2.03,True,3,2026-08-27T16:39:00.198679+00:00,2026-08-27T16:38:59.611085+00:00,2026-08-27T16:39:00+00:00,,0.0,1.9704433497536922,-1.970443349753681,False,False,1.3636612049006847,0.016185557879749624,0.7960632441348429,falling,73.99999999999993,61.81436552026989,3,1.8441799491984059,long,1.856710632407124,9.505485912151368,True,3.0033113166666667,down,False
2026-08-27,build,CELU,2026-08-27T16:36:00+00:00,2026-08-27T16:36:00.198679+00:00,2.03,True,5,2026-08-27T16:41:00.198679+00:00,2026-08-27T16:41:00.036118+00:00,2026-08-27T16:41:00+00:00,,2.4630541871921263,3.9408866995073843,-1.970443349753681,True,False,1.3613601439077632,0.018620666841988896,0.8947941778947092,falling,82.27272727272722,64.21085627921764,3,1.8781391674869796,long,1.8584685923465665,11.97391274567936,True,5.003311316666667,down,False
2026-08-27,build,CELU,2026-08-27T16:36:00+00:00,2026-08-27T16:36:00.198679+00:00,2.03,True,10,2026-08-27T16:46:00.198679+00:00,2026-08-27T16:46:00.195774+00:00,2026-08-27T16:46:00+00:00,,2.4630541871921263,3.9408866995073843,-1.970443349753681,True,False,1.0824580047379269,0.0063908114391494145,0.3065137380887009,falling,73.07692307692298,61.63755868060318,2,1.9166334483217067,long,1.8605778885380162,12.061957354460851,True,10.003311316666666,up,False
2026-08-27,build,CELU,2026-08-27T18:16:00+00:00,2026-08-27T18:16:00.063753+00:00,2.13,True,0,2026-08-27T18:16:00.063753+00:00,2026-08-27T18:16:00.063753+00:00,2026-08-27T18:16:00+00:00,,-0.46948356807510194,-0.46948356807510194,-0.46948356807510194,False,False,3.5944778601898757,0.009087609021509093,0.4284586997411171,rising,93.07692307692315,68.46627129937877,3,1.980624646626443,long,1.882699012504135,12.657412890385821,True,0.00106255,up,
2026-08-27,build,CELU,2026-08-27T18:16:00+00:00,2026-08-27T18:16:00.063753+00:00,2.13,True,3,2026-08-27T18:19:00.063753+00:00,2026-08-27T18:19:00.050535+00:00,2026-08-27T18:19:00+00:00,,2.8169014084507005,6.572769953051649,-3.2863849765258135,True,True,2.968086579244603,0.019770222985210438,0.9006935300779244,rising,69.64285714285714,75.3664192163649,3,1.980624646626443,long,1.8872811117111752,16.30487829180993,True,3.00106255,down,False
2026-08-27,build,CELU,2026-08-27T18:16:00+00:00,2026-08-27T18:16:00.063753+00:00,2.13,True,5,2026-08-27T18:21:00.063753+00:00,2026-08-27T18:20:59.763785+00:00,2026-08-27T18:21:00+00:00,,3.2863849765258246,6.572769953051649,-3.2863849765258135,True,True,2.4582208889279396,0.022044324631041168,1.0020147559564165,falling,71.42857142857154,65.20566257344055,2,2.013009855258191,long,1.8899579422641875,16.404706729313734,True,5.00106255,down,False
2026-08-27,build,CELU,2026-08-27T18:16:00+00:00,2026-08-27T18:16:00.063753+00:00,2.13,True,10,2026-08-27T18:26:00.063753+00:00,2026-08-27T18:25:59.814321+00:00,2026-08-27T18:26:00+00:00,,1.8779342723004744,7.9812206572769995,-3.2863849765258135,True,True,0.7349653453382553,0.004070685817833333,0.18758920819508448,falling,43.99999999999995,54.9297124264135,2,2.013009855258191,long,1.895370822253577,14.489469528706334,True,10.00106255,up,False
2026-08-27,build,CELU,2026-08-27T19:42:00+00:00,2026-08-27T19:42:01.334896+00:00,2.14,False,0,2026-08-27T19:42:01.334896+00:00,2026-08-27T19:42:01.334896+00:00,2026-08-27T19:42:00+00:00,,-0.4672897196261738,-0.4672897196261738,-0.4672897196261738,False,False,1.5947852558040974,0.014824743760562182,0.6927774083163785,rising,92.78571428571429,63.302573802633475,3,2.001667492976843,long,1.9174820499376315,11.599480165647602,True,0.02224826666666667,up,
2026-08-27,build,CELU,2026-08-27T19:42:00+00:00,2026-08-27T19:42:01.334896+00:00,2.14,False,3,2026-08-27T19:45:01.334896+00:00,2026-08-27T19:45:01.126698+00:00,2026-08-27T19:45:00+00:00,,-2.8037383177570097,0.0,-4.205607476635532,False,True,1.3686428951350973,0.007826566602172938,0.37537489698671167,falling,50.0,53.00370644197478,0,2.001667492976843,long,1.9181137004555204,8.70054259582458,True,3.0222482666666663,up,True
2026-08-27,build,CELU,2026-08-27T19:42:00+00:00,2026-08-27T19:42:01.334896+00:00,2.14,False,5,2026-08-27T19:47:01.334896+00:00,2026-08-27T19:46:59.800597+00:00,2026-08-27T19:47:00+00:00,,-1.4018691588785215,0.0,-4.205607476635532,False,True,0.6118274012276496,0.006340829468128237,0.2998028117318315,falling,73.0769230769233,57.57696560820274,3,2.001667492976843,long,1.918389357881583,10.248735029239754,True,5.022248266666667,up,False
2026-08-27,build,CELU,2026-08-27T19:42:00+00:00,2026-08-27T19:42:01.334896+00:00,2.14,False,10,2026-08-27T19:52:01.334896+00:00,2026-08-27T19:51:59.261142+00:00,2026-08-27T19:52:00+00:00,,-3.2710280373831946,0.0,-5.140186915887868,False,True,0.5699633274620745,-0.002683010329215838,-0.12930170261281146,falling,37.50000000000028,49.277142162776805,2,2.0058746701431374,long,1.9189276205750458,8.133312468460074,True,10.022248266666667,up,False
2026-08-27,build,MIMI,2026-08-27T15:30:00+00:00,2026-08-27T15:30:00.254017+00:00,2.69,False,0,2026-08-27T15:30:00.254017+00:00,2026-08-27T15:30:00.254017+00:00,2026-08-27T15:30:00+00:00,,-0.3717472118959009,-0.3717472118959009,-0.3717472118959009,False,False,1.9174403413214849,0.008193410499335727,0.3045877509046739,rising,100.0,61.310442298813314,3,2.528297393627944,long,2.8774413869965714,-6.514168727941316,False,0.004233616666666666,up,
2026-08-27,build,MIMI,2026-08-27T15:30:00+00:00,2026-08-27T15:30:00.254017+00:00,2.69,False,3,2026-08-27T15:33:00.254017+00:00,2026-08-27T15:32:58.438242+00:00,2026-08-27T15:33:00+00:00,,0.0,3.3457249070631967,-0.3717472118959009,True,False,1.417348660371071,0.01465728520968989,0.5448602360391765,falling,52.42857142857148,58.99713571069946,3,2.562707914902355,long,2.8759473145544043,-6.4621251444308525,False,3.0042336166666668,down,False
2026-08-27,build,MIMI,2026-08-27T15:30:00+00:00,2026-08-27T15:30:00.254017+00:00,2.69,False,5,2026-08-27T15:35:00.254017+00:00,2026-08-27T15:34:51.604276+00:00,2026-08-27T15:35:00+00:00,,0.0,3.3457249070631967,-0.3717472118959009,True,False,0.3715245499873236,0.012367065606530328,0.4580903658380682,falling,56.99999999999997,60.12291849445137,2,2.562707914902355,long,2.8757093297861,-6.1205535609258455,False,5.004233616666666,down,False
2026-08-27,build,MIMI,2026-08-27T15:30:00+00:00,2026-08-27T15:30:00.254017+00:00,2.69,False,10,2026-08-27T15:40:00.254017+00:00,2026-08-27T15:39:57.519741+00:00,2026-08-27T15:40:00+00:00,,0.3717472118959231,3.3457249070631967,-1.1152416356877248,True,False,0.1562165170706311,0.0041881809054317085,0.15510632195510363,falling,30.92307692307696,57.82588157471414,1,2.5831973274491715,long,2.875108854973461,-6.083555920705319,False,10.004233616666665,up,False
2026-08-27,build,MIMI,2026-08-27T16:59:00+00:00,2026-08-27T16:59:00.853025+00:00,2.66,True,0,2026-08-27T16:59:00.853025+00:00,2026-08-27T16:59:00.853025+00:00,2026-08-27T16:59:00+00:00,,-0.375939849624074,-0.375939849624074,-0.375939849624074,False,False,1.101232781847799,0.01287620309367964,0.48589445636526946,rising,90.90909090909072,60.0906427714267,3,2.5639081378759174,long,2.863812088248594,-7.46599573086354,False,0.014217083333333333,up,
2026-08-27,build,MIMI,2026-08-27T16:59:00+00:00,2026-08-27T16:59:00.853025+00:00,2.66,True,3,2026-08-27T17:02:00.853025+00:00,2026-08-27T17:01:54.235959+00:00,2026-08-27T17:02:00+00:00,,-0.375939849624074,0.0,-1.1278195488721887,False,False,0.8751230989121312,0.01227320679220085,0.46226767578910927,rising,86.36363636363623,59.72257117752169,3,2.5639081378759174,long,2.8636843653111685,-7.287268381915169,False,3.0142170833333335,up,False
2026-08-27,build,MIMI,2026-08-27T16:59:00+00:00,2026-08-27T16:59:00.853025+00:00,2.66,True,5,2026-08-27T17:04:00.853025+00:00,2026-08-27T17:03:59.508505+00:00,2026-08-27T17:04:00+00:00,,-1.5037593984962405,0.0,-1.8796992481203145,False,False,1.1996372693439252,0.008966754069036725,0.34224252171895897,falling,37.57802746566801,51.00361312252143,0,2.5654691732739763,long,2.8635321056210525,-8.504605383784735,False,5.0142170833333335,down,True
2026-08-27,build,MIMI,2026-08-27T16:59:00+00:00,2026-08-27T16:59:00.853025+00:00,2.66,True,10,2026-08-27T17:09:00.853025+00:00,2026-08-27T17:08:59.935346+00:00,2026-08-27T17:09:00+00:00,,0.0,0.3759398496240518,-1.8796992481203145,False,False,1.3440549748801756,0.006253601318594759,0.2350977939321338,falling,72.46376811594247,56.608018978386966,3,2.5654691732739763,long,2.863139728659048,-7.094998774446415,False,10.014217083333333,down,False
2026-08-27,build,PPCB,2026-08-27T13:33:00+00:00,2026-08-27T13:33:00.996009+00:00,4.13,False,0,2026-08-27T13:33:00.996009+00:00,2026-08-27T13:33:00.996009+00:00,2026-08-27T13:33:00+00:00,,-0.9685230024213065,-0.9685230024213065,-0.9685230024213065,False,False,4.666271916641859,0.041938390218593594,1.022887566307161,rising,96.05211212001576,69.92525156443506,3,3.3174264999158867,long,3.6207315642658577,13.23678453449002,True,0.01660015,up,
2026-08-27,build,PPCB,2026-08-27T13:33:00+00:00,2026-08-27T13:33:00.996009+00:00,4.13,False,3,2026-08-27T13:36:00.996009+00:00,2026-08-27T13:36:00.856093+00:00,2026-08-27T13:36:00+00:00,,-18.401937046004836,-0.2421307506053183,-22.51815980629539,False,True,2.0291545199389422,-0.004071213170439712,-0.11904132077309101,falling,28.992899289928978,45.10448386321594,1,3.3174264999158867,long,3.6222251874516807,-5.582899377770345,False,3.01660015,up,True
2026-08-27,build,PPCB,2026-08-27T13:33:00+00:00,2026-08-27T13:33:00.996009+00:00,4.13,False,5,2026-08-27T13:38:00.996009+00:00,2026-08-27T13:38:00.878089+00:00,2026-08-27T13:38:00+00:00,,-12.832929782082324,-0.2421307506053183,-22.51815980629539,False,True,0.7421435691956293,-0.0017618551705843744,-0.04894178089903538,rising,46.98469846984697,50.37666090870831,3,3.3174264999158867,long,3.6202988888046286,-0.5634586930849839,False,5.01660015,up,False
2026-08-27,build,PPCB,2026-08-27T13:33:00+00:00,2026-08-27T13:33:00.996009+00:00,4.13,False,10,2026-08-27T13:43:00.996009+00:00,2026-08-27T13:43:00.960920+00:00,2026-08-27T13:43:00+00:00,,-9.200968523002418,-0.2421307506053183,-22.51815980629539,False,True,0.9153450111837343,0.02205817675148544,0.5850975265646005,rising,63.996399639964004,54.74192752384621,3,3.3174264999158867,long,3.631720093618516,3.8075595810498353,True,10.016600149999999,down,False
2026-08-27,build,PPCB,2026-08-27T15:00:00+00:00,2026-08-27T15:00:02.136566+00:00,2.84,False,0,2026-08-27T15:00:02.136566+00:00,2026-08-27T15:00:02.136566+00:00,2026-08-27T15:00:00+00:00,,-0.35211267605632646,-0.35211267605632646,-0.35211267605632646,False,False,2.774346850681779,0.020705492221543345,0.7291436497356532,rising,93.2333333333334,58.189492317328465,3,2.546257465732612,long,3.4547436261419295,-17.802873170903766,False,0.035609433333333336,up,
2026-08-27,build,PPCB,2026-08-27T15:00:00+00:00,2026-08-27T15:00:02.136566+00:00,2.84,False,3,2026-08-27T15:03:02.136566+00:00,2026-08-27T15:03:01.265703+00:00,2026-08-27T15:03:00+00:00,,-2.1126760563380254,0.0,-3.169014084507038,False,True,1.3721205758592085,0.026639325185574707,0.9616737729892317,falling,68.99999999999997,52.255156791097406,3,2.546257465732612,long,3.448240387802855,-19.666273563803127,False,3.035609433333333,down,True
2026-08-27,build,PPCB,2026-08-27T15:00:00+00:00,2026-08-27T15:00:02.136566+00:00,2.84,False,5,2026-08-27T15:05:02.136566+00:00,2026-08-27T15:04:58.757623+00:00,2026-08-27T15:05:00+00:00,,-6.338028169014076,0.0,-7.042253521126751,False,True,0.6632754090188144,0.014013898378737684,0.5248651078178908,falling,34.48275862068968,44.309459409650664,0,2.546257465732612,long,3.444217838668305,-22.478770941145054,False,5.035609433333334,down,True
2026-08-27,build,PPCB,2026-08-27T15:00:00+00:00,2026-08-27T15:00:02.136566+00:00,2.84,False,10,2026-08-27T15:10:02.136566+00:00,2026-08-27T15:10:01.068743+00:00,2026-08-27T15:10:00+00:00,,-1.0563380281690127,0.7042253521126751,-7.042253521126751,False,True,1.0305452420340317,0.020551798800319595,0.7300816625335558,rising,76.08695652173905,56.07168362564222,3,2.551272553112069,long,3.4357541978386394,-18.067479863057223,False,10.035609433333333,down,False
2026-08-27,build,PPCB,2026-08-27T17:53:00+00:00,2026-08-27T17:53:00.587918+00:00,2.14,False,0,2026-08-27T17:53:00.587918+00:00,2026-08-27T17:53:00.587918+00:00,2026-08-27T17:53:00+00:00,,-0.4672897196261738,-0.4672897196261738,-0.4672897196261738,False,False,0.570376649521521,0.015216380562920219,0.711079048690136,rising,99.85714285714256,57.08875243749494,3,2.0508107671479894,long,3.2722291245967203,-34.60421264773969,False,0.009798633333333334,up,
2026-08-27,build,PPCB,2026-08-27T17:53:00+00:00,2026-08-27T17:53:00.587918+00:00,2.14,False,3,2026-08-27T17:56:00.587918+00:00,2026-08-27T17:56:00.582863+00:00,2026-08-27T17:56:00+00:00,,-0.9345794392523366,3.738317757009346,-0.9345794392523366,True,False,1.4944800677863501,0.015937597787068745,0.7482440275619129,falling,33.333333333333236,52.1027888126448,2,2.0736586137183917,long,3.267181165038328,-34.80618636049794,False,3.0097986333333333,down,True
2026-08-27,build,PPCB,2026-08-27T17:53:00+00:00,2026-08-27T17:53:00.587918+00:00,2.14,False,5,2026-08-27T17:58:00.587918+00:00,2026-08-27T17:58:00.421405+00:00,2026-08-27T17:58:00+00:00,,0.0,3.738317757009346,-0.9345794392523366,True,False,0.8057723336296881,0.010557806824757938,0.4933554591008383,falling,40.00000000000006,53.66456355192235,2,2.0736586137183917,long,3.265736794815787,-34.47114282457926,False,5.009798633333333,up,False
2026-08-27,build,PPCB,2026-08-27T17:53:00+00:00,2026-08-27T17:53:00.587918+00:00,2.14,False,10,2026-08-27T18:03:00.587918+00:00,2026-08-27T18:02:59.732413+00:00,2026-08-27T18:03:00+00:00,,0.9345794392523477,3.738317757009346,-0.9345794392523366,True,False,0.49076086486341,0.006416370675588742,0.29636816053527676,falling,40.90909090909089,55.489870499803985,2,2.0736586137183917,long,3.2627460959478896,-33.64485202545231,False,10.009798633333332,up,False
2026-08-27,build,PPCB,2026-08-27T18:16:00+00:00,2026-08-27T18:16:00.119097+00:00,2.22,False,0,2026-08-27T18:16:00.119097+00:00,2026-08-27T18:16:00.119097+00:00,2026-08-27T18:16:00+00:00,,-0.45045045045045695,-0.45045045045045695,-0.45045045045045695,False,False,1.691506806720719,0.0028025142494173772,0.12623938060438636,rising,93.75000000000014,61.22493131155853,3,2.067752840877864,long,3.2558578490902548,-31.815204996732028,False,0.00198495,up,
2026-08-27,build,PPCB,2026-08-27T18:16:00+00:00,2026-08-27T18:16:00.119097+00:00,2.22,False,3,2026-08-27T18:19:00.119097+00:00,2026-08-27T18:18:58.456132+00:00,2026-08-27T18:19:00+00:00,,-1.3513513513513598,0.45045045045044585,-1.3513513513513598,False,False,1.6570739009938016,0.006160838890111403,0.28118844774584223,falling,71.17647058823513,54.99159712862092,3,2.0989618181618326,long,3.253467954553083,-32.656475164176946,False,3.00198495,down,True
2026-08-27,build,PPCB,2026-08-27T18:16:00+00:00,2026-08-27T18:16:00.119097+00:00,2.22,False,5,2026-08-27T18:21:00.119097+00:00,2026-08-27T18:20:58.103148+00:00,2026-08-27T18:21:00+00:00,,-1.3513513513513598,0.45045045045044585,-1.8018018018018056,False,False,0.310700866761518,0.0036665591897440727,0.16704142094506028,falling,73.52941176470573,55.57664483242188,2,2.0989618181618326,long,3.252687075752048,-32.51733262744011,False,5.00198495,up,False
2026-08-27,build,PPCB,2026-08-27T18:16:00+00:00,2026-08-27T18:16:00.119097+00:00,2.22,False,10,2026-08-27T18:26:00.119097+00:00,2026-08-27T18:25:59.647854+00:00,2026-08-27T18:26:00+00:00,,-1.3513513513513598,0.45045045045044585,-4.054054054054069,False,True,0.716563293305395,-0.0009372356832925456,-0.04260162196784298,rising,61.904761904762026,55.25272168941262,3,2.0989618181618326,long,3.2500126606653184,-32.30795600809652,False,10.00198495,up,False
2026-08-27,build,PPCB,2026-08-27T19:11:00+00:00,2026-08-27T19:11:00.057224+00:00,2.28,False,0,2026-08-27T19:11:00.057224+00:00,2026-08-27T19:11:00.057224+00:00,2026-08-27T19:11:00+00:00,,-0.43859649122806044,-0.43859649122806044,-0.43859649122806044,False,False,5.444489415369938,0.0083521613191975,0.3671279700746154,rising,78.5714285714286,67.76789863546719,3,2.1156874462058974,long,3.2327801906867544,-29.62713621687,False,0.0009537333333333333,up,
2026-08-27,build,PPCB,2026-08-27T19:11:00+00:00,2026-08-27T19:11:00.057224+00:00,2.28,False,3,2026-08-27T19:14:00.057224+00:00,2026-08-27T19:13:55.368185+00:00,2026-08-27T19:14:00+00:00,,0.43859649122808264,2.6315789473684292,-2.1929824561403466,True,False,1.8753124084320112,0.01897605297333013,0.8250457814491361,falling,76.20180866254154,66.17411407173978,3,2.1524455655717745,long,3.228605912406281,-28.761822830033502,False,3.000953733333333,down,False
2026-08-27,build,PPCB,2026-08-27T19:11:00+00:00,2026-08-27T19:11:00.057224+00:00,2.28,False,5,2026-08-27T19:16:00.057224+00:00,2026-08-27T19:15:59.382270+00:00,2026-08-27T19:16:00+00:00,,0.0,2.6315789473684292,-2.1929824561403466,True,False,1.278581374731934,0.014182595933834868,0.6220163998874991,falling,63.21052631578942,61.61099940783864,1,2.1524455655717745,long,3.22716735467415,-29.346707207559007,False,5.000953733333334,down,False
2026-08-27,build,PPCB,2026-08-27T19:11:00+00:00,2026-08-27T19:11:00.057224+00:00,2.28,False,10,2026-08-27T19:21:00.057224+00:00,2026-08-27T19:20:53.207759+00:00,2026-08-27T19:21:00+00:00,,0.8771929824561431,4.385964912280715,-2.1929824561403466,True,False,0.463142775485677,0.007026462909228738,0.3048357010511383,falling,48.27586206896571,61.45101984574527,1,2.163133922926559,long,3.2212367472644448,-28.44363265266162,False,10.000953733333334,up,False
2026-08-27,build,WNW,2026-08-27T12:04:00+00:00,2026-08-27T12:04:00.411794+00:00,3.4,False,0,2026-08-27T12:04:00.411794+00:00,2026-08-27T12:04:00.411794+00:00,2026-08-27T12:04:00+00:00,,-0.2941176470588225,-0.2941176470588225,-0.2941176470588225,False,False,1.2490952447748633,0.010570363591663672,0.3108930468136374,rising,100.0,60.75573182412221,3,3.2980109871823666,long,3.4146356814411973,-0.42861619237283266,False,0.006863233333333333,up,
2026-08-27,build,WNW,2026-08-27T12:04:00+00:00,2026-08-27T12:04:00.411794+00:00,3.4,False,3,2026-08-27T12:07:00.411794+00:00,2026-08-27T12:07:00.026507+00:00,2026-08-27T12:07:00+00:00,,-1.4705882352941124,0.8823529411764675,-1.764705882352946,False,False,1.9381193174433216,0.00789346833401752,0.2363313872460335,falling,18.3303085299455,46.06509172703585,0,3.2980109871823666,long,3.4136099591478835,-2.156367014064442,False,3.006863233333333,down,True
2026-08-27,build,WNW,2026-08-27T12:04:00+00:00,2026-08-27T12:04:00.411794+00:00,3.4,False,5,2026-08-27T12:09:00.411794+00:00,2026-08-27T12:08:57.874690+00:00,2026-08-27T12:09:00+00:00,,-1.764705882352946,0.8823529411764675,-2.0588235294117574,False,False,0.446606819413779,0.0031267995761529634,0.0936139509641317,falling,18.272727272727426,46.09059441199066,1,3.2980109871823666,long,3.413066830928722,-2.1378670428456537,False,5.006863233333333,up,False
2026-08-27,build,WNW,2026-08-27T12:04:00+00:00,2026-08-27T12:04:00.411794+00:00,3.4,False,10,2026-08-27T12:14:00.411794+00:00,2026-08-27T12:13:51.153428+00:00,2026-08-27T12:14:00+00:00,,-1.17647058823529,0.8823529411764675,-2.0588235294117574,False,False,0.9305403930131004,0.002404076847934129,0.07154564751902057,falling,22.530521642619032,49.929975645712226,1,3.2980109871823666,long,3.412225348618036,-1.5246750522824204,False,10.006863233333332,up,False
2026-08-28,build,QNRX,2026-08-28T12:45:00+00:00,2026-08-28T12:45:00.502982+00:00,7.15,True,0,2026-08-28T12:45:00.502982+00:00,2026-08-28T12:45:00.502982+00:00,2026-08-28T12:45:00+00:00,,-0.41958041958042314,-0.41958041958042314,-0.41958041958042314,False,False,1.199101932523705,0.030131343401509317,0.42141739023089947,rising,89.47368421052632,57.361737763612915,3,6.73060487544961,long,7.2829310841958685,-1.8252415498525298,False,0.008383033333333335,up,
2026-08-28,build,QNRX,2026-08-28T12:45:00+00:00,2026-08-28T12:45:00.502982+00:00,7.15,True,3,2026-08-28T12:48:00.502982+00:00,2026-08-28T12:47:58.006533+00:00,2026-08-28T12:48:00+00:00,,-1.118881118881121,-0.2797202797202858,-1.3986013986014068,False,False,0.9410099393790197,0.03210845769312657,0.45223179849474043,falling,76.31578947368406,53.40190519772263,3,6.765233696230199,long,7.281122384633933,-2.487561327305432,False,3.0083830333333332,down,False
2026-08-28,build,QNRX,2026-08-28T12:45:00+00:00,2026-08-28T12:45:00.502982+00:00,7.15,True,5,2026-08-28T12:50:00.502982+00:00,2026-08-28T12:49:59.235417+00:00,2026-08-28T12:50:00+00:00,,-3.076923076923088,-0.2797202797202858,-3.2167832167832255,False,True,1.269678420283826,0.01385143414310721,0.1993012106921901,falling,33.05439330543932,42.66793106194486,0,6.765233696230199,long,7.279067536817648,-4.520737514155737,False,5.008383033333333,down,False
2026-08-28,build,QNRX,2026-08-28T12:45:00+00:00,2026-08-28T12:45:00.502982+00:00,7.15,True,10,2026-08-28T12:55:00.502982+00:00,2026-08-28T12:54:59.178285+00:00,2026-08-28T12:55:00+00:00,,-1.118881118881121,0.0,-3.2167832167832255,False,True,0.3502005215752449,0.009147615916259195,0.1299377260832272,rising,44.00000000000013,50.16800613027096,3,6.765233696230199,long,7.27558169625702,-3.237977471659992,False,10.008383033333333,up,False
2026-08-31,holdout,AEHL,2026-08-31T12:19:00+00:00,2026-08-31T12:19:02.645065+00:00,6.07,True,0,2026-08-31T12:19:02.645065+00:00,2026-08-31T12:19:02.645065+00:00,2026-08-31T12:19:00+00:00,,-0.32948929159802853,-0.32948929159802853,-0.32948929159802853,False,False,2.108702612101923,0.01550612403522392,0.25545509118985044,rising,87.50000000000028,61.33514935140754,3,5.897866998343151,long,6.343102854631391,-4.305508847802864,False,0.04408441666666667,up,
2026-08-31,holdout,AEHL,2026-08-31T12:19:00+00:00,2026-08-31T12:19:02.645065+00:00,6.07,True,3,2026-08-31T12:22:02.645065+00:00,2026-08-31T12:21:59.730860+00:00,2026-08-31T12:22:00+00:00,,-0.658978583196046,0.8237232289950658,-0.658978583196046,False,False,0.7420910779858525,0.013567631733405267,0.2250021846335865,falling,50.00000000000022,52.708256548219694,2,5.93063359867452,long,6.338933375997165,-4.873586101519278,False,3.0440844166666663,down,True
2026-08-31,holdout,AEHL,2026-08-31T12:19:00+00:00,2026-08-31T12:19:02.645065+00:00,6.07,True,5,2026-08-31T12:24:02.645065+00:00,2026-08-31T12:24:02.515345+00:00,2026-08-31T12:24:00+00:00,,-0.658978583196046,0.8237232289950658,-0.658978583196046,False,False,0.6501466514193848,0.008207102682142146,0.13594445482337789,falling,53.54999999999994,53.28352594686606,2,5.93063359867452,long,6.337599473700081,-4.741534629114719,False,5.044084416666666,down,False
2026-08-31,holdout,AEHL,2026-08-31T12:19:00+00:00,2026-08-31T12:19:02.645065+00:00,6.07,True,10,2026-08-31T12:29:02.645065+00:00,2026-08-31T12:28:49.224574+00:00,2026-08-31T12:29:00+00:00,,-0.8237232289950658,0.8237232289950658,-1.4827018121911006,False,False,0.8565275107823318,-0.000718459470466979,-0.011875363148214529,rising,46.66666666666643,55.25690272450731,3,5.93063359867452,long,6.33439394658397,-4.489678870341473,False,10.044084416666667,up,False
2026-08-31,holdout,AEHL,2026-08-31T14:32:00+00:00,2026-08-31T14:32:00.134395+00:00,6.38,False,0,2026-08-31T14:32:00.134395+00:00,2026-08-31T14:32:00.134395+00:00,2026-08-31T14:32:00+00:00,,-0.6269592476489061,-0.6269592476489061,-0.6269592476489061,False,False,3.6195368290048795,0.029063642655187107,0.4554715977932472,rising,75.24999999999997,67.42680815815793,3,5.92034425283353,long,6.681239480401792,-4.4937691768494386,False,0.0022399166666666665,up,
2026-08-31,holdout,AEHL,2026-08-31T14:32:00+00:00,2026-08-31T14:32:00.134395+00:00,6.38,False,3,2026-08-31T14:35:00.134395+00:00,2026-08-31T14:34:58.104138+00:00,2026-08-31T14:35:00+00:00,,-1.2539184952978122,1.2539184952978122,-2.037617554858928,False,False,1.1128552827936542,0.026024793924421415,0.41309196705430823,falling,53.65853658536577,60.108496126101976,3,5.92034425283353,long,6.673903674555162,-5.602473346756598,False,3.002239916666667,down,True
2026-08-31,holdout,AEHL,2026-08-31T14:32:00+00:00,2026-08-31T14:32:00.134395+00:00,6.38,False,5,2026-08-31T14:37:00.134395+00:00,2026-08-31T14:36:55.540458+00:00,2026-08-31T14:37:00+00:00,,-2.351097178683381,1.2539184952978122,-2.6645768025078342,False,False,0.6498666937317134,0.013424287806328893,0.21513281740911686,falling,39.02439024390246,54.98848301386529,0,5.92034425283353,long,6.6719061482802084,-6.473504552991038,False,5.0022399166666665,up,True
2026-08-31,holdout,AEHL,2026-08-31T14:32:00+00:00,2026-08-31T14:32:00.134395+00:00,6.38,False,10,2026-08-31T14:42:00.134395+00:00,2026-08-31T14:41:59.669618+00:00,2026-08-31T14:42:00+00:00,,1.0971786833855912,1.4106583072100332,-2.821316614420055,False,False,1.672641495408616,0.016842253419820194,0.2609179460855181,rising,88.33333333333329,68.02539217180082,3,6.0573431167881395,long,6.667050178862417,-3.180569714844994,False,10.002239916666667,up,False
2026-08-31,holdout,AEHL,2026-08-31T15:23:00+00:00,2026-08-31T15:23:00.894675+00:00,6.46,True,0,2026-08-31T15:23:00.894675+00:00,2026-08-31T15:23:00.894675+00:00,2026-08-31T15:23:00+00:00,,-0.6191950464396245,-0.6191950464396245,-0.6191950464396245,False,False,1.662512833933928,0.023554998478377144,0.3657608459375333,rising,96.29629629629638,63.44697889976064,3,6.0996823793991775,long,6.6420947771220415,-3.0426361547584935,False,0.01491125,up,
2026-08-31,holdout,AEHL,2026-08-31T15:23:00+00:00,2026-08-31T15:23:00.894675+00:00,6.46,True,3,2026-08-31T15:26:00.894675+00:00,2026-08-31T15:25:59.765694+00:00,2026-08-31T15:26:00+00:00,,-2.786377708978327,-0.3095975232198067,-3.2507739938080538,False,True,1.0557236824705967,0.016816796420132323,0.26700108630973457,falling,42.6820475847153,50.209994882069225,0,6.0996823793991775,long,6.640955684481697,-5.158228736297199,False,3.01491125,down,True
2026-08-31,holdout,AEHL,2026-08-31T15:23:00+00:00,2026-08-31T15:23:00.894675+00:00,6.46,True,5,2026-08-31T15:28:00.894675+00:00,2026-08-31T15:28:00.869644+00:00,2026-08-31T15:28:00+00:00,,-3.5603715170278605,-0.3095975232198067,-3.5603715170278605,False,True,0.8648710678441818,0.006390026498915578,0.1020771006216546,falling,26.17801047120402,47.157033114327994,0,6.0996823793991775,long,6.640056299614116,-5.723690921659852,False,5.01491125,down,True
2026-08-31,holdout,AEHL,2026-08-31T15:23:00+00:00,2026-08-31T15:23:00.894675+00:00,6.46,True,10,2026-08-31T15:33:00.894675+00:00,2026-08-31T15:32:59.999092+00:00,2026-08-31T15:33:00+00:00,,-1.2383900928792602,-0.3095975232198067,-3.5603715170278605,False,True,1.0650818055974132,0.011330999945386718,0.17649532625212955,rising,83.55321020228673,58.987029256894544,3,6.115837015660634,long,6.6386906317759165,-3.2941832042776564,False,10.01491125,up,False
2026-08-31,holdout,AEHL,2026-08-31T18:15:00+00:00,2026-08-31T18:15:03.000092+00:00,6.34,True,0,2026-08-31T18:15:03.000092+00:00,2026-08-31T18:15:03.000092+00:00,2026-08-31T18:15:00+00:00,,-0.7886435331230235,-0.7886435331230235,-0.7886435331230235,False,False,2.0916211697161113,0.02707899128722964,0.4275652706682083,rising,97.4121282348399,64.76619585791255,3,6.039663113610061,long,6.815158138402094,-7.070388223083423,False,0.050001533333333334,up,
2026-08-31,holdout,AEHL,2026-08-31T18:15:00+00:00,2026-08-31T18:15:03.000092+00:00,6.34,True,3,2026-08-31T18:18:03.000092+00:00,2026-08-31T18:18:01.359755+00:00,2026-08-31T18:18:00+00:00,,-1.4195583596214534,-0.6309148264984188,-1.4195583596214534,False,False,0.6336699023299777,0.019346199186358923,0.30929175357887967,falling,63.043478260869506,55.8388424363042,2,6.039663113610061,long,6.814186092153477,-8.206205181237703,False,3.0500015333333335,down,False
2026-08-31,holdout,AEHL,2026-08-31T18:15:00+00:00,2026-08-31T18:15:03.000092+00:00,6.34,True,5,2026-08-31T18:20:03.000092+00:00,2026-08-31T18:20:00.568518+00:00,2026-08-31T18:20:00+00:00,,-1.4195583596214534,-0.6309148264984188,-1.7350157728706517,False,False,0.623536137801302,0.012183598198811214,0.19479731711265832,falling,62.8260869565218,55.31948950312866,0,6.045967465067745,long,6.813820434660224,-8.208617177745081,False,5.050001533333333,up,True
2026-08-31,holdout,AEHL,2026-08-31T18:15:00+00:00,2026-08-31T18:15:03.000092+00:00,6.34,True,10,2026-08-31T18:25:03.000092+00:00,2026-08-31T18:25:01.052686+00:00,2026-08-31T18:25:00+00:00,,-0.9463722397476282,-0.3154574132492094,-1.7350157728706517,False,False,1.31075480776693,0.0032521448474852332,0.051662348649487426,falling,59.090909090908944,57.31001356838974,3,6.1398761421146855,long,6.81282224580111,-7.600700959433593,False,10.050001533333333,up,False
2026-08-31,holdout,AEHL,2026-08-31T19:57:00+00:00,2026-08-31T19:57:00.065697+00:00,6.53,False,0,2026-08-31T19:57:00.065697+00:00,2026-08-31T19:57:00.065697+00:00,2026-08-31T19:57:00+00:00,,-0.45941807044410643,-0.45941807044410643,-0.45941807044410643,False,False,1.9534042152972473,0.011224681849428778,0.17191248448422922,rising,86.44382544103992,59.88618965266996,3,6.16874289019818,long,6.790985957847585,-3.8534309962043767,False,0.0010949500000000001,up,
2026-08-31,holdout,AEHL,2026-08-31T19:57:00+00:00,2026-08-31T19:57:00.065697+00:00,6.53,False,3,2026-08-31T20:00:00.065697+00:00,2026-08-31T19:59:58.838670+00:00,2026-08-31T20:00:00+00:00,,-1.071975497702915,1.3782542113323082,-1.5313935681470214,False,False,1.7164569888766104,0.01666021461837662,0.2573006118668204,falling,56.24999999999986,54.685144255983374,3,6.16874289019818,long,6.789859017728289,-4.637195218725365,False,3.00109495,down,False
2026-08-31,holdout,AEHL,2026-08-31T19:57:00+00:00,2026-08-31T19:57:00.065697+00:00,6.53,False,5,2026-08-31T20:02:00.065697+00:00,,,"strategy_bar,executable_quote",,1.3782542113323082,-1.5313935681470214,False,False,,,,,,,,,,,,,5.00109495,,
2026-08-31,holdout,AEHL,2026-08-31T19:57:00+00:00,2026-08-31T19:57:00.065697+00:00,6.53,False,10,2026-08-31T20:07:00.065697+00:00,,,"strategy_bar,executable_quote",,1.3782542113323082,-1.5313935681470214,False,False,,,,,,,,,,,,,10.00109495,,
2026-08-31,holdout,NCRA,2026-08-31T16:25:00+00:00,2026-08-31T16:25:00.397911+00:00,3.05,False,0,2026-08-31T16:25:00.397911+00:00,2026-08-31T16:25:00.397911+00:00,2026-08-31T16:25:00+00:00,,-0.3278688524590123,-0.3278688524590123,-0.3278688524590123,False,False,1.459311992290622,0.027712526916940913,0.9100994061392746,rising,92.41274658573599,65.6742414605186,3,2.7416577982062527,long,2.7174105951692944,12.055204517604267,True,0.00663185,up,
2026-08-31,holdout,NCRA,2026-08-31T16:25:00+00:00,2026-08-31T16:25:00.397911+00:00,3.05,False,3,2026-08-31T16:28:00.397911+00:00,2026-08-31T16:28:00.397035+00:00,2026-08-31T16:28:00+00:00,,-7.540983606557372,2.9508196721311553,-9.180327868852455,True,True,0.8435501951280014,-0.0006815543534873236,-0.024168594095295166,falling,17.499999999999964,46.732052579283774,0,2.7416577982062527,long,2.7226637404973912,3.5750378592409815,True,3.0066318499999998,down,False
2026-08-31,holdout,NCRA,2026-08-31T16:25:00+00:00,2026-08-31T16:25:00.397911+00:00,3.05,False,5,2026-08-31T16:30:00.397911+00:00,2026-08-31T16:30:00.344249+00:00,2026-08-31T16:30:00+00:00,,-5.245901639344252,2.9508196721311553,-9.180327868852455,True,True,0.473548402575174,-0.003206101883438603,-0.10979800970680148,rising,39.4736842105263,54.03033687002133,3,2.7416577982062527,long,2.7231303608698174,7.229534140528582,True,5.006631850000001,up,False
2026-08-31,holdout,NCRA,2026-08-31T16:25:00+00:00,2026-08-31T16:25:00.397911+00:00,3.05,False,10,2026-08-31T16:35:00.397911+00:00,2026-08-31T16:34:58.639869+00:00,2026-08-31T16:35:00+00:00,,-2.950819672131144,2.9508196721311553,-9.180327868852455,True,True,0.7271173870938435,0.0005571073100285664,0.018789453963863962,rising,51.315789473684184,56.77350321279291,3,2.7416577982062527,long,2.725165662794024,8.800725052438874,True,10.00663185,up,False
2026-08-31,holdout,NCRA,2026-08-31T18:36:00+00:00,2026-08-31T18:36:02.717829+00:00,2.99,False,0,2026-08-31T18:36:02.717829+00:00,2026-08-31T18:36:02.717829+00:00,2026-08-31T18:36:00+00:00,,-0.33444816053512794,-0.33444816053512794,-0.33444816053512794,False,False,4.773796464672493,0.009029388561655784,0.3014921553860157,rising,88.59090909090905,63.165265629229374,3,2.7676605512718835,long,2.751417592337004,8.849344001474769,True,0.04529715,up,
2026-08-31,holdout,NCRA,2026-08-31T18:36:00+00:00,2026-08-31T18:36:02.717829+00:00,2.99,False,3,2026-08-31T18:39:02.717829+00:00,2026-08-31T18:38:59.408799+00:00,2026-08-31T18:39:00+00:00,,-0.6688963210702337,1.3377926421404451,-1.3377926421404673,False,False,1.1791141241208793,0.01764272873002412,0.5940112699917215,falling,70.87499999999999,59.25928346205257,3,2.7676605512718835,long,2.7523083370651347,7.913054653139007,True,3.04529715,down,False
2026-08-31,holdout,NCRA,2026-08-31T18:36:00+00:00,2026-08-31T18:36:02.717829+00:00,2.99,False,5,2026-08-31T18:41:02.717829+00:00,2026-08-31T18:40:59.430303+00:00,2026-08-31T18:41:00+00:00,,-1.3377926421404673,1.3377926421404451,-2.341137123745829,False,False,0.5491304271983533,0.01460186808746256,0.4933063543061676,falling,66.66666666666667,57.50793264538918,0,2.7676605512718835,long,2.7525856550792245,7.535254880735254,True,5.04529715,down,False
2026-08-31,holdout,NCRA,2026-08-31T18:36:00+00:00,2026-08-31T18:36:02.717829+00:00,2.99,False,10,2026-08-31T18:46:02.717829+00:00,2026-08-31T18:46:02.163348+00:00,2026-08-31T18:46:00+00:00,,0.33444816053511683,1.3377926421404451,-2.6755852842809347,False,False,3.2873594947702935,0.007352123873512546,0.2442566070934401,rising,76.90531177829082,63.5525257740808,3,2.8378024583997914,long,2.7533245113859786,9.322384177839439,True,10.045297150000001,up,False
2026-08-31,holdout,NCRA,2026-08-31T19:12:00+00:00,2026-08-31T19:12:02.357047+00:00,3.06,False,0,2026-08-31T19:12:02.357047+00:00,2026-08-31T19:12:02.357047+00:00,2026-08-31T19:12:00+00:00,,-0.9803921568627527,-0.9803921568627527,-0.9803921568627527,False,False,2.762334881842052,0.02406641377728096,0.7866383531830085,rising,69.69863013698634,65.92382798509286,3,2.7067070290461315,long,2.758426808936825,10.91104502349216,True,0.03928411666666667,up,
2026-08-31,holdout,NCRA,2026-08-31T19:12:00+00:00,2026-08-31T19:12:02.357047+00:00,3.06,False,3,2026-08-31T19:15:02.357047+00:00,2026-08-31T19:15:02.350440+00:00,2026-08-31T19:15:00+00:00,,-0.9803921568627527,-0.326797385620925,-3.26797385620915,False,True,1.6625135804340685,0.020778062236183153,0.68348888934813,falling,64.38356164383562,62.26826945372015,3,2.7195884148716196,long,2.7599655422543794,10.146302678724183,True,3.0392841166666664,up,True
2026-08-31,holdout,NCRA,2026-08-31T19:12:00+00:00,2026-08-31T19:12:02.357047+00:00,3.06,False,5,2026-08-31T19:17:02.357047+00:00,2026-08-31T19:17:00.495844+00:00,2026-08-31T19:17:00+00:00,,-1.9607843137254943,-0.326797385620925,-3.26797385620915,False,True,0.880239818226949,0.01404638153886053,0.46665719398207745,falling,54.28571428571425,58.4444663491224,0,2.7294765855178365,long,2.760529471939325,9.037053601366441,True,5.039284116666667,down,False
2026-08-31,holdout,NCRA,2026-08-31T19:12:00+00:00,2026-08-31T19:12:02.357047+00:00,3.06,False,10,2026-08-31T19:22:02.357047+00:00,2026-08-31T19:21:51.385624+00:00,2026-08-31T19:22:00+00:00,,-1.9607843137254943,-0.326797385620925,-3.9215686274509887,False,True,0.554973866317465,0.0015967426116280797,0.053221205640559946,falling,46.30769230769237,54.793041780276035,1,2.804720009428106,long,2.7617486190784586,8.634072604374389,True,10.039284116666666,down,False
2026-08-31,holdout,NCRA,2026-08-31T19:57:00+00:00,2026-08-31T19:57:03.370460+00:00,2.89,False,0,2026-08-31T19:57:03.370460+00:00,2026-08-31T19:57:03.370460+00:00,2026-08-31T19:57:00+00:00,,-0.692041522491349,-0.692041522491349,-0.692041522491349,False,False,2.785100422958807,0.01648397378905153,0.5723602010087337,rising,88.23529411764704,58.974905929538,3,2.670724635954006,long,2.7626826365956565,4.246501637586175,True,0.05617433333333333,up,
2026-08-31,holdout,NCRA,2026-08-31T19:57:00+00:00,2026-08-31T19:57:03.370460+00:00,2.89,False,3,2026-08-31T20:00:03.370460+00:00,2026-08-31T19:59:59.034738+00:00,2026-08-31T20:00:00+00:00,,-1.038062283737029,2.768166089965396,-1.384083044982698,True,False,2.643379366368806,0.013571450380456372,0.4846946564448704,falling,18.14461118690306,45.91315672197409,0,2.6825797087632046,long,2.763242005859602,1.3302488186865524,True,3.0561743333333333,down,True
2026-08-31,holdout,NCRA,2026-08-31T19:57:00+00:00,2026-08-31T19:57:03.370460+00:00,2.89,False,5,2026-08-31T20:02:03.370460+00:00,,,"strategy_bar,executable_quote",,2.768166089965396,-1.384083044982698,True,False,,,,,,,,,,,,,5.056174333333333,,
2026-08-31,holdout,NCRA,2026-08-31T19:57:00+00:00,2026-08-31T19:57:03.370460+00:00,2.89,False,10,2026-08-31T20:07:03.370460+00:00,,,"strategy_bar,executable_quote",,2.768166089965396,-1.384083044982698,True,False,,,,,,,,,,,,,10.056174333333333,,
2026-08-31,holdout,RDHL,2026-08-31T14:40:00+00:00,2026-08-31T14:40:02.694482+00:00,1.13,False,0,2026-08-31T14:40:02.694482+00:00,2026-08-31T14:40:02.694482+00:00,2026-08-31T14:40:00+00:00,,-0.8849557522123686,-0.8849557522123686,-0.8849557522123686,False,False,2.022518611349676,0.008411416070832933,0.7510192920386546,rising,85.71428571428599,56.763935507246636,3,1.037715761535333,long,1.396012897833349,-19.771514880824427,False,0.04490803333333333,up,
2026-08-31,holdout,RDHL,2026-08-31T14:40:00+00:00,2026-08-31T14:40:02.694482+00:00,1.13,False,3,2026-08-31T14:43:02.694482+00:00,2026-08-31T14:43:02.678943+00:00,2026-08-31T14:43:00+00:00,,-3.539823008849541,-0.8849557522123686,-3.539823008849541,False,True,0.3045804965972473,0.005095377902366967,0.4674229797602941,falling,38.61538461538483,48.75982382943017,0,1.0389726092282665,long,1.3941317374246172,-21.807963283746457,False,3.0449080333333334,down,False
2026-08-31,holdout,RDHL,2026-08-31T14:40:00+00:00,2026-08-31T14:40:02.694482+00:00,1.13,False,5,2026-08-31T14:45:02.694482+00:00,2026-08-31T14:44:58.607833+00:00,2026-08-31T14:45:00+00:00,,-5.309734513274322,-0.8849557522123686,-5.309734513274322,False,True,0.44965142213569076,0.0009570001399114127,0.08943926541228155,falling,0.0,43.86954861699806,0,1.0389726092282665,long,1.3931006208592043,-23.192913420706805,False,5.044908033333333,flat,False
2026-08-31,holdout,RDHL,2026-08-31T14:40:00+00:00,2026-08-31T14:40:02.694482+00:00,1.13,False,10,2026-08-31T14:50:02.694482+00:00,2026-08-31T14:50:02.640923+00:00,2026-08-31T14:50:00+00:00,,-6.194690265486713,-0.8849557522123686,-7.079646017699104,False,True,1.5441135510322312,-0.00019550896355229183,-0.01842685801623863,falling,13.749999999999899,42.90584168866395,1,1.0389726092282665,long,1.3908937465118645,-23.718112712720473,False,10.044908033333334,down,True
2026-08-31,holdout,RDHL,2026-08-31T17:03:00+00:00,2026-08-31T17:03:00.466251+00:00,1.1,False,0,2026-08-31T17:03:00.466251+00:00,2026-08-31T17:03:00.466251+00:00,2026-08-31T17:03:00+00:00,,-0.909090909090915,-0.909090909090915,-0.909090909090915,False,False,6.4487318024761136,0.0027029910028735847,0.24795807750422755,rising,85.85714285714285,66.06164391772825,3,1.0133157623503695,long,1.3608859783858887,-19.897771208360947,False,0.00777085,up,
2026-08-31,holdout,RDHL,2026-08-31T17:03:00+00:00,2026-08-31T17:03:00.466251+00:00,1.1,False,3,2026-08-31T17:06:00.466251+00:00,2026-08-31T17:05:59.814484+00:00,2026-08-31T17:06:00+00:00,,-0.909090909090915,1.81818181818183,-0.909090909090915,False,False,1.4951550866467462,0.0066608770758103935,0.6055342796191266,falling,70.00000000000016,61.92978679462004,3,1.0405726098802957,long,1.3585294704194608,-19.030096589633562,False,3.00777085,down,False
2026-08-31,holdout,RDHL,2026-08-31T17:03:00+00:00,2026-08-31T17:03:00.466251+00:00,1.1,False,5,2026-08-31T17:08:00.466251+00:00,2026-08-31T17:07:58.864253+00:00,2026-08-31T17:08:00+00:00,,-0.909090909090915,1.81818181818183,-0.909090909090915,False,False,0.5385690343214702,0.0046419203902121516,0.42586425598276617,falling,60.000000000000135,57.871987476875994,0,1.0405726098802957,long,1.3581697066747809,-19.744933593854263,False,5.00777085,down,False
2026-08-31,holdout,RDHL,2026-08-31T17:03:00+00:00,2026-08-31T17:03:00.466251+00:00,1.1,False,10,2026-08-31T17:13:00.466251+00:00,2026-08-31T17:12:57.559284+00:00,2026-08-31T17:13:00+00:00,,-3.6363636363636376,1.81818181818183,-5.454545454545457,False,True,0.2130266355576873,-0.0027369703207858753,-0.25583943922096425,rising,33.036707452725366,50.93740087692868,3,1.0405726098802957,long,1.3565906884761625,-21.140546733245678,False,10.007770850000002,down,False
2026-08-31,holdout,WETO,2026-08-31T16:21:00+00:00,2026-08-31T16:21:00.121548+00:00,10.7,False,0,2026-08-31T16:21:00.121548+00:00,2026-08-31T16:21:00.121548+00:00,2026-08-31T16:21:00+00:00,,-1.6822429906542036,-1.6822429906542036,-1.6822429906542036,False,False,2.274973714838325,0.04122087659432355,0.3852418373301267,rising,99.99999999999999,53.268150132344,3,9.766340891484186,long,10.980551810997264,-2.554988272231329,False,0.0020258,up,
2026-08-31,holdout,WETO,2026-08-31T16:21:00+00:00,2026-08-31T16:21:00.121548+00:00,10.7,False,3,2026-08-31T16:24:00.121548+00:00,2026-08-31T16:23:58.364942+00:00,2026-08-31T16:24:00+00:00,,-5.327102803738304,-1.6822429906542036,-5.794392523364477,False,True,0.522315926395711,0.03365555541675144,0.32995642565442596,falling,33.30665599573153,40.82376192589893,2,9.766340891484186,long,10.977624879942747,-7.083726110586531,False,3.0020257999999997,up,True
2026-08-31,holdout,WETO,2026-08-31T16:21:00+00:00,2026-08-31T16:21:00.121548+00:00,10.7,False,5,2026-08-31T16:26:00.121548+00:00,2026-08-31T16:25:53.261360+00:00,2026-08-31T16:26:00+00:00,,-5.607476635514019,-1.6822429906542036,-5.794392523364477,False,True,0.2575308086779287,0.026185759232415534,0.2590084988369489,falling,21.301854074963224,38.748110532342935,0,9.766340891484186,long,10.977076438455285,-7.898974224299948,False,5.0020258,down,False
2026-08-31,holdout,WETO,2026-08-31T16:21:00+00:00,2026-08-31T16:21:00.121548+00:00,10.7,False,10,2026-08-31T16:31:00.121548+00:00,2026-08-31T16:30:59.178648+00:00,2026-08-31T16:31:00+00:00,,-8.411214953271017,-1.6822429906542036,-8.411214953271017,False,True,1.5838217610078769,-0.0008932135394918717,-0.009114423872366037,falling,0.0,31.775517853450054,0,9.766340891484186,long,10.972112215980875,-10.682648818280349,False,10.0020258,down,True
2026-08-31,holdout,WETO,2026-08-31T16:47:00+00:00,2026-08-31T16:47:00.029010+00:00,10.42,True,0,2026-08-31T16:47:00.029010+00:00,2026-08-31T16:47:00.029010+00:00,2026-08-31T16:47:00+00:00,,-0.38387715930900956,-0.38387715930900956,-0.38387715930900956,False,False,2.583272680877223,0.08010004640456808,0.7701927538900777,rising,97.12230215827344,60.67731489558862,3,9.73155587489563,long,10.946681429702222,-4.99403799418956,False,0.00048350000000000004,up,
2026-08-31,holdout,WETO,2026-08-31T16:47:00+00:00,2026-08-31T16:47:00.029010+00:00,10.42,True,3,2026-08-31T16:50:00.029010+00:00,2026-08-31T16:49:59.244488+00:00,2026-08-31T16:50:00+00:00,,3.9347408829174757,6.3339731285988465,-1.055662188099804,True,False,3.615930525828467,0.12744729374204516,1.1763098780935453,rising,79.25781250000003,70.11271937201367,3,9.954792759933202,long,10.944497735413433,-1.0050505566601808,False,3.0004835,up,False
2026-08-31,holdout,WETO,2026-08-31T16:47:00+00:00,2026-08-31T16:47:00.029010+00:00,10.42,True,5,2026-08-31T16:52:00.029010+00:00,2026-08-31T16:51:59.276891+00:00,2026-08-31T16:52:00+00:00,,6.3339731285988465,6.717850287907856,-1.055662188099804,True,False,1.4975124378109452,0.15413846728471736,1.3713386769102969,rising,99.3002099370189,76.53450881557066,3,10.307353093085801,long,10.945352332994245,2.691988873830531,True,5.0004835000000005,up,False
2026-08-31,holdout,WETO,2026-08-31T16:47:00+00:00,2026-08-31T16:47:00.029010+00:00,10.42,True,10,2026-08-31T16:57:00.029010+00:00,2026-08-31T16:56:59.716333+00:00,2026-08-31T16:57:00+00:00,,8.445297504798477,13.435700575815734,-1.055662188099804,True,False,0.6625543909429058,0.11479085981267984,1.0104829208862662,falling,66.88311688311688,68.17286330424122,1,10.603026683659929,long,10.959200232410396,3.6571990573207147,True,10.0004835,down,False
2026-08-31,holdout,YDDL,2026-08-31T12:12:00+00:00,2026-08-31T12:12:00.048820+00:00,2.39,True,0,2026-08-31T12:12:00.048820+00:00,2026-08-31T12:12:00.048820+00:00,2026-08-31T12:12:00+00:00,,-0.4184100418410108,-0.4184100418410108,-0.4184100418410108,False,False,1.2358276257846106,0.007991959781508259,0.3343916226572493,rising,100.0,56.52909906926329,3,2.2639011237435764,long,2.4310232660547144,-1.687489652095786,False,0.0008136666666666667,up,
2026-08-31,holdout,YDDL,2026-08-31T12:12:00+00:00,2026-08-31T12:12:00.048820+00:00,2.39,True,3,2026-08-31T12:15:00.048820+00:00,2026-08-31T12:14:58.238494+00:00,2026-08-31T12:15:00+00:00,,-1.673640167364021,-0.4184100418410108,-2.092050209205032,False,False,1.6611469144534534,0.00637498372919168,0.27127590336985874,falling,60.0,49.246765066822356,0,2.2639011237435764,long,2.429435003627065,-3.269690422195748,False,3.0008136666666667,down,False
2026-08-31,holdout,YDDL,2026-08-31T12:12:00+00:00,2026-08-31T12:12:00.048820+00:00,2.39,True,5,2026-08-31T12:17:00.048820+00:00,2026-08-31T12:16:59.933983+00:00,2026-08-31T12:17:00+00:00,,-2.5104602510460317,-0.4184100418410108,-2.5104602510460317,False,False,0.6733615221987315,0.0033399001758334813,0.14273077674502058,falling,28.57142857142848,47.44461061703281,0,2.2639011237435764,long,2.428917381874272,-3.660782476086488,False,5.000813666666667,down,True
2026-08-31,holdout,YDDL,2026-08-31T12:12:00+00:00,2026-08-31T12:12:00.048820+00:00,2.39,True,10,2026-08-31T12:22:00.048820+00:00,2026-08-31T12:21:59.885243+00:00,2026-08-31T12:22:00+00:00,,0.0,2.092050209205021,-2.9288702928870425,True,False,1.4979958607319692,0.0052370029244111155,0.2190939599385481,rising,58.58333333333331,55.620790348764665,3,2.2715487745461087,long,2.4269846739495087,-1.5115329875491468,False,10.000813666666666,up,False
2026-08-31,holdout,YDDL,2026-08-31T13:35:00+00:00,2026-08-31T13:35:00.171569+00:00,2.57,False,0,2026-08-31T13:35:00.171569+00:00,2026-08-31T13:35:00.171569+00:00,2026-08-31T13:35:00+00:00,,-0.38910505836574627,-0.38910505836574627,-0.38910505836574627,False,False,6.101159391118805,0.006268493502400577,0.2429648644341309,rising,86.88524590163935,65.3199564992814,3,2.246055753172574,long,2.4306135181920836,6.146040112499329,True,0.0028594833333333335,up,
2026-08-31,holdout,YDDL,2026-08-31T13:35:00+00:00,2026-08-31T13:35:00.171569+00:00,2.57,False,3,2026-08-31T13:38:00.171569+00:00,2026-08-31T13:37:58.989036+00:00,2026-08-31T13:38:00+00:00,,-4.6692607003890885,1.945525291828809,-9.338521400778198,False,True,1.3577626456932295,-0.00018434828686378357,-0.007524419871991166,falling,42.85714285714294,50.87795613937567,2,2.246055753172574,long,2.4363431735728045,0.560546091180103,True,3.0028594833333333,up,False
2026-08-31,holdout,YDDL,2026-08-31T13:35:00+00:00,2026-08-31T13:35:00.171569+00:00,2.57,False,5,2026-08-31T13:40:00.171569+00:00,2026-08-31T13:39:59.326150+00:00,2026-08-31T13:40:00+00:00,,-2.7237354085603016,1.945525291828809,-9.338521400778198,False,True,0.9588019225139987,0.0030599274938837157,0.12239709975534863,rising,58.73015873015876,55.27535236742226,3,2.246055753172574,long,2.438555238561426,2.5197198926205866,True,5.002859483333333,up,False
2026-08-31,holdout,YDDL,2026-08-31T13:35:00+00:00,2026-08-31T13:35:00.171569+00:00,2.57,False,10,2026-08-31T13:45:00.171569+00:00,2026-08-31T13:44:59.304050+00:00,2026-08-31T13:45:00+00:00,,-3.8910505836575737,1.945525291828809,-9.338521400778198,False,True,0.5840878215046454,0.002461250653854871,0.09944447086282307,falling,48.33333333333337,51.831882770092506,3,2.246055753172574,long,2.441545170317063,1.370231855206372,True,10.002859483333333,down,False
2026-08-31,holdout,YDDL,2026-08-31T19:40:00+00:00,2026-08-31T19:40:00.885075+00:00,2.28,False,0,2026-08-31T19:40:00.885075+00:00,2026-08-31T19:40:00.885075+00:00,2026-08-31T19:40:00+00:00,,-0.43859649122806044,-0.43859649122806044,-0.43859649122806044,False,False,2.7111542490317992,0.004802941042959156,0.2106553089017174,rising,100.0,66.17929019596895,3,2.2027699067546385,long,2.3504155005790843,-2.9958745830997113,False,0.014751249999999999,up,
2026-08-31,holdout,YDDL,2026-08-31T19:40:00+00:00,2026-08-31T19:40:00.885075+00:00,2.28,False,3,2026-08-31T19:43:00.885075+00:00,2026-08-31T19:42:56.214088+00:00,2026-08-31T19:43:00+00:00,,-0.8771929824561431,0.43859649122808264,-1.3157894736842035,False,False,0.927553963121559,0.004844768116099807,0.21342590819822937,falling,70.00000000000009,59.297459509725755,2,2.2027699067546385,long,2.350254319681244,-3.4147078896605843,False,3.01475125,down,False
2026-08-31,holdout,YDDL,2026-08-31T19:40:00+00:00,2026-08-31T19:40:00.885075+00:00,2.28,False,5,2026-08-31T19:45:00.885075+00:00,2026-08-31T19:44:50.345658+00:00,2026-08-31T19:45:00+00:00,,-0.43859649122806044,0.43859649122808264,-1.3157894736842035,False,False,1.0595189056108518,0.003886746955702172,0.17047135770623562,rising,74.99999999999986,61.75088120870893,3,2.2027699067546385,long,2.350197856237237,-2.9868913398477415,False,5.01475125,up,False
2026-08-31,holdout,YDDL,2026-08-31T19:40:00+00:00,2026-08-31T19:40:00.885075+00:00,2.28,False,10,2026-08-31T19:50:00.885075+00:00,2026-08-31T19:49:55.929548+00:00,2026-08-31T19:50:00+00:00,,0.0,0.43859649122808264,-3.0701754385964897,False,True,1.6086449410256214,0.0028761446070163944,0.12504976552245192,rising,100.0,63.02092454635263,3,2.2053643587323037,long,2.3499539444672988,-2.1257414250568596,False,10.01475125,up,False
2026-09-01,holdout,BIAF,2026-09-01T13:03:00+00:00,2026-09-01T13:03:00.041311+00:00,6.71,True,0,2026-09-01T13:03:00.041311+00:00,2026-09-01T13:03:00.041311+00:00,2026-09-01T13:03:00+00:00,,-0.44709388971684305,-0.44709388971684305,-0.44709388971684305,False,False,2.0420414709443486,0.06434676656410088,0.9617488201970059,rising,89.57894736842104,58.88410657552784,3,6.091118778738225,long,7.127850690311836,-6.134397440537665,False,0.0006885166666666667,up,
2026-09-01,holdout,BIAF,2026-09-01T13:03:00+00:00,2026-09-01T13:03:00.041311+00:00,6.71,True,3,2026-09-01T13:06:00.041311+00:00,2026-09-01T13:05:59.181619+00:00,2026-09-01T13:06:00+00:00,,-2.0864381520119157,-0.14903129657227732,-4.3219076005961305,False,True,0.4483295156237401,0.04044692530254241,0.6154899992778271,falling,64.30000000000007,53.17226170717405,2,6.091118778738225,long,7.113008147189638,-7.612927413890125,False,3.0006885166666666,down,False
2026-09-01,holdout,BIAF,2026-09-01T13:03:00+00:00,2026-09-01T13:03:00.041311+00:00,6.71,True,5,2026-09-01T13:08:00.041311+00:00,2026-09-01T13:07:59.892787+00:00,2026-09-01T13:08:00+00:00,,2.2354694485842153,2.53353204172877,-4.3219076005961305,True,True,2.385748320533299,0.05745583025105507,0.8326931920442763,rising,99.99999999999999,63.050036472893765,3,6.186800713416941,long,7.100239811692837,-2.8201837825685416,False,5.000688516666667,up,False
2026-09-01,holdout,BIAF,2026-09-01T13:03:00+00:00,2026-09-01T13:03:00.041311+00:00,6.71,True,10,2026-09-01T13:13:00.041311+00:00,2026-09-01T13:13:00.001440+00:00,2026-09-01T13:13:00+00:00,,0.7451564828613977,3.427719821162456,-4.3219076005961305,True,True,0.5120548280504222,0.03146271996023826,0.46473737016600086,falling,66.0377358490565,55.72058895890749,1,6.231246765269474,long,7.085744533342921,-4.4560530210642435,False,10.000688516666665,down,False
2026-09-01,holdout,BIAF,2026-09-01T15:32:00+00:00,2026-09-01T15:32:00.033934+00:00,6.6,True,0,2026-09-01T15:32:00.033934+00:00,2026-09-01T15:32:00.033934+00:00,2026-09-01T15:32:00+00:00,,-0.60606060606061,-0.60606060606061,-0.60606060606061,False,False,2.7897341616638642,0.029087928173451787,0.4410135114309594,rising,98.73529411764711,66.8412963994864,3,6.2328861194792005,long,7.201721446316824,-8.414952603127436,False,0.0005655666666666666,up,
2026-09-01,holdout,BIAF,2026-09-01T15:32:00+00:00,2026-09-01T15:32:00.033934+00:00,6.6,True,3,2026-09-01T15:35:00.033934+00:00,2026-09-01T15:34:57.593648+00:00,2026-09-01T15:35:00+00:00,,0.7575757575757791,2.8787878787878807,-1.5151515151515138,True,False,2.6008836132329067,0.0354672430455846,0.5333339806256236,falling,69.40816326530619,62.766150482412655,2,6.260551116466689,long,7.195205541435877,-7.575955103668875,False,3.0005655666666664,down,False
2026-09-01,holdout,BIAF,2026-09-01T15:32:00+00:00,2026-09-01T15:32:00.033934+00:00,6.6,True,5,2026-09-01T15:37:00.033934+00:00,2026-09-01T15:36:59.579837+00:00,2026-09-01T15:37:00+00:00,,1.060606060606073,2.8787878787878807,-1.5151515151515138,True,False,1.5419748994791047,0.030171210707599504,0.4503165777253657,rising,73.68421052631588,63.72274884314603,3,6.260551116466689,long,7.192692060962824,-6.849897879499533,False,5.000565566666666,up,False
2026-09-01,holdout,BIAF,2026-09-01T15:32:00+00:00,2026-09-01T15:32:00.033934+00:00,6.6,True,10,2026-09-01T15:42:00.033934+00:00,2026-09-01T15:41:59.413046+00:00,2026-09-01T15:42:00+00:00,,5.909090909090908,7.878787878787885,-1.5151515151515138,True,False,2.6240292445609095,0.049687501318205485,0.712876632972819,falling,74.43272611057843,66.59557106527083,3,6.470971148700035,long,7.185450805496239,-2.99843129301558,False,10.000565566666667,down,False
2026-09-01,holdout,BIAF,2026-09-01T16:43:00+00:00,2026-09-01T16:43:00.089111+00:00,6.59,True,0,2026-09-01T16:43:00.089111+00:00,2026-09-01T16:43:00.089111+00:00,2026-09-01T16:43:00+00:00,,-0.9104704097116834,-0.9104704097116834,-0.9104704097116834,False,False,1.457790002910444,0.023474551023026768,0.3590973217944772,rising,81.2182741116751,60.77465667353312,3,6.186526495616436,long,7.146762039490873,-8.530604994570446,False,0.0014851833333333333,up,
2026-09-01,holdout,BIAF,2026-09-01T16:43:00+00:00,2026-09-01T16:43:00.089111+00:00,6.59,True,3,2026-09-01T16:46:00.089111+00:00,2026-09-01T16:45:45.679964+00:00,2026-09-01T16:46:00+00:00,,-1.365705614567525,-0.4552352048558417,-1.365705614567525,False,False,0.5772249460841448,0.024146423995304537,0.36812501326825325,rising,86.97183098591569,60.721614503581016,3,6.255312765755615,long,7.145974174232414,-8.20985578632365,False,3.0014851833333336,up,False
2026-09-01,holdout,BIAF,2026-09-01T16:43:00+00:00,2026-09-01T16:43:00.089111+00:00,6.59,True,5,2026-09-01T16:48:00.089111+00:00,2026-09-01T16:47:58.670314+00:00,2026-09-01T16:48:00+00:00,,-0.15174506828528056,-0.15174506828528056,-2.124430955993928,False,False,0.7752848073745543,0.021916499419629858,0.33207320443688326,rising,92.26923076923067,61.936909679506456,3,6.2888121700835935,long,7.14555879587379,-7.636334840444969,False,5.001485183333333,up,True
2026-09-01,holdout,BIAF,2026-09-01T16:43:00+00:00,2026-09-01T16:43:00.089111+00:00,6.59,True,10,2026-09-01T16:53:00.089111+00:00,2026-09-01T16:52:42.112834+00:00,2026-09-01T16:53:00+00:00,,-2.2761760242792084,0.6069802731411222,-2.5796661608497695,False,False,0.297511032142493,-0.0022770175144434454,-0.03522068854514224,falling,18.749999999999954,48.849650039611,1,6.2888121700835935,long,7.143845449654758,-9.502521498243844,False,10.001485183333333,up,False
2026-09-01,holdout,BIAF,2026-09-01T18:50:00+00:00,2026-09-01T18:50:01.023077+00:00,6.84,False,0,2026-09-01T18:50:01.023077+00:00,2026-09-01T18:50:01.023077+00:00,2026-09-01T18:50:00+00:00,,-4.385964912280704,-4.385964912280704,-4.385964912280704,False,True,2.2223006280305246,0.020836569152564932,0.30463265767869313,rising,100.0,68.48699756330039,3,6.4667582239544945,long,7.114409279142217,-3.8584971481330665,False,0.017051283333333334,up,
2026-09-01,holdout,BIAF,2026-09-01T18:50:00+00:00,2026-09-01T18:50:01.023077+00:00,6.84,False,3,2026-09-01T18:53:01.023077+00:00,2026-09-01T18:52:57.831614+00:00,2026-09-01T18:53:00+00:00,,-3.508771929824561,-2.3391812865497075,-4.385964912280704,False,True,0.8107796401660772,0.01488100524878385,0.22411152483108207,falling,48.73044370351361,52.2956066750111,1,6.4667582239544945,long,7.113922813105687,-6.661905471234508,False,3.017051283333333,flat,False
2026-09-01,holdout,BIAF,2026-09-01T18:50:00+00:00,2026-09-01T18:50:01.023077+00:00,6.84,False,5,2026-09-01T18:55:01.023077+00:00,2026-09-01T18:54:58.420509+00:00,2026-09-01T18:55:00+00:00,,-2.631578947368418,-2.0467836257309857,-4.385964912280704,False,True,1.0703679628850737,0.008351383930839566,0.12596355853453342,falling,36.37465898757199,51.52354726758305,0,6.4667582239544945,long,7.113768396171832,-6.80045187347067,False,5.017051283333333,down,False
2026-09-01,holdout,BIAF,2026-09-01T18:50:00+00:00,2026-09-01T18:50:01.023077+00:00,6.84,False,10,2026-09-01T19:00:01.023077+00:00,2026-09-01T18:59:58.338591+00:00,2026-09-01T19:00:00+00:00,,-1.900584795321636,-0.5847953216374324,-4.385964912280704,False,True,1.1819292111691173,0.008674808838538564,0.1290894172401572,rising,58.33333333333315,56.754880574562875,3,6.4667582239544945,long,7.1132978981201225,-5.52905141543506,False,10.017051283333332,up,False
2026-09-01,holdout,FLYE,2026-09-01T15:38:00+00:00,2026-09-01T15:38:00.465272+00:00,1.89,True,0,2026-09-01T15:38:00.465272+00:00,2026-09-01T15:38:00.465272+00:00,2026-09-01T15:38:00+00:00,,-0.5291005291005346,-0.5291005291005346,-0.5291005291005346,False,False,1.1406088720780747,0.006894824465964329,0.36503729701208854,rising,98.66666666666681,60.23491663103138,3,1.7821123926328126,long,2.230593336995723,-15.322978479621385,False,0.007754533333333333,up,
2026-09-01,holdout,FLYE,2026-09-01T15:38:00+00:00,2026-09-01T15:38:00.465272+00:00,1.89,True,3,2026-09-01T15:41:00.465272+00:00,2026-09-01T15:40:57.817675+00:00,2026-09-01T15:41:00+00:00,,-1.058201058201047,-0.5291005291005346,-2.64550264550264,False,False,1.1578554286000537,0.008637272309388593,0.45942937815896767,rising,88.88888888888886,57.69551764987086,3,1.7853135450280002,long,2.2300794989756856,-15.698072608464553,False,3.0077545333333333,up,False
2026-09-01,holdout,FLYE,2026-09-01T15:38:00+00:00,2026-09-01T15:38:00.465272+00:00,1.89,True,5,2026-09-01T15:43:00.465272+00:00,2026-09-01T15:42:59.737502+00:00,2026-09-01T15:43:00+00:00,,-0.5291005291005346,0.0,-2.64550264550264,False,False,1.470008685014148,0.008684769347608562,0.46073046936915446,falling,93.4065934065934,58.199719342140455,3,1.8055006688179203,long,2.2295361245085425,-15.453264951447633,False,5.007754533333334,flat,False
2026-09-01,holdout,FLYE,2026-09-01T15:38:00+00:00,2026-09-01T15:38:00.465272+00:00,1.89,True,10,2026-09-01T15:48:00.465272+00:00,2026-09-01T15:47:56.621766+00:00,2026-09-01T15:48:00+00:00,,-2.116402116402105,0.0,-2.64550264550264,False,False,0.4864222303899656,0.0009951068928780423,0.05378956177719147,falling,19.607843137254946,48.82403041103928,0,1.8055006688179203,long,2.2292183156986116,-17.01126861501534,False,10.007754533333333,down,False
2026-09-01,holdout,FLYE,2026-09-01T17:49:00+00:00,2026-09-01T17:49:01.716091+00:00,2.06,True,0,2026-09-01T17:49:01.716091+00:00,2026-09-01T17:49:01.716091+00:00,2026-09-01T17:49:00+00:00,,-0.4854368932038944,-0.4854368932038944,-0.4854368932038944,False,False,4.111356405428219,0.0044650473787506695,0.21727724470806176,rising,75.00000000000011,65.12782907790678,3,1.95292994747495,long,2.2066281130819254,-6.871484695722074,False,0.028601516666666667,up,
2026-09-01,holdout,FLYE,2026-09-01T17:49:00+00:00,2026-09-01T17:49:01.716091+00:00,2.06,True,3,2026-09-01T17:52:01.716091+00:00,2026-09-01T17:52:00.980127+00:00,2026-09-01T17:52:00+00:00,,0.4854368932038833,1.4563106796116498,-0.4854368932038944,False,False,1.3334351649055554,0.012043084093155883,0.5792729241537221,rising,82.5000000000001,66.9309259012817,3,1.9803439579799598,long,2.2063024488231973,-5.769945498229312,False,3.028601516666667,down,False
2026-09-01,holdout,FLYE,2026-09-01T17:49:00+00:00,2026-09-01T17:49:01.716091+00:00,2.06,True,5,2026-09-01T17:54:01.716091+00:00,2026-09-01T17:53:56.420371+00:00,2026-09-01T17:54:00+00:00,,-1.456310679611661,1.4563106796116498,-1.9417475728155331,False,False,1.0521014497619543,0.006189150104074682,0.3041351402493701,falling,45.83333333333343,53.36146144223017,0,1.9803439579799598,long,2.206067517305197,-7.754409870200297,False,5.028601516666667,flat,False
2026-09-01,holdout,FLYE,2026-09-01T17:49:00+00:00,2026-09-01T17:49:01.716091+00:00,2.06,True,10,2026-09-01T17:59:01.716091+00:00,2026-09-01T17:58:59.459169+00:00,2026-09-01T17:59:00+00:00,,1.4563106796116498,2.4271844660194164,-1.9417475728155331,True,False,2.7825316721940876,0.007943802385854782,0.37829431810347075,falling,79.89999999999979,63.40858357832387,3,2.0036863433732472,long,2.205450727245033,-4.785902760878413,False,10.028601516666667,down,False
2026-09-01,holdout,RDAC,2026-09-01T17:47:00+00:00,2026-09-01T17:47:00.019615+00:00,6.41,True,0,2026-09-01T17:47:00.019615+00:00,2026-09-01T17:47:00.019615+00:00,2026-09-01T17:47:00+00:00,,-0.7800312012480437,-0.7800312012480437,-0.7800312012480437,False,False,5.141952013295017,0.025511824170691536,0.4011293108599298,rising,86.00000000000011,66.83009944861118,3,5.952772307891397,long,7.220073278339444,-11.912251374507566,False,0.00032691666666666665,up,
2026-09-01,holdout,RDAC,2026-09-01T17:47:00+00:00,2026-09-01T17:47:00.019615+00:00,6.41,True,3,2026-09-01T17:50:00.019615+00:00,2026-09-01T17:49:59.111651+00:00,2026-09-01T17:50:00+00:00,,2.340093603744142,5.304212168486733,-1.404056162246492,True,False,3.8598684234294445,0.07176257769348374,1.08227755279961,rising,83.42307692307695,71.3829429417144,3,6.083974277050495,long,7.212619642541939,-8.068076113561052,False,3.0003269166666664,down,False
2026-09-01,holdout,RDAC,2026-09-01T17:47:00+00:00,2026-09-01T17:47:00.019615+00:00,6.41,True,5,2026-09-01T17:52:00.019615+00:00,2026-09-01T17:51:55.965449+00:00,2026-09-01T17:52:00+00:00,,0.6240249609984483,5.304212168486733,-1.404056162246492,True,False,1.3136513978741278,0.055144055397327,0.8536231485654334,falling,60.52112120015794,60.56628349078348,0,6.083974277050495,long,7.2105097629215225,-10.408553453194891,False,5.000326916666666,down,False
2026-09-01,holdout,RDAC,2026-09-01T17:47:00+00:00,2026-09-01T17:47:00.019615+00:00,6.41,True,10,2026-09-01T17:57:00.019615+00:00,2026-09-01T17:56:59.118186+00:00,2026-09-01T17:57:00+00:00,,2.496099843993771,5.304212168486733,-1.404056162246492,True,False,1.2049726692585714,0.025213770841531133,0.38140271739473486,falling,62.653316645807344,63.81307888899159,3,6.083974277050495,long,7.20686454383793,-8.270788776619664,False,10.000326916666667,up,False
2026-09-01,holdout,RDAC,2026-09-01T19:06:00+00:00,2026-09-01T19:06:00.703983+00:00,6.58,False,0,2026-09-01T19:06:00.703983+00:00,2026-09-01T19:06:00.703983+00:00,2026-09-01T19:06:00+00:00,,-3.3434650455926973,-3.3434650455926973,-3.3434650455926973,False,True,4.84819932998325,0.027614738787091885,0.42681203689477415,rising,69.23076923076918,64.59569800843923,3,6.146651597386911,long,7.178190191672011,-9.865859955809453,False,0.01173305,up,
2026-09-01,holdout,RDAC,2026-09-01T19:06:00+00:00,2026-09-01T19:06:00.703983+00:00,6.58,False,3,2026-09-01T19:09:00.703983+00:00,2026-09-01T19:08:17.442345+00:00,2026-09-01T19:09:00+00:00,,-2.7355623100303927,-1.5197568389057725,-3.49544072948329,False,True,0.39298690043665213,0.03118913517012429,0.486569971452797,falling,53.84615384615388,58.04560432405465,2,6.146651597386911,long,7.177786349874737,-10.696701078155336,False,3.0117330499999997,down,False
2026-09-01,holdout,RDAC,2026-09-01T19:06:00+00:00,2026-09-01T19:06:00.703983+00:00,6.58,False,5,2026-09-01T19:11:00.703983+00:00,2026-09-01T19:10:56.009277+00:00,2026-09-01T19:11:00+00:00,,-4.255319148936176,-1.5197568389057725,-4.255319148936176,False,True,0.9184315370098554,0.02059051889132587,0.32375029703342556,falling,41.02564102564109,52.70828451106304,0,6.146651597386911,long,7.177560395822539,-11.390505279459195,False,5.01173305,down,False
2026-09-01,holdout,RDAC,2026-09-01T19:06:00+00:00,2026-09-01T19:06:00.703983+00:00,6.58,False,10,2026-09-01T19:16:00.703983+00:00,2026-09-01T19:15:58.066546+00:00,2026-09-01T19:16:00+00:00,,-2.27963525835867,1.5197568389057725,-4.255319148936176,False,True,2.8449798973303095,0.021579441548669514,0.3339178576196443,falling,39.3715731758752,56.28397918597161,3,6.226744632233852,long,7.176500086614363,-9.949140639545428,False,10.01173305,down,False
2026-09-01,holdout,SSM,2026-09-01T12:52:00+00:00,2026-09-01T12:52:00.103711+00:00,3.8,False,0,2026-09-01T12:52:00.103711+00:00,2026-09-01T12:52:00.103711+00:00,2026-09-01T12:52:00+00:00,,-0.2631578947368318,-0.2631578947368318,-0.2631578947368318,False,False,0.4701569216364598,0.024065125722116297,0.6333261151143823,rising,99.86666666666667,60.347383008060156,3,3.656796359967799,long,4.007805834801677,-5.190017764719634,False,0.0017285166666666666,up,
2026-09-01,holdout,SSM,2026-09-01T12:52:00+00:00,2026-09-01T12:52:00.103711+00:00,3.8,False,3,2026-09-01T12:55:00.103711+00:00,2026-09-01T12:54:48.904775+00:00,2026-09-01T12:55:00+00:00,,-0.2631578947368318,0.263157894736854,-0.7894736842105177,False,False,1.1627307989497517,0.023085123563603958,0.6075192390221836,falling,87.43750000000011,58.37077839670589,3,3.6780776703793916,long,4.003553281266402,-5.086813312048211,False,3.0017285166666667,down,False
2026-09-01,holdout,SSM,2026-09-01T12:52:00+00:00,2026-09-01T12:52:00.103711+00:00,3.8,False,5,2026-09-01T12:57:00.103711+00:00,2026-09-01T12:56:56.913337+00:00,2026-09-01T12:57:00+00:00,,-1.0526315789473717,0.263157894736854,-1.0526315789473717,False,False,0.6762045825024203,0.015861561288627063,0.42076455125413337,falling,66.5113182423435,52.7432276578142,0,3.6780776703793916,long,4.002524280952189,-5.816936128537387,False,5.001728516666666,down,True
2026-09-01,holdout,SSM,2026-09-01T12:52:00+00:00,2026-09-01T12:52:00.103711+00:00,3.8,False,10,2026-09-01T13:02:00.103711+00:00,2026-09-01T13:01:59.790322+00:00,2026-09-01T13:02:00+00:00,,-2.631578947368407,0.263157894736854,-2.631578947368407,False,False,1.026221828023015,0.0010196399330580541,0.02733619123480038,falling,24.999999999999908,44.931539990106636,0,3.6780776703793916,long,3.9986849207799557,-6.719332133014067,False,10.001728516666667,down,True
2026-09-01,holdout,SSM,2026-09-01T13:38:00+00:00,2026-09-01T13:38:00.013530+00:00,4.0,True,0,2026-09-01T13:38:00.013530+00:00,2026-09-01T13:38:00.013530+00:00,2026-09-01T13:38:00+00:00,,-0.5000000000000004,-0.5000000000000004,-0.5000000000000004,False,False,6.022318996906251,0.010346107399191777,0.25930093732310217,rising,96.96969696969704,72.22289571203379,3,3.613217904996345,long,3.956776128580566,0.8396702350545349,True,0.0002255,up,
2026-09-01,holdout,SSM,2026-09-01T13:38:00+00:00,2026-09-01T13:38:00.013530+00:00,4.0,True,3,2026-09-01T13:41:00.013530+00:00,2026-09-01T13:40:59.920193+00:00,2026-09-01T13:41:00+00:00,,-1.749999999999996,6.000000000000005,-2.500000000000002,True,False,3.0584151586921746,0.027680392262552058,0.703119088156677,falling,45.220338983050844,59.680689559539196,3,3.613217904996345,long,3.9795282519340716,-1.0737014346689389,False,3.0002255,down,False
2026-09-01,holdout,SSM,2026-09-01T13:38:00+00:00,2026-09-01T13:38:00.013530+00:00,4.0,True,5,2026-09-01T13:43:00.013530+00:00,2026-09-01T13:42:59.874929+00:00,2026-09-01T13:43:00+00:00,,3.2499999999999973,6.000000000000005,-2.500000000000002,True,False,3.543341732527363,0.04120112584356627,0.9951722384378702,rising,79.677966101695,69.10404848462349,3,3.613217904996345,long,4.000658050510254,3.485475332538379,True,5.0002255,down,False
2026-09-01,holdout,SSM,2026-09-01T13:38:00+00:00,2026-09-01T13:38:00.013530+00:00,4.0,True,10,2026-09-01T13:48:00.013530+00:00,2026-09-01T13:47:59.987494+00:00,2026-09-01T13:48:00+00:00,,7.499999999999996,8.250000000000002,-2.500000000000002,True,False,2.2260881296005177,0.03530710324990029,0.8172940567106548,rising,93.33333333333347,75.30777880614932,3,3.748748543790024,long,4.032622417792405,7.126320107224804,True,10.000225499999999,up,False
2026-09-01,holdout,SSM,2026-09-01T14:44:00+00:00,2026-09-01T14:44:00.349362+00:00,4.09,False,0,2026-09-01T14:44:00.349362+00:00,2026-09-01T14:44:00.349362+00:00,2026-09-01T14:44:00+00:00,,-0.24449877750610804,-0.24449877750610804,-0.24449877750610804,False,False,3.3071529112329436,0.012036124170936364,0.29493075645519146,rising,90.00000000000037,66.56472299905369,3,3.875892743997346,long,4.026420551884666,1.355532722228614,True,0.0058227,up,
2026-09-01,holdout,SSM,2026-09-01T14:44:00+00:00,2026-09-01T14:44:00.349362+00:00,4.09,False,3,2026-09-01T14:47:00.349362+00:00,2026-09-01T14:46:59.428270+00:00,2026-09-01T14:47:00+00:00,,-1.7114914425427896,1.9559902200489088,-1.9559902200488977,False,False,1.033034597860338,0.0103872170624233,0.25838848413988313,falling,39.28571428571405,55.061735972201056,0,3.8799661951978766,long,4.028292914343217,-0.2058667162382677,False,3.0058227000000004,down,True
2026-09-01,holdout,SSM,2026-09-01T14:44:00+00:00,2026-09-01T14:44:00.349362+00:00,4.09,False,5,2026-09-01T14:49:00.349362+00:00,2026-09-01T14:48:59.942846+00:00,2026-09-01T14:49:00+00:00,,-5.623471882640585,1.9559902200489088,-6.845965770171148,False,True,1.9736848205121547,-0.007875171665377819,-0.2034928078908997,falling,13.513513513513566,40.69377214520987,0,4.20929186244695,short,4.026792324625516,-3.89372761209128,False,5.0058226999999995,down,True
2026-09-01,holdout,SSM,2026-09-01T14:44:00+00:00,2026-09-01T14:44:00.349362+00:00,4.09,False,10,2026-09-01T14:54:00.349362+00:00,2026-09-01T14:53:56.745475+00:00,2026-09-01T14:54:00+00:00,,-3.6674816625916873,1.9559902200489088,-6.845965770171148,False,True,0.4096684686273976,-0.006959005628951976,-0.17662450834903493,falling,32.432432432432414,47.91270890548684,3,4.20929186244695,short,4.025836316232208,-2.1321362690806756,False,10.005822700000001,down,False
2026-09-01,holdout,SSM,2026-09-01T15:27:00+00:00,2026-09-01T15:27:02.246693+00:00,3.92,True,0,2026-09-01T15:27:02.246693+00:00,2026-09-01T15:27:02.246693+00:00,2026-09-01T15:27:00+00:00,,-0.25510204081632404,-0.25510204081632404,-0.25510204081632404,False,False,1.5635394007438075,0.012295378188592599,0.3130108242812708,rising,89.57142857142857,60.942534035964535,3,3.7641109148796823,long,4.019359864291362,-2.2705074283626336,False,0.03744488333333333,up,
2026-09-01,holdout,SSM,2026-09-01T15:27:00+00:00,2026-09-01T15:27:02.246693+00:00,3.92,True,3,2026-09-01T15:30:02.246693+00:00,2026-09-01T15:29:59.235929+00:00,2026-09-01T15:30:00+00:00,,0.0,0.7653061224489832,-1.0204081632653073,False,False,1.6446450431812347,0.0164839019278656,0.4183837642545648,rising,86.59106070713825,60.08437565278217,3,3.7680623884183975,long,4.0189316961022525,-1.9664851776132641,False,3.0374448833333334,down,False
2026-09-01,holdout,SSM,2026-09-01T15:27:00+00:00,2026-09-01T15:27:02.246693+00:00,3.92,True,5,2026-09-01T15:32:02.246693+00:00,2026-09-01T15:31:58.284677+00:00,2026-09-01T15:32:00+00:00,,-0.7653061224489721,0.7653061224489832,-1.0204081632653073,False,False,0.2111033863445439,0.011601210844756666,0.2974669447373504,falling,59.9733155436958,53.55675956475415,0,3.7680623884183975,long,4.0187899731855445,-2.955864177479872,False,5.037444883333333,down,False
2026-09-01,holdout,SSM,2026-09-01T15:27:00+00:00,2026-09-01T15:27:02.246693+00:00,3.92,True,10,2026-09-01T15:37:02.246693+00:00,2026-09-01T15:36:47.876883+00:00,2026-09-01T15:37:00+00:00,,-0.5102040816326481,0.7653061224489832,-1.2755102040816313,False,False,0.37216356966205666,0.005967808997288574,0.15224002544103504,falling,55.55555555555544,55.251649532157145,3,3.7807698514369403,long,4.018503721426594,-2.451253706731038,False,10.037444883333334,down,False
2026-09-01,holdout,SSM,2026-09-01T17:38:00+00:00,2026-09-01T17:38:08.983953+00:00,4.03,False,0,2026-09-01T17:38:08.983953+00:00,2026-09-01T17:38:08.983953+00:00,2026-09-01T17:38:00+00:00,,-1.2406947890818976,-1.2406947890818976,-1.2406947890818976,False,False,2.2920646125737067,0.003116440798442929,0.07733295611412018,rising,100.0,61.974208518921714,3,3.869961473475874,long,4.0176265534415165,0.3054899800970734,True,0.14973255,up,
2026-09-01,holdout,SSM,2026-09-01T17:38:00+00:00,2026-09-01T17:38:08.983953+00:00,4.03,False,3,2026-09-01T17:41:08.983953+00:00,2026-09-01T17:40:48.001553+00:00,2026-09-01T17:41:00+00:00,,-1.2406947890818976,-0.49627791563277013,-1.2406947890818976,False,False,1.1396025617347116,0.003791862410176764,0.09498891280284487,falling,65.36363636363603,53.96135723222939,3,3.8838393430245595,long,4.017610022063211,-0.6399332419528392,False,3.1497325500000004,down,False
2026-09-01,holdout,SSM,2026-09-01T17:38:00+00:00,2026-09-01T17:38:08.983953+00:00,4.03,False,5,2026-09-01T17:43:08.983953+00:00,2026-09-01T17:43:02.161720+00:00,2026-09-01T17:43:00+00:00,,-1.488833746898266,-0.49627791563277013,-1.488833746898266,False,False,0.07142460259330913,0.001379801160776675,0.034668370873785805,falling,54.54545454545443,51.23429346996495,0,3.8838393430245595,long,4.017599556167517,-0.9358711748610471,False,5.1497325499999995,down,False
2026-09-01,holdout,SSM,2026-09-01T17:38:00+00:00,2026-09-01T17:38:08.983953+00:00,4.03,False,10,2026-09-01T17:48:08.983953+00:00,2026-09-01T17:48:03.437027+00:00,2026-09-01T17:48:00+00:00,,-0.49627791563277013,0.0,-1.488833746898266,False,False,2.319185296968849,0.001778794656205486,0.04434790965358978,rising,58.5714285714286,56.734171008917286,3,3.910650621390264,long,4.017574231414177,-0.1636368374421604,False,10.149732550000001,down,False
2026-09-01,holdout,SSM,2026-09-01T18:32:00+00:00,2026-09-01T18:32:09.909305+00:00,3.97,True,0,2026-09-01T18:32:09.909305+00:00,2026-09-01T18:32:09.909305+00:00,2026-09-01T18:32:00+00:00,,-0.5037783375314908,-0.5037783375314908,-0.5037783375314908,False,False,0.37039396343546777,0.004702821491594927,0.11846196356570511,rising,99.85714285714256,60.308267592702656,3,3.8716393245916607,long,4.0152578911970265,-1.1296383053369552,False,0.16515508333333334,up,
2026-09-01,holdout,SSM,2026-09-01T18:32:00+00:00,2026-09-01T18:32:09.909305+00:00,3.97,True,3,2026-09-01T18:35:09.909305+00:00,2026-09-01T18:35:05.712025+00:00,2026-09-01T18:35:00+00:00,,-1.7632241813602123,-0.25188916876575096,-1.7632241813602123,False,False,1.2490336663079231,0.0035717721721942007,0.09042461195428356,falling,55.555555555555664,54.393607607322664,2,3.8716393245916607,long,4.0152149472862675,-1.624195669284001,False,3.165155083333333,down,True
2026-09-01,holdout,SSM,2026-09-01T18:32:00+00:00,2026-09-01T18:32:09.909305+00:00,3.97,True,5,2026-09-01T18:37:09.909305+00:00,2026-09-01T18:37:05.070994+00:00,2026-09-01T18:37:00+00:00,,-1.0075566750629705,-0.25188916876575096,-1.7632241813602123,False,False,0.11261604017653325,0.001751357793778766,0.044338171994399135,falling,55.555555555555664,54.37599995194816,2,3.8716393245916607,long,4.0151767894916235,-1.6232607655583653,False,5.1651550833333335,flat,False
2026-09-01,holdout,SSM,2026-09-01T18:32:00+00:00,2026-09-01T18:32:09.909305+00:00,3.97,True,10,2026-09-01T18:42:09.909305+00:00,2026-09-01T18:41:36.440126+00:00,2026-09-01T18:42:00+00:00,,-2.015113350125941,-0.25188916876575096,-2.518891687657432,False,False,0.11969597223053444,-0.0052781587842691885,-0.13466408430333432,rising,41.25000000000005,46.60851296275332,3,3.8716393245916607,long,4.014986974276792,-2.378263613021847,False,10.165155083333334,up,False
