session_day_et,symbol,policy,entry_slot,entry_mode,order_type,scanner_window_start,scanner_window_end,segment_id,arm_bar_ts_ms,signal_ts,entry_ts,entry_px,target_px,floor_px,trailing_activation_px,trailing_activation_ts,trailing_high_px,trailing_stop_px,exit_trigger_ts,exit_ts,exit_px,exit_reason,ret_pct,duration_seconds,mfe_pct,mae_pct,first_plus_1_ts,first_plus_2_ts,first_minus_1_ts,first_minus_2_ts,quotes_observed
2026-08-24,BTCT,trail_activate+1_lock+0_distance1_floor-2,first,resting,limit,2026-08-24T11:46:11+00:00,2026-08-24T13:42:34.628000+00:00,1787577900000,0,2026-08-24T13:26:57.301000+00:00,2026-08-24T13:26:57.301000+00:00,1.68,,1.6463999999999999,1.6967999999999999,,,,2026-08-24T13:28:58.445606+00:00,2026-08-24T13:28:58.488549+00:00,1.64,floor,-2.380952380952383,121.187549,0.0,-2.380952380952383,,,2026-08-24T13:28:38.272615+00:00,2026-08-24T13:28:58.445606+00:00,811
2026-08-24,BTCT,trail_activate+1_lock+0_distance1_floor-2,first,resting,STOP_LIMIT,2026-08-24T13:49:29+00:00,,1787579400000,0,2026-08-24T13:51:00+00:00,2026-08-24T13:54:55.941000+00:00,1.63,,1.5974,1.6462999999999999,,,,2026-08-24T13:55:31.294018+00:00,2026-08-24T13:55:31.294331+00:00,1.59,floor,-2.453987730061338,35.353331,0.0,-2.453987730061338,,,2026-08-24T13:55:14.962964+00:00,2026-08-24T13:55:31.294018+00:00,317
2026-08-24,BTCT,trail_activate+1_lock+0_distance1_floor-2,reclaim,resting,STOP_LIMIT,2026-08-24T13:49:29+00:00,,1787579400000,1787579640000,2026-08-24T13:57:00+00:00,2026-08-24T14:02:04.644000+00:00,1.67,,1.6365999999999998,1.6866999999999999,2026-08-24T14:03:14.348536+00:00,1.76,1.7424,2026-08-24T14:03:14.574036+00:00,2026-08-24T14:03:14.574170+00:00,1.74,trail,4.19161676646707,69.93017,5.389221556886232,-0.5988023952095813,2026-08-24T14:03:14.348536+00:00,2026-08-24T14:03:14.374971+00:00,,,1113
2026-08-24,BTCT,trail_activate+1_lock+0_distance1_floor-2,first,resting,STOP_LIMIT,2026-08-24T13:49:29+00:00,,1787584380000,0,2026-08-24T15:14:00+00:00,2026-08-24T15:17:42.456000+00:00,2.37,,2.3226,2.3937,,,,2026-08-24T15:18:11.274890+00:00,2026-08-24T15:18:11.275118+00:00,2.33,floor,-1.6877637130801704,28.819118,0.42194092827003316,-2.109704641350222,,,2026-08-24T15:18:11.247135+00:00,2026-08-24T15:18:11.274890+00:00,599
2026-08-24,BTCT,trail_activate+1_lock+0_distance1_floor-2,first,resting,STOP_LIMIT,2026-08-24T13:49:29+00:00,,1787585760000,0,2026-08-24T15:56:00+00:00,2026-08-24T15:59:00.938000+00:00,2.3,,2.254,2.323,,,,2026-08-24T15:59:32.771748+00:00,2026-08-24T15:59:32.772781+00:00,2.25,floor,-2.173913043478253,31.834781,0.0,-2.173913043478253,,,2026-08-24T15:59:09.629278+00:00,2026-08-24T15:59:32.771748+00:00,325
2026-08-24,BTCT,trail_activate+1_lock+0_distance1_floor-2,reclaim,resting,STOP_LIMIT,2026-08-24T13:49:29+00:00,,1787590980000,1787592480000,2026-08-24T17:31:00+00:00,2026-08-24T17:44:34.414000+00:00,2.13,,2.0873999999999997,2.1513,2026-08-24T17:44:57.253947+00:00,2.2,2.178,2026-08-24T17:45:25.565983+00:00,2026-08-24T17:45:25.566410+00:00,2.17,trail,1.8779342723004713,51.15241,3.286384976525835,-0.9389671361502356,2026-08-24T17:44:57.253947+00:00,2026-08-24T17:45:10.114679+00:00,,,697
2026-08-24,BTCT,trail_activate+1_lock+0_distance1_floor-2,first,resting,STOP_LIMIT,2026-08-24T13:49:29+00:00,,1787594280000,0,2026-08-24T18:10:00+00:00,2026-08-24T18:11:02.196000+00:00,2.06,,2.0188,2.0806,,,,2026-08-24T18:11:44.480627+00:00,2026-08-24T18:11:44.481039+00:00,2.01,floor,-2.42718446601943,42.285039,0.4854368932038731,-2.42718446601943,,,2026-08-24T18:11:23.702105+00:00,2026-08-24T18:11:44.480627+00:00,703
2026-08-24,BTCT,trail_activate+1_lock+0_distance1_floor-2,reclaim,resting,STOP_LIMIT,2026-08-24T13:49:29+00:00,,1787594280000,1787597220000,2026-08-24T18:50:00+00:00,2026-08-24T19:15:33.876000+00:00,1.97,,1.9305999999999999,1.9897,,,,2026-08-24T19:22:21.552980+00:00,2026-08-24T19:22:21.553582+00:00,1.93,floor,-2.0304568527918803,407.677582,0.0,-2.0304568527918803,,,2026-08-24T19:16:25.316883+00:00,2026-08-24T19:22:21.552980+00:00,619
2026-08-24,BTCT,trail_activate+1_lock+0_distance1_floor-2,first,resting,STOP_LIMIT,2026-08-24T13:49:29+00:00,,1787599500000,0,2026-08-24T19:41:00+00:00,2026-08-24T19:43:51.469000+00:00,1.87,,1.8326,1.8887,,,,2026-08-24T19:53:40.917246+00:00,2026-08-24T19:53:40.917552+00:00,1.83,floor,-2.1390374331550817,589.448552,0.0,-2.1390374331550817,,,2026-08-24T19:44:06.881789+00:00,2026-08-24T19:53:40.917246+00:00,1718
2026-08-24,BTCT,trail_activate+1_lock+0_distance2_floor-2,first,resting,limit,2026-08-24T11:46:11+00:00,2026-08-24T13:42:34.628000+00:00,1787577900000,0,2026-08-24T13:26:57.301000+00:00,2026-08-24T13:26:57.301000+00:00,1.68,,1.6463999999999999,1.6967999999999999,,,,2026-08-24T13:28:58.445606+00:00,2026-08-24T13:28:58.488549+00:00,1.64,floor,-2.380952380952383,121.187549,0.0,-2.380952380952383,,,2026-08-24T13:28:38.272615+00:00,2026-08-24T13:28:58.445606+00:00,811
2026-08-24,BTCT,trail_activate+1_lock+0_distance2_floor-2,first,resting,STOP_LIMIT,2026-08-24T13:49:29+00:00,,1787579400000,0,2026-08-24T13:51:00+00:00,2026-08-24T13:54:55.941000+00:00,1.63,,1.5974,1.6462999999999999,,,,2026-08-24T13:55:31.294018+00:00,2026-08-24T13:55:31.294331+00:00,1.59,floor,-2.453987730061338,35.353331,0.0,-2.453987730061338,,,2026-08-24T13:55:14.962964+00:00,2026-08-24T13:55:31.294018+00:00,317
2026-08-24,BTCT,trail_activate+1_lock+0_distance2_floor-2,reclaim,resting,STOP_LIMIT,2026-08-24T13:49:29+00:00,,1787579400000,1787579640000,2026-08-24T13:57:00+00:00,2026-08-24T14:02:04.644000+00:00,1.67,,1.6365999999999998,1.6866999999999999,2026-08-24T14:03:14.348536+00:00,1.76,1.7247999999999999,2026-08-24T14:03:18.487052+00:00,2026-08-24T14:03:18.487478+00:00,1.72,trail,2.994011976047907,73.843478,5.389221556886232,-0.5988023952095813,2026-08-24T14:03:14.348536+00:00,2026-08-24T14:03:14.374971+00:00,,,1259
2026-08-24,BTCT,trail_activate+1_lock+0_distance2_floor-2,first,resting,STOP_LIMIT,2026-08-24T13:49:29+00:00,,1787584380000,0,2026-08-24T15:14:00+00:00,2026-08-24T15:17:42.456000+00:00,2.37,,2.3226,2.3937,,,,2026-08-24T15:18:11.274890+00:00,2026-08-24T15:18:11.275118+00:00,2.33,floor,-1.6877637130801704,28.819118,0.42194092827003316,-2.109704641350222,,,2026-08-24T15:18:11.247135+00:00,2026-08-24T15:18:11.274890+00:00,599
2026-08-24,BTCT,trail_activate+1_lock+0_distance2_floor-2,first,resting,STOP_LIMIT,2026-08-24T13:49:29+00:00,,1787585760000,0,2026-08-24T15:56:00+00:00,2026-08-24T15:59:00.938000+00:00,2.3,,2.254,2.323,,,,2026-08-24T15:59:32.771748+00:00,2026-08-24T15:59:32.772781+00:00,2.25,floor,-2.173913043478253,31.834781,0.0,-2.173913043478253,,,2026-08-24T15:59:09.629278+00:00,2026-08-24T15:59:32.771748+00:00,325
2026-08-24,BTCT,trail_activate+1_lock+0_distance2_floor-2,reclaim,resting,STOP_LIMIT,2026-08-24T13:49:29+00:00,,1787590980000,1787592480000,2026-08-24T17:31:00+00:00,2026-08-24T17:44:34.414000+00:00,2.13,,2.0873999999999997,2.1513,2026-08-24T17:44:57.253947+00:00,2.2,2.156,2026-08-24T17:46:29.504934+00:00,2026-08-24T17:46:29.505549+00:00,2.15,trail,0.9389671361502356,115.091549,3.286384976525835,-0.9389671361502356,2026-08-24T17:44:57.253947+00:00,2026-08-24T17:45:10.114679+00:00,,,1159
2026-08-24,BTCT,trail_activate+1_lock+0_distance2_floor-2,first,resting,STOP_LIMIT,2026-08-24T13:49:29+00:00,,1787594280000,0,2026-08-24T18:10:00+00:00,2026-08-24T18:11:02.196000+00:00,2.06,,2.0188,2.0806,,,,2026-08-24T18:11:44.480627+00:00,2026-08-24T18:11:44.481039+00:00,2.01,floor,-2.42718446601943,42.285039,0.4854368932038731,-2.42718446601943,,,2026-08-24T18:11:23.702105+00:00,2026-08-24T18:11:44.480627+00:00,703
2026-08-24,BTCT,trail_activate+1_lock+0_distance2_floor-2,reclaim,resting,STOP_LIMIT,2026-08-24T13:49:29+00:00,,1787594280000,1787597220000,2026-08-24T18:50:00+00:00,2026-08-24T19:15:33.876000+00:00,1.97,,1.9305999999999999,1.9897,,,,2026-08-24T19:22:21.552980+00:00,2026-08-24T19:22:21.553582+00:00,1.93,floor,-2.0304568527918803,407.677582,0.0,-2.0304568527918803,,,2026-08-24T19:16:25.316883+00:00,2026-08-24T19:22:21.552980+00:00,619
2026-08-24,BTCT,trail_activate+1_lock+0_distance2_floor-2,first,resting,STOP_LIMIT,2026-08-24T13:49:29+00:00,,1787599500000,0,2026-08-24T19:41:00+00:00,2026-08-24T19:43:51.469000+00:00,1.87,,1.8326,1.8887,,,,2026-08-24T19:53:40.917246+00:00,2026-08-24T19:53:40.917552+00:00,1.83,floor,-2.1390374331550817,589.448552,0.0,-2.1390374331550817,,,2026-08-24T19:44:06.881789+00:00,2026-08-24T19:53:40.917246+00:00,1718
2026-08-24,BTCT,trail_activate+2_lock+1_distance1_floor-2,first,resting,limit,2026-08-24T11:46:11+00:00,2026-08-24T13:42:34.628000+00:00,1787577900000,0,2026-08-24T13:26:57.301000+00:00,2026-08-24T13:26:57.301000+00:00,1.68,,1.6463999999999999,1.7136,,,,2026-08-24T13:28:58.445606+00:00,2026-08-24T13:28:58.488549+00:00,1.64,floor,-2.380952380952383,121.187549,0.0,-2.380952380952383,,,2026-08-24T13:28:38.272615+00:00,2026-08-24T13:28:58.445606+00:00,811
2026-08-24,BTCT,trail_activate+2_lock+1_distance1_floor-2,first,resting,STOP_LIMIT,2026-08-24T13:49:29+00:00,,1787579400000,0,2026-08-24T13:51:00+00:00,2026-08-24T13:54:55.941000+00:00,1.63,,1.5974,1.6625999999999999,,,,2026-08-24T13:55:31.294018+00:00,2026-08-24T13:55:31.294331+00:00,1.59,floor,-2.453987730061338,35.353331,0.0,-2.453987730061338,,,2026-08-24T13:55:14.962964+00:00,2026-08-24T13:55:31.294018+00:00,317
2026-08-24,BTCT,trail_activate+2_lock+1_distance1_floor-2,reclaim,resting,STOP_LIMIT,2026-08-24T13:49:29+00:00,,1787579400000,1787579640000,2026-08-24T13:57:00+00:00,2026-08-24T14:02:04.644000+00:00,1.67,,1.6365999999999998,1.7034,2026-08-24T14:03:14.374971+00:00,1.76,1.7424,2026-08-24T14:03:14.574036+00:00,2026-08-24T14:03:14.574170+00:00,1.74,trail,4.19161676646707,69.93017,5.389221556886232,-0.5988023952095813,2026-08-24T14:03:14.348536+00:00,2026-08-24T14:03:14.374971+00:00,,,1113
2026-08-24,BTCT,trail_activate+2_lock+1_distance1_floor-2,first,resting,STOP_LIMIT,2026-08-24T13:49:29+00:00,,1787584380000,0,2026-08-24T15:14:00+00:00,2026-08-24T15:17:42.456000+00:00,2.37,,2.3226,2.4174,,,,2026-08-24T15:18:11.274890+00:00,2026-08-24T15:18:11.275118+00:00,2.33,floor,-1.6877637130801704,28.819118,0.42194092827003316,-2.109704641350222,,,2026-08-24T15:18:11.247135+00:00,2026-08-24T15:18:11.274890+00:00,599
2026-08-24,BTCT,trail_activate+2_lock+1_distance1_floor-2,first,resting,STOP_LIMIT,2026-08-24T13:49:29+00:00,,1787585760000,0,2026-08-24T15:56:00+00:00,2026-08-24T15:59:00.938000+00:00,2.3,,2.254,2.3459999999999996,,,,2026-08-24T15:59:32.771748+00:00,2026-08-24T15:59:32.772781+00:00,2.25,floor,-2.173913043478253,31.834781,0.0,-2.173913043478253,,,2026-08-24T15:59:09.629278+00:00,2026-08-24T15:59:32.771748+00:00,325
2026-08-24,BTCT,trail_activate+2_lock+1_distance1_floor-2,reclaim,resting,STOP_LIMIT,2026-08-24T13:49:29+00:00,,1787590980000,1787592480000,2026-08-24T17:31:00+00:00,2026-08-24T17:44:34.414000+00:00,2.13,,2.0873999999999997,2.1726,2026-08-24T17:45:10.114679+00:00,2.2,2.178,2026-08-24T17:45:25.565983+00:00,2026-08-24T17:45:25.566410+00:00,2.17,trail,1.8779342723004713,51.15241,3.286384976525835,-0.9389671361502356,2026-08-24T17:44:57.253947+00:00,2026-08-24T17:45:10.114679+00:00,,,697
2026-08-24,BTCT,trail_activate+2_lock+1_distance1_floor-2,first,resting,STOP_LIMIT,2026-08-24T13:49:29+00:00,,1787594280000,0,2026-08-24T18:10:00+00:00,2026-08-24T18:11:02.196000+00:00,2.06,,2.0188,2.1012,,,,2026-08-24T18:11:44.480627+00:00,2026-08-24T18:11:44.481039+00:00,2.01,floor,-2.42718446601943,42.285039,0.4854368932038731,-2.42718446601943,,,2026-08-24T18:11:23.702105+00:00,2026-08-24T18:11:44.480627+00:00,703
2026-08-24,BTCT,trail_activate+2_lock+1_distance1_floor-2,reclaim,resting,STOP_LIMIT,2026-08-24T13:49:29+00:00,,1787594280000,1787597220000,2026-08-24T18:50:00+00:00,2026-08-24T19:15:33.876000+00:00,1.97,,1.9305999999999999,2.0094,,,,2026-08-24T19:22:21.552980+00:00,2026-08-24T19:22:21.553582+00:00,1.93,floor,-2.0304568527918803,407.677582,0.0,-2.0304568527918803,,,2026-08-24T19:16:25.316883+00:00,2026-08-24T19:22:21.552980+00:00,619
2026-08-24,BTCT,trail_activate+2_lock+1_distance1_floor-2,first,resting,STOP_LIMIT,2026-08-24T13:49:29+00:00,,1787599500000,0,2026-08-24T19:41:00+00:00,2026-08-24T19:43:51.469000+00:00,1.87,,1.8326,1.9074000000000002,,,,2026-08-24T19:53:40.917246+00:00,2026-08-24T19:53:40.917552+00:00,1.83,floor,-2.1390374331550817,589.448552,0.0,-2.1390374331550817,,,2026-08-24T19:44:06.881789+00:00,2026-08-24T19:53:40.917246+00:00,1718
2026-08-24,BTCT,trail_activate+2_lock+1_distance2_floor-2,first,resting,limit,2026-08-24T11:46:11+00:00,2026-08-24T13:42:34.628000+00:00,1787577900000,0,2026-08-24T13:26:57.301000+00:00,2026-08-24T13:26:57.301000+00:00,1.68,,1.6463999999999999,1.7136,,,,2026-08-24T13:28:58.445606+00:00,2026-08-24T13:28:58.488549+00:00,1.64,floor,-2.380952380952383,121.187549,0.0,-2.380952380952383,,,2026-08-24T13:28:38.272615+00:00,2026-08-24T13:28:58.445606+00:00,811
2026-08-24,BTCT,trail_activate+2_lock+1_distance2_floor-2,first,resting,STOP_LIMIT,2026-08-24T13:49:29+00:00,,1787579400000,0,2026-08-24T13:51:00+00:00,2026-08-24T13:54:55.941000+00:00,1.63,,1.5974,1.6625999999999999,,,,2026-08-24T13:55:31.294018+00:00,2026-08-24T13:55:31.294331+00:00,1.59,floor,-2.453987730061338,35.353331,0.0,-2.453987730061338,,,2026-08-24T13:55:14.962964+00:00,2026-08-24T13:55:31.294018+00:00,317
2026-08-24,BTCT,trail_activate+2_lock+1_distance2_floor-2,reclaim,resting,STOP_LIMIT,2026-08-24T13:49:29+00:00,,1787579400000,1787579640000,2026-08-24T13:57:00+00:00,2026-08-24T14:02:04.644000+00:00,1.67,,1.6365999999999998,1.7034,2026-08-24T14:03:14.374971+00:00,1.76,1.7247999999999999,2026-08-24T14:03:18.487052+00:00,2026-08-24T14:03:18.487478+00:00,1.72,trail,2.994011976047907,73.843478,5.389221556886232,-0.5988023952095813,2026-08-24T14:03:14.348536+00:00,2026-08-24T14:03:14.374971+00:00,,,1259
2026-08-24,BTCT,trail_activate+2_lock+1_distance2_floor-2,first,resting,STOP_LIMIT,2026-08-24T13:49:29+00:00,,1787584380000,0,2026-08-24T15:14:00+00:00,2026-08-24T15:17:42.456000+00:00,2.37,,2.3226,2.4174,,,,2026-08-24T15:18:11.274890+00:00,2026-08-24T15:18:11.275118+00:00,2.33,floor,-1.6877637130801704,28.819118,0.42194092827003316,-2.109704641350222,,,2026-08-24T15:18:11.247135+00:00,2026-08-24T15:18:11.274890+00:00,599
2026-08-24,BTCT,trail_activate+2_lock+1_distance2_floor-2,first,resting,STOP_LIMIT,2026-08-24T13:49:29+00:00,,1787585760000,0,2026-08-24T15:56:00+00:00,2026-08-24T15:59:00.938000+00:00,2.3,,2.254,2.3459999999999996,,,,2026-08-24T15:59:32.771748+00:00,2026-08-24T15:59:32.772781+00:00,2.25,floor,-2.173913043478253,31.834781,0.0,-2.173913043478253,,,2026-08-24T15:59:09.629278+00:00,2026-08-24T15:59:32.771748+00:00,325
2026-08-24,BTCT,trail_activate+2_lock+1_distance2_floor-2,reclaim,resting,STOP_LIMIT,2026-08-24T13:49:29+00:00,,1787590980000,1787592480000,2026-08-24T17:31:00+00:00,2026-08-24T17:44:34.414000+00:00,2.13,,2.0873999999999997,2.1726,2026-08-24T17:45:10.114679+00:00,2.2,2.156,2026-08-24T17:46:29.504934+00:00,2026-08-24T17:46:29.505549+00:00,2.15,trail,0.9389671361502356,115.091549,3.286384976525835,-0.9389671361502356,2026-08-24T17:44:57.253947+00:00,2026-08-24T17:45:10.114679+00:00,,,1159
2026-08-24,BTCT,trail_activate+2_lock+1_distance2_floor-2,first,resting,STOP_LIMIT,2026-08-24T13:49:29+00:00,,1787594280000,0,2026-08-24T18:10:00+00:00,2026-08-24T18:11:02.196000+00:00,2.06,,2.0188,2.1012,,,,2026-08-24T18:11:44.480627+00:00,2026-08-24T18:11:44.481039+00:00,2.01,floor,-2.42718446601943,42.285039,0.4854368932038731,-2.42718446601943,,,2026-08-24T18:11:23.702105+00:00,2026-08-24T18:11:44.480627+00:00,703
2026-08-24,BTCT,trail_activate+2_lock+1_distance2_floor-2,reclaim,resting,STOP_LIMIT,2026-08-24T13:49:29+00:00,,1787594280000,1787597220000,2026-08-24T18:50:00+00:00,2026-08-24T19:15:33.876000+00:00,1.97,,1.9305999999999999,2.0094,,,,2026-08-24T19:22:21.552980+00:00,2026-08-24T19:22:21.553582+00:00,1.93,floor,-2.0304568527918803,407.677582,0.0,-2.0304568527918803,,,2026-08-24T19:16:25.316883+00:00,2026-08-24T19:22:21.552980+00:00,619
2026-08-24,BTCT,trail_activate+2_lock+1_distance2_floor-2,first,resting,STOP_LIMIT,2026-08-24T13:49:29+00:00,,1787599500000,0,2026-08-24T19:41:00+00:00,2026-08-24T19:43:51.469000+00:00,1.87,,1.8326,1.9074000000000002,,,,2026-08-24T19:53:40.917246+00:00,2026-08-24T19:53:40.917552+00:00,1.83,floor,-2.1390374331550817,589.448552,0.0,-2.1390374331550817,,,2026-08-24T19:44:06.881789+00:00,2026-08-24T19:53:40.917246+00:00,1718
2026-08-24,BTCT,trail_activate+1_lock+0_distance1_floor-1,first,resting,limit,2026-08-24T11:46:11+00:00,2026-08-24T13:42:34.628000+00:00,1787577900000,0,2026-08-24T13:26:57.301000+00:00,2026-08-24T13:26:57.301000+00:00,1.68,,1.6632,1.6967999999999999,,,,2026-08-24T13:28:38.272615+00:00,2026-08-24T13:28:38.273015+00:00,1.66,floor,-1.1904761904761916,100.972015,0.0,-1.1904761904761916,,,2026-08-24T13:28:38.272615+00:00,,621
2026-08-24,BTCT,trail_activate+1_lock+0_distance1_floor-1,first,resting,STOP_LIMIT,2026-08-24T13:49:29+00:00,,1787579400000,0,2026-08-24T13:51:00+00:00,2026-08-24T13:54:55.941000+00:00,1.63,,1.6137,1.6462999999999999,,,,2026-08-24T13:55:14.962964+00:00,2026-08-24T13:55:14.982250+00:00,1.61,floor,-1.2269938650306624,19.04125,0.0,-1.2269938650306624,,,2026-08-24T13:55:14.962964+00:00,,120
2026-08-24,BTCT,trail_activate+1_lock+0_distance1_floor-1,reclaim,resting,STOP_LIMIT,2026-08-24T13:49:29+00:00,,1787579400000,1787579640000,2026-08-24T13:57:00+00:00,2026-08-24T14:02:04.644000+00:00,1.67,,1.6533,1.6866999999999999,2026-08-24T14:03:14.348536+00:00,1.76,1.7424,2026-08-24T14:03:14.574036+00:00,2026-08-24T14:03:14.574170+00:00,1.74,trail,4.19161676646707,69.93017,5.389221556886232,-0.5988023952095813,2026-08-24T14:03:14.348536+00:00,2026-08-24T14:03:14.374971+00:00,,,1113
2026-08-24,BTCT,trail_activate+1_lock+0_distance1_floor-1,first,resting,STOP_LIMIT,2026-08-24T13:49:29+00:00,,1787584380000,0,2026-08-24T15:14:00+00:00,2026-08-24T15:17:42.456000+00:00,2.37,,2.3463000000000003,2.3937,,,,2026-08-24T15:18:11.247135+00:00,2026-08-24T15:18:11.247569+00:00,2.34,floor,-1.2658227848101369,28.791569,0.42194092827003316,-1.2658227848101369,,,2026-08-24T15:18:11.247135+00:00,,545
2026-08-24,BTCT,trail_activate+1_lock+0_distance1_floor-1,first,resting,STOP_LIMIT,2026-08-24T13:49:29+00:00,,1787585760000,0,2026-08-24T15:56:00+00:00,2026-08-24T15:59:00.938000+00:00,2.3,,2.2769999999999997,2.323,,,,2026-08-24T15:59:09.629278+00:00,2026-08-24T15:59:09.629973+00:00,2.27,floor,-1.304347826086948,8.691973,0.0,-1.304347826086948,,,2026-08-24T15:59:09.629278+00:00,,120
2026-08-24,BTCT,trail_activate+1_lock+0_distance1_floor-1,reclaim,resting,STOP_LIMIT,2026-08-24T13:49:29+00:00,,1787590980000,1787592480000,2026-08-24T17:31:00+00:00,2026-08-24T17:44:34.414000+00:00,2.13,,2.1087,2.1513,2026-08-24T17:44:57.253947+00:00,2.2,2.178,2026-08-24T17:45:25.565983+00:00,2026-08-24T17:45:25.566410+00:00,2.17,trail,1.8779342723004713,51.15241,3.286384976525835,-0.9389671361502356,2026-08-24T17:44:57.253947+00:00,2026-08-24T17:45:10.114679+00:00,,,697
2026-08-24,BTCT,trail_activate+1_lock+0_distance1_floor-1,first,resting,STOP_LIMIT,2026-08-24T13:49:29+00:00,,1787594280000,0,2026-08-24T18:10:00+00:00,2026-08-24T18:11:02.196000+00:00,2.06,,2.0394,2.0806,,,,2026-08-24T18:11:23.702105+00:00,2026-08-24T18:11:23.702891+00:00,2.03,floor,-1.4563106796116625,21.506891,0.4854368932038731,-1.4563106796116625,,,2026-08-24T18:11:23.702105+00:00,,585
2026-08-24,BTCT,trail_activate+1_lock+0_distance1_floor-1,reclaim,resting,STOP_LIMIT,2026-08-24T13:49:29+00:00,,1787594280000,1787597220000,2026-08-24T18:50:00+00:00,2026-08-24T19:15:33.876000+00:00,1.97,,1.9503,1.9897,,,,2026-08-24T19:16:25.316883+00:00,2026-08-24T19:16:25.317123+00:00,1.95,floor,-1.0152284263959401,51.441123,0.0,-1.0152284263959401,,,2026-08-24T19:16:25.316883+00:00,,97
2026-08-24,BTCT,trail_activate+1_lock+0_distance1_floor-1,first,resting,STOP_LIMIT,2026-08-24T13:49:29+00:00,,1787599500000,0,2026-08-24T19:41:00+00:00,2026-08-24T19:43:51.469000+00:00,1.87,,1.8513000000000002,1.8887,,,,2026-08-24T19:44:06.881789+00:00,2026-08-24T19:44:06.882079+00:00,1.85,floor,-1.0695187165775408,15.413079,0.0,-1.0695187165775408,,,2026-08-24T19:44:06.881789+00:00,,70
2026-08-24,BTCT,trail_activate+1_lock+0_distance2_floor-1,first,resting,limit,2026-08-24T11:46:11+00:00,2026-08-24T13:42:34.628000+00:00,1787577900000,0,2026-08-24T13:26:57.301000+00:00,2026-08-24T13:26:57.301000+00:00,1.68,,1.6632,1.6967999999999999,,,,2026-08-24T13:28:38.272615+00:00,2026-08-24T13:28:38.273015+00:00,1.66,floor,-1.1904761904761916,100.972015,0.0,-1.1904761904761916,,,2026-08-24T13:28:38.272615+00:00,,621
2026-08-24,BTCT,trail_activate+1_lock+0_distance2_floor-1,first,resting,STOP_LIMIT,2026-08-24T13:49:29+00:00,,1787579400000,0,2026-08-24T13:51:00+00:00,2026-08-24T13:54:55.941000+00:00,1.63,,1.6137,1.6462999999999999,,,,2026-08-24T13:55:14.962964+00:00,2026-08-24T13:55:14.982250+00:00,1.61,floor,-1.2269938650306624,19.04125,0.0,-1.2269938650306624,,,2026-08-24T13:55:14.962964+00:00,,120
2026-08-24,BTCT,trail_activate+1_lock+0_distance2_floor-1,reclaim,resting,STOP_LIMIT,2026-08-24T13:49:29+00:00,,1787579400000,1787579640000,2026-08-24T13:57:00+00:00,2026-08-24T14:02:04.644000+00:00,1.67,,1.6533,1.6866999999999999,2026-08-24T14:03:14.348536+00:00,1.76,1.7247999999999999,2026-08-24T14:03:18.487052+00:00,2026-08-24T14:03:18.487478+00:00,1.72,trail,2.994011976047907,73.843478,5.389221556886232,-0.5988023952095813,2026-08-24T14:03:14.348536+00:00,2026-08-24T14:03:14.374971+00:00,,,1259
2026-08-24,BTCT,trail_activate+1_lock+0_distance2_floor-1,first,resting,STOP_LIMIT,2026-08-24T13:49:29+00:00,,1787584380000,0,2026-08-24T15:14:00+00:00,2026-08-24T15:17:42.456000+00:00,2.37,,2.3463000000000003,2.3937,,,,2026-08-24T15:18:11.247135+00:00,2026-08-24T15:18:11.247569+00:00,2.34,floor,-1.2658227848101369,28.791569,0.42194092827003316,-1.2658227848101369,,,2026-08-24T15:18:11.247135+00:00,,545
2026-08-24,BTCT,trail_activate+1_lock+0_distance2_floor-1,first,resting,STOP_LIMIT,2026-08-24T13:49:29+00:00,,1787585760000,0,2026-08-24T15:56:00+00:00,2026-08-24T15:59:00.938000+00:00,2.3,,2.2769999999999997,2.323,,,,2026-08-24T15:59:09.629278+00:00,2026-08-24T15:59:09.629973+00:00,2.27,floor,-1.304347826086948,8.691973,0.0,-1.304347826086948,,,2026-08-24T15:59:09.629278+00:00,,120
2026-08-24,BTCT,trail_activate+1_lock+0_distance2_floor-1,reclaim,resting,STOP_LIMIT,2026-08-24T13:49:29+00:00,,1787590980000,1787592480000,2026-08-24T17:31:00+00:00,2026-08-24T17:44:34.414000+00:00,2.13,,2.1087,2.1513,2026-08-24T17:44:57.253947+00:00,2.2,2.156,2026-08-24T17:46:29.504934+00:00,2026-08-24T17:46:29.505549+00:00,2.15,trail,0.9389671361502356,115.091549,3.286384976525835,-0.9389671361502356,2026-08-24T17:44:57.253947+00:00,2026-08-24T17:45:10.114679+00:00,,,1159
2026-08-24,BTCT,trail_activate+1_lock+0_distance2_floor-1,first,resting,STOP_LIMIT,2026-08-24T13:49:29+00:00,,1787594280000,0,2026-08-24T18:10:00+00:00,2026-08-24T18:11:02.196000+00:00,2.06,,2.0394,2.0806,,,,2026-08-24T18:11:23.702105+00:00,2026-08-24T18:11:23.702891+00:00,2.03,floor,-1.4563106796116625,21.506891,0.4854368932038731,-1.4563106796116625,,,2026-08-24T18:11:23.702105+00:00,,585
2026-08-24,BTCT,trail_activate+1_lock+0_distance2_floor-1,reclaim,resting,STOP_LIMIT,2026-08-24T13:49:29+00:00,,1787594280000,1787597220000,2026-08-24T18:50:00+00:00,2026-08-24T19:15:33.876000+00:00,1.97,,1.9503,1.9897,,,,2026-08-24T19:16:25.316883+00:00,2026-08-24T19:16:25.317123+00:00,1.95,floor,-1.0152284263959401,51.441123,0.0,-1.0152284263959401,,,2026-08-24T19:16:25.316883+00:00,,97
2026-08-24,BTCT,trail_activate+1_lock+0_distance2_floor-1,first,resting,STOP_LIMIT,2026-08-24T13:49:29+00:00,,1787599500000,0,2026-08-24T19:41:00+00:00,2026-08-24T19:43:51.469000+00:00,1.87,,1.8513000000000002,1.8887,,,,2026-08-24T19:44:06.881789+00:00,2026-08-24T19:44:06.882079+00:00,1.85,floor,-1.0695187165775408,15.413079,0.0,-1.0695187165775408,,,2026-08-24T19:44:06.881789+00:00,,70
2026-08-24,BTCT,trail_activate+2_lock+1_distance1_floor-1,first,resting,limit,2026-08-24T11:46:11+00:00,2026-08-24T13:42:34.628000+00:00,1787577900000,0,2026-08-24T13:26:57.301000+00:00,2026-08-24T13:26:57.301000+00:00,1.68,,1.6632,1.7136,,,,2026-08-24T13:28:38.272615+00:00,2026-08-24T13:28:38.273015+00:00,1.66,floor,-1.1904761904761916,100.972015,0.0,-1.1904761904761916,,,2026-08-24T13:28:38.272615+00:00,,621
2026-08-24,BTCT,trail_activate+2_lock+1_distance1_floor-1,first,resting,STOP_LIMIT,2026-08-24T13:49:29+00:00,,1787579400000,0,2026-08-24T13:51:00+00:00,2026-08-24T13:54:55.941000+00:00,1.63,,1.6137,1.6625999999999999,,,,2026-08-24T13:55:14.962964+00:00,2026-08-24T13:55:14.982250+00:00,1.61,floor,-1.2269938650306624,19.04125,0.0,-1.2269938650306624,,,2026-08-24T13:55:14.962964+00:00,,120
2026-08-24,BTCT,trail_activate+2_lock+1_distance1_floor-1,reclaim,resting,STOP_LIMIT,2026-08-24T13:49:29+00:00,,1787579400000,1787579640000,2026-08-24T13:57:00+00:00,2026-08-24T14:02:04.644000+00:00,1.67,,1.6533,1.7034,2026-08-24T14:03:14.374971+00:00,1.76,1.7424,2026-08-24T14:03:14.574036+00:00,2026-08-24T14:03:14.574170+00:00,1.74,trail,4.19161676646707,69.93017,5.389221556886232,-0.5988023952095813,2026-08-24T14:03:14.348536+00:00,2026-08-24T14:03:14.374971+00:00,,,1113
2026-08-24,BTCT,trail_activate+2_lock+1_distance1_floor-1,first,resting,STOP_LIMIT,2026-08-24T13:49:29+00:00,,1787584380000,0,2026-08-24T15:14:00+00:00,2026-08-24T15:17:42.456000+00:00,2.37,,2.3463000000000003,2.4174,,,,2026-08-24T15:18:11.247135+00:00,2026-08-24T15:18:11.247569+00:00,2.34,floor,-1.2658227848101369,28.791569,0.42194092827003316,-1.2658227848101369,,,2026-08-24T15:18:11.247135+00:00,,545
2026-08-24,BTCT,trail_activate+2_lock+1_distance1_floor-1,first,resting,STOP_LIMIT,2026-08-24T13:49:29+00:00,,1787585760000,0,2026-08-24T15:56:00+00:00,2026-08-24T15:59:00.938000+00:00,2.3,,2.2769999999999997,2.3459999999999996,,,,2026-08-24T15:59:09.629278+00:00,2026-08-24T15:59:09.629973+00:00,2.27,floor,-1.304347826086948,8.691973,0.0,-1.304347826086948,,,2026-08-24T15:59:09.629278+00:00,,120
2026-08-24,BTCT,trail_activate+2_lock+1_distance1_floor-1,reclaim,resting,STOP_LIMIT,2026-08-24T13:49:29+00:00,,1787590980000,1787592480000,2026-08-24T17:31:00+00:00,2026-08-24T17:44:34.414000+00:00,2.13,,2.1087,2.1726,2026-08-24T17:45:10.114679+00:00,2.2,2.178,2026-08-24T17:45:25.565983+00:00,2026-08-24T17:45:25.566410+00:00,2.17,trail,1.8779342723004713,51.15241,3.286384976525835,-0.9389671361502356,2026-08-24T17:44:57.253947+00:00,2026-08-24T17:45:10.114679+00:00,,,697
2026-08-24,BTCT,trail_activate+2_lock+1_distance1_floor-1,first,resting,STOP_LIMIT,2026-08-24T13:49:29+00:00,,1787594280000,0,2026-08-24T18:10:00+00:00,2026-08-24T18:11:02.196000+00:00,2.06,,2.0394,2.1012,,,,2026-08-24T18:11:23.702105+00:00,2026-08-24T18:11:23.702891+00:00,2.03,floor,-1.4563106796116625,21.506891,0.4854368932038731,-1.4563106796116625,,,2026-08-24T18:11:23.702105+00:00,,585
2026-08-24,BTCT,trail_activate+2_lock+1_distance1_floor-1,reclaim,resting,STOP_LIMIT,2026-08-24T13:49:29+00:00,,1787594280000,1787597220000,2026-08-24T18:50:00+00:00,2026-08-24T19:15:33.876000+00:00,1.97,,1.9503,2.0094,,,,2026-08-24T19:16:25.316883+00:00,2026-08-24T19:16:25.317123+00:00,1.95,floor,-1.0152284263959401,51.441123,0.0,-1.0152284263959401,,,2026-08-24T19:16:25.316883+00:00,,97
2026-08-24,BTCT,trail_activate+2_lock+1_distance1_floor-1,first,resting,STOP_LIMIT,2026-08-24T13:49:29+00:00,,1787599500000,0,2026-08-24T19:41:00+00:00,2026-08-24T19:43:51.469000+00:00,1.87,,1.8513000000000002,1.9074000000000002,,,,2026-08-24T19:44:06.881789+00:00,2026-08-24T19:44:06.882079+00:00,1.85,floor,-1.0695187165775408,15.413079,0.0,-1.0695187165775408,,,2026-08-24T19:44:06.881789+00:00,,70
2026-08-24,BTCT,trail_activate+2_lock+1_distance2_floor-1,first,resting,limit,2026-08-24T11:46:11+00:00,2026-08-24T13:42:34.628000+00:00,1787577900000,0,2026-08-24T13:26:57.301000+00:00,2026-08-24T13:26:57.301000+00:00,1.68,,1.6632,1.7136,,,,2026-08-24T13:28:38.272615+00:00,2026-08-24T13:28:38.273015+00:00,1.66,floor,-1.1904761904761916,100.972015,0.0,-1.1904761904761916,,,2026-08-24T13:28:38.272615+00:00,,621
2026-08-24,BTCT,trail_activate+2_lock+1_distance2_floor-1,first,resting,STOP_LIMIT,2026-08-24T13:49:29+00:00,,1787579400000,0,2026-08-24T13:51:00+00:00,2026-08-24T13:54:55.941000+00:00,1.63,,1.6137,1.6625999999999999,,,,2026-08-24T13:55:14.962964+00:00,2026-08-24T13:55:14.982250+00:00,1.61,floor,-1.2269938650306624,19.04125,0.0,-1.2269938650306624,,,2026-08-24T13:55:14.962964+00:00,,120
2026-08-24,BTCT,trail_activate+2_lock+1_distance2_floor-1,reclaim,resting,STOP_LIMIT,2026-08-24T13:49:29+00:00,,1787579400000,1787579640000,2026-08-24T13:57:00+00:00,2026-08-24T14:02:04.644000+00:00,1.67,,1.6533,1.7034,2026-08-24T14:03:14.374971+00:00,1.76,1.7247999999999999,2026-08-24T14:03:18.487052+00:00,2026-08-24T14:03:18.487478+00:00,1.72,trail,2.994011976047907,73.843478,5.389221556886232,-0.5988023952095813,2026-08-24T14:03:14.348536+00:00,2026-08-24T14:03:14.374971+00:00,,,1259
2026-08-24,BTCT,trail_activate+2_lock+1_distance2_floor-1,first,resting,STOP_LIMIT,2026-08-24T13:49:29+00:00,,1787584380000,0,2026-08-24T15:14:00+00:00,2026-08-24T15:17:42.456000+00:00,2.37,,2.3463000000000003,2.4174,,,,2026-08-24T15:18:11.247135+00:00,2026-08-24T15:18:11.247569+00:00,2.34,floor,-1.2658227848101369,28.791569,0.42194092827003316,-1.2658227848101369,,,2026-08-24T15:18:11.247135+00:00,,545
2026-08-24,BTCT,trail_activate+2_lock+1_distance2_floor-1,first,resting,STOP_LIMIT,2026-08-24T13:49:29+00:00,,1787585760000,0,2026-08-24T15:56:00+00:00,2026-08-24T15:59:00.938000+00:00,2.3,,2.2769999999999997,2.3459999999999996,,,,2026-08-24T15:59:09.629278+00:00,2026-08-24T15:59:09.629973+00:00,2.27,floor,-1.304347826086948,8.691973,0.0,-1.304347826086948,,,2026-08-24T15:59:09.629278+00:00,,120
2026-08-24,BTCT,trail_activate+2_lock+1_distance2_floor-1,reclaim,resting,STOP_LIMIT,2026-08-24T13:49:29+00:00,,1787590980000,1787592480000,2026-08-24T17:31:00+00:00,2026-08-24T17:44:34.414000+00:00,2.13,,2.1087,2.1726,2026-08-24T17:45:10.114679+00:00,2.2,2.156,2026-08-24T17:46:29.504934+00:00,2026-08-24T17:46:29.505549+00:00,2.15,trail,0.9389671361502356,115.091549,3.286384976525835,-0.9389671361502356,2026-08-24T17:44:57.253947+00:00,2026-08-24T17:45:10.114679+00:00,,,1159
2026-08-24,BTCT,trail_activate+2_lock+1_distance2_floor-1,first,resting,STOP_LIMIT,2026-08-24T13:49:29+00:00,,1787594280000,0,2026-08-24T18:10:00+00:00,2026-08-24T18:11:02.196000+00:00,2.06,,2.0394,2.1012,,,,2026-08-24T18:11:23.702105+00:00,2026-08-24T18:11:23.702891+00:00,2.03,floor,-1.4563106796116625,21.506891,0.4854368932038731,-1.4563106796116625,,,2026-08-24T18:11:23.702105+00:00,,585
2026-08-24,BTCT,trail_activate+2_lock+1_distance2_floor-1,reclaim,resting,STOP_LIMIT,2026-08-24T13:49:29+00:00,,1787594280000,1787597220000,2026-08-24T18:50:00+00:00,2026-08-24T19:15:33.876000+00:00,1.97,,1.9503,2.0094,,,,2026-08-24T19:16:25.316883+00:00,2026-08-24T19:16:25.317123+00:00,1.95,floor,-1.0152284263959401,51.441123,0.0,-1.0152284263959401,,,2026-08-24T19:16:25.316883+00:00,,97
2026-08-24,BTCT,trail_activate+2_lock+1_distance2_floor-1,first,resting,STOP_LIMIT,2026-08-24T13:49:29+00:00,,1787599500000,0,2026-08-24T19:41:00+00:00,2026-08-24T19:43:51.469000+00:00,1.87,,1.8513000000000002,1.9074000000000002,,,,2026-08-24T19:44:06.881789+00:00,2026-08-24T19:44:06.882079+00:00,1.85,floor,-1.0695187165775408,15.413079,0.0,-1.0695187165775408,,,2026-08-24T19:44:06.881789+00:00,,70
2026-08-24,DAIC,trail_activate+1_lock+0_distance1_floor-2,first,resting,STOP_LIMIT,2026-08-24T13:44:37+00:00,,1787586420000,0,2026-08-24T15:48:00+00:00,2026-08-24T15:54:34.573000+00:00,2.25,,2.205,2.2725,,,,2026-08-24T15:54:38.866436+00:00,2026-08-24T15:54:38.866897+00:00,2.2,floor,-2.2222222222222143,4.293897,0.0,-2.2222222222222143,,,2026-08-24T15:54:37.396238+00:00,2026-08-24T15:54:38.866436+00:00,129
2026-08-24,DAIC,trail_activate+1_lock+0_distance1_floor-2,reclaim,reactive,market,2026-08-24T13:44:37+00:00,,1787589840000,1787590560000,2026-08-24T17:07:42.376000+00:00,2026-08-24T17:07:42.376000+00:00,2.98,,2.9204,3.0098,,,,2026-08-24T17:07:43.433991+00:00,2026-08-24T17:07:43.434266+00:00,2.95,floor,-1.0067114093959666,1.058266,0.0,-2.0134228187919483,,,2026-08-24T17:07:43.402737+00:00,2026-08-24T17:07:43.433991+00:00,75
2026-08-24,DAIC,trail_activate+1_lock+0_distance2_floor-2,first,resting,STOP_LIMIT,2026-08-24T13:44:37+00:00,,1787586420000,0,2026-08-24T15:48:00+00:00,2026-08-24T15:54:34.573000+00:00,2.25,,2.205,2.2725,,,,2026-08-24T15:54:38.866436+00:00,2026-08-24T15:54:38.866897+00:00,2.2,floor,-2.2222222222222143,4.293897,0.0,-2.2222222222222143,,,2026-08-24T15:54:37.396238+00:00,2026-08-24T15:54:38.866436+00:00,129
2026-08-24,DAIC,trail_activate+1_lock+0_distance2_floor-2,reclaim,reactive,market,2026-08-24T13:44:37+00:00,,1787589840000,1787590560000,2026-08-24T17:07:42.376000+00:00,2026-08-24T17:07:42.376000+00:00,2.98,,2.9204,3.0098,,,,2026-08-24T17:07:43.433991+00:00,2026-08-24T17:07:43.434266+00:00,2.95,floor,-1.0067114093959666,1.058266,0.0,-2.0134228187919483,,,2026-08-24T17:07:43.402737+00:00,2026-08-24T17:07:43.433991+00:00,75
2026-08-24,DAIC,trail_activate+2_lock+1_distance1_floor-2,first,resting,STOP_LIMIT,2026-08-24T13:44:37+00:00,,1787586420000,0,2026-08-24T15:48:00+00:00,2026-08-24T15:54:34.573000+00:00,2.25,,2.205,2.295,,,,2026-08-24T15:54:38.866436+00:00,2026-08-24T15:54:38.866897+00:00,2.2,floor,-2.2222222222222143,4.293897,0.0,-2.2222222222222143,,,2026-08-24T15:54:37.396238+00:00,2026-08-24T15:54:38.866436+00:00,129
2026-08-24,DAIC,trail_activate+2_lock+1_distance1_floor-2,reclaim,reactive,market,2026-08-24T13:44:37+00:00,,1787589840000,1787590560000,2026-08-24T17:07:42.376000+00:00,2026-08-24T17:07:42.376000+00:00,2.98,,2.9204,3.0396,,,,2026-08-24T17:07:43.433991+00:00,2026-08-24T17:07:43.434266+00:00,2.95,floor,-1.0067114093959666,1.058266,0.0,-2.0134228187919483,,,2026-08-24T17:07:43.402737+00:00,2026-08-24T17:07:43.433991+00:00,75
2026-08-24,DAIC,trail_activate+2_lock+1_distance2_floor-2,first,resting,STOP_LIMIT,2026-08-24T13:44:37+00:00,,1787586420000,0,2026-08-24T15:48:00+00:00,2026-08-24T15:54:34.573000+00:00,2.25,,2.205,2.295,,,,2026-08-24T15:54:38.866436+00:00,2026-08-24T15:54:38.866897+00:00,2.2,floor,-2.2222222222222143,4.293897,0.0,-2.2222222222222143,,,2026-08-24T15:54:37.396238+00:00,2026-08-24T15:54:38.866436+00:00,129
2026-08-24,DAIC,trail_activate+2_lock+1_distance2_floor-2,reclaim,reactive,market,2026-08-24T13:44:37+00:00,,1787589840000,1787590560000,2026-08-24T17:07:42.376000+00:00,2026-08-24T17:07:42.376000+00:00,2.98,,2.9204,3.0396,,,,2026-08-24T17:07:43.433991+00:00,2026-08-24T17:07:43.434266+00:00,2.95,floor,-1.0067114093959666,1.058266,0.0,-2.0134228187919483,,,2026-08-24T17:07:43.402737+00:00,2026-08-24T17:07:43.433991+00:00,75
2026-08-24,DAIC,trail_activate+1_lock+0_distance1_floor-1,first,resting,STOP_LIMIT,2026-08-24T13:44:37+00:00,,1787586420000,0,2026-08-24T15:48:00+00:00,2026-08-24T15:54:34.573000+00:00,2.25,,2.2275,2.2725,,,,2026-08-24T15:54:37.396238+00:00,2026-08-24T15:54:37.396746+00:00,2.22,floor,-1.3333333333333246,2.823746,0.0,-1.3333333333333246,,,2026-08-24T15:54:37.396238+00:00,,78
2026-08-24,DAIC,trail_activate+1_lock+0_distance1_floor-1,reclaim,reactive,market,2026-08-24T13:44:37+00:00,,1787589840000,1787590560000,2026-08-24T17:07:42.376000+00:00,2026-08-24T17:07:42.376000+00:00,2.98,,2.9502,3.0098,,,,2026-08-24T17:07:43.402737+00:00,2026-08-24T17:07:43.402918+00:00,2.95,floor,-1.0067114093959666,1.026918,0.0,-1.0067114093959666,,,2026-08-24T17:07:43.402737+00:00,,7
2026-08-24,DAIC,trail_activate+1_lock+0_distance2_floor-1,first,resting,STOP_LIMIT,2026-08-24T13:44:37+00:00,,1787586420000,0,2026-08-24T15:48:00+00:00,2026-08-24T15:54:34.573000+00:00,2.25,,2.2275,2.2725,,,,2026-08-24T15:54:37.396238+00:00,2026-08-24T15:54:37.396746+00:00,2.22,floor,-1.3333333333333246,2.823746,0.0,-1.3333333333333246,,,2026-08-24T15:54:37.396238+00:00,,78
2026-08-24,DAIC,trail_activate+1_lock+0_distance2_floor-1,reclaim,reactive,market,2026-08-24T13:44:37+00:00,,1787589840000,1787590560000,2026-08-24T17:07:42.376000+00:00,2026-08-24T17:07:42.376000+00:00,2.98,,2.9502,3.0098,,,,2026-08-24T17:07:43.402737+00:00,2026-08-24T17:07:43.402918+00:00,2.95,floor,-1.0067114093959666,1.026918,0.0,-1.0067114093959666,,,2026-08-24T17:07:43.402737+00:00,,7
2026-08-24,DAIC,trail_activate+2_lock+1_distance1_floor-1,first,resting,STOP_LIMIT,2026-08-24T13:44:37+00:00,,1787586420000,0,2026-08-24T15:48:00+00:00,2026-08-24T15:54:34.573000+00:00,2.25,,2.2275,2.295,,,,2026-08-24T15:54:37.396238+00:00,2026-08-24T15:54:37.396746+00:00,2.22,floor,-1.3333333333333246,2.823746,0.0,-1.3333333333333246,,,2026-08-24T15:54:37.396238+00:00,,78
2026-08-24,DAIC,trail_activate+2_lock+1_distance1_floor-1,reclaim,reactive,market,2026-08-24T13:44:37+00:00,,1787589840000,1787590560000,2026-08-24T17:07:42.376000+00:00,2026-08-24T17:07:42.376000+00:00,2.98,,2.9502,3.0396,,,,2026-08-24T17:07:43.402737+00:00,2026-08-24T17:07:43.402918+00:00,2.95,floor,-1.0067114093959666,1.026918,0.0,-1.0067114093959666,,,2026-08-24T17:07:43.402737+00:00,,7
2026-08-24,DAIC,trail_activate+2_lock+1_distance2_floor-1,first,resting,STOP_LIMIT,2026-08-24T13:44:37+00:00,,1787586420000,0,2026-08-24T15:48:00+00:00,2026-08-24T15:54:34.573000+00:00,2.25,,2.2275,2.295,,,,2026-08-24T15:54:37.396238+00:00,2026-08-24T15:54:37.396746+00:00,2.22,floor,-1.3333333333333246,2.823746,0.0,-1.3333333333333246,,,2026-08-24T15:54:37.396238+00:00,,78
2026-08-24,DAIC,trail_activate+2_lock+1_distance2_floor-1,reclaim,reactive,market,2026-08-24T13:44:37+00:00,,1787589840000,1787590560000,2026-08-24T17:07:42.376000+00:00,2026-08-24T17:07:42.376000+00:00,2.98,,2.9502,3.0396,,,,2026-08-24T17:07:43.402737+00:00,2026-08-24T17:07:43.402918+00:00,2.95,floor,-1.0067114093959666,1.026918,0.0,-1.0067114093959666,,,2026-08-24T17:07:43.402737+00:00,,7
2026-08-24,LUCY,trail_activate+1_lock+0_distance1_floor-2,reclaim,resting,STOP_LIMIT,2026-08-24T13:36:58+00:00,,1787600460000,1787601300000,2026-08-24T19:58:00+00:00,2026-08-24T19:59:30.749000+00:00,1.13,,1.1074,1.1413,,,,2026-08-24T19:59:33.683515+00:00,2026-08-24T19:59:33.684213+00:00,1.1,floor,-2.654867256637151,2.935213,0.0,-2.654867256637151,,,2026-08-24T19:59:31.011643+00:00,2026-08-24T19:59:33.683515+00:00,77
2026-08-24,LUCY,trail_activate+1_lock+0_distance2_floor-2,reclaim,resting,STOP_LIMIT,2026-08-24T13:36:58+00:00,,1787600460000,1787601300000,2026-08-24T19:58:00+00:00,2026-08-24T19:59:30.749000+00:00,1.13,,1.1074,1.1413,,,,2026-08-24T19:59:33.683515+00:00,2026-08-24T19:59:33.684213+00:00,1.1,floor,-2.654867256637151,2.935213,0.0,-2.654867256637151,,,2026-08-24T19:59:31.011643+00:00,2026-08-24T19:59:33.683515+00:00,77
2026-08-24,LUCY,trail_activate+2_lock+1_distance1_floor-2,reclaim,resting,STOP_LIMIT,2026-08-24T13:36:58+00:00,,1787600460000,1787601300000,2026-08-24T19:58:00+00:00,2026-08-24T19:59:30.749000+00:00,1.13,,1.1074,1.1525999999999998,,,,2026-08-24T19:59:33.683515+00:00,2026-08-24T19:59:33.684213+00:00,1.1,floor,-2.654867256637151,2.935213,0.0,-2.654867256637151,,,2026-08-24T19:59:31.011643+00:00,2026-08-24T19:59:33.683515+00:00,77
2026-08-24,LUCY,trail_activate+2_lock+1_distance2_floor-2,reclaim,resting,STOP_LIMIT,2026-08-24T13:36:58+00:00,,1787600460000,1787601300000,2026-08-24T19:58:00+00:00,2026-08-24T19:59:30.749000+00:00,1.13,,1.1074,1.1525999999999998,,,,2026-08-24T19:59:33.683515+00:00,2026-08-24T19:59:33.684213+00:00,1.1,floor,-2.654867256637151,2.935213,0.0,-2.654867256637151,,,2026-08-24T19:59:31.011643+00:00,2026-08-24T19:59:33.683515+00:00,77
2026-08-24,LUCY,trail_activate+1_lock+0_distance1_floor-1,reclaim,resting,STOP_LIMIT,2026-08-24T13:36:58+00:00,,1787600460000,1787601300000,2026-08-24T19:58:00+00:00,2026-08-24T19:59:30.749000+00:00,1.13,,1.1186999999999998,1.1413,,,,2026-08-24T19:59:31.011643+00:00,2026-08-24T19:59:31.012366+00:00,1.11,floor,-1.7699115044247606,0.263366,0.0,-1.7699115044247606,,,2026-08-24T19:59:31.011643+00:00,,2
2026-08-24,LUCY,trail_activate+1_lock+0_distance2_floor-1,reclaim,resting,STOP_LIMIT,2026-08-24T13:36:58+00:00,,1787600460000,1787601300000,2026-08-24T19:58:00+00:00,2026-08-24T19:59:30.749000+00:00,1.13,,1.1186999999999998,1.1413,,,,2026-08-24T19:59:31.011643+00:00,2026-08-24T19:59:31.012366+00:00,1.11,floor,-1.7699115044247606,0.263366,0.0,-1.7699115044247606,,,2026-08-24T19:59:31.011643+00:00,,2
2026-08-24,LUCY,trail_activate+2_lock+1_distance1_floor-1,reclaim,resting,STOP_LIMIT,2026-08-24T13:36:58+00:00,,1787600460000,1787601300000,2026-08-24T19:58:00+00:00,2026-08-24T19:59:30.749000+00:00,1.13,,1.1186999999999998,1.1525999999999998,,,,2026-08-24T19:59:31.011643+00:00,2026-08-24T19:59:31.012366+00:00,1.11,floor,-1.7699115044247606,0.263366,0.0,-1.7699115044247606,,,2026-08-24T19:59:31.011643+00:00,,2
2026-08-24,LUCY,trail_activate+2_lock+1_distance2_floor-1,reclaim,resting,STOP_LIMIT,2026-08-24T13:36:58+00:00,,1787600460000,1787601300000,2026-08-24T19:58:00+00:00,2026-08-24T19:59:30.749000+00:00,1.13,,1.1186999999999998,1.1525999999999998,,,,2026-08-24T19:59:31.011643+00:00,2026-08-24T19:59:31.012366+00:00,1.11,floor,-1.7699115044247606,0.263366,0.0,-1.7699115044247606,,,2026-08-24T19:59:31.011643+00:00,,2
2026-08-24,PMI,trail_activate+1_lock+0_distance1_floor-2,first,resting,limit,2026-08-24T08:16:49+00:00,2026-08-24T13:32:44.106000+00:00,1787571120000,0,2026-08-24T11:33:49.292000+00:00,2026-08-24T11:33:49.292000+00:00,4.37,,4.2826,4.4137,,,,2026-08-24T11:44:14.268139+00:00,2026-08-24T11:44:14.268860+00:00,4.28,floor,-2.0594965675057177,624.97686,0.2288329519450752,-2.0594965675057177,,,2026-08-24T11:44:06.229082+00:00,2026-08-24T11:44:14.268139+00:00,265
2026-08-24,PMI,trail_activate+1_lock+0_distance1_floor-2,reclaim,reactive,limit,2026-08-24T08:16:49+00:00,2026-08-24T13:32:44.106000+00:00,1787572860000,1787572860000,2026-08-24T12:11:34.390000+00:00,2026-08-24T12:11:34.390000+00:00,4.4,,4.312,4.444000000000001,,,,2026-08-24T12:35:16.887526+00:00,2026-08-24T12:35:23.984401+00:00,4.3,floor,-2.2727272727272845,1429.594401,0.9090909090909097,-2.2727272727272845,,,2026-08-24T12:18:01.852811+00:00,2026-08-24T12:35:16.887526+00:00,509
2026-08-24,PMI,trail_activate+1_lock+0_distance1_floor-2,reclaim,reactive,limit,2026-08-24T08:16:49+00:00,2026-08-24T13:32:44.106000+00:00,1787577360000,1787577360000,2026-08-24T13:24:27.770000+00:00,2026-08-24T13:24:27.770000+00:00,4.48,,4.3904000000000005,4.524800000000001,2026-08-24T13:27:59.292471+00:00,4.56,4.514399999999999,2026-08-24T13:28:44.224777+00:00,2026-08-24T13:28:44.225096+00:00,4.51,trail,0.6696428571428428,256.455096,1.7857142857142672,-0.8928571428571435,2026-08-24T13:27:59.292471+00:00,,,,523
2026-08-24,PMI,trail_activate+1_lock+0_distance1_floor-2,reclaim,resting,STOP_LIMIT,2026-08-24T14:00:57+00:00,,1787583540000,1787587020000,2026-08-24T16:15:00+00:00,2026-08-24T16:15:50.517000+00:00,4.39,,4.3022,4.4338999999999995,,,,2026-08-24T16:20:51.404239+00:00,2026-08-24T16:20:51.404997+00:00,4.3,floor,-2.050113895216398,300.887997,0.0,-2.050113895216398,,,2026-08-24T16:17:32.147962+00:00,2026-08-24T16:20:51.404239+00:00,142
2026-08-24,PMI,trail_activate+1_lock+0_distance1_floor-2,reclaim,resting,STOP_LIMIT,2026-08-24T14:00:57+00:00,,1787590980000,1787593260000,2026-08-24T17:44:00+00:00,2026-08-24T17:45:59.823000+00:00,4.64,,4.547199999999999,4.6864,,,,2026-08-24T17:48:07.795576+00:00,2026-08-24T17:48:07.796119+00:00,4.52,floor,-2.5862068965517264,127.973119,0.0,-2.5862068965517264,,,2026-08-24T17:45:59.998395+00:00,2026-08-24T17:48:07.795576+00:00,90
2026-08-24,PMI,trail_activate+1_lock+0_distance1_floor-2,first,resting,STOP_LIMIT,2026-08-24T14:00:57+00:00,,1787598180000,0,2026-08-24T19:13:00+00:00,2026-08-24T19:14:30.630000+00:00,4.66,,4.5668,4.7066,2026-08-24T19:15:23.414305+00:00,4.77,4.7223,2026-08-24T19:16:49.847834+00:00,2026-08-24T19:16:49.848673+00:00,4.71,trail,1.072961373390554,139.218673,2.360515021459215,-0.858369098712447,2026-08-24T19:15:23.414305+00:00,2026-08-24T19:16:03.291835+00:00,,,164
2026-08-24,PMI,trail_activate+1_lock+0_distance1_floor-2,reclaim,resting,STOP_LIMIT,2026-08-24T14:00:57+00:00,,1787598180000,1787598780000,2026-08-24T19:17:00+00:00,2026-08-24T19:18:50.818000+00:00,4.77,,4.6746,4.817699999999999,,,,2026-08-24T19:19:41.054606+00:00,2026-08-24T19:19:41.060493+00:00,4.65,floor,-2.5157232704402355,50.242493,0.8385744234800846,-2.5157232704402355,,,2026-08-24T19:19:41.041666+00:00,2026-08-24T19:19:41.054606+00:00,134
2026-08-24,PMI,trail_activate+1_lock+0_distance2_floor-2,first,resting,limit,2026-08-24T08:16:49+00:00,2026-08-24T13:32:44.106000+00:00,1787571120000,0,2026-08-24T11:33:49.292000+00:00,2026-08-24T11:33:49.292000+00:00,4.37,,4.2826,4.4137,,,,2026-08-24T11:44:14.268139+00:00,2026-08-24T11:44:14.268860+00:00,4.28,floor,-2.0594965675057177,624.97686,0.2288329519450752,-2.0594965675057177,,,2026-08-24T11:44:06.229082+00:00,2026-08-24T11:44:14.268139+00:00,265
2026-08-24,PMI,trail_activate+1_lock+0_distance2_floor-2,reclaim,reactive,limit,2026-08-24T08:16:49+00:00,2026-08-24T13:32:44.106000+00:00,1787572860000,1787572860000,2026-08-24T12:11:34.390000+00:00,2026-08-24T12:11:34.390000+00:00,4.4,,4.312,4.444000000000001,,,,2026-08-24T12:35:16.887526+00:00,2026-08-24T12:35:23.984401+00:00,4.3,floor,-2.2727272727272845,1429.594401,0.9090909090909097,-2.2727272727272845,,,2026-08-24T12:18:01.852811+00:00,2026-08-24T12:35:16.887526+00:00,509
2026-08-24,PMI,trail_activate+1_lock+0_distance2_floor-2,reclaim,reactive,limit,2026-08-24T08:16:49+00:00,2026-08-24T13:32:44.106000+00:00,1787577360000,1787577360000,2026-08-24T13:24:27.770000+00:00,2026-08-24T13:24:27.770000+00:00,4.48,,4.3904000000000005,4.524800000000001,2026-08-24T13:27:59.292471+00:00,4.56,4.48,2026-08-24T13:29:31.152658+00:00,2026-08-24T13:29:31.420978+00:00,4.47,trail,-0.22321428571430074,303.650978,1.7857142857142672,-0.8928571428571435,2026-08-24T13:27:59.292471+00:00,,,,575
2026-08-24,PMI,trail_activate+1_lock+0_distance2_floor-2,reclaim,resting,STOP_LIMIT,2026-08-24T14:00:57+00:00,,1787583540000,1787587020000,2026-08-24T16:15:00+00:00,2026-08-24T16:15:50.517000+00:00,4.39,,4.3022,4.4338999999999995,,,,2026-08-24T16:20:51.404239+00:00,2026-08-24T16:20:51.404997+00:00,4.3,floor,-2.050113895216398,300.887997,0.0,-2.050113895216398,,,2026-08-24T16:17:32.147962+00:00,2026-08-24T16:20:51.404239+00:00,142
2026-08-24,PMI,trail_activate+1_lock+0_distance2_floor-2,reclaim,resting,STOP_LIMIT,2026-08-24T14:00:57+00:00,,1787590980000,1787593260000,2026-08-24T17:44:00+00:00,2026-08-24T17:45:59.823000+00:00,4.64,,4.547199999999999,4.6864,,,,2026-08-24T17:48:07.795576+00:00,2026-08-24T17:48:07.796119+00:00,4.52,floor,-2.5862068965517264,127.973119,0.0,-2.5862068965517264,,,2026-08-24T17:45:59.998395+00:00,2026-08-24T17:48:07.795576+00:00,90
2026-08-24,PMI,trail_activate+1_lock+0_distance2_floor-2,first,resting,STOP_LIMIT,2026-08-24T14:00:57+00:00,,1787598180000,0,2026-08-24T19:13:00+00:00,2026-08-24T19:14:30.630000+00:00,4.66,,4.5668,4.7066,2026-08-24T19:15:23.414305+00:00,4.77,4.6746,2026-08-24T19:17:58.791558+00:00,2026-08-24T19:17:58.792543+00:00,4.64,trail,-0.42918454935623307,208.162543,2.360515021459215,-0.858369098712447,2026-08-24T19:15:23.414305+00:00,2026-08-24T19:16:03.291835+00:00,,,225
2026-08-24,PMI,trail_activate+1_lock+0_distance2_floor-2,reclaim,resting,STOP_LIMIT,2026-08-24T14:00:57+00:00,,1787598180000,1787598780000,2026-08-24T19:18:00+00:00,2026-08-24T19:18:50.818000+00:00,4.77,,4.6746,4.817699999999999,,,,2026-08-24T19:19:41.054606+00:00,2026-08-24T19:19:41.060493+00:00,4.65,floor,-2.5157232704402355,50.242493,0.8385744234800846,-2.5157232704402355,,,2026-08-24T19:19:41.041666+00:00,2026-08-24T19:19:41.054606+00:00,134
2026-08-24,PMI,trail_activate+2_lock+1_distance1_floor-2,first,resting,limit,2026-08-24T08:16:49+00:00,2026-08-24T13:32:44.106000+00:00,1787571120000,0,2026-08-24T11:33:49.292000+00:00,2026-08-24T11:33:49.292000+00:00,4.37,,4.2826,4.4574,,,,2026-08-24T11:44:14.268139+00:00,2026-08-24T11:44:14.268860+00:00,4.28,floor,-2.0594965675057177,624.97686,0.2288329519450752,-2.0594965675057177,,,2026-08-24T11:44:06.229082+00:00,2026-08-24T11:44:14.268139+00:00,265
2026-08-24,PMI,trail_activate+2_lock+1_distance1_floor-2,reclaim,reactive,limit,2026-08-24T08:16:49+00:00,2026-08-24T13:32:44.106000+00:00,1787572860000,1787572860000,2026-08-24T12:11:34.390000+00:00,2026-08-24T12:11:34.390000+00:00,4.4,,4.312,4.488,,,,2026-08-24T12:35:16.887526+00:00,2026-08-24T12:35:23.984401+00:00,4.3,floor,-2.2727272727272845,1429.594401,0.9090909090909097,-2.2727272727272845,,,2026-08-24T12:18:01.852811+00:00,2026-08-24T12:35:16.887526+00:00,509
2026-08-24,PMI,trail_activate+2_lock+1_distance1_floor-2,reclaim,reactive,limit,2026-08-24T08:16:49+00:00,2026-08-24T13:32:44.106000+00:00,1787577360000,1787577360000,2026-08-24T13:24:27.770000+00:00,2026-08-24T13:24:27.770000+00:00,4.48,,4.3904000000000005,4.5696,,,,2026-08-24T13:30:35.745765+00:00,2026-08-24T13:30:35.753447+00:00,4.38,floor,-2.232142857142869,367.983447,1.7857142857142672,-2.232142857142869,2026-08-24T13:27:59.292471+00:00,,2026-08-24T13:30:33.828866+00:00,2026-08-24T13:30:35.745765+00:00,760
2026-08-24,PMI,trail_activate+2_lock+1_distance1_floor-2,reclaim,resting,STOP_LIMIT,2026-08-24T14:00:57+00:00,,1787583540000,1787587020000,2026-08-24T16:15:00+00:00,2026-08-24T16:15:50.517000+00:00,4.39,,4.3022,4.477799999999999,,,,2026-08-24T16:20:51.404239+00:00,2026-08-24T16:20:51.404997+00:00,4.3,floor,-2.050113895216398,300.887997,0.0,-2.050113895216398,,,2026-08-24T16:17:32.147962+00:00,2026-08-24T16:20:51.404239+00:00,142
2026-08-24,PMI,trail_activate+2_lock+1_distance1_floor-2,reclaim,resting,STOP_LIMIT,2026-08-24T14:00:57+00:00,,1787590980000,1787593260000,2026-08-24T17:44:00+00:00,2026-08-24T17:45:59.823000+00:00,4.64,,4.547199999999999,4.7328,,,,2026-08-24T17:48:07.795576+00:00,2026-08-24T17:48:07.796119+00:00,4.52,floor,-2.5862068965517264,127.973119,0.0,-2.5862068965517264,,,2026-08-24T17:45:59.998395+00:00,2026-08-24T17:48:07.795576+00:00,90
2026-08-24,PMI,trail_activate+2_lock+1_distance1_floor-2,first,resting,STOP_LIMIT,2026-08-24T14:00:57+00:00,,1787598180000,0,2026-08-24T19:13:00+00:00,2026-08-24T19:14:30.630000+00:00,4.66,,4.5668,4.7532000000000005,2026-08-24T19:16:03.291835+00:00,4.77,4.7223,2026-08-24T19:16:49.847834+00:00,2026-08-24T19:16:49.848673+00:00,4.71,trail,1.072961373390554,139.218673,2.360515021459215,-0.858369098712447,2026-08-24T19:15:23.414305+00:00,2026-08-24T19:16:03.291835+00:00,,,164
2026-08-24,PMI,trail_activate+2_lock+1_distance1_floor-2,reclaim,resting,STOP_LIMIT,2026-08-24T14:00:57+00:00,,1787598180000,1787598780000,2026-08-24T19:17:00+00:00,2026-08-24T19:18:50.818000+00:00,4.77,,4.6746,4.865399999999999,,,,2026-08-24T19:19:41.054606+00:00,2026-08-24T19:19:41.060493+00:00,4.65,floor,-2.5157232704402355,50.242493,0.8385744234800846,-2.5157232704402355,,,2026-08-24T19:19:41.041666+00:00,2026-08-24T19:19:41.054606+00:00,134
2026-08-24,PMI,trail_activate+2_lock+1_distance2_floor-2,first,resting,limit,2026-08-24T08:16:49+00:00,2026-08-24T13:32:44.106000+00:00,1787571120000,0,2026-08-24T11:33:49.292000+00:00,2026-08-24T11:33:49.292000+00:00,4.37,,4.2826,4.4574,,,,2026-08-24T11:44:14.268139+00:00,2026-08-24T11:44:14.268860+00:00,4.28,floor,-2.0594965675057177,624.97686,0.2288329519450752,-2.0594965675057177,,,2026-08-24T11:44:06.229082+00:00,2026-08-24T11:44:14.268139+00:00,265
2026-08-24,PMI,trail_activate+2_lock+1_distance2_floor-2,reclaim,reactive,limit,2026-08-24T08:16:49+00:00,2026-08-24T13:32:44.106000+00:00,1787572860000,1787572860000,2026-08-24T12:11:34.390000+00:00,2026-08-24T12:11:34.390000+00:00,4.4,,4.312,4.488,,,,2026-08-24T12:35:16.887526+00:00,2026-08-24T12:35:23.984401+00:00,4.3,floor,-2.2727272727272845,1429.594401,0.9090909090909097,-2.2727272727272845,,,2026-08-24T12:18:01.852811+00:00,2026-08-24T12:35:16.887526+00:00,509
2026-08-24,PMI,trail_activate+2_lock+1_distance2_floor-2,reclaim,reactive,limit,2026-08-24T08:16:49+00:00,2026-08-24T13:32:44.106000+00:00,1787577360000,1787577360000,2026-08-24T13:24:27.770000+00:00,2026-08-24T13:24:27.770000+00:00,4.48,,4.3904000000000005,4.5696,,,,2026-08-24T13:30:35.745765+00:00,2026-08-24T13:30:35.753447+00:00,4.38,floor,-2.232142857142869,367.983447,1.7857142857142672,-2.232142857142869,2026-08-24T13:27:59.292471+00:00,,2026-08-24T13:30:33.828866+00:00,2026-08-24T13:30:35.745765+00:00,760
2026-08-24,PMI,trail_activate+2_lock+1_distance2_floor-2,reclaim,resting,STOP_LIMIT,2026-08-24T14:00:57+00:00,,1787583540000,1787587020000,2026-08-24T16:15:00+00:00,2026-08-24T16:15:50.517000+00:00,4.39,,4.3022,4.477799999999999,,,,2026-08-24T16:20:51.404239+00:00,2026-08-24T16:20:51.404997+00:00,4.3,floor,-2.050113895216398,300.887997,0.0,-2.050113895216398,,,2026-08-24T16:17:32.147962+00:00,2026-08-24T16:20:51.404239+00:00,142
2026-08-24,PMI,trail_activate+2_lock+1_distance2_floor-2,reclaim,resting,STOP_LIMIT,2026-08-24T14:00:57+00:00,,1787590980000,1787593260000,2026-08-24T17:44:00+00:00,2026-08-24T17:45:59.823000+00:00,4.64,,4.547199999999999,4.7328,,,,2026-08-24T17:48:07.795576+00:00,2026-08-24T17:48:07.796119+00:00,4.52,floor,-2.5862068965517264,127.973119,0.0,-2.5862068965517264,,,2026-08-24T17:45:59.998395+00:00,2026-08-24T17:48:07.795576+00:00,90
2026-08-24,PMI,trail_activate+2_lock+1_distance2_floor-2,first,resting,STOP_LIMIT,2026-08-24T14:00:57+00:00,,1787598180000,0,2026-08-24T19:13:00+00:00,2026-08-24T19:14:30.630000+00:00,4.66,,4.5668,4.7532000000000005,2026-08-24T19:16:03.291835+00:00,4.77,4.7066,2026-08-24T19:16:49.849827+00:00,2026-08-24T19:16:49.850146+00:00,4.7,trail,0.858369098712447,139.220146,2.360515021459215,-0.858369098712447,2026-08-24T19:15:23.414305+00:00,2026-08-24T19:16:03.291835+00:00,,,168
2026-08-24,PMI,trail_activate+2_lock+1_distance2_floor-2,reclaim,resting,STOP_LIMIT,2026-08-24T14:00:57+00:00,,1787598180000,1787598780000,2026-08-24T19:17:00+00:00,2026-08-24T19:18:50.818000+00:00,4.77,,4.6746,4.865399999999999,,,,2026-08-24T19:19:41.054606+00:00,2026-08-24T19:19:41.060493+00:00,4.65,floor,-2.5157232704402355,50.242493,0.8385744234800846,-2.5157232704402355,,,2026-08-24T19:19:41.041666+00:00,2026-08-24T19:19:41.054606+00:00,134
2026-08-24,PMI,trail_activate+1_lock+0_distance1_floor-1,first,resting,limit,2026-08-24T08:16:49+00:00,2026-08-24T13:32:44.106000+00:00,1787571120000,0,2026-08-24T11:33:49.292000+00:00,2026-08-24T11:33:49.292000+00:00,4.37,,4.3263,4.4137,,,,2026-08-24T11:44:06.229082+00:00,2026-08-24T11:44:06.235088+00:00,4.32,floor,-1.1441647597253963,616.943088,0.2288329519450752,-1.1441647597253963,,,2026-08-24T11:44:06.229082+00:00,,252
2026-08-24,PMI,trail_activate+1_lock+0_distance1_floor-1,reclaim,reactive,limit,2026-08-24T08:16:49+00:00,2026-08-24T13:32:44.106000+00:00,1787572860000,1787572860000,2026-08-24T12:11:34.390000+00:00,2026-08-24T12:11:34.390000+00:00,4.4,,4.356,4.444000000000001,,,,2026-08-24T12:18:01.852811+00:00,2026-08-24T12:18:01.853881+00:00,4.35,floor,-1.1363636363636525,387.463881,0.9090909090909097,-1.1363636363636525,,,2026-08-24T12:18:01.852811+00:00,,232
2026-08-24,PMI,trail_activate+1_lock+0_distance1_floor-1,reclaim,reactive,limit,2026-08-24T08:16:49+00:00,2026-08-24T13:32:44.106000+00:00,1787577360000,1787577360000,2026-08-24T13:24:27.770000+00:00,2026-08-24T13:24:27.770000+00:00,4.48,,4.4352,4.524800000000001,2026-08-24T13:27:59.292471+00:00,4.56,4.514399999999999,2026-08-24T13:28:44.224777+00:00,2026-08-24T13:28:44.225096+00:00,4.51,trail,0.6696428571428428,256.455096,1.7857142857142672,-0.8928571428571435,2026-08-24T13:27:59.292471+00:00,,,,523
2026-08-24,PMI,trail_activate+1_lock+0_distance1_floor-1,reclaim,resting,STOP_LIMIT,2026-08-24T14:00:57+00:00,,1787583540000,1787587020000,2026-08-24T16:15:00+00:00,2026-08-24T16:15:50.517000+00:00,4.39,,4.3461,4.4338999999999995,,,,2026-08-24T16:17:32.147962+00:00,2026-08-24T16:17:32.148130+00:00,4.33,floor,-1.366742596810925,101.63113,0.0,-1.366742596810925,,,2026-08-24T16:17:32.147962+00:00,,76
2026-08-24,PMI,trail_activate+1_lock+0_distance1_floor-1,reclaim,resting,STOP_LIMIT,2026-08-24T14:00:57+00:00,,1787590980000,1787593260000,2026-08-24T17:44:00+00:00,2026-08-24T17:45:59.823000+00:00,4.64,,4.5935999999999995,4.6864,,,,2026-08-24T17:45:59.998395+00:00,2026-08-24T17:45:59.999334+00:00,4.59,floor,-1.077586206896548,0.176334,0.0,-1.077586206896548,,,2026-08-24T17:45:59.998395+00:00,,2
2026-08-24,PMI,trail_activate+1_lock+0_distance1_floor-1,first,resting,STOP_LIMIT,2026-08-24T14:00:57+00:00,,1787598180000,0,2026-08-24T19:13:00+00:00,2026-08-24T19:14:30.630000+00:00,4.66,,4.6134,4.7066,2026-08-24T19:15:23.414305+00:00,4.77,4.7223,2026-08-24T19:16:49.847834+00:00,2026-08-24T19:16:49.848673+00:00,4.71,trail,1.072961373390554,139.218673,2.360515021459215,-0.858369098712447,2026-08-24T19:15:23.414305+00:00,2026-08-24T19:16:03.291835+00:00,,,164
2026-08-24,PMI,trail_activate+1_lock+0_distance1_floor-1,reclaim,resting,STOP_LIMIT,2026-08-24T14:00:57+00:00,,1787598180000,1787598780000,2026-08-24T19:17:00+00:00,2026-08-24T19:18:50.818000+00:00,4.77,,4.7223,4.817699999999999,,,,2026-08-24T19:19:41.041666+00:00,2026-08-24T19:19:41.042006+00:00,4.7,floor,-1.4675052410901341,50.224006,0.8385744234800846,-1.4675052410901341,,,2026-08-24T19:19:41.041666+00:00,,117
2026-08-24,PMI,trail_activate+1_lock+0_distance2_floor-1,first,resting,limit,2026-08-24T08:16:49+00:00,2026-08-24T13:32:44.106000+00:00,1787571120000,0,2026-08-24T11:33:49.292000+00:00,2026-08-24T11:33:49.292000+00:00,4.37,,4.3263,4.4137,,,,2026-08-24T11:44:06.229082+00:00,2026-08-24T11:44:06.235088+00:00,4.32,floor,-1.1441647597253963,616.943088,0.2288329519450752,-1.1441647597253963,,,2026-08-24T11:44:06.229082+00:00,,252
2026-08-24,PMI,trail_activate+1_lock+0_distance2_floor-1,reclaim,reactive,limit,2026-08-24T08:16:49+00:00,2026-08-24T13:32:44.106000+00:00,1787572860000,1787572860000,2026-08-24T12:11:34.390000+00:00,2026-08-24T12:11:34.390000+00:00,4.4,,4.356,4.444000000000001,,,,2026-08-24T12:18:01.852811+00:00,2026-08-24T12:18:01.853881+00:00,4.35,floor,-1.1363636363636525,387.463881,0.9090909090909097,-1.1363636363636525,,,2026-08-24T12:18:01.852811+00:00,,232
2026-08-24,PMI,trail_activate+1_lock+0_distance2_floor-1,reclaim,reactive,limit,2026-08-24T08:16:49+00:00,2026-08-24T13:32:44.106000+00:00,1787577360000,1787577360000,2026-08-24T13:24:27.770000+00:00,2026-08-24T13:24:27.770000+00:00,4.48,,4.4352,4.524800000000001,2026-08-24T13:27:59.292471+00:00,4.56,4.48,2026-08-24T13:29:31.152658+00:00,2026-08-24T13:29:31.420978+00:00,4.47,trail,-0.22321428571430074,303.650978,1.7857142857142672,-0.8928571428571435,2026-08-24T13:27:59.292471+00:00,,,,575
2026-08-24,PMI,trail_activate+1_lock+0_distance2_floor-1,reclaim,resting,STOP_LIMIT,2026-08-24T14:00:57+00:00,,1787583540000,1787587020000,2026-08-24T16:15:00+00:00,2026-08-24T16:15:50.517000+00:00,4.39,,4.3461,4.4338999999999995,,,,2026-08-24T16:17:32.147962+00:00,2026-08-24T16:17:32.148130+00:00,4.33,floor,-1.366742596810925,101.63113,0.0,-1.366742596810925,,,2026-08-24T16:17:32.147962+00:00,,76
2026-08-24,PMI,trail_activate+1_lock+0_distance2_floor-1,reclaim,resting,STOP_LIMIT,2026-08-24T14:00:57+00:00,,1787590980000,1787593260000,2026-08-24T17:44:00+00:00,2026-08-24T17:45:59.823000+00:00,4.64,,4.5935999999999995,4.6864,,,,2026-08-24T17:45:59.998395+00:00,2026-08-24T17:45:59.999334+00:00,4.59,floor,-1.077586206896548,0.176334,0.0,-1.077586206896548,,,2026-08-24T17:45:59.998395+00:00,,2
2026-08-24,PMI,trail_activate+1_lock+0_distance2_floor-1,first,resting,STOP_LIMIT,2026-08-24T14:00:57+00:00,,1787598180000,0,2026-08-24T19:13:00+00:00,2026-08-24T19:14:30.630000+00:00,4.66,,4.6134,4.7066,2026-08-24T19:15:23.414305+00:00,4.77,4.6746,2026-08-24T19:17:58.791558+00:00,2026-08-24T19:17:58.792543+00:00,4.64,trail,-0.42918454935623307,208.162543,2.360515021459215,-0.858369098712447,2026-08-24T19:15:23.414305+00:00,2026-08-24T19:16:03.291835+00:00,,,225
2026-08-24,PMI,trail_activate+1_lock+0_distance2_floor-1,reclaim,resting,STOP_LIMIT,2026-08-24T14:00:57+00:00,,1787598180000,1787598780000,2026-08-24T19:18:00+00:00,2026-08-24T19:18:50.818000+00:00,4.77,,4.7223,4.817699999999999,,,,2026-08-24T19:19:41.041666+00:00,2026-08-24T19:19:41.042006+00:00,4.7,floor,-1.4675052410901341,50.224006,0.8385744234800846,-1.4675052410901341,,,2026-08-24T19:19:41.041666+00:00,,117
2026-08-24,PMI,trail_activate+2_lock+1_distance1_floor-1,first,resting,limit,2026-08-24T08:16:49+00:00,2026-08-24T13:32:44.106000+00:00,1787571120000,0,2026-08-24T11:33:49.292000+00:00,2026-08-24T11:33:49.292000+00:00,4.37,,4.3263,4.4574,,,,2026-08-24T11:44:06.229082+00:00,2026-08-24T11:44:06.235088+00:00,4.32,floor,-1.1441647597253963,616.943088,0.2288329519450752,-1.1441647597253963,,,2026-08-24T11:44:06.229082+00:00,,252
2026-08-24,PMI,trail_activate+2_lock+1_distance1_floor-1,reclaim,reactive,limit,2026-08-24T08:16:49+00:00,2026-08-24T13:32:44.106000+00:00,1787572860000,1787572860000,2026-08-24T12:11:34.390000+00:00,2026-08-24T12:11:34.390000+00:00,4.4,,4.356,4.488,,,,2026-08-24T12:18:01.852811+00:00,2026-08-24T12:18:01.853881+00:00,4.35,floor,-1.1363636363636525,387.463881,0.9090909090909097,-1.1363636363636525,,,2026-08-24T12:18:01.852811+00:00,,232
2026-08-24,PMI,trail_activate+2_lock+1_distance1_floor-1,reclaim,reactive,limit,2026-08-24T08:16:49+00:00,2026-08-24T13:32:44.106000+00:00,1787577360000,1787577360000,2026-08-24T13:24:27.770000+00:00,2026-08-24T13:24:27.770000+00:00,4.48,,4.4352,4.5696,,,,2026-08-24T13:30:33.828866+00:00,2026-08-24T13:30:33.829995+00:00,4.43,floor,-1.1160714285714444,366.059995,1.7857142857142672,-1.1160714285714444,2026-08-24T13:27:59.292471+00:00,,2026-08-24T13:30:33.828866+00:00,,720
2026-08-24,PMI,trail_activate+2_lock+1_distance1_floor-1,reclaim,resting,STOP_LIMIT,2026-08-24T14:00:57+00:00,,1787583540000,1787587020000,2026-08-24T16:15:00+00:00,2026-08-24T16:15:50.517000+00:00,4.39,,4.3461,4.477799999999999,,,,2026-08-24T16:17:32.147962+00:00,2026-08-24T16:17:32.148130+00:00,4.33,floor,-1.366742596810925,101.63113,0.0,-1.366742596810925,,,2026-08-24T16:17:32.147962+00:00,,76
2026-08-24,PMI,trail_activate+2_lock+1_distance1_floor-1,reclaim,resting,STOP_LIMIT,2026-08-24T14:00:57+00:00,,1787590980000,1787593260000,2026-08-24T17:44:00+00:00,2026-08-24T17:45:59.823000+00:00,4.64,,4.5935999999999995,4.7328,,,,2026-08-24T17:45:59.998395+00:00,2026-08-24T17:45:59.999334+00:00,4.59,floor,-1.077586206896548,0.176334,0.0,-1.077586206896548,,,2026-08-24T17:45:59.998395+00:00,,2
2026-08-24,PMI,trail_activate+2_lock+1_distance1_floor-1,first,resting,STOP_LIMIT,2026-08-24T14:00:57+00:00,,1787598180000,0,2026-08-24T19:13:00+00:00,2026-08-24T19:14:30.630000+00:00,4.66,,4.6134,4.7532000000000005,2026-08-24T19:16:03.291835+00:00,4.77,4.7223,2026-08-24T19:16:49.847834+00:00,2026-08-24T19:16:49.848673+00:00,4.71,trail,1.072961373390554,139.218673,2.360515021459215,-0.858369098712447,2026-08-24T19:15:23.414305+00:00,2026-08-24T19:16:03.291835+00:00,,,164
2026-08-24,PMI,trail_activate+2_lock+1_distance1_floor-1,reclaim,resting,STOP_LIMIT,2026-08-24T14:00:57+00:00,,1787598180000,1787598780000,2026-08-24T19:17:00+00:00,2026-08-24T19:18:50.818000+00:00,4.77,,4.7223,4.865399999999999,,,,2026-08-24T19:19:41.041666+00:00,2026-08-24T19:19:41.042006+00:00,4.7,floor,-1.4675052410901341,50.224006,0.8385744234800846,-1.4675052410901341,,,2026-08-24T19:19:41.041666+00:00,,117
2026-08-24,PMI,trail_activate+2_lock+1_distance2_floor-1,first,resting,limit,2026-08-24T08:16:49+00:00,2026-08-24T13:32:44.106000+00:00,1787571120000,0,2026-08-24T11:33:49.292000+00:00,2026-08-24T11:33:49.292000+00:00,4.37,,4.3263,4.4574,,,,2026-08-24T11:44:06.229082+00:00,2026-08-24T11:44:06.235088+00:00,4.32,floor,-1.1441647597253963,616.943088,0.2288329519450752,-1.1441647597253963,,,2026-08-24T11:44:06.229082+00:00,,252
2026-08-24,PMI,trail_activate+2_lock+1_distance2_floor-1,reclaim,reactive,limit,2026-08-24T08:16:49+00:00,2026-08-24T13:32:44.106000+00:00,1787572860000,1787572860000,2026-08-24T12:11:34.390000+00:00,2026-08-24T12:11:34.390000+00:00,4.4,,4.356,4.488,,,,2026-08-24T12:18:01.852811+00:00,2026-08-24T12:18:01.853881+00:00,4.35,floor,-1.1363636363636525,387.463881,0.9090909090909097,-1.1363636363636525,,,2026-08-24T12:18:01.852811+00:00,,232
2026-08-24,PMI,trail_activate+2_lock+1_distance2_floor-1,reclaim,reactive,limit,2026-08-24T08:16:49+00:00,2026-08-24T13:32:44.106000+00:00,1787577360000,1787577360000,2026-08-24T13:24:27.770000+00:00,2026-08-24T13:24:27.770000+00:00,4.48,,4.4352,4.5696,,,,2026-08-24T13:30:33.828866+00:00,2026-08-24T13:30:33.829995+00:00,4.43,floor,-1.1160714285714444,366.059995,1.7857142857142672,-1.1160714285714444,2026-08-24T13:27:59.292471+00:00,,2026-08-24T13:30:33.828866+00:00,,720
2026-08-24,PMI,trail_activate+2_lock+1_distance2_floor-1,reclaim,resting,STOP_LIMIT,2026-08-24T14:00:57+00:00,,1787583540000,1787587020000,2026-08-24T16:15:00+00:00,2026-08-24T16:15:50.517000+00:00,4.39,,4.3461,4.477799999999999,,,,2026-08-24T16:17:32.147962+00:00,2026-08-24T16:17:32.148130+00:00,4.33,floor,-1.366742596810925,101.63113,0.0,-1.366742596810925,,,2026-08-24T16:17:32.147962+00:00,,76
2026-08-24,PMI,trail_activate+2_lock+1_distance2_floor-1,reclaim,resting,STOP_LIMIT,2026-08-24T14:00:57+00:00,,1787590980000,1787593260000,2026-08-24T17:44:00+00:00,2026-08-24T17:45:59.823000+00:00,4.64,,4.5935999999999995,4.7328,,,,2026-08-24T17:45:59.998395+00:00,2026-08-24T17:45:59.999334+00:00,4.59,floor,-1.077586206896548,0.176334,0.0,-1.077586206896548,,,2026-08-24T17:45:59.998395+00:00,,2
2026-08-24,PMI,trail_activate+2_lock+1_distance2_floor-1,first,resting,STOP_LIMIT,2026-08-24T14:00:57+00:00,,1787598180000,0,2026-08-24T19:13:00+00:00,2026-08-24T19:14:30.630000+00:00,4.66,,4.6134,4.7532000000000005,2026-08-24T19:16:03.291835+00:00,4.77,4.7066,2026-08-24T19:16:49.849827+00:00,2026-08-24T19:16:49.850146+00:00,4.7,trail,0.858369098712447,139.220146,2.360515021459215,-0.858369098712447,2026-08-24T19:15:23.414305+00:00,2026-08-24T19:16:03.291835+00:00,,,168
2026-08-24,PMI,trail_activate+2_lock+1_distance2_floor-1,reclaim,resting,STOP_LIMIT,2026-08-24T14:00:57+00:00,,1787598180000,1787598780000,2026-08-24T19:17:00+00:00,2026-08-24T19:18:50.818000+00:00,4.77,,4.7223,4.865399999999999,,,,2026-08-24T19:19:41.041666+00:00,2026-08-24T19:19:41.042006+00:00,4.7,floor,-1.4675052410901341,50.224006,0.8385744234800846,-1.4675052410901341,,,2026-08-24T19:19:41.041666+00:00,,117
2026-08-24,XPON,trail_activate+1_lock+0_distance1_floor-2,first,resting,STOP_LIMIT,2026-08-24T12:34:07+00:00,,1787578320000,0,2026-08-24T13:33:00+00:00,2026-08-24T13:33:26.763000+00:00,8.73,,8.5554,8.817300000000001,,,,2026-08-24T13:33:27.834087+00:00,2026-08-24T13:33:27.834495+00:00,8.53,floor,-2.290950744559004,1.071495,0.0,-2.290950744559004,,,2026-08-24T13:33:26.855906+00:00,2026-08-24T13:33:27.834087+00:00,72
2026-08-24,XPON,trail_activate+1_lock+0_distance1_floor-2,first,resting,STOP_LIMIT,2026-08-24T12:34:07+00:00,,1787580660000,0,2026-08-24T14:29:00+00:00,2026-08-24T14:54:06.629000+00:00,7.13,,6.9874,7.2013,,,,2026-08-24T14:54:31.455395+00:00,2026-08-24T14:54:31.456534+00:00,6.97,floor,-2.244039270687239,24.827534,0.8415147265077207,-2.244039270687239,,,2026-08-24T14:54:08.319750+00:00,2026-08-24T14:54:31.455395+00:00,824
2026-08-24,XPON,trail_activate+1_lock+0_distance1_floor-2,reclaim,resting,STOP_LIMIT,2026-08-24T12:34:07+00:00,,1787580660000,1787583300000,2026-08-24T14:58:00+00:00,2026-08-24T15:01:19.240000+00:00,7.3,,7.154,7.373,,,,2026-08-24T15:02:06.349992+00:00,2026-08-24T15:02:06.350196+00:00,7.15,floor,-2.054794520547938,47.110196,0.0,-2.054794520547938,,,2026-08-24T15:01:24.699758+00:00,2026-08-24T15:02:06.349992+00:00,471
2026-08-24,XPON,trail_activate+1_lock+0_distance1_floor-2,first,resting,STOP_LIMIT,2026-08-24T12:34:07+00:00,,1787588820000,0,2026-08-24T16:49:00+00:00,2026-08-24T17:03:07.843000+00:00,7.65,,7.497,7.726500000000001,,,,2026-08-24T17:03:14.983958+00:00,2026-08-24T17:03:14.984253+00:00,7.49,floor,-2.0915032679738577,7.141253,0.0,-2.0915032679738577,,,2026-08-24T17:03:08.565098+00:00,2026-08-24T17:03:14.983958+00:00,76
2026-08-24,XPON,trail_activate+1_lock+0_distance1_floor-2,reclaim,resting,STOP_LIMIT,2026-08-24T12:34:07+00:00,,1787588820000,1787592660000,2026-08-24T17:35:00+00:00,2026-08-24T18:06:35.580000+00:00,7.52,,7.369599999999999,7.595199999999999,,,,2026-08-24T18:08:50.457353+00:00,2026-08-24T18:08:50.470090+00:00,7.36,floor,-2.1276595744680753,134.89009,0.0,-2.1276595744680753,,,2026-08-24T18:06:44.104586+00:00,2026-08-24T18:08:50.457353+00:00,419
2026-08-24,XPON,trail_activate+1_lock+0_distance1_floor-2,first,resting,STOP_LIMIT,2026-08-24T12:34:07+00:00,,1787595660000,0,2026-08-24T18:36:00+00:00,2026-08-24T18:38:43.267000+00:00,7.38,,7.2324,7.4538,,,,2026-08-24T18:38:43.739449+00:00,2026-08-24T18:38:43.740208+00:00,7.23,floor,-2.0325203252032447,0.473208,0.0,-2.0325203252032447,,,2026-08-24T18:38:43.738048+00:00,2026-08-24T18:38:43.739449+00:00,7
2026-08-24,XPON,trail_activate+1_lock+0_distance1_floor-2,reclaim,resting,STOP_LIMIT,2026-08-24T12:34:07+00:00,,1787595660000,1787597460000,2026-08-24T18:54:00+00:00,2026-08-24T18:55:09.410000+00:00,7.74,,7.5852,7.8174,2026-08-24T18:55:11.452098+00:00,7.99,7.9101,2026-08-24T18:55:11.511370+00:00,2026-08-24T18:55:11.512309+00:00,7.9,trail,2.0671834625323013,2.102309,3.229974160206718,-1.0335917312661507,2026-08-24T18:55:11.452098+00:00,2026-08-24T18:55:11.484000+00:00,2026-08-24T18:55:09.961368+00:00,,254
2026-08-24,XPON,trail_activate+1_lock+0_distance2_floor-2,first,resting,STOP_LIMIT,2026-08-24T12:34:07+00:00,,1787578320000,0,2026-08-24T13:33:00+00:00,2026-08-24T13:33:26.763000+00:00,8.73,,8.5554,8.817300000000001,,,,2026-08-24T13:33:27.834087+00:00,2026-08-24T13:33:27.834495+00:00,8.53,floor,-2.290950744559004,1.071495,0.0,-2.290950744559004,,,2026-08-24T13:33:26.855906+00:00,2026-08-24T13:33:27.834087+00:00,72
2026-08-24,XPON,trail_activate+1_lock+0_distance2_floor-2,first,resting,STOP_LIMIT,2026-08-24T12:34:07+00:00,,1787580660000,0,2026-08-24T14:29:00+00:00,2026-08-24T14:54:06.629000+00:00,7.13,,6.9874,7.2013,,,,2026-08-24T14:54:31.455395+00:00,2026-08-24T14:54:31.456534+00:00,6.97,floor,-2.244039270687239,24.827534,0.8415147265077207,-2.244039270687239,,,2026-08-24T14:54:08.319750+00:00,2026-08-24T14:54:31.455395+00:00,824
2026-08-24,XPON,trail_activate+1_lock+0_distance2_floor-2,reclaim,resting,STOP_LIMIT,2026-08-24T12:34:07+00:00,,1787580660000,1787583300000,2026-08-24T14:58:00+00:00,2026-08-24T15:01:19.240000+00:00,7.3,,7.154,7.373,,,,2026-08-24T15:02:06.349992+00:00,2026-08-24T15:02:06.350196+00:00,7.15,floor,-2.054794520547938,47.110196,0.0,-2.054794520547938,,,2026-08-24T15:01:24.699758+00:00,2026-08-24T15:02:06.349992+00:00,471
2026-08-24,XPON,trail_activate+1_lock+0_distance2_floor-2,first,resting,STOP_LIMIT,2026-08-24T12:34:07+00:00,,1787588820000,0,2026-08-24T16:49:00+00:00,2026-08-24T17:03:07.843000+00:00,7.65,,7.497,7.726500000000001,,,,2026-08-24T17:03:14.983958+00:00,2026-08-24T17:03:14.984253+00:00,7.49,floor,-2.0915032679738577,7.141253,0.0,-2.0915032679738577,,,2026-08-24T17:03:08.565098+00:00,2026-08-24T17:03:14.983958+00:00,76
2026-08-24,XPON,trail_activate+1_lock+0_distance2_floor-2,reclaim,resting,STOP_LIMIT,2026-08-24T12:34:07+00:00,,1787588820000,1787592660000,2026-08-24T17:35:00+00:00,2026-08-24T18:06:35.580000+00:00,7.52,,7.369599999999999,7.595199999999999,,,,2026-08-24T18:08:50.457353+00:00,2026-08-24T18:08:50.470090+00:00,7.36,floor,-2.1276595744680753,134.89009,0.0,-2.1276595744680753,,,2026-08-24T18:06:44.104586+00:00,2026-08-24T18:08:50.457353+00:00,419
2026-08-24,XPON,trail_activate+1_lock+0_distance2_floor-2,first,resting,STOP_LIMIT,2026-08-24T12:34:07+00:00,,1787595660000,0,2026-08-24T18:36:00+00:00,2026-08-24T18:38:43.267000+00:00,7.38,,7.2324,7.4538,,,,2026-08-24T18:38:43.739449+00:00,2026-08-24T18:38:43.740208+00:00,7.23,floor,-2.0325203252032447,0.473208,0.0,-2.0325203252032447,,,2026-08-24T18:38:43.738048+00:00,2026-08-24T18:38:43.739449+00:00,7
2026-08-24,XPON,trail_activate+1_lock+0_distance2_floor-2,reclaim,resting,STOP_LIMIT,2026-08-24T12:34:07+00:00,,1787595660000,1787597460000,2026-08-24T18:54:00+00:00,2026-08-24T18:55:09.410000+00:00,7.74,,7.5852,7.8174,2026-08-24T18:55:11.452098+00:00,7.99,7.8302000000000005,2026-08-24T18:55:11.515385+00:00,2026-08-24T18:55:11.515803+00:00,7.76,trail,0.25839793281653195,2.105803,3.229974160206718,-1.0335917312661507,2026-08-24T18:55:11.452098+00:00,2026-08-24T18:55:11.484000+00:00,2026-08-24T18:55:09.961368+00:00,,264
2026-08-24,XPON,trail_activate+2_lock+1_distance1_floor-2,first,resting,STOP_LIMIT,2026-08-24T12:34:07+00:00,,1787578320000,0,2026-08-24T13:33:00+00:00,2026-08-24T13:33:26.763000+00:00,8.73,,8.5554,8.9046,,,,2026-08-24T13:33:27.834087+00:00,2026-08-24T13:33:27.834495+00:00,8.53,floor,-2.290950744559004,1.071495,0.0,-2.290950744559004,,,2026-08-24T13:33:26.855906+00:00,2026-08-24T13:33:27.834087+00:00,72
2026-08-24,XPON,trail_activate+2_lock+1_distance1_floor-2,first,resting,STOP_LIMIT,2026-08-24T12:34:07+00:00,,1787580660000,0,2026-08-24T14:29:00+00:00,2026-08-24T14:54:06.629000+00:00,7.13,,6.9874,7.2726,,,,2026-08-24T14:54:31.455395+00:00,2026-08-24T14:54:31.456534+00:00,6.97,floor,-2.244039270687239,24.827534,0.8415147265077207,-2.244039270687239,,,2026-08-24T14:54:08.319750+00:00,2026-08-24T14:54:31.455395+00:00,824
2026-08-24,XPON,trail_activate+2_lock+1_distance1_floor-2,reclaim,resting,STOP_LIMIT,2026-08-24T12:34:07+00:00,,1787580660000,1787583300000,2026-08-24T14:58:00+00:00,2026-08-24T15:01:19.240000+00:00,7.3,,7.154,7.446,,,,2026-08-24T15:02:06.349992+00:00,2026-08-24T15:02:06.350196+00:00,7.15,floor,-2.054794520547938,47.110196,0.0,-2.054794520547938,,,2026-08-24T15:01:24.699758+00:00,2026-08-24T15:02:06.349992+00:00,471
2026-08-24,XPON,trail_activate+2_lock+1_distance1_floor-2,first,resting,STOP_LIMIT,2026-08-24T12:34:07+00:00,,1787588820000,0,2026-08-24T16:49:00+00:00,2026-08-24T17:03:07.843000+00:00,7.65,,7.497,7.803000000000001,,,,2026-08-24T17:03:14.983958+00:00,2026-08-24T17:03:14.984253+00:00,7.49,floor,-2.0915032679738577,7.141253,0.0,-2.0915032679738577,,,2026-08-24T17:03:08.565098+00:00,2026-08-24T17:03:14.983958+00:00,76
2026-08-24,XPON,trail_activate+2_lock+1_distance1_floor-2,reclaim,resting,STOP_LIMIT,2026-08-24T12:34:07+00:00,,1787588820000,1787592660000,2026-08-24T17:35:00+00:00,2026-08-24T18:06:35.580000+00:00,7.52,,7.369599999999999,7.6704,,,,2026-08-24T18:08:50.457353+00:00,2026-08-24T18:08:50.470090+00:00,7.36,floor,-2.1276595744680753,134.89009,0.0,-2.1276595744680753,,,2026-08-24T18:06:44.104586+00:00,2026-08-24T18:08:50.457353+00:00,419
2026-08-24,XPON,trail_activate+2_lock+1_distance1_floor-2,first,resting,STOP_LIMIT,2026-08-24T12:34:07+00:00,,1787595660000,0,2026-08-24T18:36:00+00:00,2026-08-24T18:38:43.267000+00:00,7.38,,7.2324,7.5276,,,,2026-08-24T18:38:43.739449+00:00,2026-08-24T18:38:43.740208+00:00,7.23,floor,-2.0325203252032447,0.473208,0.0,-2.0325203252032447,,,2026-08-24T18:38:43.738048+00:00,2026-08-24T18:38:43.739449+00:00,7
2026-08-24,XPON,trail_activate+2_lock+1_distance1_floor-2,reclaim,resting,STOP_LIMIT,2026-08-24T12:34:07+00:00,,1787595660000,1787597460000,2026-08-24T18:54:00+00:00,2026-08-24T18:55:09.410000+00:00,7.74,,7.5852,7.8948,2026-08-24T18:55:11.484000+00:00,7.99,7.9101,2026-08-24T18:55:11.511370+00:00,2026-08-24T18:55:11.512309+00:00,7.9,trail,2.0671834625323013,2.102309,3.229974160206718,-1.0335917312661507,2026-08-24T18:55:11.452098+00:00,2026-08-24T18:55:11.484000+00:00,2026-08-24T18:55:09.961368+00:00,,254
2026-08-24,XPON,trail_activate+2_lock+1_distance2_floor-2,first,resting,STOP_LIMIT,2026-08-24T12:34:07+00:00,,1787578320000,0,2026-08-24T13:33:00+00:00,2026-08-24T13:33:26.763000+00:00,8.73,,8.5554,8.9046,,,,2026-08-24T13:33:27.834087+00:00,2026-08-24T13:33:27.834495+00:00,8.53,floor,-2.290950744559004,1.071495,0.0,-2.290950744559004,,,2026-08-24T13:33:26.855906+00:00,2026-08-24T13:33:27.834087+00:00,72
2026-08-24,XPON,trail_activate+2_lock+1_distance2_floor-2,first,resting,STOP_LIMIT,2026-08-24T12:34:07+00:00,,1787580660000,0,2026-08-24T14:29:00+00:00,2026-08-24T14:54:06.629000+00:00,7.13,,6.9874,7.2726,,,,2026-08-24T14:54:31.455395+00:00,2026-08-24T14:54:31.456534+00:00,6.97,floor,-2.244039270687239,24.827534,0.8415147265077207,-2.244039270687239,,,2026-08-24T14:54:08.319750+00:00,2026-08-24T14:54:31.455395+00:00,824
2026-08-24,XPON,trail_activate+2_lock+1_distance2_floor-2,reclaim,resting,STOP_LIMIT,2026-08-24T12:34:07+00:00,,1787580660000,1787583300000,2026-08-24T14:58:00+00:00,2026-08-24T15:01:19.240000+00:00,7.3,,7.154,7.446,,,,2026-08-24T15:02:06.349992+00:00,2026-08-24T15:02:06.350196+00:00,7.15,floor,-2.054794520547938,47.110196,0.0,-2.054794520547938,,,2026-08-24T15:01:24.699758+00:00,2026-08-24T15:02:06.349992+00:00,471
2026-08-24,XPON,trail_activate+2_lock+1_distance2_floor-2,first,resting,STOP_LIMIT,2026-08-24T12:34:07+00:00,,1787588820000,0,2026-08-24T16:49:00+00:00,2026-08-24T17:03:07.843000+00:00,7.65,,7.497,7.803000000000001,,,,2026-08-24T17:03:14.983958+00:00,2026-08-24T17:03:14.984253+00:00,7.49,floor,-2.0915032679738577,7.141253,0.0,-2.0915032679738577,,,2026-08-24T17:03:08.565098+00:00,2026-08-24T17:03:14.983958+00:00,76
2026-08-24,XPON,trail_activate+2_lock+1_distance2_floor-2,reclaim,resting,STOP_LIMIT,2026-08-24T12:34:07+00:00,,1787588820000,1787592660000,2026-08-24T17:35:00+00:00,2026-08-24T18:06:35.580000+00:00,7.52,,7.369599999999999,7.6704,,,,2026-08-24T18:08:50.457353+00:00,2026-08-24T18:08:50.470090+00:00,7.36,floor,-2.1276595744680753,134.89009,0.0,-2.1276595744680753,,,2026-08-24T18:06:44.104586+00:00,2026-08-24T18:08:50.457353+00:00,419
2026-08-24,XPON,trail_activate+2_lock+1_distance2_floor-2,first,resting,STOP_LIMIT,2026-08-24T12:34:07+00:00,,1787595660000,0,2026-08-24T18:36:00+00:00,2026-08-24T18:38:43.267000+00:00,7.38,,7.2324,7.5276,,,,2026-08-24T18:38:43.739449+00:00,2026-08-24T18:38:43.740208+00:00,7.23,floor,-2.0325203252032447,0.473208,0.0,-2.0325203252032447,,,2026-08-24T18:38:43.738048+00:00,2026-08-24T18:38:43.739449+00:00,7
2026-08-24,XPON,trail_activate+2_lock+1_distance2_floor-2,reclaim,resting,STOP_LIMIT,2026-08-24T12:34:07+00:00,,1787595660000,1787597460000,2026-08-24T18:54:00+00:00,2026-08-24T18:55:09.410000+00:00,7.74,,7.5852,7.8948,2026-08-24T18:55:11.484000+00:00,7.99,7.8302000000000005,2026-08-24T18:55:11.515385+00:00,2026-08-24T18:55:11.515803+00:00,7.76,trail,0.25839793281653195,2.105803,3.229974160206718,-1.0335917312661507,2026-08-24T18:55:11.452098+00:00,2026-08-24T18:55:11.484000+00:00,2026-08-24T18:55:09.961368+00:00,,264
2026-08-24,XPON,trail_activate+1_lock+0_distance1_floor-1,first,resting,STOP_LIMIT,2026-08-24T12:34:07+00:00,,1787578320000,0,2026-08-24T13:33:00+00:00,2026-08-24T13:33:26.763000+00:00,8.73,,8.6427,8.817300000000001,,,,2026-08-24T13:33:26.855906+00:00,2026-08-24T13:33:26.856234+00:00,8.64,floor,-1.0309278350515447,0.093234,0.0,-1.0309278350515447,,,2026-08-24T13:33:26.855906+00:00,,27
2026-08-24,XPON,trail_activate+1_lock+0_distance1_floor-1,first,resting,STOP_LIMIT,2026-08-24T12:34:07+00:00,,1787580660000,0,2026-08-24T14:29:00+00:00,2026-08-24T14:54:06.629000+00:00,7.13,,7.0587,7.2013,,,,2026-08-24T14:54:08.319750+00:00,2026-08-24T14:54:08.320053+00:00,7.05,floor,-1.1220196353436196,1.691053,0.0,-1.1220196353436196,,,2026-08-24T14:54:08.319750+00:00,,55
2026-08-24,XPON,trail_activate+1_lock+0_distance1_floor-1,reclaim,resting,STOP_LIMIT,2026-08-24T12:34:07+00:00,,1787580660000,1787583300000,2026-08-24T14:58:00+00:00,2026-08-24T15:01:19.240000+00:00,7.3,,7.226999999999999,7.373,,,,2026-08-24T15:01:24.699758+00:00,2026-08-24T15:01:24.700245+00:00,7.22,floor,-1.0958904109589052,5.460245,0.0,-1.0958904109589052,,,2026-08-24T15:01:24.699758+00:00,,82
2026-08-24,XPON,trail_activate+1_lock+0_distance1_floor-1,first,resting,STOP_LIMIT,2026-08-24T12:34:07+00:00,,1787588820000,0,2026-08-24T16:49:00+00:00,2026-08-24T17:03:07.843000+00:00,7.65,,7.5735,7.726500000000001,,,,2026-08-24T17:03:08.565098+00:00,2026-08-24T17:03:08.697147+00:00,7.58,floor,-0.9150326797385657,0.854147,0.0,-1.0457516339869288,,,2026-08-24T17:03:08.565098+00:00,,9
2026-08-24,XPON,trail_activate+1_lock+0_distance1_floor-1,reclaim,resting,STOP_LIMIT,2026-08-24T12:34:07+00:00,,1787588820000,1787592660000,2026-08-24T17:35:00+00:00,2026-08-24T18:06:35.580000+00:00,7.52,,7.4448,7.595199999999999,,,,2026-08-24T18:06:44.104586+00:00,2026-08-24T18:06:44.104829+00:00,7.44,floor,-1.0638297872340319,8.524829,0.0,-1.0638297872340319,,,2026-08-24T18:06:44.104586+00:00,,68
2026-08-24,XPON,trail_activate+1_lock+0_distance1_floor-1,first,resting,STOP_LIMIT,2026-08-24T12:34:07+00:00,,1787595660000,0,2026-08-24T18:36:00+00:00,2026-08-24T18:38:43.267000+00:00,7.38,,7.3062,7.4538,,,,2026-08-24T18:38:43.738048+00:00,2026-08-24T18:38:43.738558+00:00,7.28,floor,-1.3550135501354965,0.471558,0.0,-1.3550135501354965,,,2026-08-24T18:38:43.738048+00:00,,4
2026-08-24,XPON,trail_activate+1_lock+0_distance1_floor-1,reclaim,resting,STOP_LIMIT,2026-08-24T12:34:07+00:00,,1787595660000,1787597460000,2026-08-24T18:54:00+00:00,2026-08-24T18:55:09.410000+00:00,7.74,,7.6626,7.8174,,,,2026-08-24T18:55:09.961368+00:00,2026-08-24T18:55:10.060245+00:00,7.67,floor,-0.9043927648578847,0.650245,0.0,-1.0335917312661507,,,2026-08-24T18:55:09.961368+00:00,,4
2026-08-24,XPON,trail_activate+1_lock+0_distance2_floor-1,first,resting,STOP_LIMIT,2026-08-24T12:34:07+00:00,,1787578320000,0,2026-08-24T13:33:00+00:00,2026-08-24T13:33:26.763000+00:00,8.73,,8.6427,8.817300000000001,,,,2026-08-24T13:33:26.855906+00:00,2026-08-24T13:33:26.856234+00:00,8.64,floor,-1.0309278350515447,0.093234,0.0,-1.0309278350515447,,,2026-08-24T13:33:26.855906+00:00,,27
2026-08-24,XPON,trail_activate+1_lock+0_distance2_floor-1,first,resting,STOP_LIMIT,2026-08-24T12:34:07+00:00,,1787580660000,0,2026-08-24T14:29:00+00:00,2026-08-24T14:54:06.629000+00:00,7.13,,7.0587,7.2013,,,,2026-08-24T14:54:08.319750+00:00,2026-08-24T14:54:08.320053+00:00,7.05,floor,-1.1220196353436196,1.691053,0.0,-1.1220196353436196,,,2026-08-24T14:54:08.319750+00:00,,55
2026-08-24,XPON,trail_activate+1_lock+0_distance2_floor-1,reclaim,resting,STOP_LIMIT,2026-08-24T12:34:07+00:00,,1787580660000,1787583300000,2026-08-24T14:58:00+00:00,2026-08-24T15:01:19.240000+00:00,7.3,,7.226999999999999,7.373,,,,2026-08-24T15:01:24.699758+00:00,2026-08-24T15:01:24.700245+00:00,7.22,floor,-1.0958904109589052,5.460245,0.0,-1.0958904109589052,,,2026-08-24T15:01:24.699758+00:00,,82
2026-08-24,XPON,trail_activate+1_lock+0_distance2_floor-1,first,resting,STOP_LIMIT,2026-08-24T12:34:07+00:00,,1787588820000,0,2026-08-24T16:49:00+00:00,2026-08-24T17:03:07.843000+00:00,7.65,,7.5735,7.726500000000001,,,,2026-08-24T17:03:08.565098+00:00,2026-08-24T17:03:08.697147+00:00,7.58,floor,-0.9150326797385657,0.854147,0.0,-1.0457516339869288,,,2026-08-24T17:03:08.565098+00:00,,9
2026-08-24,XPON,trail_activate+1_lock+0_distance2_floor-1,reclaim,resting,STOP_LIMIT,2026-08-24T12:34:07+00:00,,1787588820000,1787592660000,2026-08-24T17:35:00+00:00,2026-08-24T18:06:35.580000+00:00,7.52,,7.4448,7.595199999999999,,,,2026-08-24T18:06:44.104586+00:00,2026-08-24T18:06:44.104829+00:00,7.44,floor,-1.0638297872340319,8.524829,0.0,-1.0638297872340319,,,2026-08-24T18:06:44.104586+00:00,,68
2026-08-24,XPON,trail_activate+1_lock+0_distance2_floor-1,first,resting,STOP_LIMIT,2026-08-24T12:34:07+00:00,,1787595660000,0,2026-08-24T18:36:00+00:00,2026-08-24T18:38:43.267000+00:00,7.38,,7.3062,7.4538,,,,2026-08-24T18:38:43.738048+00:00,2026-08-24T18:38:43.738558+00:00,7.28,floor,-1.3550135501354965,0.471558,0.0,-1.3550135501354965,,,2026-08-24T18:38:43.738048+00:00,,4
2026-08-24,XPON,trail_activate+1_lock+0_distance2_floor-1,reclaim,resting,STOP_LIMIT,2026-08-24T12:34:07+00:00,,1787595660000,1787597460000,2026-08-24T18:54:00+00:00,2026-08-24T18:55:09.410000+00:00,7.74,,7.6626,7.8174,,,,2026-08-24T18:55:09.961368+00:00,2026-08-24T18:55:10.060245+00:00,7.67,floor,-0.9043927648578847,0.650245,0.0,-1.0335917312661507,,,2026-08-24T18:55:09.961368+00:00,,4
2026-08-24,XPON,trail_activate+2_lock+1_distance1_floor-1,first,resting,STOP_LIMIT,2026-08-24T12:34:07+00:00,,1787578320000,0,2026-08-24T13:33:00+00:00,2026-08-24T13:33:26.763000+00:00,8.73,,8.6427,8.9046,,,,2026-08-24T13:33:26.855906+00:00,2026-08-24T13:33:26.856234+00:00,8.64,floor,-1.0309278350515447,0.093234,0.0,-1.0309278350515447,,,2026-08-24T13:33:26.855906+00:00,,27
2026-08-24,XPON,trail_activate+2_lock+1_distance1_floor-1,first,resting,STOP_LIMIT,2026-08-24T12:34:07+00:00,,1787580660000,0,2026-08-24T14:29:00+00:00,2026-08-24T14:54:06.629000+00:00,7.13,,7.0587,7.2726,,,,2026-08-24T14:54:08.319750+00:00,2026-08-24T14:54:08.320053+00:00,7.05,floor,-1.1220196353436196,1.691053,0.0,-1.1220196353436196,,,2026-08-24T14:54:08.319750+00:00,,55
2026-08-24,XPON,trail_activate+2_lock+1_distance1_floor-1,reclaim,resting,STOP_LIMIT,2026-08-24T12:34:07+00:00,,1787580660000,1787583300000,2026-08-24T14:58:00+00:00,2026-08-24T15:01:19.240000+00:00,7.3,,7.226999999999999,7.446,,,,2026-08-24T15:01:24.699758+00:00,2026-08-24T15:01:24.700245+00:00,7.22,floor,-1.0958904109589052,5.460245,0.0,-1.0958904109589052,,,2026-08-24T15:01:24.699758+00:00,,82
2026-08-24,XPON,trail_activate+2_lock+1_distance1_floor-1,first,resting,STOP_LIMIT,2026-08-24T12:34:07+00:00,,1787588820000,0,2026-08-24T16:49:00+00:00,2026-08-24T17:03:07.843000+00:00,7.65,,7.5735,7.803000000000001,,,,2026-08-24T17:03:08.565098+00:00,2026-08-24T17:03:08.697147+00:00,7.58,floor,-0.9150326797385657,0.854147,0.0,-1.0457516339869288,,,2026-08-24T17:03:08.565098+00:00,,9
2026-08-24,XPON,trail_activate+2_lock+1_distance1_floor-1,reclaim,resting,STOP_LIMIT,2026-08-24T12:34:07+00:00,,1787588820000,1787592660000,2026-08-24T17:35:00+00:00,2026-08-24T18:06:35.580000+00:00,7.52,,7.4448,7.6704,,,,2026-08-24T18:06:44.104586+00:00,2026-08-24T18:06:44.104829+00:00,7.44,floor,-1.0638297872340319,8.524829,0.0,-1.0638297872340319,,,2026-08-24T18:06:44.104586+00:00,,68
2026-08-24,XPON,trail_activate+2_lock+1_distance1_floor-1,first,resting,STOP_LIMIT,2026-08-24T12:34:07+00:00,,1787595660000,0,2026-08-24T18:36:00+00:00,2026-08-24T18:38:43.267000+00:00,7.38,,7.3062,7.5276,,,,2026-08-24T18:38:43.738048+00:00,2026-08-24T18:38:43.738558+00:00,7.28,floor,-1.3550135501354965,0.471558,0.0,-1.3550135501354965,,,2026-08-24T18:38:43.738048+00:00,,4
2026-08-24,XPON,trail_activate+2_lock+1_distance1_floor-1,reclaim,resting,STOP_LIMIT,2026-08-24T12:34:07+00:00,,1787595660000,1787597460000,2026-08-24T18:54:00+00:00,2026-08-24T18:55:09.410000+00:00,7.74,,7.6626,7.8948,,,,2026-08-24T18:55:09.961368+00:00,2026-08-24T18:55:10.060245+00:00,7.67,floor,-0.9043927648578847,0.650245,0.0,-1.0335917312661507,,,2026-08-24T18:55:09.961368+00:00,,4
2026-08-24,XPON,trail_activate+2_lock+1_distance2_floor-1,first,resting,STOP_LIMIT,2026-08-24T12:34:07+00:00,,1787578320000,0,2026-08-24T13:33:00+00:00,2026-08-24T13:33:26.763000+00:00,8.73,,8.6427,8.9046,,,,2026-08-24T13:33:26.855906+00:00,2026-08-24T13:33:26.856234+00:00,8.64,floor,-1.0309278350515447,0.093234,0.0,-1.0309278350515447,,,2026-08-24T13:33:26.855906+00:00,,27
2026-08-24,XPON,trail_activate+2_lock+1_distance2_floor-1,first,resting,STOP_LIMIT,2026-08-24T12:34:07+00:00,,1787580660000,0,2026-08-24T14:29:00+00:00,2026-08-24T14:54:06.629000+00:00,7.13,,7.0587,7.2726,,,,2026-08-24T14:54:08.319750+00:00,2026-08-24T14:54:08.320053+00:00,7.05,floor,-1.1220196353436196,1.691053,0.0,-1.1220196353436196,,,2026-08-24T14:54:08.319750+00:00,,55
2026-08-24,XPON,trail_activate+2_lock+1_distance2_floor-1,reclaim,resting,STOP_LIMIT,2026-08-24T12:34:07+00:00,,1787580660000,1787583300000,2026-08-24T14:58:00+00:00,2026-08-24T15:01:19.240000+00:00,7.3,,7.226999999999999,7.446,,,,2026-08-24T15:01:24.699758+00:00,2026-08-24T15:01:24.700245+00:00,7.22,floor,-1.0958904109589052,5.460245,0.0,-1.0958904109589052,,,2026-08-24T15:01:24.699758+00:00,,82
2026-08-24,XPON,trail_activate+2_lock+1_distance2_floor-1,first,resting,STOP_LIMIT,2026-08-24T12:34:07+00:00,,1787588820000,0,2026-08-24T16:49:00+00:00,2026-08-24T17:03:07.843000+00:00,7.65,,7.5735,7.803000000000001,,,,2026-08-24T17:03:08.565098+00:00,2026-08-24T17:03:08.697147+00:00,7.58,floor,-0.9150326797385657,0.854147,0.0,-1.0457516339869288,,,2026-08-24T17:03:08.565098+00:00,,9
2026-08-24,XPON,trail_activate+2_lock+1_distance2_floor-1,reclaim,resting,STOP_LIMIT,2026-08-24T12:34:07+00:00,,1787588820000,1787592660000,2026-08-24T17:35:00+00:00,2026-08-24T18:06:35.580000+00:00,7.52,,7.4448,7.6704,,,,2026-08-24T18:06:44.104586+00:00,2026-08-24T18:06:44.104829+00:00,7.44,floor,-1.0638297872340319,8.524829,0.0,-1.0638297872340319,,,2026-08-24T18:06:44.104586+00:00,,68
2026-08-24,XPON,trail_activate+2_lock+1_distance2_floor-1,first,resting,STOP_LIMIT,2026-08-24T12:34:07+00:00,,1787595660000,0,2026-08-24T18:36:00+00:00,2026-08-24T18:38:43.267000+00:00,7.38,,7.3062,7.5276,,,,2026-08-24T18:38:43.738048+00:00,2026-08-24T18:38:43.738558+00:00,7.28,floor,-1.3550135501354965,0.471558,0.0,-1.3550135501354965,,,2026-08-24T18:38:43.738048+00:00,,4
2026-08-24,XPON,trail_activate+2_lock+1_distance2_floor-1,reclaim,resting,STOP_LIMIT,2026-08-24T12:34:07+00:00,,1787595660000,1787597460000,2026-08-24T18:54:00+00:00,2026-08-24T18:55:09.410000+00:00,7.74,,7.6626,7.8948,,,,2026-08-24T18:55:09.961368+00:00,2026-08-24T18:55:10.060245+00:00,7.67,floor,-0.9043927648578847,0.650245,0.0,-1.0335917312661507,,,2026-08-24T18:55:09.961368+00:00,,4
2026-08-25,AIXI,trail_activate+1_lock+0_distance1_floor-2,first,resting,STOP_LIMIT,2026-08-25T13:53:46+00:00,,1787670420000,0,2026-08-25T16:14:00+00:00,2026-08-25T16:22:56.155000+00:00,1.16,,1.1367999999999998,1.1716,,,,2026-08-25T16:25:19.627294+00:00,2026-08-25T16:25:19.627792+00:00,1.13,floor,-2.5862068965517264,143.472792,0.0,-2.5862068965517264,,,2026-08-25T16:24:54.410416+00:00,2026-08-25T16:25:19.627294+00:00,190
2026-08-25,AIXI,trail_activate+1_lock+0_distance1_floor-2,reclaim,resting,STOP_LIMIT,2026-08-25T13:53:46+00:00,,1787670420000,1787674980000,2026-08-25T16:26:00+00:00,2026-08-25T16:29:11.222000+00:00,1.17,,1.1465999999999998,1.1817,2026-08-25T16:29:28.501750+00:00,1.22,1.2078,2026-08-25T16:30:37.631312+00:00,2026-08-25T16:30:37.634300+00:00,1.2,trail,2.5641025641025665,86.4123,4.273504273504278,-0.8547008547008554,2026-08-25T16:29:28.501750+00:00,2026-08-25T16:29:30.981119+00:00,,,382
2026-08-25,AIXI,trail_activate+1_lock+0_distance1_floor-2,reclaim,resting,STOP_LIMIT,2026-08-25T13:53:46+00:00,,1787677080000,1787679300000,2026-08-25T17:38:00+00:00,2026-08-25T17:38:30.138000+00:00,1.29,,1.2642,1.3029,,,,2026-08-25T17:38:56.022902+00:00,2026-08-25T17:38:56.023689+00:00,1.26,floor,-2.325581395348839,25.885689,0.0,-2.325581395348839,,,2026-08-25T17:38:55.996552+00:00,2026-08-25T17:38:56.022902+00:00,73
2026-08-25,AIXI,trail_activate+1_lock+0_distance1_floor-2,first,resting,STOP_LIMIT,2026-08-25T13:53:46+00:00,,1787680560000,0,2026-08-25T17:57:00+00:00,2026-08-25T18:12:09.641000+00:00,1.24,,1.2152,1.2524,2026-08-25T18:12:43.912971+00:00,1.27,1.2573,2026-08-25T18:13:09.143754+00:00,2026-08-25T18:13:09.143960+00:00,1.25,trail,0.8064516129032264,59.50296,2.4193548387096793,-1.6129032258064528,2026-08-25T18:12:43.912971+00:00,2026-08-25T18:13:01.494270+00:00,2026-08-25T18:12:11.262039+00:00,,356
2026-08-25,AIXI,trail_activate+1_lock+0_distance1_floor-2,first,resting,STOP_LIMIT,2026-08-25T13:53:46+00:00,,1787685480000,0,2026-08-25T19:28:00+00:00,2026-08-25T19:44:25.800000+00:00,1.25,,1.225,1.2625,2026-08-25T19:44:34.979353+00:00,1.27,1.2573,2026-08-25T19:44:53.925183+00:00,2026-08-25T19:44:53.925480+00:00,1.25,trail,0.0,28.12548,1.6000000000000014,-0.8000000000000007,2026-08-25T19:44:34.979353+00:00,,,,207
2026-08-25,AIXI,trail_activate+1_lock+0_distance1_floor-2,reclaim,resting,STOP_LIMIT,2026-08-25T13:53:46+00:00,,1787685480000,1787687040000,2026-08-25T19:52:00+00:00,2026-08-25T19:53:58.736000+00:00,1.3,,1.274,1.3130000000000002,2026-08-25T19:54:14.241827+00:00,1.36,1.3464,2026-08-25T19:55:08.799400+00:00,2026-08-25T19:55:08.799854+00:00,1.34,trail,3.0769230769230793,70.063854,4.615384615384619,-1.5384615384615397,2026-08-25T19:54:14.241827+00:00,2026-08-25T19:54:23.124505+00:00,2026-08-25T19:54:07.756007+00:00,,716
2026-08-25,AIXI,trail_activate+1_lock+0_distance2_floor-2,first,resting,STOP_LIMIT,2026-08-25T13:53:46+00:00,,1787670420000,0,2026-08-25T16:14:00+00:00,2026-08-25T16:22:56.155000+00:00,1.16,,1.1367999999999998,1.1716,,,,2026-08-25T16:25:19.627294+00:00,2026-08-25T16:25:19.627792+00:00,1.13,floor,-2.5862068965517264,143.472792,0.0,-2.5862068965517264,,,2026-08-25T16:24:54.410416+00:00,2026-08-25T16:25:19.627294+00:00,190
2026-08-25,AIXI,trail_activate+1_lock+0_distance2_floor-2,reclaim,resting,STOP_LIMIT,2026-08-25T13:53:46+00:00,,1787670420000,1787674980000,2026-08-25T16:26:00+00:00,2026-08-25T16:29:11.222000+00:00,1.17,,1.1465999999999998,1.1817,2026-08-25T16:29:28.501750+00:00,1.22,1.1956,2026-08-25T16:30:37.644850+00:00,2026-08-25T16:30:37.646145+00:00,1.19,trail,1.7094017094017109,86.424145,4.273504273504278,-0.8547008547008554,2026-08-25T16:29:28.501750+00:00,2026-08-25T16:29:30.981119+00:00,,,393
2026-08-25,AIXI,trail_activate+1_lock+0_distance2_floor-2,reclaim,resting,STOP_LIMIT,2026-08-25T13:53:46+00:00,,1787677080000,1787679300000,2026-08-25T17:38:00+00:00,2026-08-25T17:38:30.138000+00:00,1.29,,1.2642,1.3029,,,,2026-08-25T17:38:56.022902+00:00,2026-08-25T17:38:56.023689+00:00,1.26,floor,-2.325581395348839,25.885689,0.0,-2.325581395348839,,,2026-08-25T17:38:55.996552+00:00,2026-08-25T17:38:56.022902+00:00,73
2026-08-25,AIXI,trail_activate+1_lock+0_distance2_floor-2,first,resting,STOP_LIMIT,2026-08-25T13:53:46+00:00,,1787680560000,0,2026-08-25T17:57:00+00:00,2026-08-25T18:12:09.641000+00:00,1.24,,1.2152,1.2524,2026-08-25T18:12:43.912971+00:00,1.27,1.2446,2026-08-25T18:13:18.285533+00:00,2026-08-25T18:13:18.285735+00:00,1.24,trail,0.0,68.644735,2.4193548387096793,-1.6129032258064528,2026-08-25T18:12:43.912971+00:00,2026-08-25T18:13:01.494270+00:00,2026-08-25T18:12:11.262039+00:00,,421
2026-08-25,AIXI,trail_activate+1_lock+0_distance2_floor-2,first,resting,STOP_LIMIT,2026-08-25T13:53:46+00:00,,1787685480000,0,2026-08-25T19:28:00+00:00,2026-08-25T19:44:25.800000+00:00,1.25,,1.225,1.2625,2026-08-25T19:44:34.979353+00:00,1.27,1.25,2026-08-25T19:44:53.925183+00:00,2026-08-25T19:44:53.925480+00:00,1.25,trail,0.0,28.12548,1.6000000000000014,-0.8000000000000007,2026-08-25T19:44:34.979353+00:00,,,,207
2026-08-25,AIXI,trail_activate+1_lock+0_distance2_floor-2,reclaim,resting,STOP_LIMIT,2026-08-25T13:53:46+00:00,,1787685480000,1787687040000,2026-08-25T19:52:00+00:00,2026-08-25T19:53:58.736000+00:00,1.3,,1.274,1.3130000000000002,2026-08-25T19:54:14.241827+00:00,1.36,1.3328,2026-08-25T19:55:09.088664+00:00,2026-08-25T19:55:09.109109+00:00,1.33,trail,2.3076923076923097,70.373109,4.615384615384619,-1.5384615384615397,2026-08-25T19:54:14.241827+00:00,2026-08-25T19:54:23.124505+00:00,2026-08-25T19:54:07.756007+00:00,,731
2026-08-25,AIXI,trail_activate+2_lock+1_distance1_floor-2,first,resting,STOP_LIMIT,2026-08-25T13:53:46+00:00,,1787670420000,0,2026-08-25T16:14:00+00:00,2026-08-25T16:22:56.155000+00:00,1.16,,1.1367999999999998,1.1832,,,,2026-08-25T16:25:19.627294+00:00,2026-08-25T16:25:19.627792+00:00,1.13,floor,-2.5862068965517264,143.472792,0.0,-2.5862068965517264,,,2026-08-25T16:24:54.410416+00:00,2026-08-25T16:25:19.627294+00:00,190
2026-08-25,AIXI,trail_activate+2_lock+1_distance1_floor-2,reclaim,resting,STOP_LIMIT,2026-08-25T13:53:46+00:00,,1787670420000,1787674980000,2026-08-25T16:26:00+00:00,2026-08-25T16:29:11.222000+00:00,1.17,,1.1465999999999998,1.1934,2026-08-25T16:29:30.981119+00:00,1.22,1.2078,2026-08-25T16:30:37.631312+00:00,2026-08-25T16:30:37.634300+00:00,1.2,trail,2.5641025641025665,86.4123,4.273504273504278,-0.8547008547008554,2026-08-25T16:29:28.501750+00:00,2026-08-25T16:29:30.981119+00:00,,,382
2026-08-25,AIXI,trail_activate+2_lock+1_distance1_floor-2,reclaim,resting,STOP_LIMIT,2026-08-25T13:53:46+00:00,,1787677080000,1787679300000,2026-08-25T17:38:00+00:00,2026-08-25T17:38:30.138000+00:00,1.29,,1.2642,1.3158,,,,2026-08-25T17:38:56.022902+00:00,2026-08-25T17:38:56.023689+00:00,1.26,floor,-2.325581395348839,25.885689,0.0,-2.325581395348839,,,2026-08-25T17:38:55.996552+00:00,2026-08-25T17:38:56.022902+00:00,73
2026-08-25,AIXI,trail_activate+2_lock+1_distance1_floor-2,first,resting,STOP_LIMIT,2026-08-25T13:53:46+00:00,,1787680560000,0,2026-08-25T17:57:00+00:00,2026-08-25T18:12:09.641000+00:00,1.24,,1.2152,1.2648,2026-08-25T18:13:01.494270+00:00,1.27,1.2573,2026-08-25T18:13:09.143754+00:00,2026-08-25T18:13:09.143960+00:00,1.25,trail,0.8064516129032264,59.50296,2.4193548387096793,-1.6129032258064528,2026-08-25T18:12:43.912971+00:00,2026-08-25T18:13:01.494270+00:00,2026-08-25T18:12:11.262039+00:00,,356
2026-08-25,AIXI,trail_activate+2_lock+1_distance1_floor-2,first,resting,STOP_LIMIT,2026-08-25T13:53:46+00:00,,1787685480000,0,2026-08-25T19:28:00+00:00,2026-08-25T19:44:25.800000+00:00,1.25,,1.225,1.275,2026-08-25T19:45:52.158186+00:00,1.28,1.2672,2026-08-25T19:46:03.854988+00:00,2026-08-25T19:46:03.856452+00:00,1.26,trail,0.8000000000000007,98.056452,2.400000000000002,-0.8000000000000007,2026-08-25T19:44:34.979353+00:00,2026-08-25T19:45:52.158186+00:00,,,585
2026-08-25,AIXI,trail_activate+2_lock+1_distance1_floor-2,reclaim,resting,STOP_LIMIT,2026-08-25T13:53:46+00:00,,1787685480000,1787687040000,2026-08-25T19:52:00+00:00,2026-08-25T19:53:58.736000+00:00,1.3,,1.274,1.326,2026-08-25T19:54:23.124505+00:00,1.36,1.3464,2026-08-25T19:55:08.799400+00:00,2026-08-25T19:55:08.799854+00:00,1.34,trail,3.0769230769230793,70.063854,4.615384615384619,-1.5384615384615397,2026-08-25T19:54:14.241827+00:00,2026-08-25T19:54:23.124505+00:00,2026-08-25T19:54:07.756007+00:00,,716
2026-08-25,AIXI,trail_activate+2_lock+1_distance2_floor-2,first,resting,STOP_LIMIT,2026-08-25T13:53:46+00:00,,1787670420000,0,2026-08-25T16:14:00+00:00,2026-08-25T16:22:56.155000+00:00,1.16,,1.1367999999999998,1.1832,,,,2026-08-25T16:25:19.627294+00:00,2026-08-25T16:25:19.627792+00:00,1.13,floor,-2.5862068965517264,143.472792,0.0,-2.5862068965517264,,,2026-08-25T16:24:54.410416+00:00,2026-08-25T16:25:19.627294+00:00,190
2026-08-25,AIXI,trail_activate+2_lock+1_distance2_floor-2,reclaim,resting,STOP_LIMIT,2026-08-25T13:53:46+00:00,,1787670420000,1787674980000,2026-08-25T16:26:00+00:00,2026-08-25T16:29:11.222000+00:00,1.17,,1.1465999999999998,1.1934,2026-08-25T16:29:30.981119+00:00,1.22,1.1956,2026-08-25T16:30:37.644850+00:00,2026-08-25T16:30:37.646145+00:00,1.19,trail,1.7094017094017109,86.424145,4.273504273504278,-0.8547008547008554,2026-08-25T16:29:28.501750+00:00,2026-08-25T16:29:30.981119+00:00,,,393
2026-08-25,AIXI,trail_activate+2_lock+1_distance2_floor-2,reclaim,resting,STOP_LIMIT,2026-08-25T13:53:46+00:00,,1787677080000,1787679300000,2026-08-25T17:38:00+00:00,2026-08-25T17:38:30.138000+00:00,1.29,,1.2642,1.3158,,,,2026-08-25T17:38:56.022902+00:00,2026-08-25T17:38:56.023689+00:00,1.26,floor,-2.325581395348839,25.885689,0.0,-2.325581395348839,,,2026-08-25T17:38:55.996552+00:00,2026-08-25T17:38:56.022902+00:00,73
2026-08-25,AIXI,trail_activate+2_lock+1_distance2_floor-2,first,resting,STOP_LIMIT,2026-08-25T13:53:46+00:00,,1787680560000,0,2026-08-25T17:57:00+00:00,2026-08-25T18:12:09.641000+00:00,1.24,,1.2152,1.2648,2026-08-25T18:13:01.494270+00:00,1.27,1.2524,2026-08-25T18:13:09.143754+00:00,2026-08-25T18:13:09.143960+00:00,1.25,trail,0.8064516129032264,59.50296,2.4193548387096793,-1.6129032258064528,2026-08-25T18:12:43.912971+00:00,2026-08-25T18:13:01.494270+00:00,2026-08-25T18:12:11.262039+00:00,,356
2026-08-25,AIXI,trail_activate+2_lock+1_distance2_floor-2,first,resting,STOP_LIMIT,2026-08-25T13:53:46+00:00,,1787685480000,0,2026-08-25T19:28:00+00:00,2026-08-25T19:44:25.800000+00:00,1.25,,1.225,1.275,2026-08-25T19:45:52.158186+00:00,1.28,1.2625,2026-08-25T19:46:03.854988+00:00,2026-08-25T19:46:03.856452+00:00,1.26,trail,0.8000000000000007,98.056452,2.400000000000002,-0.8000000000000007,2026-08-25T19:44:34.979353+00:00,2026-08-25T19:45:52.158186+00:00,,,585
2026-08-25,AIXI,trail_activate+2_lock+1_distance2_floor-2,reclaim,resting,STOP_LIMIT,2026-08-25T13:53:46+00:00,,1787685480000,1787687040000,2026-08-25T19:52:00+00:00,2026-08-25T19:53:58.736000+00:00,1.3,,1.274,1.326,2026-08-25T19:54:23.124505+00:00,1.36,1.3328,2026-08-25T19:55:09.088664+00:00,2026-08-25T19:55:09.109109+00:00,1.33,trail,2.3076923076923097,70.373109,4.615384615384619,-1.5384615384615397,2026-08-25T19:54:14.241827+00:00,2026-08-25T19:54:23.124505+00:00,2026-08-25T19:54:07.756007+00:00,,731
2026-08-25,AIXI,trail_activate+1_lock+0_distance1_floor-1,first,resting,STOP_LIMIT,2026-08-25T13:53:46+00:00,,1787670420000,0,2026-08-25T16:14:00+00:00,2026-08-25T16:22:56.155000+00:00,1.16,,1.1483999999999999,1.1716,,,,2026-08-25T16:24:54.410416+00:00,2026-08-25T16:24:54.410654+00:00,1.14,floor,-1.7241379310344844,118.255654,0.0,-1.7241379310344844,,,2026-08-25T16:24:54.410416+00:00,,167
2026-08-25,AIXI,trail_activate+1_lock+0_distance1_floor-1,reclaim,resting,STOP_LIMIT,2026-08-25T13:53:46+00:00,,1787670420000,1787674980000,2026-08-25T16:26:00+00:00,2026-08-25T16:29:11.222000+00:00,1.17,,1.1582999999999999,1.1817,2026-08-25T16:29:28.501750+00:00,1.22,1.2078,2026-08-25T16:30:37.631312+00:00,2026-08-25T16:30:37.634300+00:00,1.2,trail,2.5641025641025665,86.4123,4.273504273504278,-0.8547008547008554,2026-08-25T16:29:28.501750+00:00,2026-08-25T16:29:30.981119+00:00,,,382
2026-08-25,AIXI,trail_activate+1_lock+0_distance1_floor-1,reclaim,resting,STOP_LIMIT,2026-08-25T13:53:46+00:00,,1787677080000,1787679300000,2026-08-25T17:38:00+00:00,2026-08-25T17:38:30.138000+00:00,1.29,,1.2771000000000001,1.3029,,,,2026-08-25T17:38:55.996552+00:00,2026-08-25T17:38:55.997373+00:00,1.27,floor,-1.5503875968992262,25.859373,0.0,-1.5503875968992262,,,2026-08-25T17:38:55.996552+00:00,,54
2026-08-25,AIXI,trail_activate+1_lock+0_distance1_floor-1,first,resting,STOP_LIMIT,2026-08-25T13:53:46+00:00,,1787680560000,0,2026-08-25T17:57:00+00:00,2026-08-25T18:12:09.641000+00:00,1.24,,1.2276,1.2524,,,,2026-08-25T18:12:11.262039+00:00,2026-08-25T18:12:11.262330+00:00,1.22,floor,-1.6129032258064528,1.62133,0.0,-1.6129032258064528,,,2026-08-25T18:12:11.262039+00:00,,5
2026-08-25,AIXI,trail_activate+1_lock+0_distance1_floor-1,first,resting,STOP_LIMIT,2026-08-25T13:53:46+00:00,,1787685480000,0,2026-08-25T19:28:00+00:00,2026-08-25T19:44:25.800000+00:00,1.25,,1.2375,1.2625,2026-08-25T19:44:34.979353+00:00,1.27,1.2573,2026-08-25T19:44:53.925183+00:00,2026-08-25T19:44:53.925480+00:00,1.25,trail,0.0,28.12548,1.6000000000000014,-0.8000000000000007,2026-08-25T19:44:34.979353+00:00,,,,207
2026-08-25,AIXI,trail_activate+1_lock+0_distance1_floor-1,reclaim,resting,STOP_LIMIT,2026-08-25T13:53:46+00:00,,1787685480000,1787687040000,2026-08-25T19:52:00+00:00,2026-08-25T19:53:58.736000+00:00,1.3,,1.287,1.3130000000000002,,,,2026-08-25T19:54:07.756007+00:00,2026-08-25T19:54:07.828860+00:00,1.28,floor,-1.5384615384615397,9.09286,0.0,-1.5384615384615397,,,2026-08-25T19:54:07.756007+00:00,,38
2026-08-25,AIXI,trail_activate+1_lock+0_distance2_floor-1,first,resting,STOP_LIMIT,2026-08-25T13:53:46+00:00,,1787670420000,0,2026-08-25T16:14:00+00:00,2026-08-25T16:22:56.155000+00:00,1.16,,1.1483999999999999,1.1716,,,,2026-08-25T16:24:54.410416+00:00,2026-08-25T16:24:54.410654+00:00,1.14,floor,-1.7241379310344844,118.255654,0.0,-1.7241379310344844,,,2026-08-25T16:24:54.410416+00:00,,167
2026-08-25,AIXI,trail_activate+1_lock+0_distance2_floor-1,reclaim,resting,STOP_LIMIT,2026-08-25T13:53:46+00:00,,1787670420000,1787674980000,2026-08-25T16:26:00+00:00,2026-08-25T16:29:11.222000+00:00,1.17,,1.1582999999999999,1.1817,2026-08-25T16:29:28.501750+00:00,1.22,1.1956,2026-08-25T16:30:37.644850+00:00,2026-08-25T16:30:37.646145+00:00,1.19,trail,1.7094017094017109,86.424145,4.273504273504278,-0.8547008547008554,2026-08-25T16:29:28.501750+00:00,2026-08-25T16:29:30.981119+00:00,,,393
2026-08-25,AIXI,trail_activate+1_lock+0_distance2_floor-1,reclaim,resting,STOP_LIMIT,2026-08-25T13:53:46+00:00,,1787677080000,1787679300000,2026-08-25T17:38:00+00:00,2026-08-25T17:38:30.138000+00:00,1.29,,1.2771000000000001,1.3029,,,,2026-08-25T17:38:55.996552+00:00,2026-08-25T17:38:55.997373+00:00,1.27,floor,-1.5503875968992262,25.859373,0.0,-1.5503875968992262,,,2026-08-25T17:38:55.996552+00:00,,54
2026-08-25,AIXI,trail_activate+1_lock+0_distance2_floor-1,first,resting,STOP_LIMIT,2026-08-25T13:53:46+00:00,,1787680560000,0,2026-08-25T17:57:00+00:00,2026-08-25T18:12:09.641000+00:00,1.24,,1.2276,1.2524,,,,2026-08-25T18:12:11.262039+00:00,2026-08-25T18:12:11.262330+00:00,1.22,floor,-1.6129032258064528,1.62133,0.0,-1.6129032258064528,,,2026-08-25T18:12:11.262039+00:00,,5
2026-08-25,AIXI,trail_activate+1_lock+0_distance2_floor-1,first,resting,STOP_LIMIT,2026-08-25T13:53:46+00:00,,1787685480000,0,2026-08-25T19:28:00+00:00,2026-08-25T19:44:25.800000+00:00,1.25,,1.2375,1.2625,2026-08-25T19:44:34.979353+00:00,1.27,1.25,2026-08-25T19:44:53.925183+00:00,2026-08-25T19:44:53.925480+00:00,1.25,trail,0.0,28.12548,1.6000000000000014,-0.8000000000000007,2026-08-25T19:44:34.979353+00:00,,,,207
2026-08-25,AIXI,trail_activate+1_lock+0_distance2_floor-1,reclaim,resting,STOP_LIMIT,2026-08-25T13:53:46+00:00,,1787685480000,1787687040000,2026-08-25T19:52:00+00:00,2026-08-25T19:53:58.736000+00:00,1.3,,1.287,1.3130000000000002,,,,2026-08-25T19:54:07.756007+00:00,2026-08-25T19:54:07.828860+00:00,1.28,floor,-1.5384615384615397,9.09286,0.0,-1.5384615384615397,,,2026-08-25T19:54:07.756007+00:00,,38
2026-08-25,AIXI,trail_activate+2_lock+1_distance1_floor-1,first,resting,STOP_LIMIT,2026-08-25T13:53:46+00:00,,1787670420000,0,2026-08-25T16:14:00+00:00,2026-08-25T16:22:56.155000+00:00,1.16,,1.1483999999999999,1.1832,,,,2026-08-25T16:24:54.410416+00:00,2026-08-25T16:24:54.410654+00:00,1.14,floor,-1.7241379310344844,118.255654,0.0,-1.7241379310344844,,,2026-08-25T16:24:54.410416+00:00,,167
2026-08-25,AIXI,trail_activate+2_lock+1_distance1_floor-1,reclaim,resting,STOP_LIMIT,2026-08-25T13:53:46+00:00,,1787670420000,1787674980000,2026-08-25T16:26:00+00:00,2026-08-25T16:29:11.222000+00:00,1.17,,1.1582999999999999,1.1934,2026-08-25T16:29:30.981119+00:00,1.22,1.2078,2026-08-25T16:30:37.631312+00:00,2026-08-25T16:30:37.634300+00:00,1.2,trail,2.5641025641025665,86.4123,4.273504273504278,-0.8547008547008554,2026-08-25T16:29:28.501750+00:00,2026-08-25T16:29:30.981119+00:00,,,382
2026-08-25,AIXI,trail_activate+2_lock+1_distance1_floor-1,reclaim,resting,STOP_LIMIT,2026-08-25T13:53:46+00:00,,1787677080000,1787679300000,2026-08-25T17:38:00+00:00,2026-08-25T17:38:30.138000+00:00,1.29,,1.2771000000000001,1.3158,,,,2026-08-25T17:38:55.996552+00:00,2026-08-25T17:38:55.997373+00:00,1.27,floor,-1.5503875968992262,25.859373,0.0,-1.5503875968992262,,,2026-08-25T17:38:55.996552+00:00,,54
2026-08-25,AIXI,trail_activate+2_lock+1_distance1_floor-1,first,resting,STOP_LIMIT,2026-08-25T13:53:46+00:00,,1787680560000,0,2026-08-25T17:57:00+00:00,2026-08-25T18:12:09.641000+00:00,1.24,,1.2276,1.2648,,,,2026-08-25T18:12:11.262039+00:00,2026-08-25T18:12:11.262330+00:00,1.22,floor,-1.6129032258064528,1.62133,0.0,-1.6129032258064528,,,2026-08-25T18:12:11.262039+00:00,,5
2026-08-25,AIXI,trail_activate+2_lock+1_distance1_floor-1,first,resting,STOP_LIMIT,2026-08-25T13:53:46+00:00,,1787685480000,0,2026-08-25T19:28:00+00:00,2026-08-25T19:44:25.800000+00:00,1.25,,1.2375,1.275,2026-08-25T19:45:52.158186+00:00,1.28,1.2672,2026-08-25T19:46:03.854988+00:00,2026-08-25T19:46:03.856452+00:00,1.26,trail,0.8000000000000007,98.056452,2.400000000000002,-0.8000000000000007,2026-08-25T19:44:34.979353+00:00,2026-08-25T19:45:52.158186+00:00,,,585
2026-08-25,AIXI,trail_activate+2_lock+1_distance1_floor-1,reclaim,resting,STOP_LIMIT,2026-08-25T13:53:46+00:00,,1787685480000,1787687040000,2026-08-25T19:52:00+00:00,2026-08-25T19:53:58.736000+00:00,1.3,,1.287,1.326,,,,2026-08-25T19:54:07.756007+00:00,2026-08-25T19:54:07.828860+00:00,1.28,floor,-1.5384615384615397,9.09286,0.0,-1.5384615384615397,,,2026-08-25T19:54:07.756007+00:00,,38
2026-08-25,AIXI,trail_activate+2_lock+1_distance2_floor-1,first,resting,STOP_LIMIT,2026-08-25T13:53:46+00:00,,1787670420000,0,2026-08-25T16:14:00+00:00,2026-08-25T16:22:56.155000+00:00,1.16,,1.1483999999999999,1.1832,,,,2026-08-25T16:24:54.410416+00:00,2026-08-25T16:24:54.410654+00:00,1.14,floor,-1.7241379310344844,118.255654,0.0,-1.7241379310344844,,,2026-08-25T16:24:54.410416+00:00,,167
2026-08-25,AIXI,trail_activate+2_lock+1_distance2_floor-1,reclaim,resting,STOP_LIMIT,2026-08-25T13:53:46+00:00,,1787670420000,1787674980000,2026-08-25T16:26:00+00:00,2026-08-25T16:29:11.222000+00:00,1.17,,1.1582999999999999,1.1934,2026-08-25T16:29:30.981119+00:00,1.22,1.1956,2026-08-25T16:30:37.644850+00:00,2026-08-25T16:30:37.646145+00:00,1.19,trail,1.7094017094017109,86.424145,4.273504273504278,-0.8547008547008554,2026-08-25T16:29:28.501750+00:00,2026-08-25T16:29:30.981119+00:00,,,393
2026-08-25,AIXI,trail_activate+2_lock+1_distance2_floor-1,reclaim,resting,STOP_LIMIT,2026-08-25T13:53:46+00:00,,1787677080000,1787679300000,2026-08-25T17:38:00+00:00,2026-08-25T17:38:30.138000+00:00,1.29,,1.2771000000000001,1.3158,,,,2026-08-25T17:38:55.996552+00:00,2026-08-25T17:38:55.997373+00:00,1.27,floor,-1.5503875968992262,25.859373,0.0,-1.5503875968992262,,,2026-08-25T17:38:55.996552+00:00,,54
2026-08-25,AIXI,trail_activate+2_lock+1_distance2_floor-1,first,resting,STOP_LIMIT,2026-08-25T13:53:46+00:00,,1787680560000,0,2026-08-25T17:57:00+00:00,2026-08-25T18:12:09.641000+00:00,1.24,,1.2276,1.2648,,,,2026-08-25T18:12:11.262039+00:00,2026-08-25T18:12:11.262330+00:00,1.22,floor,-1.6129032258064528,1.62133,0.0,-1.6129032258064528,,,2026-08-25T18:12:11.262039+00:00,,5
2026-08-25,AIXI,trail_activate+2_lock+1_distance2_floor-1,first,resting,STOP_LIMIT,2026-08-25T13:53:46+00:00,,1787685480000,0,2026-08-25T19:28:00+00:00,2026-08-25T19:44:25.800000+00:00,1.25,,1.2375,1.275,2026-08-25T19:45:52.158186+00:00,1.28,1.2625,2026-08-25T19:46:03.854988+00:00,2026-08-25T19:46:03.856452+00:00,1.26,trail,0.8000000000000007,98.056452,2.400000000000002,-0.8000000000000007,2026-08-25T19:44:34.979353+00:00,2026-08-25T19:45:52.158186+00:00,,,585
2026-08-25,AIXI,trail_activate+2_lock+1_distance2_floor-1,reclaim,resting,STOP_LIMIT,2026-08-25T13:53:46+00:00,,1787685480000,1787687040000,2026-08-25T19:52:00+00:00,2026-08-25T19:53:58.736000+00:00,1.3,,1.287,1.326,,,,2026-08-25T19:54:07.756007+00:00,2026-08-25T19:54:07.828860+00:00,1.28,floor,-1.5384615384615397,9.09286,0.0,-1.5384615384615397,,,2026-08-25T19:54:07.756007+00:00,,38
2026-08-25,DAIC,trail_activate+1_lock+0_distance1_floor-2,first,resting,STOP_LIMIT,2026-08-25T08:14:09+00:00,,1787667780000,0,2026-08-25T15:25:00+00:00,2026-08-25T15:36:53.044000+00:00,3.2,,3.136,3.232,,,,2026-08-25T15:37:47.391787+00:00,2026-08-25T15:37:47.392648+00:00,3.13,floor,-2.187500000000009,54.348648,0.0,-2.187500000000009,,,2026-08-25T15:36:53.698035+00:00,2026-08-25T15:37:47.391787+00:00,270
2026-08-25,DAIC,trail_activate+1_lock+0_distance1_floor-2,reclaim,resting,STOP_LIMIT,2026-08-25T08:14:09+00:00,,1787667780000,1787673900000,2026-08-25T16:08:00+00:00,2026-08-25T16:10:54.265000+00:00,3.52,,3.4495999999999998,3.5552,,,,2026-08-25T16:11:11.956114+00:00,2026-08-25T16:11:11.956387+00:00,3.44,floor,-2.2727272727272747,17.691387,0.8522727272727216,-2.2727272727272747,,,2026-08-25T16:11:01.185293+00:00,2026-08-25T16:11:11.956114+00:00,248
2026-08-25,DAIC,trail_activate+1_lock+0_distance1_floor-2,reclaim,resting,STOP_LIMIT,2026-08-25T08:14:09+00:00,,1787678160000,1787680920000,2026-08-25T18:07:00+00:00,2026-08-25T18:10:24.827000+00:00,3.78,,3.7043999999999997,3.8177999999999996,,,,2026-08-25T18:11:02.581136+00:00,2026-08-25T18:11:02.786215+00:00,3.71,floor,-1.8518518518518476,37.959215,0.0,-2.1164021164021065,,,2026-08-25T18:10:29.845559+00:00,2026-08-25T18:11:02.581136+00:00,174
2026-08-25,DAIC,trail_activate+1_lock+0_distance1_floor-2,reclaim,resting,STOP_LIMIT,2026-08-25T08:14:09+00:00,,1787685240000,1787687040000,2026-08-25T19:47:00+00:00,2026-08-25T19:48:31.394000+00:00,3.94,,3.8611999999999997,3.9794,,,,2026-08-25T19:49:39.985207+00:00,2026-08-25T19:49:39.985441+00:00,3.85,floor,-2.2842639593908594,68.591441,0.7614213197969607,-2.2842639593908594,,,2026-08-25T19:48:34.422683+00:00,2026-08-25T19:49:39.985207+00:00,837
2026-08-25,DAIC,trail_activate+1_lock+0_distance2_floor-2,first,resting,STOP_LIMIT,2026-08-25T08:14:09+00:00,,1787667780000,0,2026-08-25T15:25:00+00:00,2026-08-25T15:36:53.044000+00:00,3.2,,3.136,3.232,,,,2026-08-25T15:37:47.391787+00:00,2026-08-25T15:37:47.392648+00:00,3.13,floor,-2.187500000000009,54.348648,0.0,-2.187500000000009,,,2026-08-25T15:36:53.698035+00:00,2026-08-25T15:37:47.391787+00:00,270
2026-08-25,DAIC,trail_activate+1_lock+0_distance2_floor-2,reclaim,resting,STOP_LIMIT,2026-08-25T08:14:09+00:00,,1787667780000,1787673900000,2026-08-25T16:08:00+00:00,2026-08-25T16:10:54.265000+00:00,3.52,,3.4495999999999998,3.5552,,,,2026-08-25T16:11:11.956114+00:00,2026-08-25T16:11:11.956387+00:00,3.44,floor,-2.2727272727272747,17.691387,0.8522727272727216,-2.2727272727272747,,,2026-08-25T16:11:01.185293+00:00,2026-08-25T16:11:11.956114+00:00,248
2026-08-25,DAIC,trail_activate+1_lock+0_distance2_floor-2,reclaim,resting,STOP_LIMIT,2026-08-25T08:14:09+00:00,,1787678160000,1787680920000,2026-08-25T18:07:00+00:00,2026-08-25T18:10:24.827000+00:00,3.78,,3.7043999999999997,3.8177999999999996,,,,2026-08-25T18:11:02.581136+00:00,2026-08-25T18:11:02.786215+00:00,3.71,floor,-1.8518518518518476,37.959215,0.0,-2.1164021164021065,,,2026-08-25T18:10:29.845559+00:00,2026-08-25T18:11:02.581136+00:00,174
2026-08-25,DAIC,trail_activate+1_lock+0_distance2_floor-2,reclaim,resting,STOP_LIMIT,2026-08-25T08:14:09+00:00,,1787685240000,1787687040000,2026-08-25T19:47:00+00:00,2026-08-25T19:48:31.394000+00:00,3.94,,3.8611999999999997,3.9794,,,,2026-08-25T19:49:39.985207+00:00,2026-08-25T19:49:39.985441+00:00,3.85,floor,-2.2842639593908594,68.591441,0.7614213197969607,-2.2842639593908594,,,2026-08-25T19:48:34.422683+00:00,2026-08-25T19:49:39.985207+00:00,837
2026-08-25,DAIC,trail_activate+2_lock+1_distance1_floor-2,first,resting,STOP_LIMIT,2026-08-25T08:14:09+00:00,,1787667780000,0,2026-08-25T15:25:00+00:00,2026-08-25T15:36:53.044000+00:00,3.2,,3.136,3.2640000000000002,,,,2026-08-25T15:37:47.391787+00:00,2026-08-25T15:37:47.392648+00:00,3.13,floor,-2.187500000000009,54.348648,0.0,-2.187500000000009,,,2026-08-25T15:36:53.698035+00:00,2026-08-25T15:37:47.391787+00:00,270
2026-08-25,DAIC,trail_activate+2_lock+1_distance1_floor-2,reclaim,resting,STOP_LIMIT,2026-08-25T08:14:09+00:00,,1787667780000,1787673900000,2026-08-25T16:08:00+00:00,2026-08-25T16:10:54.265000+00:00,3.52,,3.4495999999999998,3.5904000000000003,,,,2026-08-25T16:11:11.956114+00:00,2026-08-25T16:11:11.956387+00:00,3.44,floor,-2.2727272727272747,17.691387,0.8522727272727216,-2.2727272727272747,,,2026-08-25T16:11:01.185293+00:00,2026-08-25T16:11:11.956114+00:00,248
2026-08-25,DAIC,trail_activate+2_lock+1_distance1_floor-2,reclaim,resting,STOP_LIMIT,2026-08-25T08:14:09+00:00,,1787678160000,1787680920000,2026-08-25T18:07:00+00:00,2026-08-25T18:10:24.827000+00:00,3.78,,3.7043999999999997,3.8556,,,,2026-08-25T18:11:02.581136+00:00,2026-08-25T18:11:02.786215+00:00,3.71,floor,-1.8518518518518476,37.959215,0.0,-2.1164021164021065,,,2026-08-25T18:10:29.845559+00:00,2026-08-25T18:11:02.581136+00:00,174
2026-08-25,DAIC,trail_activate+2_lock+1_distance1_floor-2,reclaim,resting,STOP_LIMIT,2026-08-25T08:14:09+00:00,,1787685240000,1787687040000,2026-08-25T19:47:00+00:00,2026-08-25T19:48:31.394000+00:00,3.94,,3.8611999999999997,4.0188,,,,2026-08-25T19:49:39.985207+00:00,2026-08-25T19:49:39.985441+00:00,3.85,floor,-2.2842639593908594,68.591441,0.7614213197969607,-2.2842639593908594,,,2026-08-25T19:48:34.422683+00:00,2026-08-25T19:49:39.985207+00:00,837
2026-08-25,DAIC,trail_activate+2_lock+1_distance2_floor-2,first,resting,STOP_LIMIT,2026-08-25T08:14:09+00:00,,1787667780000,0,2026-08-25T15:25:00+00:00,2026-08-25T15:36:53.044000+00:00,3.2,,3.136,3.2640000000000002,,,,2026-08-25T15:37:47.391787+00:00,2026-08-25T15:37:47.392648+00:00,3.13,floor,-2.187500000000009,54.348648,0.0,-2.187500000000009,,,2026-08-25T15:36:53.698035+00:00,2026-08-25T15:37:47.391787+00:00,270
2026-08-25,DAIC,trail_activate+2_lock+1_distance2_floor-2,reclaim,resting,STOP_LIMIT,2026-08-25T08:14:09+00:00,,1787667780000,1787673900000,2026-08-25T16:08:00+00:00,2026-08-25T16:10:54.265000+00:00,3.52,,3.4495999999999998,3.5904000000000003,,,,2026-08-25T16:11:11.956114+00:00,2026-08-25T16:11:11.956387+00:00,3.44,floor,-2.2727272727272747,17.691387,0.8522727272727216,-2.2727272727272747,,,2026-08-25T16:11:01.185293+00:00,2026-08-25T16:11:11.956114+00:00,248
2026-08-25,DAIC,trail_activate+2_lock+1_distance2_floor-2,reclaim,resting,STOP_LIMIT,2026-08-25T08:14:09+00:00,,1787678160000,1787680920000,2026-08-25T18:07:00+00:00,2026-08-25T18:10:24.827000+00:00,3.78,,3.7043999999999997,3.8556,,,,2026-08-25T18:11:02.581136+00:00,2026-08-25T18:11:02.786215+00:00,3.71,floor,-1.8518518518518476,37.959215,0.0,-2.1164021164021065,,,2026-08-25T18:10:29.845559+00:00,2026-08-25T18:11:02.581136+00:00,174
2026-08-25,DAIC,trail_activate+2_lock+1_distance2_floor-2,reclaim,resting,STOP_LIMIT,2026-08-25T08:14:09+00:00,,1787685240000,1787687040000,2026-08-25T19:47:00+00:00,2026-08-25T19:48:31.394000+00:00,3.94,,3.8611999999999997,4.0188,,,,2026-08-25T19:49:39.985207+00:00,2026-08-25T19:49:39.985441+00:00,3.85,floor,-2.2842639593908594,68.591441,0.7614213197969607,-2.2842639593908594,,,2026-08-25T19:48:34.422683+00:00,2026-08-25T19:49:39.985207+00:00,837
2026-08-25,DAIC,trail_activate+1_lock+0_distance1_floor-1,first,resting,STOP_LIMIT,2026-08-25T08:14:09+00:00,,1787667780000,0,2026-08-25T15:25:00+00:00,2026-08-25T15:36:53.044000+00:00,3.2,,3.168,3.232,,,,2026-08-25T15:36:53.698035+00:00,2026-08-25T15:36:53.698422+00:00,3.16,floor,-1.250000000000001,0.654422,0.0,-1.250000000000001,,,2026-08-25T15:36:53.698035+00:00,,3
2026-08-25,DAIC,trail_activate+1_lock+0_distance1_floor-1,reclaim,resting,STOP_LIMIT,2026-08-25T08:14:09+00:00,,1787667780000,1787673900000,2026-08-25T16:08:00+00:00,2026-08-25T16:10:54.265000+00:00,3.52,,3.4848,3.5552,,,,2026-08-25T16:11:01.185293+00:00,2026-08-25T16:11:01.185562+00:00,3.48,floor,-1.1363636363636374,6.920562,0.0,-1.1363636363636374,,,2026-08-25T16:11:01.185293+00:00,,58
2026-08-25,DAIC,trail_activate+1_lock+0_distance1_floor-1,reclaim,resting,STOP_LIMIT,2026-08-25T08:14:09+00:00,,1787678160000,1787680920000,2026-08-25T18:07:00+00:00,2026-08-25T18:10:24.827000+00:00,3.78,,3.7422,3.8177999999999996,,,,2026-08-25T18:10:29.845559+00:00,2026-08-25T18:10:31.278188+00:00,3.74,floor,-1.0582010582010475,6.451188,0.0,-1.0582010582010475,,,2026-08-25T18:10:29.845559+00:00,,80
2026-08-25,DAIC,trail_activate+1_lock+0_distance1_floor-1,reclaim,resting,STOP_LIMIT,2026-08-25T08:14:09+00:00,,1787685240000,1787687040000,2026-08-25T19:47:00+00:00,2026-08-25T19:48:31.394000+00:00,3.94,,3.9006,3.9794,,,,2026-08-25T19:48:34.422683+00:00,2026-08-25T19:48:34.423044+00:00,3.9,floor,-1.0152284263959401,3.029044,0.0,-1.0152284263959401,,,2026-08-25T19:48:34.422683+00:00,,31
2026-08-25,DAIC,trail_activate+1_lock+0_distance2_floor-1,first,resting,STOP_LIMIT,2026-08-25T08:14:09+00:00,,1787667780000,0,2026-08-25T15:25:00+00:00,2026-08-25T15:36:53.044000+00:00,3.2,,3.168,3.232,,,,2026-08-25T15:36:53.698035+00:00,2026-08-25T15:36:53.698422+00:00,3.16,floor,-1.250000000000001,0.654422,0.0,-1.250000000000001,,,2026-08-25T15:36:53.698035+00:00,,3
2026-08-25,DAIC,trail_activate+1_lock+0_distance2_floor-1,reclaim,resting,STOP_LIMIT,2026-08-25T08:14:09+00:00,,1787667780000,1787673900000,2026-08-25T16:08:00+00:00,2026-08-25T16:10:54.265000+00:00,3.52,,3.4848,3.5552,,,,2026-08-25T16:11:01.185293+00:00,2026-08-25T16:11:01.185562+00:00,3.48,floor,-1.1363636363636374,6.920562,0.0,-1.1363636363636374,,,2026-08-25T16:11:01.185293+00:00,,58
2026-08-25,DAIC,trail_activate+1_lock+0_distance2_floor-1,reclaim,resting,STOP_LIMIT,2026-08-25T08:14:09+00:00,,1787678160000,1787680920000,2026-08-25T18:07:00+00:00,2026-08-25T18:10:24.827000+00:00,3.78,,3.7422,3.8177999999999996,,,,2026-08-25T18:10:29.845559+00:00,2026-08-25T18:10:31.278188+00:00,3.74,floor,-1.0582010582010475,6.451188,0.0,-1.0582010582010475,,,2026-08-25T18:10:29.845559+00:00,,80
2026-08-25,DAIC,trail_activate+1_lock+0_distance2_floor-1,reclaim,resting,STOP_LIMIT,2026-08-25T08:14:09+00:00,,1787685240000,1787687040000,2026-08-25T19:47:00+00:00,2026-08-25T19:48:31.394000+00:00,3.94,,3.9006,3.9794,,,,2026-08-25T19:48:34.422683+00:00,2026-08-25T19:48:34.423044+00:00,3.9,floor,-1.0152284263959401,3.029044,0.0,-1.0152284263959401,,,2026-08-25T19:48:34.422683+00:00,,31
2026-08-25,DAIC,trail_activate+2_lock+1_distance1_floor-1,first,resting,STOP_LIMIT,2026-08-25T08:14:09+00:00,,1787667780000,0,2026-08-25T15:25:00+00:00,2026-08-25T15:36:53.044000+00:00,3.2,,3.168,3.2640000000000002,,,,2026-08-25T15:36:53.698035+00:00,2026-08-25T15:36:53.698422+00:00,3.16,floor,-1.250000000000001,0.654422,0.0,-1.250000000000001,,,2026-08-25T15:36:53.698035+00:00,,3
2026-08-25,DAIC,trail_activate+2_lock+1_distance1_floor-1,reclaim,resting,STOP_LIMIT,2026-08-25T08:14:09+00:00,,1787667780000,1787673900000,2026-08-25T16:08:00+00:00,2026-08-25T16:10:54.265000+00:00,3.52,,3.4848,3.5904000000000003,,,,2026-08-25T16:11:01.185293+00:00,2026-08-25T16:11:01.185562+00:00,3.48,floor,-1.1363636363636374,6.920562,0.0,-1.1363636363636374,,,2026-08-25T16:11:01.185293+00:00,,58
2026-08-25,DAIC,trail_activate+2_lock+1_distance1_floor-1,reclaim,resting,STOP_LIMIT,2026-08-25T08:14:09+00:00,,1787678160000,1787680920000,2026-08-25T18:07:00+00:00,2026-08-25T18:10:24.827000+00:00,3.78,,3.7422,3.8556,,,,2026-08-25T18:10:29.845559+00:00,2026-08-25T18:10:31.278188+00:00,3.74,floor,-1.0582010582010475,6.451188,0.0,-1.0582010582010475,,,2026-08-25T18:10:29.845559+00:00,,80
2026-08-25,DAIC,trail_activate+2_lock+1_distance1_floor-1,reclaim,resting,STOP_LIMIT,2026-08-25T08:14:09+00:00,,1787685240000,1787687040000,2026-08-25T19:47:00+00:00,2026-08-25T19:48:31.394000+00:00,3.94,,3.9006,4.0188,,,,2026-08-25T19:48:34.422683+00:00,2026-08-25T19:48:34.423044+00:00,3.9,floor,-1.0152284263959401,3.029044,0.0,-1.0152284263959401,,,2026-08-25T19:48:34.422683+00:00,,31
2026-08-25,DAIC,trail_activate+2_lock+1_distance2_floor-1,first,resting,STOP_LIMIT,2026-08-25T08:14:09+00:00,,1787667780000,0,2026-08-25T15:25:00+00:00,2026-08-25T15:36:53.044000+00:00,3.2,,3.168,3.2640000000000002,,,,2026-08-25T15:36:53.698035+00:00,2026-08-25T15:36:53.698422+00:00,3.16,floor,-1.250000000000001,0.654422,0.0,-1.250000000000001,,,2026-08-25T15:36:53.698035+00:00,,3
2026-08-25,DAIC,trail_activate+2_lock+1_distance2_floor-1,reclaim,resting,STOP_LIMIT,2026-08-25T08:14:09+00:00,,1787667780000,1787673900000,2026-08-25T16:08:00+00:00,2026-08-25T16:10:54.265000+00:00,3.52,,3.4848,3.5904000000000003,,,,2026-08-25T16:11:01.185293+00:00,2026-08-25T16:11:01.185562+00:00,3.48,floor,-1.1363636363636374,6.920562,0.0,-1.1363636363636374,,,2026-08-25T16:11:01.185293+00:00,,58
2026-08-25,DAIC,trail_activate+2_lock+1_distance2_floor-1,reclaim,resting,STOP_LIMIT,2026-08-25T08:14:09+00:00,,1787678160000,1787680920000,2026-08-25T18:07:00+00:00,2026-08-25T18:10:24.827000+00:00,3.78,,3.7422,3.8556,,,,2026-08-25T18:10:29.845559+00:00,2026-08-25T18:10:31.278188+00:00,3.74,floor,-1.0582010582010475,6.451188,0.0,-1.0582010582010475,,,2026-08-25T18:10:29.845559+00:00,,80
2026-08-25,DAIC,trail_activate+2_lock+1_distance2_floor-1,reclaim,resting,STOP_LIMIT,2026-08-25T08:14:09+00:00,,1787685240000,1787687040000,2026-08-25T19:47:00+00:00,2026-08-25T19:48:31.394000+00:00,3.94,,3.9006,4.0188,,,,2026-08-25T19:48:34.422683+00:00,2026-08-25T19:48:34.423044+00:00,3.9,floor,-1.0152284263959401,3.029044,0.0,-1.0152284263959401,,,2026-08-25T19:48:34.422683+00:00,,31
2026-08-25,PMI,trail_activate+1_lock+0_distance1_floor-2,first,resting,STOP_LIMIT,2026-08-25T13:55:55+00:00,,1787670240000,0,2026-08-25T16:18:00+00:00,2026-08-25T16:19:28.916000+00:00,7.69,,7.5362,7.766900000000001,2026-08-25T16:23:19.338286+00:00,7.83,7.7517,2026-08-25T16:23:21.491626+00:00,2026-08-25T16:23:23.980792+00:00,7.77,trail,1.0403120936280776,235.064792,1.8205461638491505,-1.1703511053316091,2026-08-25T16:23:19.338286+00:00,,2026-08-25T16:19:51.647504+00:00,,204
2026-08-25,PMI,trail_activate+1_lock+0_distance1_floor-2,reclaim,resting,STOP_LIMIT,2026-08-25T13:55:55+00:00,,1787670240000,1787674800000,2026-08-25T16:24:00+00:00,2026-08-25T16:24:30.693000+00:00,7.88,,7.7223999999999995,7.9588,2026-08-25T16:25:07.922139+00:00,7.99,7.9101,2026-08-25T16:25:11.642497+00:00,2026-08-25T16:25:11.645121+00:00,7.87,trail,-0.12690355329948969,40.952121,1.3959390862944203,-0.7614213197969494,2026-08-25T16:25:07.922139+00:00,,,,105
2026-08-25,PMI,trail_activate+1_lock+0_distance1_floor-2,first,resting,STOP_LIMIT,2026-08-25T13:55:55+00:00,,1787681880000,0,2026-08-25T18:25:00+00:00,2026-08-25T18:39:19.411000+00:00,9.7,,9.505999999999998,9.796999999999999,,,,2026-08-25T18:40:23.526189+00:00,2026-08-25T18:40:23.528457+00:00,9.54,floor,-1.6494845360824757,64.117457,0.0,-2.0618556701030855,,,2026-08-25T18:39:43.366847+00:00,2026-08-25T18:40:23.526189+00:00,131
2026-08-25,PMI,trail_activate+1_lock+0_distance1_floor-2,reclaim,resting,STOP_LIMIT,2026-08-25T13:55:55+00:00,,1787681880000,1787683200000,2026-08-25T18:43:00+00:00,2026-08-25T18:49:43.081000+00:00,9.9,,9.702,9.999,,,,2026-08-25T18:49:47.647888+00:00,2026-08-25T18:49:47.670542+00:00,9.65,floor,-2.525252525252525,4.589542,0.0,-2.525252525252525,,,2026-08-25T18:49:47.487303+00:00,2026-08-25T18:49:47.647888+00:00,18
2026-08-25,PMI,trail_activate+1_lock+0_distance2_floor-2,first,resting,STOP_LIMIT,2026-08-25T13:55:55+00:00,,1787670240000,0,2026-08-25T16:18:00+00:00,2026-08-25T16:19:28.916000+00:00,7.69,,7.5362,7.766900000000001,2026-08-25T16:23:19.338286+00:00,7.99,7.8302000000000005,2026-08-25T16:26:10.335567+00:00,2026-08-25T16:26:10.335778+00:00,7.82,trail,1.6905071521456423,401.419778,3.9011703511053293,-1.1703511053316091,2026-08-25T16:23:19.338286+00:00,2026-08-25T16:24:30.223935+00:00,2026-08-25T16:19:51.647504+00:00,,442
2026-08-25,PMI,trail_activate+1_lock+0_distance2_floor-2,reclaim,resting,STOP_LIMIT,2026-08-25T13:55:55+00:00,,1787670240000,1787674800000,2026-08-25T16:27:00+00:00,2026-08-25T16:28:13.797000+00:00,8.05,,7.889,8.130500000000001,,,,2026-08-25T16:30:23.749758+00:00,2026-08-25T16:30:23.754351+00:00,7.82,floor,-2.857142857142862,129.957351,0.8695652173912858,-2.857142857142862,,,2026-08-25T16:30:18.994825+00:00,2026-08-25T16:30:23.749758+00:00,235
2026-08-25,PMI,trail_activate+1_lock+0_distance2_floor-2,first,resting,STOP_LIMIT,2026-08-25T13:55:55+00:00,,1787681880000,0,2026-08-25T18:25:00+00:00,2026-08-25T18:39:19.411000+00:00,9.7,,9.505999999999998,9.796999999999999,,,,2026-08-25T18:40:23.526189+00:00,2026-08-25T18:40:23.528457+00:00,9.54,floor,-1.6494845360824757,64.117457,0.0,-2.0618556701030855,,,2026-08-25T18:39:43.366847+00:00,2026-08-25T18:40:23.526189+00:00,131
2026-08-25,PMI,trail_activate+1_lock+0_distance2_floor-2,reclaim,resting,STOP_LIMIT,2026-08-25T13:55:55+00:00,,1787681880000,1787683200000,2026-08-25T18:43:00+00:00,2026-08-25T18:49:43.081000+00:00,9.9,,9.702,9.999,,,,2026-08-25T18:49:47.647888+00:00,2026-08-25T18:49:47.670542+00:00,9.65,floor,-2.525252525252525,4.589542,0.0,-2.525252525252525,,,2026-08-25T18:49:47.487303+00:00,2026-08-25T18:49:47.647888+00:00,18
2026-08-25,PMI,trail_activate+2_lock+1_distance1_floor-2,first,resting,STOP_LIMIT,2026-08-25T13:55:55+00:00,,1787670240000,0,2026-08-25T16:18:00+00:00,2026-08-25T16:19:28.916000+00:00,7.69,,7.5362,7.843800000000001,2026-08-25T16:24:30.223935+00:00,7.9,7.821000000000001,2026-08-25T16:24:43.634970+00:00,2026-08-25T16:24:43.899336+00:00,7.82,trail,1.6905071521456423,314.983336,2.7308192457737315,-1.1703511053316091,2026-08-25T16:23:19.338286+00:00,2026-08-25T16:24:30.223935+00:00,2026-08-25T16:19:51.647504+00:00,,287
2026-08-25,PMI,trail_activate+2_lock+1_distance1_floor-2,reclaim,reactive,market,2026-08-25T13:55:55+00:00,,1787670240000,1787674800000,2026-08-25T16:24:56.831000+00:00,2026-08-25T16:24:56.831000+00:00,7.92,,7.7616,8.0784,,,,2026-08-25T16:26:11.620427+00:00,2026-08-25T16:26:11.869952+00:00,7.76,floor,-2.020202020202022,75.038952,0.8838383838383874,-2.020202020202022,,,2026-08-25T16:26:10.335567+00:00,2026-08-25T16:26:11.620427+00:00,148
2026-08-25,PMI,trail_activate+2_lock+1_distance1_floor-2,first,resting,STOP_LIMIT,2026-08-25T13:55:55+00:00,,1787681880000,0,2026-08-25T18:25:00+00:00,2026-08-25T18:39:19.411000+00:00,9.7,,9.505999999999998,9.894,,,,2026-08-25T18:40:23.526189+00:00,2026-08-25T18:40:23.528457+00:00,9.54,floor,-1.6494845360824757,64.117457,0.0,-2.0618556701030855,,,2026-08-25T18:39:43.366847+00:00,2026-08-25T18:40:23.526189+00:00,131
2026-08-25,PMI,trail_activate+2_lock+1_distance1_floor-2,reclaim,resting,STOP_LIMIT,2026-08-25T13:55:55+00:00,,1787681880000,1787683200000,2026-08-25T18:43:00+00:00,2026-08-25T18:49:43.081000+00:00,9.9,,9.702,10.098,,,,2026-08-25T18:49:47.647888+00:00,2026-08-25T18:49:47.670542+00:00,9.65,floor,-2.525252525252525,4.589542,0.0,-2.525252525252525,,,2026-08-25T18:49:47.487303+00:00,2026-08-25T18:49:47.647888+00:00,18
2026-08-25,PMI,trail_activate+2_lock+1_distance2_floor-2,first,resting,STOP_LIMIT,2026-08-25T13:55:55+00:00,,1787670240000,0,2026-08-25T16:18:00+00:00,2026-08-25T16:19:28.916000+00:00,7.69,,7.5362,7.843800000000001,2026-08-25T16:24:30.223935+00:00,7.99,7.8302000000000005,2026-08-25T16:26:10.335567+00:00,2026-08-25T16:26:10.335778+00:00,7.82,trail,1.6905071521456423,401.419778,3.9011703511053293,-1.1703511053316091,2026-08-25T16:23:19.338286+00:00,2026-08-25T16:24:30.223935+00:00,2026-08-25T16:19:51.647504+00:00,,442
2026-08-25,PMI,trail_activate+2_lock+1_distance2_floor-2,reclaim,resting,STOP_LIMIT,2026-08-25T13:55:55+00:00,,1787670240000,1787674800000,2026-08-25T16:27:00+00:00,2026-08-25T16:28:13.797000+00:00,8.05,,7.889,8.211,,,,2026-08-25T16:30:23.749758+00:00,2026-08-25T16:30:23.754351+00:00,7.82,floor,-2.857142857142862,129.957351,0.8695652173912858,-2.857142857142862,,,2026-08-25T16:30:18.994825+00:00,2026-08-25T16:30:23.749758+00:00,235
2026-08-25,PMI,trail_activate+2_lock+1_distance2_floor-2,first,resting,STOP_LIMIT,2026-08-25T13:55:55+00:00,,1787681880000,0,2026-08-25T18:25:00+00:00,2026-08-25T18:39:19.411000+00:00,9.7,,9.505999999999998,9.894,,,,2026-08-25T18:40:23.526189+00:00,2026-08-25T18:40:23.528457+00:00,9.54,floor,-1.6494845360824757,64.117457,0.0,-2.0618556701030855,,,2026-08-25T18:39:43.366847+00:00,2026-08-25T18:40:23.526189+00:00,131
2026-08-25,PMI,trail_activate+2_lock+1_distance2_floor-2,reclaim,resting,STOP_LIMIT,2026-08-25T13:55:55+00:00,,1787681880000,1787683200000,2026-08-25T18:43:00+00:00,2026-08-25T18:49:43.081000+00:00,9.9,,9.702,10.098,,,,2026-08-25T18:49:47.647888+00:00,2026-08-25T18:49:47.670542+00:00,9.65,floor,-2.525252525252525,4.589542,0.0,-2.525252525252525,,,2026-08-25T18:49:47.487303+00:00,2026-08-25T18:49:47.647888+00:00,18
2026-08-25,PMI,trail_activate+1_lock+0_distance1_floor-1,first,resting,STOP_LIMIT,2026-08-25T13:55:55+00:00,,1787670240000,0,2026-08-25T16:18:00+00:00,2026-08-25T16:19:28.916000+00:00,7.69,,7.6131,7.766900000000001,,,,2026-08-25T16:19:51.647504+00:00,2026-08-25T16:19:56.173443+00:00,7.6,floor,-1.1703511053316091,27.257443,0.0,-1.1703511053316091,,,2026-08-25T16:19:51.647504+00:00,,36
2026-08-25,PMI,trail_activate+1_lock+0_distance1_floor-1,reclaim,resting,STOP_LIMIT,2026-08-25T13:55:55+00:00,,1787670240000,1787674800000,2026-08-25T16:23:00+00:00,2026-08-25T16:23:19.287000+00:00,7.86,,7.7814000000000005,7.9386,,,,2026-08-25T16:23:19.290820+00:00,2026-08-25T16:23:19.302568+00:00,7.76,floor,-1.2722646310432637,0.015568,0.0,-1.2722646310432637,,,2026-08-25T16:23:19.290820+00:00,,2
2026-08-25,PMI,trail_activate+1_lock+0_distance1_floor-1,first,resting,STOP_LIMIT,2026-08-25T13:55:55+00:00,,1787681880000,0,2026-08-25T18:25:00+00:00,2026-08-25T18:39:19.411000+00:00,9.7,,9.603,9.796999999999999,,,,2026-08-25T18:39:43.366847+00:00,2026-08-25T18:39:43.367094+00:00,9.6,floor,-1.0309278350515427,23.956094,0.0,-1.0309278350515427,,,2026-08-25T18:39:43.366847+00:00,,69
2026-08-25,PMI,trail_activate+1_lock+0_distance1_floor-1,reclaim,resting,STOP_LIMIT,2026-08-25T13:55:55+00:00,,1787681880000,1787683200000,2026-08-25T18:43:00+00:00,2026-08-25T18:49:43.081000+00:00,9.9,,9.801,9.999,,,,2026-08-25T18:49:47.487303+00:00,2026-08-25T18:49:47.493247+00:00,9.79,floor,-1.1111111111111234,4.412247,0.0,-1.1111111111111234,,,2026-08-25T18:49:47.487303+00:00,,11
2026-08-25,PMI,trail_activate+1_lock+0_distance2_floor-1,first,resting,STOP_LIMIT,2026-08-25T13:55:55+00:00,,1787670240000,0,2026-08-25T16:18:00+00:00,2026-08-25T16:19:28.916000+00:00,7.69,,7.6131,7.766900000000001,,,,2026-08-25T16:19:51.647504+00:00,2026-08-25T16:19:56.173443+00:00,7.6,floor,-1.1703511053316091,27.257443,0.0,-1.1703511053316091,,,2026-08-25T16:19:51.647504+00:00,,36
2026-08-25,PMI,trail_activate+1_lock+0_distance2_floor-1,reclaim,resting,STOP_LIMIT,2026-08-25T13:55:55+00:00,,1787670240000,1787674800000,2026-08-25T16:23:00+00:00,2026-08-25T16:23:19.287000+00:00,7.86,,7.7814000000000005,7.9386,,,,2026-08-25T16:23:19.290820+00:00,2026-08-25T16:23:19.302568+00:00,7.76,floor,-1.2722646310432637,0.015568,0.0,-1.2722646310432637,,,2026-08-25T16:23:19.290820+00:00,,2
2026-08-25,PMI,trail_activate+1_lock+0_distance2_floor-1,first,resting,STOP_LIMIT,2026-08-25T13:55:55+00:00,,1787681880000,0,2026-08-25T18:25:00+00:00,2026-08-25T18:39:19.411000+00:00,9.7,,9.603,9.796999999999999,,,,2026-08-25T18:39:43.366847+00:00,2026-08-25T18:39:43.367094+00:00,9.6,floor,-1.0309278350515427,23.956094,0.0,-1.0309278350515427,,,2026-08-25T18:39:43.366847+00:00,,69
2026-08-25,PMI,trail_activate+1_lock+0_distance2_floor-1,reclaim,resting,STOP_LIMIT,2026-08-25T13:55:55+00:00,,1787681880000,1787683200000,2026-08-25T18:43:00+00:00,2026-08-25T18:49:43.081000+00:00,9.9,,9.801,9.999,,,,2026-08-25T18:49:47.487303+00:00,2026-08-25T18:49:47.493247+00:00,9.79,floor,-1.1111111111111234,4.412247,0.0,-1.1111111111111234,,,2026-08-25T18:49:47.487303+00:00,,11
2026-08-25,PMI,trail_activate+2_lock+1_distance1_floor-1,first,resting,STOP_LIMIT,2026-08-25T13:55:55+00:00,,1787670240000,0,2026-08-25T16:18:00+00:00,2026-08-25T16:19:28.916000+00:00,7.69,,7.6131,7.843800000000001,,,,2026-08-25T16:19:51.647504+00:00,2026-08-25T16:19:56.173443+00:00,7.6,floor,-1.1703511053316091,27.257443,0.0,-1.1703511053316091,,,2026-08-25T16:19:51.647504+00:00,,36
2026-08-25,PMI,trail_activate+2_lock+1_distance1_floor-1,reclaim,resting,STOP_LIMIT,2026-08-25T13:55:55+00:00,,1787670240000,1787674800000,2026-08-25T16:23:00+00:00,2026-08-25T16:23:19.287000+00:00,7.86,,7.7814000000000005,8.0172,,,,2026-08-25T16:23:19.290820+00:00,2026-08-25T16:23:19.302568+00:00,7.76,floor,-1.2722646310432637,0.015568,0.0,-1.2722646310432637,,,2026-08-25T16:23:19.290820+00:00,,2
2026-08-25,PMI,trail_activate+2_lock+1_distance1_floor-1,first,resting,STOP_LIMIT,2026-08-25T13:55:55+00:00,,1787681880000,0,2026-08-25T18:25:00+00:00,2026-08-25T18:39:19.411000+00:00,9.7,,9.603,9.894,,,,2026-08-25T18:39:43.366847+00:00,2026-08-25T18:39:43.367094+00:00,9.6,floor,-1.0309278350515427,23.956094,0.0,-1.0309278350515427,,,2026-08-25T18:39:43.366847+00:00,,69
2026-08-25,PMI,trail_activate+2_lock+1_distance1_floor-1,reclaim,resting,STOP_LIMIT,2026-08-25T13:55:55+00:00,,1787681880000,1787683200000,2026-08-25T18:43:00+00:00,2026-08-25T18:49:43.081000+00:00,9.9,,9.801,10.098,,,,2026-08-25T18:49:47.487303+00:00,2026-08-25T18:49:47.493247+00:00,9.79,floor,-1.1111111111111234,4.412247,0.0,-1.1111111111111234,,,2026-08-25T18:49:47.487303+00:00,,11
2026-08-25,PMI,trail_activate+2_lock+1_distance2_floor-1,first,resting,STOP_LIMIT,2026-08-25T13:55:55+00:00,,1787670240000,0,2026-08-25T16:18:00+00:00,2026-08-25T16:19:28.916000+00:00,7.69,,7.6131,7.843800000000001,,,,2026-08-25T16:19:51.647504+00:00,2026-08-25T16:19:56.173443+00:00,7.6,floor,-1.1703511053316091,27.257443,0.0,-1.1703511053316091,,,2026-08-25T16:19:51.647504+00:00,,36
2026-08-25,PMI,trail_activate+2_lock+1_distance2_floor-1,reclaim,resting,STOP_LIMIT,2026-08-25T13:55:55+00:00,,1787670240000,1787674800000,2026-08-25T16:23:00+00:00,2026-08-25T16:23:19.287000+00:00,7.86,,7.7814000000000005,8.0172,,,,2026-08-25T16:23:19.290820+00:00,2026-08-25T16:23:19.302568+00:00,7.76,floor,-1.2722646310432637,0.015568,0.0,-1.2722646310432637,,,2026-08-25T16:23:19.290820+00:00,,2
2026-08-25,PMI,trail_activate+2_lock+1_distance2_floor-1,first,resting,STOP_LIMIT,2026-08-25T13:55:55+00:00,,1787681880000,0,2026-08-25T18:25:00+00:00,2026-08-25T18:39:19.411000+00:00,9.7,,9.603,9.894,,,,2026-08-25T18:39:43.366847+00:00,2026-08-25T18:39:43.367094+00:00,9.6,floor,-1.0309278350515427,23.956094,0.0,-1.0309278350515427,,,2026-08-25T18:39:43.366847+00:00,,69
2026-08-25,PMI,trail_activate+2_lock+1_distance2_floor-1,reclaim,resting,STOP_LIMIT,2026-08-25T13:55:55+00:00,,1787681880000,1787683200000,2026-08-25T18:43:00+00:00,2026-08-25T18:49:43.081000+00:00,9.9,,9.801,10.098,,,,2026-08-25T18:49:47.487303+00:00,2026-08-25T18:49:47.493247+00:00,9.79,floor,-1.1111111111111234,4.412247,0.0,-1.1111111111111234,,,2026-08-25T18:49:47.487303+00:00,,11
2026-08-25,WVVIP,trail_activate+1_lock+0_distance1_floor-2,reclaim,resting,STOP_LIMIT,2026-08-25T13:42:51+00:00,2026-08-25T18:24:39.041000+00:00,1787667360000,1787673240000,2026-08-25T15:59:00+00:00,2026-08-25T15:59:03.415000+00:00,6.0,,5.88,6.0600000000000005,2026-08-25T15:59:28.557750+00:00,6.17,6.1083,2026-08-25T15:59:35.272772+00:00,2026-08-25T15:59:35.273521+00:00,6.01,trail,0.16666666666666313,31.858521,2.833333333333332,-1.6666666666666607,2026-08-25T15:59:28.557750+00:00,2026-08-25T15:59:29.100310+00:00,2026-08-25T15:59:13.416318+00:00,,126
2026-08-25,WVVIP,trail_activate+1_lock+0_distance2_floor-2,reclaim,resting,STOP_LIMIT,2026-08-25T13:42:51+00:00,2026-08-25T18:24:39.041000+00:00,1787667360000,1787673240000,2026-08-25T15:59:00+00:00,2026-08-25T15:59:03.415000+00:00,6.0,,5.88,6.0600000000000005,2026-08-25T15:59:28.557750+00:00,6.17,6.0466,2026-08-25T15:59:35.272772+00:00,2026-08-25T15:59:35.273521+00:00,6.01,trail,0.16666666666666313,31.858521,2.833333333333332,-1.6666666666666607,2026-08-25T15:59:28.557750+00:00,2026-08-25T15:59:29.100310+00:00,2026-08-25T15:59:13.416318+00:00,,126
2026-08-25,WVVIP,trail_activate+2_lock+1_distance1_floor-2,reclaim,resting,STOP_LIMIT,2026-08-25T13:42:51+00:00,2026-08-25T18:24:39.041000+00:00,1787667360000,1787673240000,2026-08-25T15:59:00+00:00,2026-08-25T15:59:03.415000+00:00,6.0,,5.88,6.12,2026-08-25T15:59:29.100310+00:00,6.17,6.1083,2026-08-25T15:59:35.272772+00:00,2026-08-25T15:59:35.273521+00:00,6.01,trail,0.16666666666666313,31.858521,2.833333333333332,-1.6666666666666607,2026-08-25T15:59:28.557750+00:00,2026-08-25T15:59:29.100310+00:00,2026-08-25T15:59:13.416318+00:00,,126
2026-08-25,WVVIP,trail_activate+2_lock+1_distance2_floor-2,reclaim,resting,STOP_LIMIT,2026-08-25T13:42:51+00:00,2026-08-25T18:24:39.041000+00:00,1787667360000,1787673240000,2026-08-25T15:59:00+00:00,2026-08-25T15:59:03.415000+00:00,6.0,,5.88,6.12,2026-08-25T15:59:29.100310+00:00,6.17,6.0600000000000005,2026-08-25T15:59:35.272772+00:00,2026-08-25T15:59:35.273521+00:00,6.01,trail,0.16666666666666313,31.858521,2.833333333333332,-1.6666666666666607,2026-08-25T15:59:28.557750+00:00,2026-08-25T15:59:29.100310+00:00,2026-08-25T15:59:13.416318+00:00,,126
2026-08-25,WVVIP,trail_activate+1_lock+0_distance1_floor-1,reclaim,resting,STOP_LIMIT,2026-08-25T13:42:51+00:00,2026-08-25T18:24:39.041000+00:00,1787667360000,1787673240000,2026-08-25T15:59:00+00:00,2026-08-25T15:59:03.415000+00:00,6.0,,5.9399999999999995,6.0600000000000005,,,,2026-08-25T15:59:13.416318+00:00,2026-08-25T15:59:14.458824+00:00,5.93,floor,-1.1666666666666714,11.043824,0.0,-1.1666666666666714,,,2026-08-25T15:59:13.416318+00:00,,25
2026-08-25,WVVIP,trail_activate+1_lock+0_distance2_floor-1,reclaim,resting,STOP_LIMIT,2026-08-25T13:42:51+00:00,2026-08-25T18:24:39.041000+00:00,1787667360000,1787673240000,2026-08-25T15:59:00+00:00,2026-08-25T15:59:03.415000+00:00,6.0,,5.9399999999999995,6.0600000000000005,,,,2026-08-25T15:59:13.416318+00:00,2026-08-25T15:59:14.458824+00:00,5.93,floor,-1.1666666666666714,11.043824,0.0,-1.1666666666666714,,,2026-08-25T15:59:13.416318+00:00,,25
2026-08-25,WVVIP,trail_activate+2_lock+1_distance1_floor-1,reclaim,resting,STOP_LIMIT,2026-08-25T13:42:51+00:00,2026-08-25T18:24:39.041000+00:00,1787667360000,1787673240000,2026-08-25T15:59:00+00:00,2026-08-25T15:59:03.415000+00:00,6.0,,5.9399999999999995,6.12,,,,2026-08-25T15:59:13.416318+00:00,2026-08-25T15:59:14.458824+00:00,5.93,floor,-1.1666666666666714,11.043824,0.0,-1.1666666666666714,,,2026-08-25T15:59:13.416318+00:00,,25
2026-08-25,WVVIP,trail_activate+2_lock+1_distance2_floor-1,reclaim,resting,STOP_LIMIT,2026-08-25T13:42:51+00:00,2026-08-25T18:24:39.041000+00:00,1787667360000,1787673240000,2026-08-25T15:59:00+00:00,2026-08-25T15:59:03.415000+00:00,6.0,,5.9399999999999995,6.12,,,,2026-08-25T15:59:13.416318+00:00,2026-08-25T15:59:14.458824+00:00,5.93,floor,-1.1666666666666714,11.043824,0.0,-1.1666666666666714,,,2026-08-25T15:59:13.416318+00:00,,25
2026-08-26,CRE,trail_activate+1_lock+0_distance1_floor-2,reclaim,resting,STOP_LIMIT,2026-08-26T11:46:40+00:00,,1787751000000,1787751000000,2026-08-26T13:33:00+00:00,2026-08-26T13:36:59.147000+00:00,7.39,,7.2421999999999995,7.4639,,,,2026-08-26T13:37:00.544037+00:00,2026-08-26T13:37:00.544400+00:00,7.24,floor,-2.0297699594045935,1.3974,0.0,-2.0297699594045935,,,2026-08-26T13:37:00.488640+00:00,2026-08-26T13:37:00.544037+00:00,112
2026-08-26,CRE,trail_activate+1_lock+0_distance1_floor-2,first,resting,STOP_LIMIT,2026-08-26T11:46:40+00:00,,1787756640000,0,2026-08-26T16:18:00+00:00,2026-08-26T16:18:21.719000+00:00,6.29,,6.1642,6.3529,2026-08-26T16:22:22.650723+00:00,6.41,6.3459,2026-08-26T16:23:50.593528+00:00,2026-08-26T16:23:50.593772+00:00,6.34,trail,0.7949125596184391,328.874772,1.9077901430842623,-1.112877583465823,2026-08-26T16:22:22.650723+00:00,,2026-08-26T16:18:49.321758+00:00,,867
2026-08-26,CRE,trail_activate+1_lock+0_distance1_floor-2,first,resting,STOP_LIMIT,2026-08-26T11:46:40+00:00,,1787762100000,0,2026-08-26T16:47:00+00:00,2026-08-26T16:49:01.231000+00:00,6.23,,6.1054,6.292300000000001,,,,2026-08-26T16:52:05.293328+00:00,2026-08-26T16:52:05.293740+00:00,6.1,floor,-2.0866773675762564,184.06274,0.6420545746388306,-2.0866773675762564,,,2026-08-26T16:51:22.307439+00:00,2026-08-26T16:52:05.293328+00:00,333
2026-08-26,CRE,trail_activate+1_lock+0_distance1_floor-2,reclaim,resting,STOP_LIMIT,2026-08-26T11:46:40+00:00,,1787762100000,1787762940000,2026-08-26T16:53:00+00:00,2026-08-26T16:54:16.223000+00:00,6.32,,6.1936,6.3832,,,,2026-08-26T16:54:47.128402+00:00,2026-08-26T16:54:48.316854+00:00,6.19,floor,-2.056962025316454,32.093854,0.0,-2.056962025316454,,,2026-08-26T16:54:18.160877+00:00,2026-08-26T16:54:47.128402+00:00,66
2026-08-26,CRE,trail_activate+1_lock+0_distance1_floor-2,reclaim,resting,STOP_LIMIT,2026-08-26T11:46:40+00:00,,1787770140000,1787772240000,2026-08-26T19:27:00+00:00,2026-08-26T19:53:40.584000+00:00,6.35,,6.223,6.4135,2026-08-26T19:55:06.430461+00:00,6.42,6.3557999999999995,2026-08-26T19:55:19.463268+00:00,2026-08-26T19:55:19.463816+00:00,6.35,trail,0.0,98.879816,1.102362204724414,-1.7322834645669205,2026-08-26T19:55:06.430461+00:00,,2026-08-26T19:54:11.885451+00:00,,488
2026-08-26,CRE,trail_activate+1_lock+0_distance2_floor-2,reclaim,resting,STOP_LIMIT,2026-08-26T11:46:40+00:00,,1787751000000,1787751000000,2026-08-26T13:33:00+00:00,2026-08-26T13:36:59.147000+00:00,7.39,,7.2421999999999995,7.4639,,,,2026-08-26T13:37:00.544037+00:00,2026-08-26T13:37:00.544400+00:00,7.24,floor,-2.0297699594045935,1.3974,0.0,-2.0297699594045935,,,2026-08-26T13:37:00.488640+00:00,2026-08-26T13:37:00.544037+00:00,112
2026-08-26,CRE,trail_activate+1_lock+0_distance2_floor-2,first,resting,STOP_LIMIT,2026-08-26T11:46:40+00:00,,1787756640000,0,2026-08-26T16:18:00+00:00,2026-08-26T16:18:21.719000+00:00,6.29,,6.1642,6.3529,2026-08-26T16:22:22.650723+00:00,6.41,6.29,2026-08-26T16:24:04.910477+00:00,2026-08-26T16:24:04.910673+00:00,6.29,trail,0.0,343.191673,1.9077901430842623,-1.112877583465823,2026-08-26T16:22:22.650723+00:00,,2026-08-26T16:18:49.321758+00:00,,899
2026-08-26,CRE,trail_activate+1_lock+0_distance2_floor-2,first,resting,STOP_LIMIT,2026-08-26T11:46:40+00:00,,1787762100000,0,2026-08-26T16:47:00+00:00,2026-08-26T16:49:01.231000+00:00,6.23,,6.1054,6.292300000000001,,,,2026-08-26T16:52:05.293328+00:00,2026-08-26T16:52:05.293740+00:00,6.1,floor,-2.0866773675762564,184.06274,0.6420545746388306,-2.0866773675762564,,,2026-08-26T16:51:22.307439+00:00,2026-08-26T16:52:05.293328+00:00,333
2026-08-26,CRE,trail_activate+1_lock+0_distance2_floor-2,reclaim,resting,STOP_LIMIT,2026-08-26T11:46:40+00:00,,1787762100000,1787762940000,2026-08-26T16:53:00+00:00,2026-08-26T16:54:16.223000+00:00,6.32,,6.1936,6.3832,,,,2026-08-26T16:54:47.128402+00:00,2026-08-26T16:54:48.316854+00:00,6.19,floor,-2.056962025316454,32.093854,0.0,-2.056962025316454,,,2026-08-26T16:54:18.160877+00:00,2026-08-26T16:54:47.128402+00:00,66
2026-08-26,CRE,trail_activate+1_lock+0_distance2_floor-2,reclaim,resting,STOP_LIMIT,2026-08-26T11:46:40+00:00,,1787770140000,1787772240000,2026-08-26T19:27:00+00:00,2026-08-26T19:53:40.584000+00:00,6.35,,6.223,6.4135,2026-08-26T19:55:06.430461+00:00,6.42,6.35,2026-08-26T19:55:19.463268+00:00,2026-08-26T19:55:19.463816+00:00,6.35,trail,0.0,98.879816,1.102362204724414,-1.7322834645669205,2026-08-26T19:55:06.430461+00:00,,2026-08-26T19:54:11.885451+00:00,,488
2026-08-26,CRE,trail_activate+2_lock+1_distance1_floor-2,reclaim,resting,STOP_LIMIT,2026-08-26T11:46:40+00:00,,1787751000000,1787751000000,2026-08-26T13:33:00+00:00,2026-08-26T13:36:59.147000+00:00,7.39,,7.2421999999999995,7.5378,,,,2026-08-26T13:37:00.544037+00:00,2026-08-26T13:37:00.544400+00:00,7.24,floor,-2.0297699594045935,1.3974,0.0,-2.0297699594045935,,,2026-08-26T13:37:00.488640+00:00,2026-08-26T13:37:00.544037+00:00,112
2026-08-26,CRE,trail_activate+2_lock+1_distance1_floor-2,first,resting,STOP_LIMIT,2026-08-26T11:46:40+00:00,,1787756640000,0,2026-08-26T16:18:00+00:00,2026-08-26T16:18:21.719000+00:00,6.29,,6.1642,6.4158,,,,2026-08-26T16:32:16.793223+00:00,2026-08-26T16:32:16.818140+00:00,6.15,floor,-2.2257551669316324,835.09914,1.9077901430842623,-2.2257551669316324,2026-08-26T16:22:22.650723+00:00,,2026-08-26T16:18:49.321758+00:00,2026-08-26T16:32:16.793223+00:00,1450
2026-08-26,CRE,trail_activate+2_lock+1_distance1_floor-2,first,resting,STOP_LIMIT,2026-08-26T11:46:40+00:00,,1787762100000,0,2026-08-26T16:47:00+00:00,2026-08-26T16:49:01.231000+00:00,6.23,,6.1054,6.3546000000000005,,,,2026-08-26T16:52:05.293328+00:00,2026-08-26T16:52:05.293740+00:00,6.1,floor,-2.0866773675762564,184.06274,0.6420545746388306,-2.0866773675762564,,,2026-08-26T16:51:22.307439+00:00,2026-08-26T16:52:05.293328+00:00,333
2026-08-26,CRE,trail_activate+2_lock+1_distance1_floor-2,reclaim,resting,STOP_LIMIT,2026-08-26T11:46:40+00:00,,1787762100000,1787762940000,2026-08-26T16:53:00+00:00,2026-08-26T16:54:16.223000+00:00,6.32,,6.1936,6.446400000000001,,,,2026-08-26T16:54:47.128402+00:00,2026-08-26T16:54:48.316854+00:00,6.19,floor,-2.056962025316454,32.093854,0.0,-2.056962025316454,,,2026-08-26T16:54:18.160877+00:00,2026-08-26T16:54:47.128402+00:00,66
2026-08-26,CRE,trail_activate+2_lock+1_distance1_floor-2,reclaim,resting,STOP_LIMIT,2026-08-26T11:46:40+00:00,,1787770140000,1787772240000,2026-08-26T19:27:00+00:00,2026-08-26T19:53:40.584000+00:00,6.35,,6.223,6.476999999999999,2026-08-26T19:59:08.724905+00:00,6.78,6.7122,2026-08-26T19:59:49.242037+00:00,2026-08-26T19:59:49.242252+00:00,6.71,trail,5.669291338582683,368.658252,6.771653543307096,-1.7322834645669205,2026-08-26T19:55:06.430461+00:00,2026-08-26T19:59:08.724905+00:00,2026-08-26T19:54:11.885451+00:00,,1501
2026-08-26,CRE,trail_activate+2_lock+1_distance2_floor-2,reclaim,resting,STOP_LIMIT,2026-08-26T11:46:40+00:00,,1787751000000,1787751000000,2026-08-26T13:33:00+00:00,2026-08-26T13:36:59.147000+00:00,7.39,,7.2421999999999995,7.5378,,,,2026-08-26T13:37:00.544037+00:00,2026-08-26T13:37:00.544400+00:00,7.24,floor,-2.0297699594045935,1.3974,0.0,-2.0297699594045935,,,2026-08-26T13:37:00.488640+00:00,2026-08-26T13:37:00.544037+00:00,112
2026-08-26,CRE,trail_activate+2_lock+1_distance2_floor-2,first,resting,STOP_LIMIT,2026-08-26T11:46:40+00:00,,1787756640000,0,2026-08-26T16:18:00+00:00,2026-08-26T16:18:21.719000+00:00,6.29,,6.1642,6.4158,,,,2026-08-26T16:32:16.793223+00:00,2026-08-26T16:32:16.818140+00:00,6.15,floor,-2.2257551669316324,835.09914,1.9077901430842623,-2.2257551669316324,2026-08-26T16:22:22.650723+00:00,,2026-08-26T16:18:49.321758+00:00,2026-08-26T16:32:16.793223+00:00,1450
2026-08-26,CRE,trail_activate+2_lock+1_distance2_floor-2,first,resting,STOP_LIMIT,2026-08-26T11:46:40+00:00,,1787762100000,0,2026-08-26T16:47:00+00:00,2026-08-26T16:49:01.231000+00:00,6.23,,6.1054,6.3546000000000005,,,,2026-08-26T16:52:05.293328+00:00,2026-08-26T16:52:05.293740+00:00,6.1,floor,-2.0866773675762564,184.06274,0.6420545746388306,-2.0866773675762564,,,2026-08-26T16:51:22.307439+00:00,2026-08-26T16:52:05.293328+00:00,333
2026-08-26,CRE,trail_activate+2_lock+1_distance2_floor-2,reclaim,resting,STOP_LIMIT,2026-08-26T11:46:40+00:00,,1787762100000,1787762940000,2026-08-26T16:53:00+00:00,2026-08-26T16:54:16.223000+00:00,6.32,,6.1936,6.446400000000001,,,,2026-08-26T16:54:47.128402+00:00,2026-08-26T16:54:48.316854+00:00,6.19,floor,-2.056962025316454,32.093854,0.0,-2.056962025316454,,,2026-08-26T16:54:18.160877+00:00,2026-08-26T16:54:47.128402+00:00,66
2026-08-26,CRE,trail_activate+2_lock+1_distance2_floor-2,reclaim,resting,STOP_LIMIT,2026-08-26T11:46:40+00:00,,1787770140000,1787772240000,2026-08-26T19:27:00+00:00,2026-08-26T19:53:40.584000+00:00,6.35,,6.223,6.476999999999999,2026-08-26T19:59:08.724905+00:00,6.78,6.6444,2026-08-26T19:59:53.738646+00:00,2026-08-26T19:59:53.880869+00:00,6.63,trail,4.4094488188976415,373.296869,6.771653543307096,-1.7322834645669205,2026-08-26T19:55:06.430461+00:00,2026-08-26T19:59:08.724905+00:00,2026-08-26T19:54:11.885451+00:00,,1607
2026-08-26,CRE,trail_activate+1_lock+0_distance1_floor-1,reclaim,resting,STOP_LIMIT,2026-08-26T11:46:40+00:00,,1787751000000,1787751000000,2026-08-26T13:33:00+00:00,2026-08-26T13:36:59.147000+00:00,7.39,,7.3161,7.4639,,,,2026-08-26T13:37:00.488640+00:00,2026-08-26T13:37:00.488884+00:00,7.31,floor,-1.0825439783491213,1.341884,0.0,-1.0825439783491213,,,2026-08-26T13:37:00.488640+00:00,,44
2026-08-26,CRE,trail_activate+1_lock+0_distance1_floor-1,first,resting,STOP_LIMIT,2026-08-26T11:46:40+00:00,,1787756640000,0,2026-08-26T16:18:00+00:00,2026-08-26T16:18:21.719000+00:00,6.29,,6.2271,6.3529,,,,2026-08-26T16:18:49.321758+00:00,2026-08-26T16:18:50.178847+00:00,6.22,floor,-1.112877583465823,28.459847,0.31796502384737,-1.112877583465823,,,2026-08-26T16:18:49.321758+00:00,,162
2026-08-26,CRE,trail_activate+1_lock+0_distance1_floor-1,reclaim,resting,STOP_LIMIT,2026-08-26T11:46:40+00:00,,1787756640000,1787761140000,2026-08-26T16:22:00+00:00,2026-08-26T16:22:01.545000+00:00,6.33,,6.2667,6.3933,2026-08-26T16:23:30.819061+00:00,6.41,6.3459,2026-08-26T16:23:50.593528+00:00,2026-08-26T16:23:50.593772+00:00,6.34,trail,0.15797788309636315,109.048772,1.263823064770933,-0.7898894154818297,2026-08-26T16:23:30.819061+00:00,,,,355
2026-08-26,CRE,trail_activate+1_lock+0_distance1_floor-1,first,resting,STOP_LIMIT,2026-08-26T11:46:40+00:00,,1787762100000,0,2026-08-26T16:47:00+00:00,2026-08-26T16:49:01.231000+00:00,6.23,,6.1677,6.292300000000001,,,,2026-08-26T16:51:22.307439+00:00,2026-08-26T16:51:22.307789+00:00,6.16,floor,-1.123595505617982,141.076789,0.6420545746388306,-1.123595505617982,,,2026-08-26T16:51:22.307439+00:00,,286
2026-08-26,CRE,trail_activate+1_lock+0_distance1_floor-1,reclaim,resting,STOP_LIMIT,2026-08-26T11:46:40+00:00,,1787762100000,1787762940000,2026-08-26T16:52:00+00:00,2026-08-26T16:54:16.223000+00:00,6.32,,6.2568,6.3832,,,,2026-08-26T16:54:18.160877+00:00,2026-08-26T16:54:18.162421+00:00,6.25,floor,-1.1075949367088653,1.939421,0.0,-1.2658227848101276,,,2026-08-26T16:54:18.160877+00:00,,12
2026-08-26,CRE,trail_activate+1_lock+0_distance1_floor-1,reclaim,resting,STOP_LIMIT,2026-08-26T11:46:40+00:00,,1787770140000,1787772240000,2026-08-26T19:27:00+00:00,2026-08-26T19:53:40.584000+00:00,6.35,,6.286499999999999,6.4135,,,,2026-08-26T19:54:11.885451+00:00,2026-08-26T19:54:11.886218+00:00,6.26,floor,-1.4173228346456672,31.302218,0.0,-1.4173228346456672,,,2026-08-26T19:54:11.885451+00:00,,63
2026-08-26,CRE,trail_activate+1_lock+0_distance2_floor-1,reclaim,resting,STOP_LIMIT,2026-08-26T11:46:40+00:00,,1787751000000,1787751000000,2026-08-26T13:33:00+00:00,2026-08-26T13:36:59.147000+00:00,7.39,,7.3161,7.4639,,,,2026-08-26T13:37:00.488640+00:00,2026-08-26T13:37:00.488884+00:00,7.31,floor,-1.0825439783491213,1.341884,0.0,-1.0825439783491213,,,2026-08-26T13:37:00.488640+00:00,,44
2026-08-26,CRE,trail_activate+1_lock+0_distance2_floor-1,first,resting,STOP_LIMIT,2026-08-26T11:46:40+00:00,,1787756640000,0,2026-08-26T16:18:00+00:00,2026-08-26T16:18:21.719000+00:00,6.29,,6.2271,6.3529,,,,2026-08-26T16:18:49.321758+00:00,2026-08-26T16:18:50.178847+00:00,6.22,floor,-1.112877583465823,28.459847,0.31796502384737,-1.112877583465823,,,2026-08-26T16:18:49.321758+00:00,,162
2026-08-26,CRE,trail_activate+1_lock+0_distance2_floor-1,reclaim,resting,STOP_LIMIT,2026-08-26T11:46:40+00:00,,1787756640000,1787761140000,2026-08-26T16:22:00+00:00,2026-08-26T16:22:01.545000+00:00,6.33,,6.2667,6.3933,2026-08-26T16:23:30.819061+00:00,6.41,6.33,2026-08-26T16:23:50.594053+00:00,2026-08-26T16:23:50.594643+00:00,6.33,trail,0.0,109.049643,1.263823064770933,-0.7898894154818297,2026-08-26T16:23:30.819061+00:00,,,,357
2026-08-26,CRE,trail_activate+1_lock+0_distance2_floor-1,first,resting,STOP_LIMIT,2026-08-26T11:46:40+00:00,,1787762100000,0,2026-08-26T16:47:00+00:00,2026-08-26T16:49:01.231000+00:00,6.23,,6.1677,6.292300000000001,,,,2026-08-26T16:51:22.307439+00:00,2026-08-26T16:51:22.307789+00:00,6.16,floor,-1.123595505617982,141.076789,0.6420545746388306,-1.123595505617982,,,2026-08-26T16:51:22.307439+00:00,,286
2026-08-26,CRE,trail_activate+1_lock+0_distance2_floor-1,reclaim,resting,STOP_LIMIT,2026-08-26T11:46:40+00:00,,1787762100000,1787762940000,2026-08-26T16:52:00+00:00,2026-08-26T16:54:16.223000+00:00,6.32,,6.2568,6.3832,,,,2026-08-26T16:54:18.160877+00:00,2026-08-26T16:54:18.162421+00:00,6.25,floor,-1.1075949367088653,1.939421,0.0,-1.2658227848101276,,,2026-08-26T16:54:18.160877+00:00,,12
2026-08-26,CRE,trail_activate+1_lock+0_distance2_floor-1,reclaim,resting,STOP_LIMIT,2026-08-26T11:46:40+00:00,,1787770140000,1787772240000,2026-08-26T19:27:00+00:00,2026-08-26T19:53:40.584000+00:00,6.35,,6.286499999999999,6.4135,,,,2026-08-26T19:54:11.885451+00:00,2026-08-26T19:54:11.886218+00:00,6.26,floor,-1.4173228346456672,31.302218,0.0,-1.4173228346456672,,,2026-08-26T19:54:11.885451+00:00,,63
2026-08-26,CRE,trail_activate+2_lock+1_distance1_floor-1,reclaim,resting,STOP_LIMIT,2026-08-26T11:46:40+00:00,,1787751000000,1787751000000,2026-08-26T13:33:00+00:00,2026-08-26T13:36:59.147000+00:00,7.39,,7.3161,7.5378,,,,2026-08-26T13:37:00.488640+00:00,2026-08-26T13:37:00.488884+00:00,7.31,floor,-1.0825439783491213,1.341884,0.0,-1.0825439783491213,,,2026-08-26T13:37:00.488640+00:00,,44
2026-08-26,CRE,trail_activate+2_lock+1_distance1_floor-1,first,resting,STOP_LIMIT,2026-08-26T11:46:40+00:00,,1787756640000,0,2026-08-26T16:18:00+00:00,2026-08-26T16:18:21.719000+00:00,6.29,,6.2271,6.4158,,,,2026-08-26T16:18:49.321758+00:00,2026-08-26T16:18:50.178847+00:00,6.22,floor,-1.112877583465823,28.459847,0.31796502384737,-1.112877583465823,,,2026-08-26T16:18:49.321758+00:00,,162
2026-08-26,CRE,trail_activate+2_lock+1_distance1_floor-1,reclaim,resting,STOP_LIMIT,2026-08-26T11:46:40+00:00,,1787756640000,1787761140000,2026-08-26T16:22:00+00:00,2026-08-26T16:22:01.545000+00:00,6.33,,6.2667,6.4566,,,,2026-08-26T16:25:35.461493+00:00,2026-08-26T16:25:35.461660+00:00,6.26,floor,-1.10584518167457,213.91666,1.263823064770933,-1.10584518167457,2026-08-26T16:23:30.819061+00:00,,2026-08-26T16:25:35.461493+00:00,,517
2026-08-26,CRE,trail_activate+2_lock+1_distance1_floor-1,first,resting,STOP_LIMIT,2026-08-26T11:46:40+00:00,,1787762100000,0,2026-08-26T16:47:00+00:00,2026-08-26T16:49:01.231000+00:00,6.23,,6.1677,6.3546000000000005,,,,2026-08-26T16:51:22.307439+00:00,2026-08-26T16:51:22.307789+00:00,6.16,floor,-1.123595505617982,141.076789,0.6420545746388306,-1.123595505617982,,,2026-08-26T16:51:22.307439+00:00,,286
2026-08-26,CRE,trail_activate+2_lock+1_distance1_floor-1,reclaim,resting,STOP_LIMIT,2026-08-26T11:46:40+00:00,,1787762100000,1787762940000,2026-08-26T16:52:00+00:00,2026-08-26T16:54:16.223000+00:00,6.32,,6.2568,6.446400000000001,,,,2026-08-26T16:54:18.160877+00:00,2026-08-26T16:54:18.162421+00:00,6.25,floor,-1.1075949367088653,1.939421,0.0,-1.2658227848101276,,,2026-08-26T16:54:18.160877+00:00,,12
2026-08-26,CRE,trail_activate+2_lock+1_distance1_floor-1,reclaim,resting,STOP_LIMIT,2026-08-26T11:46:40+00:00,,1787770140000,1787772240000,2026-08-26T19:27:00+00:00,2026-08-26T19:53:40.584000+00:00,6.35,,6.286499999999999,6.476999999999999,,,,2026-08-26T19:54:11.885451+00:00,2026-08-26T19:54:11.886218+00:00,6.26,floor,-1.4173228346456672,31.302218,0.0,-1.4173228346456672,,,2026-08-26T19:54:11.885451+00:00,,63
2026-08-26,CRE,trail_activate+2_lock+1_distance2_floor-1,reclaim,resting,STOP_LIMIT,2026-08-26T11:46:40+00:00,,1787751000000,1787751000000,2026-08-26T13:33:00+00:00,2026-08-26T13:36:59.147000+00:00,7.39,,7.3161,7.5378,,,,2026-08-26T13:37:00.488640+00:00,2026-08-26T13:37:00.488884+00:00,7.31,floor,-1.0825439783491213,1.341884,0.0,-1.0825439783491213,,,2026-08-26T13:37:00.488640+00:00,,44
2026-08-26,CRE,trail_activate+2_lock+1_distance2_floor-1,first,resting,STOP_LIMIT,2026-08-26T11:46:40+00:00,,1787756640000,0,2026-08-26T16:18:00+00:00,2026-08-26T16:18:21.719000+00:00,6.29,,6.2271,6.4158,,,,2026-08-26T16:18:49.321758+00:00,2026-08-26T16:18:50.178847+00:00,6.22,floor,-1.112877583465823,28.459847,0.31796502384737,-1.112877583465823,,,2026-08-26T16:18:49.321758+00:00,,162
2026-08-26,CRE,trail_activate+2_lock+1_distance2_floor-1,reclaim,resting,STOP_LIMIT,2026-08-26T11:46:40+00:00,,1787756640000,1787761140000,2026-08-26T16:22:00+00:00,2026-08-26T16:22:01.545000+00:00,6.33,,6.2667,6.4566,,,,2026-08-26T16:25:35.461493+00:00,2026-08-26T16:25:35.461660+00:00,6.26,floor,-1.10584518167457,213.91666,1.263823064770933,-1.10584518167457,2026-08-26T16:23:30.819061+00:00,,2026-08-26T16:25:35.461493+00:00,,517
2026-08-26,CRE,trail_activate+2_lock+1_distance2_floor-1,first,resting,STOP_LIMIT,2026-08-26T11:46:40+00:00,,1787762100000,0,2026-08-26T16:47:00+00:00,2026-08-26T16:49:01.231000+00:00,6.23,,6.1677,6.3546000000000005,,,,2026-08-26T16:51:22.307439+00:00,2026-08-26T16:51:22.307789+00:00,6.16,floor,-1.123595505617982,141.076789,0.6420545746388306,-1.123595505617982,,,2026-08-26T16:51:22.307439+00:00,,286
2026-08-26,CRE,trail_activate+2_lock+1_distance2_floor-1,reclaim,resting,STOP_LIMIT,2026-08-26T11:46:40+00:00,,1787762100000,1787762940000,2026-08-26T16:52:00+00:00,2026-08-26T16:54:16.223000+00:00,6.32,,6.2568,6.446400000000001,,,,2026-08-26T16:54:18.160877+00:00,2026-08-26T16:54:18.162421+00:00,6.25,floor,-1.1075949367088653,1.939421,0.0,-1.2658227848101276,,,2026-08-26T16:54:18.160877+00:00,,12
2026-08-26,CRE,trail_activate+2_lock+1_distance2_floor-1,reclaim,resting,STOP_LIMIT,2026-08-26T11:46:40+00:00,,1787770140000,1787772240000,2026-08-26T19:27:00+00:00,2026-08-26T19:53:40.584000+00:00,6.35,,6.286499999999999,6.476999999999999,,,,2026-08-26T19:54:11.885451+00:00,2026-08-26T19:54:11.886218+00:00,6.26,floor,-1.4173228346456672,31.302218,0.0,-1.4173228346456672,,,2026-08-26T19:54:11.885451+00:00,,63
2026-08-26,DAIC,trail_activate+1_lock+0_distance1_floor-2,first,resting,limit,2026-08-26T08:06:36+00:00,2026-08-26T14:07:14.243000+00:00,1787747580000,0,2026-08-26T12:34:27.627000+00:00,2026-08-26T12:34:27.627000+00:00,5.88,,5.7623999999999995,5.9388,2026-08-26T12:35:24.585549+00:00,5.96,5.9004,2026-08-26T12:36:45.433841+00:00,2026-08-26T12:36:45.434012+00:00,5.9,trail,0.3401360544217766,137.807012,1.360544217687076,-0.680272108843538,2026-08-26T12:35:24.585549+00:00,,,,1159
2026-08-26,DAIC,trail_activate+1_lock+0_distance1_floor-2,reclaim,reactive,limit,2026-08-26T08:06:36+00:00,2026-08-26T14:07:14.243000+00:00,1787747580000,1787747640000,2026-08-26T12:38:25.799000+00:00,2026-08-26T12:38:25.799000+00:00,5.96,,5.8408,6.0196,,,,2026-08-26T12:39:26.023878+00:00,2026-08-26T12:39:26.024180+00:00,5.84,floor,-2.0134228187919483,60.22518,0.0,-2.0134228187919483,,,2026-08-26T12:38:49.943231+00:00,2026-08-26T12:39:26.023878+00:00,240
2026-08-26,DAIC,trail_activate+1_lock+0_distance2_floor-2,first,resting,limit,2026-08-26T08:06:36+00:00,2026-08-26T14:07:14.243000+00:00,1787747580000,0,2026-08-26T12:34:27.627000+00:00,2026-08-26T12:34:27.627000+00:00,5.88,,5.7623999999999995,5.9388,2026-08-26T12:35:24.585549+00:00,5.96,5.88,2026-08-26T12:36:53.945137+00:00,2026-08-26T12:36:53.945975+00:00,5.88,trail,0.0,146.318975,1.360544217687076,-0.680272108843538,2026-08-26T12:35:24.585549+00:00,,,,1184
2026-08-26,DAIC,trail_activate+1_lock+0_distance2_floor-2,reclaim,reactive,limit,2026-08-26T08:06:36+00:00,2026-08-26T14:07:14.243000+00:00,1787747580000,1787747640000,2026-08-26T12:38:25.799000+00:00,2026-08-26T12:38:25.799000+00:00,5.96,,5.8408,6.0196,,,,2026-08-26T12:39:26.023878+00:00,2026-08-26T12:39:26.024180+00:00,5.84,floor,-2.0134228187919483,60.22518,0.0,-2.0134228187919483,,,2026-08-26T12:38:49.943231+00:00,2026-08-26T12:39:26.023878+00:00,240
2026-08-26,DAIC,trail_activate+2_lock+1_distance1_floor-2,first,resting,limit,2026-08-26T08:06:36+00:00,2026-08-26T14:07:14.243000+00:00,1787747580000,0,2026-08-26T12:34:27.627000+00:00,2026-08-26T12:34:27.627000+00:00,5.88,,5.7623999999999995,5.9976,2026-08-26T12:47:12.850581+00:00,6.04,5.9796,2026-08-26T12:47:26.655295+00:00,2026-08-26T12:47:26.655600+00:00,5.97,trail,1.5306122448979567,779.0286,2.721088435374152,-1.360544217687076,2026-08-26T12:35:24.585549+00:00,2026-08-26T12:47:12.850581+00:00,2026-08-26T12:40:29.070105+00:00,,2956
2026-08-26,DAIC,trail_activate+2_lock+1_distance1_floor-2,reclaim,reactive,limit,2026-08-26T08:06:36+00:00,2026-08-26T14:07:14.243000+00:00,1787747580000,1787747640000,2026-08-26T12:47:27.157000+00:00,2026-08-26T12:47:27.157000+00:00,6.0,,5.88,6.12,2026-08-26T12:47:45.592146+00:00,6.12,6.0600000000000005,2026-08-26T12:48:17.523074+00:00,2026-08-26T12:48:17.680837+00:00,6.06,trail,0.9999999999999934,50.523837,2.0000000000000018,-0.6666666666666672,2026-08-26T12:47:38.568132+00:00,2026-08-26T12:47:45.592146+00:00,,,266
2026-08-26,DAIC,trail_activate+2_lock+1_distance2_floor-2,first,resting,limit,2026-08-26T08:06:36+00:00,2026-08-26T14:07:14.243000+00:00,1787747580000,0,2026-08-26T12:34:27.627000+00:00,2026-08-26T12:34:27.627000+00:00,5.88,,5.7623999999999995,5.9976,2026-08-26T12:47:12.850581+00:00,6.19,6.0662,2026-08-26T12:52:16.061116+00:00,2026-08-26T12:52:16.062208+00:00,6.06,trail,3.0612244897959133,1068.435208,5.272108843537423,-1.360544217687076,2026-08-26T12:35:24.585549+00:00,2026-08-26T12:47:12.850581+00:00,2026-08-26T12:40:29.070105+00:00,,4360
2026-08-26,DAIC,trail_activate+2_lock+1_distance2_floor-2,reclaim,reactive,limit,2026-08-26T08:06:36+00:00,2026-08-26T14:07:14.243000+00:00,1787747580000,1787747640000,2026-08-26T13:20:50.946000+00:00,2026-08-26T13:20:50.946000+00:00,6.22,,6.095599999999999,6.3444,,,,2026-08-26T13:30:04.232423+00:00,2026-08-26T13:30:04.239288+00:00,6.09,floor,-2.0900321543408342,553.293288,1.7684887459807126,-2.0900321543408342,2026-08-26T13:28:13.058409+00:00,,2026-08-26T13:20:56.887239+00:00,2026-08-26T13:30:04.232423+00:00,1598
2026-08-26,DAIC,trail_activate+1_lock+0_distance1_floor-1,first,resting,limit,2026-08-26T08:06:36+00:00,2026-08-26T14:07:14.243000+00:00,1787747580000,0,2026-08-26T12:34:27.627000+00:00,2026-08-26T12:34:27.627000+00:00,5.88,,5.8212,5.9388,2026-08-26T12:35:24.585549+00:00,5.96,5.9004,2026-08-26T12:36:45.433841+00:00,2026-08-26T12:36:45.434012+00:00,5.9,trail,0.3401360544217766,137.807012,1.360544217687076,-0.680272108843538,2026-08-26T12:35:24.585549+00:00,,,,1159
2026-08-26,DAIC,trail_activate+1_lock+0_distance1_floor-1,reclaim,reactive,limit,2026-08-26T08:06:36+00:00,2026-08-26T14:07:14.243000+00:00,1787747580000,1787747640000,2026-08-26T12:38:25.799000+00:00,2026-08-26T12:38:25.799000+00:00,5.96,,5.9004,6.0196,,,,2026-08-26T12:38:49.943231+00:00,2026-08-26T12:38:49.943611+00:00,5.9,floor,-1.0067114093959666,24.144611,0.0,-1.0067114093959666,,,2026-08-26T12:38:49.943231+00:00,,75
2026-08-26,DAIC,trail_activate+1_lock+0_distance2_floor-1,first,resting,limit,2026-08-26T08:06:36+00:00,2026-08-26T14:07:14.243000+00:00,1787747580000,0,2026-08-26T12:34:27.627000+00:00,2026-08-26T12:34:27.627000+00:00,5.88,,5.8212,5.9388,2026-08-26T12:35:24.585549+00:00,5.96,5.88,2026-08-26T12:36:53.945137+00:00,2026-08-26T12:36:53.945975+00:00,5.88,trail,0.0,146.318975,1.360544217687076,-0.680272108843538,2026-08-26T12:35:24.585549+00:00,,,,1184
2026-08-26,DAIC,trail_activate+1_lock+0_distance2_floor-1,reclaim,reactive,limit,2026-08-26T08:06:36+00:00,2026-08-26T14:07:14.243000+00:00,1787747580000,1787747640000,2026-08-26T12:38:25.799000+00:00,2026-08-26T12:38:25.799000+00:00,5.96,,5.9004,6.0196,,,,2026-08-26T12:38:49.943231+00:00,2026-08-26T12:38:49.943611+00:00,5.9,floor,-1.0067114093959666,24.144611,0.0,-1.0067114093959666,,,2026-08-26T12:38:49.943231+00:00,,75
2026-08-26,DAIC,trail_activate+2_lock+1_distance1_floor-1,first,resting,limit,2026-08-26T08:06:36+00:00,2026-08-26T14:07:14.243000+00:00,1787747580000,0,2026-08-26T12:34:27.627000+00:00,2026-08-26T12:34:27.627000+00:00,5.88,,5.8212,5.9976,,,,2026-08-26T12:40:29.070105+00:00,2026-08-26T12:40:29.070536+00:00,5.82,floor,-1.0204081632652995,361.443536,1.360544217687076,-1.0204081632652995,2026-08-26T12:35:24.585549+00:00,,2026-08-26T12:40:29.070105+00:00,,1994
2026-08-26,DAIC,trail_activate+2_lock+1_distance1_floor-1,reclaim,reactive,limit,2026-08-26T08:06:36+00:00,2026-08-26T14:07:14.243000+00:00,1787747580000,1787747640000,2026-08-26T12:47:13.007000+00:00,2026-08-26T12:47:13.007000+00:00,6.05,,5.9895,6.171,,,,2026-08-26T12:47:26.655295+00:00,2026-08-26T12:47:26.655600+00:00,5.97,floor,-1.322314049586778,13.6486,0.0,-1.322314049586778,,,2026-08-26T12:47:26.655295+00:00,,79
2026-08-26,DAIC,trail_activate+2_lock+1_distance2_floor-1,first,resting,limit,2026-08-26T08:06:36+00:00,2026-08-26T14:07:14.243000+00:00,1787747580000,0,2026-08-26T12:34:27.627000+00:00,2026-08-26T12:34:27.627000+00:00,5.88,,5.8212,5.9976,,,,2026-08-26T12:40:29.070105+00:00,2026-08-26T12:40:29.070536+00:00,5.82,floor,-1.0204081632652995,361.443536,1.360544217687076,-1.0204081632652995,2026-08-26T12:35:24.585549+00:00,,2026-08-26T12:40:29.070105+00:00,,1994
2026-08-26,DAIC,trail_activate+2_lock+1_distance2_floor-1,reclaim,reactive,limit,2026-08-26T08:06:36+00:00,2026-08-26T14:07:14.243000+00:00,1787747580000,1787747640000,2026-08-26T12:47:13.007000+00:00,2026-08-26T12:47:13.007000+00:00,6.05,,5.9895,6.171,,,,2026-08-26T12:47:26.655295+00:00,2026-08-26T12:47:26.655600+00:00,5.97,floor,-1.322314049586778,13.6486,0.0,-1.322314049586778,,,2026-08-26T12:47:26.655295+00:00,,79
2026-08-26,XPON,trail_activate+1_lock+0_distance1_floor-2,first,resting,STOP_LIMIT,2026-08-26T13:45:07+00:00,,1787757840000,0,2026-08-26T15:25:00+00:00,2026-08-26T15:36:09.608000+00:00,9.42,,9.2316,9.5142,2026-08-26T15:36:40.011354+00:00,9.55,9.454500000000001,2026-08-26T15:36:40.250291+00:00,2026-08-26T15:36:40.251511+00:00,9.45,trail,0.31847133757961105,30.643511,1.380042462845019,-0.8492569002123149,2026-08-26T15:36:40.011354+00:00,,,,213
2026-08-26,XPON,trail_activate+1_lock+0_distance1_floor-2,first,resting,STOP_LIMIT,2026-08-26T13:45:07+00:00,,1787760960000,0,2026-08-26T17:28:00+00:00,2026-08-26T17:29:09.550000+00:00,8.24,,8.0752,8.3224,2026-08-26T17:35:02.428703+00:00,8.43,8.345699999999999,2026-08-26T17:35:07.501386+00:00,2026-08-26T17:35:07.510534+00:00,8.33,trail,1.0922330097087363,357.960534,2.3058252427184405,-1.5776699029126307,2026-08-26T17:35:02.428703+00:00,2026-08-26T17:35:07.401928+00:00,2026-08-26T17:29:09.991111+00:00,,429
2026-08-26,XPON,trail_activate+1_lock+0_distance1_floor-2,first,resting,STOP_LIMIT,2026-08-26T13:45:07+00:00,,1787767500000,0,2026-08-26T18:46:00+00:00,2026-08-26T18:47:15.525000+00:00,8.25,,8.084999999999999,8.3325,2026-08-26T18:47:36.012787+00:00,8.36,8.276399999999999,2026-08-26T18:47:36.060830+00:00,2026-08-26T18:47:36.061233+00:00,8.18,trail,-0.8484848484848518,20.536233,1.3333333333333264,-1.0909090909090893,2026-08-26T18:47:36.012787+00:00,,2026-08-26T18:47:24.901006+00:00,,49
2026-08-26,XPON,trail_activate+1_lock+0_distance1_floor-2,reclaim,resting,STOP_LIMIT,2026-08-26T13:45:07+00:00,,1787767500000,1787770020000,2026-08-26T18:50:00+00:00,2026-08-26T19:14:12.990000+00:00,8.88,,8.7024,8.968800000000002,2026-08-26T19:14:29.259558+00:00,8.99,8.9001,2026-08-26T19:14:32.832887+00:00,2026-08-26T19:14:32.833514+00:00,8.9,trail,0.2252252252252204,19.843514,1.238738738738732,-0.9009009009009016,2026-08-26T19:14:29.259558+00:00,,,,183
2026-08-26,XPON,trail_activate+1_lock+0_distance1_floor-2,first,resting,STOP_LIMIT,2026-08-26T13:45:07+00:00,,1787773080000,0,2026-08-26T19:50:00+00:00,2026-08-26T19:51:28.616000+00:00,8.73,,8.5554,8.817300000000001,2026-08-26T19:51:35.112115+00:00,8.85,8.7615,2026-08-26T19:51:35.264122+00:00,2026-08-26T19:51:35.264326+00:00,8.73,trail,0.0,6.648326,1.374570446735386,-0.6872852233677033,2026-08-26T19:51:35.112115+00:00,,,,68
2026-08-26,XPON,trail_activate+1_lock+0_distance1_floor-2,reclaim,resting,STOP_LIMIT,2026-08-26T13:45:07+00:00,,1787773080000,1787773860000,2026-08-26T19:54:00+00:00,2026-08-26T19:55:01.111000+00:00,8.88,,8.7024,8.968800000000002,,,,2026-08-26T19:55:03.050807+00:00,2026-08-26T19:55:03.051244+00:00,8.63,floor,-2.815315315315315,1.940244,0.0,-2.815315315315315,,,2026-08-26T19:55:03.050807+00:00,2026-08-26T19:55:03.050807+00:00,2
2026-08-26,XPON,trail_activate+1_lock+0_distance2_floor-2,first,resting,STOP_LIMIT,2026-08-26T13:45:07+00:00,,1787757840000,0,2026-08-26T15:25:00+00:00,2026-08-26T15:36:09.608000+00:00,9.42,,9.2316,9.5142,2026-08-26T15:36:40.011354+00:00,9.56,9.42,2026-08-26T15:37:17.531342+00:00,2026-08-26T15:37:17.531662+00:00,9.42,trail,0.0,67.923662,1.486199575371556,-0.8492569002123149,2026-08-26T15:36:40.011354+00:00,,,,463
2026-08-26,XPON,trail_activate+1_lock+0_distance2_floor-2,first,resting,STOP_LIMIT,2026-08-26T13:45:07+00:00,,1787760960000,0,2026-08-26T17:28:00+00:00,2026-08-26T17:29:09.550000+00:00,8.24,,8.0752,8.3224,2026-08-26T17:35:02.428703+00:00,8.47,8.300600000000001,2026-08-26T17:37:23.572907+00:00,2026-08-26T17:37:23.573092+00:00,8.3,trail,0.7281553398058312,494.023092,2.7912621359223353,-1.5776699029126307,2026-08-26T17:35:02.428703+00:00,2026-08-26T17:35:07.401928+00:00,2026-08-26T17:29:09.991111+00:00,,641
2026-08-26,XPON,trail_activate+1_lock+0_distance2_floor-2,first,resting,STOP_LIMIT,2026-08-26T13:45:07+00:00,,1787767500000,0,2026-08-26T18:46:00+00:00,2026-08-26T18:47:15.525000+00:00,8.25,,8.084999999999999,8.3325,2026-08-26T18:47:36.012787+00:00,8.36,8.25,2026-08-26T18:47:36.060830+00:00,2026-08-26T18:47:36.061233+00:00,8.18,trail,-0.8484848484848518,20.536233,1.3333333333333264,-1.0909090909090893,2026-08-26T18:47:36.012787+00:00,,2026-08-26T18:47:24.901006+00:00,,49
2026-08-26,XPON,trail_activate+1_lock+0_distance2_floor-2,reclaim,resting,STOP_LIMIT,2026-08-26T13:45:07+00:00,,1787767500000,1787770020000,2026-08-26T18:50:00+00:00,2026-08-26T19:14:12.990000+00:00,8.88,,8.7024,8.968800000000002,2026-08-26T19:14:29.259558+00:00,8.99,8.88,2026-08-26T19:14:32.834368+00:00,2026-08-26T19:14:32.835378+00:00,8.88,trail,0.0,19.845378,1.238738738738732,-0.9009009009009016,2026-08-26T19:14:29.259558+00:00,,,,186
2026-08-26,XPON,trail_activate+1_lock+0_distance2_floor-2,first,resting,STOP_LIMIT,2026-08-26T13:45:07+00:00,,1787773080000,0,2026-08-26T19:50:00+00:00,2026-08-26T19:51:28.616000+00:00,8.73,,8.5554,8.817300000000001,2026-08-26T19:51:35.112115+00:00,8.85,8.73,2026-08-26T19:51:35.264122+00:00,2026-08-26T19:51:35.264326+00:00,8.73,trail,0.0,6.648326,1.374570446735386,-0.6872852233677033,2026-08-26T19:51:35.112115+00:00,,,,68
2026-08-26,XPON,trail_activate+1_lock+0_distance2_floor-2,reclaim,resting,STOP_LIMIT,2026-08-26T13:45:07+00:00,,1787773080000,1787773860000,2026-08-26T19:54:00+00:00,2026-08-26T19:55:01.111000+00:00,8.88,,8.7024,8.968800000000002,,,,2026-08-26T19:55:03.050807+00:00,2026-08-26T19:55:03.051244+00:00,8.63,floor,-2.815315315315315,1.940244,0.0,-2.815315315315315,,,2026-08-26T19:55:03.050807+00:00,2026-08-26T19:55:03.050807+00:00,2
2026-08-26,XPON,trail_activate+2_lock+1_distance1_floor-2,first,resting,STOP_LIMIT,2026-08-26T13:45:07+00:00,,1787757840000,0,2026-08-26T15:25:00+00:00,2026-08-26T15:36:09.608000+00:00,9.42,,9.2316,9.6084,,,,2026-08-26T15:38:42.956079+00:00,2026-08-26T15:38:42.956576+00:00,9.23,floor,-2.016985138004241,153.348576,1.486199575371556,-2.016985138004241,2026-08-26T15:36:40.011354+00:00,,2026-08-26T15:37:25.210994+00:00,2026-08-26T15:38:42.956079+00:00,799
2026-08-26,XPON,trail_activate+2_lock+1_distance1_floor-2,first,resting,STOP_LIMIT,2026-08-26T13:45:07+00:00,,1787760960000,0,2026-08-26T17:28:00+00:00,2026-08-26T17:29:09.550000+00:00,8.24,,8.0752,8.4048,2026-08-26T17:35:07.401928+00:00,8.43,8.345699999999999,2026-08-26T17:35:07.501386+00:00,2026-08-26T17:35:07.510534+00:00,8.33,trail,1.0922330097087363,357.960534,2.3058252427184405,-1.5776699029126307,2026-08-26T17:35:02.428703+00:00,2026-08-26T17:35:07.401928+00:00,2026-08-26T17:29:09.991111+00:00,,429
2026-08-26,XPON,trail_activate+2_lock+1_distance1_floor-2,first,resting,STOP_LIMIT,2026-08-26T13:45:07+00:00,,1787767500000,0,2026-08-26T18:46:00+00:00,2026-08-26T18:47:15.525000+00:00,8.25,,8.084999999999999,8.415000000000001,2026-08-26T18:49:08.573251+00:00,8.52,8.4249,2026-08-26T18:49:08.608783+00:00,2026-08-26T18:49:08.609731+00:00,8.52,trail,3.2727272727272676,113.084731,3.2727272727272676,-1.454545454545445,2026-08-26T18:47:36.012787+00:00,2026-08-26T18:49:08.573251+00:00,2026-08-26T18:47:24.901006+00:00,,209
2026-08-26,XPON,trail_activate+2_lock+1_distance1_floor-2,reclaim,resting,STOP_LIMIT,2026-08-26T13:45:07+00:00,,1787767500000,1787770020000,2026-08-26T18:50:00+00:00,2026-08-26T19:14:12.990000+00:00,8.88,,8.7024,9.0576,,,,2026-08-26T19:14:52.476444+00:00,2026-08-26T19:14:52.476642+00:00,8.7,floor,-2.0270270270270436,39.486642,1.238738738738732,-2.0270270270270436,2026-08-26T19:14:29.259558+00:00,,2026-08-26T19:14:35.318741+00:00,2026-08-26T19:14:52.476444+00:00,274
2026-08-26,XPON,trail_activate+2_lock+1_distance1_floor-2,first,resting,STOP_LIMIT,2026-08-26T13:45:07+00:00,,1787773080000,0,2026-08-26T19:50:00+00:00,2026-08-26T19:51:28.616000+00:00,8.73,,8.5554,8.9046,,,,2026-08-26T19:53:48.254372+00:00,2026-08-26T19:53:48.254583+00:00,8.55,floor,-2.0618556701030895,139.638583,1.374570446735386,-2.0618556701030895,2026-08-26T19:51:35.112115+00:00,,2026-08-26T19:51:55.209700+00:00,2026-08-26T19:53:48.254372+00:00,444
2026-08-26,XPON,trail_activate+2_lock+1_distance1_floor-2,reclaim,resting,STOP_LIMIT,2026-08-26T13:45:07+00:00,,1787773080000,1787773860000,2026-08-26T19:54:00+00:00,2026-08-26T19:55:01.111000+00:00,8.88,,8.7024,9.0576,,,,2026-08-26T19:55:03.050807+00:00,2026-08-26T19:55:03.051244+00:00,8.63,floor,-2.815315315315315,1.940244,0.0,-2.815315315315315,,,2026-08-26T19:55:03.050807+00:00,2026-08-26T19:55:03.050807+00:00,2
2026-08-26,XPON,trail_activate+2_lock+1_distance2_floor-2,first,resting,STOP_LIMIT,2026-08-26T13:45:07+00:00,,1787757840000,0,2026-08-26T15:25:00+00:00,2026-08-26T15:36:09.608000+00:00,9.42,,9.2316,9.6084,,,,2026-08-26T15:38:42.956079+00:00,2026-08-26T15:38:42.956576+00:00,9.23,floor,-2.016985138004241,153.348576,1.486199575371556,-2.016985138004241,2026-08-26T15:36:40.011354+00:00,,2026-08-26T15:37:25.210994+00:00,2026-08-26T15:38:42.956079+00:00,799
2026-08-26,XPON,trail_activate+2_lock+1_distance2_floor-2,first,resting,STOP_LIMIT,2026-08-26T13:45:07+00:00,,1787760960000,0,2026-08-26T17:28:00+00:00,2026-08-26T17:29:09.550000+00:00,8.24,,8.0752,8.4048,2026-08-26T17:35:07.401928+00:00,8.47,8.3224,2026-08-26T17:37:23.572233+00:00,2026-08-26T17:37:23.572477+00:00,8.32,trail,0.9708737864077678,494.022477,2.7912621359223353,-1.5776699029126307,2026-08-26T17:35:02.428703+00:00,2026-08-26T17:35:07.401928+00:00,2026-08-26T17:29:09.991111+00:00,,639
2026-08-26,XPON,trail_activate+2_lock+1_distance2_floor-2,first,resting,STOP_LIMIT,2026-08-26T13:45:07+00:00,,1787767500000,0,2026-08-26T18:46:00+00:00,2026-08-26T18:47:15.525000+00:00,8.25,,8.084999999999999,8.415000000000001,2026-08-26T18:49:08.573251+00:00,8.82,8.6436,2026-08-26T18:50:21.539971+00:00,2026-08-26T18:50:21.541052+00:00,8.63,trail,4.606060606060615,186.016052,6.909090909090912,-1.454545454545445,2026-08-26T18:47:36.012787+00:00,2026-08-26T18:49:08.573251+00:00,2026-08-26T18:47:24.901006+00:00,,613
2026-08-26,XPON,trail_activate+2_lock+1_distance2_floor-2,reclaim,resting,STOP_LIMIT,2026-08-26T13:45:07+00:00,,1787767500000,1787770020000,2026-08-26T18:51:00+00:00,2026-08-26T19:14:12.990000+00:00,8.88,,8.7024,9.0576,,,,2026-08-26T19:14:52.476444+00:00,2026-08-26T19:14:52.476642+00:00,8.7,floor,-2.0270270270270436,39.486642,1.238738738738732,-2.0270270270270436,2026-08-26T19:14:29.259558+00:00,,2026-08-26T19:14:35.318741+00:00,2026-08-26T19:14:52.476444+00:00,274
2026-08-26,XPON,trail_activate+2_lock+1_distance2_floor-2,first,resting,STOP_LIMIT,2026-08-26T13:45:07+00:00,,1787773080000,0,2026-08-26T19:50:00+00:00,2026-08-26T19:51:28.616000+00:00,8.73,,8.5554,8.9046,,,,2026-08-26T19:53:48.254372+00:00,2026-08-26T19:53:48.254583+00:00,8.55,floor,-2.0618556701030895,139.638583,1.374570446735386,-2.0618556701030895,2026-08-26T19:51:35.112115+00:00,,2026-08-26T19:51:55.209700+00:00,2026-08-26T19:53:48.254372+00:00,444
2026-08-26,XPON,trail_activate+2_lock+1_distance2_floor-2,reclaim,resting,STOP_LIMIT,2026-08-26T13:45:07+00:00,,1787773080000,1787773860000,2026-08-26T19:54:00+00:00,2026-08-26T19:55:01.111000+00:00,8.88,,8.7024,9.0576,,,,2026-08-26T19:55:03.050807+00:00,2026-08-26T19:55:03.051244+00:00,8.63,floor,-2.815315315315315,1.940244,0.0,-2.815315315315315,,,2026-08-26T19:55:03.050807+00:00,2026-08-26T19:55:03.050807+00:00,2
2026-08-26,XPON,trail_activate+1_lock+0_distance1_floor-1,first,resting,STOP_LIMIT,2026-08-26T13:45:07+00:00,,1787757840000,0,2026-08-26T15:25:00+00:00,2026-08-26T15:36:09.608000+00:00,9.42,,9.3258,9.5142,2026-08-26T15:36:40.011354+00:00,9.55,9.454500000000001,2026-08-26T15:36:40.250291+00:00,2026-08-26T15:36:40.251511+00:00,9.45,trail,0.31847133757961105,30.643511,1.380042462845019,-0.8492569002123149,2026-08-26T15:36:40.011354+00:00,,,,213
2026-08-26,XPON,trail_activate+1_lock+0_distance1_floor-1,first,resting,STOP_LIMIT,2026-08-26T13:45:07+00:00,,1787760960000,0,2026-08-26T17:28:00+00:00,2026-08-26T17:29:09.550000+00:00,8.24,,8.1576,8.3224,,,,2026-08-26T17:29:09.991111+00:00,2026-08-26T17:29:09.991633+00:00,8.17,floor,-0.8495145631067995,0.441633,0.0,-1.0922330097087363,,,2026-08-26T17:29:09.991111+00:00,,2
2026-08-26,XPON,trail_activate+1_lock+0_distance1_floor-1,first,resting,STOP_LIMIT,2026-08-26T13:45:07+00:00,,1787767500000,0,2026-08-26T18:46:00+00:00,2026-08-26T18:47:15.525000+00:00,8.25,,8.1675,8.3325,,,,2026-08-26T18:47:24.901006+00:00,2026-08-26T18:47:28.433504+00:00,8.16,floor,-1.0909090909090893,12.908504,0.0,-1.0909090909090893,,,2026-08-26T18:47:24.901006+00:00,,2
2026-08-26,XPON,trail_activate+1_lock+0_distance1_floor-1,reclaim,resting,STOP_LIMIT,2026-08-26T13:45:07+00:00,,1787767500000,1787770020000,2026-08-26T18:50:00+00:00,2026-08-26T19:14:12.990000+00:00,8.88,,8.7912,8.968800000000002,2026-08-26T19:14:29.259558+00:00,8.99,8.9001,2026-08-26T19:14:32.832887+00:00,2026-08-26T19:14:32.833514+00:00,8.9,trail,0.2252252252252204,19.843514,1.238738738738732,-0.9009009009009016,2026-08-26T19:14:29.259558+00:00,,,,183
2026-08-26,XPON,trail_activate+1_lock+0_distance1_floor-1,first,resting,STOP_LIMIT,2026-08-26T13:45:07+00:00,,1787773080000,0,2026-08-26T19:50:00+00:00,2026-08-26T19:51:28.616000+00:00,8.73,,8.6427,8.817300000000001,2026-08-26T19:51:35.112115+00:00,8.85,8.7615,2026-08-26T19:51:35.264122+00:00,2026-08-26T19:51:35.264326+00:00,8.73,trail,0.0,6.648326,1.374570446735386,-0.6872852233677033,2026-08-26T19:51:35.112115+00:00,,,,68
2026-08-26,XPON,trail_activate+1_lock+0_distance1_floor-1,reclaim,resting,STOP_LIMIT,2026-08-26T13:45:07+00:00,,1787773080000,1787773860000,2026-08-26T19:54:00+00:00,2026-08-26T19:55:01.111000+00:00,8.88,,8.7912,8.968800000000002,,,,2026-08-26T19:55:03.050807+00:00,2026-08-26T19:55:03.051244+00:00,8.63,floor,-2.815315315315315,1.940244,0.0,-2.815315315315315,,,2026-08-26T19:55:03.050807+00:00,2026-08-26T19:55:03.050807+00:00,2
2026-08-26,XPON,trail_activate+1_lock+0_distance2_floor-1,first,resting,STOP_LIMIT,2026-08-26T13:45:07+00:00,,1787757840000,0,2026-08-26T15:25:00+00:00,2026-08-26T15:36:09.608000+00:00,9.42,,9.3258,9.5142,2026-08-26T15:36:40.011354+00:00,9.56,9.42,2026-08-26T15:37:17.531342+00:00,2026-08-26T15:37:17.531662+00:00,9.42,trail,0.0,67.923662,1.486199575371556,-0.8492569002123149,2026-08-26T15:36:40.011354+00:00,,,,463
2026-08-26,XPON,trail_activate+1_lock+0_distance2_floor-1,first,resting,STOP_LIMIT,2026-08-26T13:45:07+00:00,,1787760960000,0,2026-08-26T17:28:00+00:00,2026-08-26T17:29:09.550000+00:00,8.24,,8.1576,8.3224,,,,2026-08-26T17:29:09.991111+00:00,2026-08-26T17:29:09.991633+00:00,8.17,floor,-0.8495145631067995,0.441633,0.0,-1.0922330097087363,,,2026-08-26T17:29:09.991111+00:00,,2
2026-08-26,XPON,trail_activate+1_lock+0_distance2_floor-1,first,resting,STOP_LIMIT,2026-08-26T13:45:07+00:00,,1787767500000,0,2026-08-26T18:46:00+00:00,2026-08-26T18:47:15.525000+00:00,8.25,,8.1675,8.3325,,,,2026-08-26T18:47:24.901006+00:00,2026-08-26T18:47:28.433504+00:00,8.16,floor,-1.0909090909090893,12.908504,0.0,-1.0909090909090893,,,2026-08-26T18:47:24.901006+00:00,,2
2026-08-26,XPON,trail_activate+1_lock+0_distance2_floor-1,reclaim,resting,STOP_LIMIT,2026-08-26T13:45:07+00:00,,1787767500000,1787770020000,2026-08-26T18:50:00+00:00,2026-08-26T19:14:12.990000+00:00,8.88,,8.7912,8.968800000000002,2026-08-26T19:14:29.259558+00:00,8.99,8.88,2026-08-26T19:14:32.834368+00:00,2026-08-26T19:14:32.835378+00:00,8.88,trail,0.0,19.845378,1.238738738738732,-0.9009009009009016,2026-08-26T19:14:29.259558+00:00,,,,186
2026-08-26,XPON,trail_activate+1_lock+0_distance2_floor-1,first,resting,STOP_LIMIT,2026-08-26T13:45:07+00:00,,1787773080000,0,2026-08-26T19:50:00+00:00,2026-08-26T19:51:28.616000+00:00,8.73,,8.6427,8.817300000000001,2026-08-26T19:51:35.112115+00:00,8.85,8.73,2026-08-26T19:51:35.264122+00:00,2026-08-26T19:51:35.264326+00:00,8.73,trail,0.0,6.648326,1.374570446735386,-0.6872852233677033,2026-08-26T19:51:35.112115+00:00,,,,68
2026-08-26,XPON,trail_activate+1_lock+0_distance2_floor-1,reclaim,resting,STOP_LIMIT,2026-08-26T13:45:07+00:00,,1787773080000,1787773860000,2026-08-26T19:54:00+00:00,2026-08-26T19:55:01.111000+00:00,8.88,,8.7912,8.968800000000002,,,,2026-08-26T19:55:03.050807+00:00,2026-08-26T19:55:03.051244+00:00,8.63,floor,-2.815315315315315,1.940244,0.0,-2.815315315315315,,,2026-08-26T19:55:03.050807+00:00,2026-08-26T19:55:03.050807+00:00,2
2026-08-26,XPON,trail_activate+2_lock+1_distance1_floor-1,first,resting,STOP_LIMIT,2026-08-26T13:45:07+00:00,,1787757840000,0,2026-08-26T15:25:00+00:00,2026-08-26T15:36:09.608000+00:00,9.42,,9.3258,9.6084,,,,2026-08-26T15:37:25.210994+00:00,2026-08-26T15:37:25.211431+00:00,9.32,floor,-1.061571125265389,75.603431,1.486199575371556,-1.061571125265389,2026-08-26T15:36:40.011354+00:00,,2026-08-26T15:37:25.210994+00:00,,545
2026-08-26,XPON,trail_activate+2_lock+1_distance1_floor-1,first,resting,STOP_LIMIT,2026-08-26T13:45:07+00:00,,1787760960000,0,2026-08-26T17:28:00+00:00,2026-08-26T17:29:09.550000+00:00,8.24,,8.1576,8.4048,,,,2026-08-26T17:29:09.991111+00:00,2026-08-26T17:29:09.991633+00:00,8.17,floor,-0.8495145631067995,0.441633,0.0,-1.0922330097087363,,,2026-08-26T17:29:09.991111+00:00,,2
2026-08-26,XPON,trail_activate+2_lock+1_distance1_floor-1,first,resting,STOP_LIMIT,2026-08-26T13:45:07+00:00,,1787767500000,0,2026-08-26T18:46:00+00:00,2026-08-26T18:47:15.525000+00:00,8.25,,8.1675,8.415000000000001,,,,2026-08-26T18:47:24.901006+00:00,2026-08-26T18:47:28.433504+00:00,8.16,floor,-1.0909090909090893,12.908504,0.0,-1.0909090909090893,,,2026-08-26T18:47:24.901006+00:00,,2
2026-08-26,XPON,trail_activate+2_lock+1_distance1_floor-1,reclaim,resting,STOP_LIMIT,2026-08-26T13:45:07+00:00,,1787767500000,1787770020000,2026-08-26T18:50:00+00:00,2026-08-26T19:14:12.990000+00:00,8.88,,8.7912,9.0576,,,,2026-08-26T19:14:35.318741+00:00,2026-08-26T19:14:35.318907+00:00,8.76,floor,-1.3513513513513624,22.328907,1.238738738738732,-1.3513513513513624,2026-08-26T19:14:29.259558+00:00,,2026-08-26T19:14:35.318741+00:00,,209
2026-08-26,XPON,trail_activate+2_lock+1_distance1_floor-1,first,resting,STOP_LIMIT,2026-08-26T13:45:07+00:00,,1787773080000,0,2026-08-26T19:50:00+00:00,2026-08-26T19:51:28.616000+00:00,8.73,,8.6427,8.9046,,,,2026-08-26T19:51:55.209700+00:00,2026-08-26T19:51:55.210049+00:00,8.6,floor,-1.4891179839633537,26.594049,1.374570446735386,-1.4891179839633537,2026-08-26T19:51:35.112115+00:00,,2026-08-26T19:51:55.209700+00:00,,162
2026-08-26,XPON,trail_activate+2_lock+1_distance1_floor-1,reclaim,resting,STOP_LIMIT,2026-08-26T13:45:07+00:00,,1787773080000,1787773860000,2026-08-26T19:54:00+00:00,2026-08-26T19:55:01.111000+00:00,8.88,,8.7912,9.0576,,,,2026-08-26T19:55:03.050807+00:00,2026-08-26T19:55:03.051244+00:00,8.63,floor,-2.815315315315315,1.940244,0.0,-2.815315315315315,,,2026-08-26T19:55:03.050807+00:00,2026-08-26T19:55:03.050807+00:00,2
2026-08-26,XPON,trail_activate+2_lock+1_distance2_floor-1,first,resting,STOP_LIMIT,2026-08-26T13:45:07+00:00,,1787757840000,0,2026-08-26T15:25:00+00:00,2026-08-26T15:36:09.608000+00:00,9.42,,9.3258,9.6084,,,,2026-08-26T15:37:25.210994+00:00,2026-08-26T15:37:25.211431+00:00,9.32,floor,-1.061571125265389,75.603431,1.486199575371556,-1.061571125265389,2026-08-26T15:36:40.011354+00:00,,2026-08-26T15:37:25.210994+00:00,,545
2026-08-26,XPON,trail_activate+2_lock+1_distance2_floor-1,first,resting,STOP_LIMIT,2026-08-26T13:45:07+00:00,,1787760960000,0,2026-08-26T17:28:00+00:00,2026-08-26T17:29:09.550000+00:00,8.24,,8.1576,8.4048,,,,2026-08-26T17:29:09.991111+00:00,2026-08-26T17:29:09.991633+00:00,8.17,floor,-0.8495145631067995,0.441633,0.0,-1.0922330097087363,,,2026-08-26T17:29:09.991111+00:00,,2
2026-08-26,XPON,trail_activate+2_lock+1_distance2_floor-1,first,resting,STOP_LIMIT,2026-08-26T13:45:07+00:00,,1787767500000,0,2026-08-26T18:46:00+00:00,2026-08-26T18:47:15.525000+00:00,8.25,,8.1675,8.415000000000001,,,,2026-08-26T18:47:24.901006+00:00,2026-08-26T18:47:28.433504+00:00,8.16,floor,-1.0909090909090893,12.908504,0.0,-1.0909090909090893,,,2026-08-26T18:47:24.901006+00:00,,2
2026-08-26,XPON,trail_activate+2_lock+1_distance2_floor-1,reclaim,resting,STOP_LIMIT,2026-08-26T13:45:07+00:00,,1787767500000,1787770020000,2026-08-26T18:50:00+00:00,2026-08-26T19:14:12.990000+00:00,8.88,,8.7912,9.0576,,,,2026-08-26T19:14:35.318741+00:00,2026-08-26T19:14:35.318907+00:00,8.76,floor,-1.3513513513513624,22.328907,1.238738738738732,-1.3513513513513624,2026-08-26T19:14:29.259558+00:00,,2026-08-26T19:14:35.318741+00:00,,209
2026-08-26,XPON,trail_activate+2_lock+1_distance2_floor-1,first,resting,STOP_LIMIT,2026-08-26T13:45:07+00:00,,1787773080000,0,2026-08-26T19:50:00+00:00,2026-08-26T19:51:28.616000+00:00,8.73,,8.6427,8.9046,,,,2026-08-26T19:51:55.209700+00:00,2026-08-26T19:51:55.210049+00:00,8.6,floor,-1.4891179839633537,26.594049,1.374570446735386,-1.4891179839633537,2026-08-26T19:51:35.112115+00:00,,2026-08-26T19:51:55.209700+00:00,,162
2026-08-26,XPON,trail_activate+2_lock+1_distance2_floor-1,reclaim,resting,STOP_LIMIT,2026-08-26T13:45:07+00:00,,1787773080000,1787773860000,2026-08-26T19:54:00+00:00,2026-08-26T19:55:01.111000+00:00,8.88,,8.7912,9.0576,,,,2026-08-26T19:55:03.050807+00:00,2026-08-26T19:55:03.051244+00:00,8.63,floor,-2.815315315315315,1.940244,0.0,-2.815315315315315,,,2026-08-26T19:55:03.050807+00:00,2026-08-26T19:55:03.050807+00:00,2
2026-08-26,YYGH,trail_activate+1_lock+0_distance1_floor-2,reclaim,reactive,limit,2026-08-26T08:09:56+00:00,,1787748960000,1787748960000,2026-08-26T13:01:26.497000+00:00,2026-08-26T13:01:26.497000+00:00,1.98,,1.9404,1.9998,2026-08-26T13:02:01.312031+00:00,2.01,1.9898999999999998,2026-08-26T13:04:09.679238+00:00,2026-08-26T13:04:09.679370+00:00,1.98,trail,0.0,163.18237,1.5151515151515054,-0.5050505050505055,2026-08-26T13:02:01.312031+00:00,,,,2349
2026-08-26,YYGH,trail_activate+1_lock+0_distance1_floor-2,first,resting,STOP_LIMIT,2026-08-26T08:09:56+00:00,,1787751180000,0,2026-08-26T13:34:00+00:00,2026-08-26T13:39:54.404000+00:00,1.97,,1.9305999999999999,1.9897,2026-08-26T13:39:59.536704+00:00,1.99,1.9701,2026-08-26T13:40:00.206642+00:00,2026-08-26T13:40:00.206915+00:00,1.97,trail,0.0,5.802915,1.0152284263959401,-0.5076142131979701,2026-08-26T13:39:59.536704+00:00,,,,275
2026-08-26,YYGH,trail_activate+1_lock+0_distance1_floor-2,reclaim,resting,STOP_LIMIT,2026-08-26T08:09:56+00:00,,1787751180000,1787751540000,2026-08-26T13:42:00+00:00,2026-08-26T13:43:03.756000+00:00,2.0,,1.96,2.02,2026-08-26T13:43:03.870045+00:00,2.04,2.0196,2026-08-26T13:43:08.450333+00:00,2026-08-26T13:43:08.452691+00:00,2.01,trail,0.49999999999998934,4.696691,2.0000000000000018,-0.5000000000000004,2026-08-26T13:43:03.870045+00:00,2026-08-26T13:43:03.973412+00:00,,,385
2026-08-26,YYGH,trail_activate+1_lock+0_distance1_floor-2,first,resting,STOP_LIMIT,2026-08-26T08:09:56+00:00,,1787752740000,0,2026-08-26T14:21:00+00:00,2026-08-26T14:31:02.498000+00:00,1.94,,1.9012,1.9594,,,,2026-08-26T14:31:17.068576+00:00,2026-08-26T14:31:17.068881+00:00,1.9,floor,-2.061855670103095,14.570881,0.0,-2.061855670103095,,,2026-08-26T14:31:11.345988+00:00,2026-08-26T14:31:17.068576+00:00,94
2026-08-26,YYGH,trail_activate+1_lock+0_distance1_floor-2,reclaim,resting,STOP_LIMIT,2026-08-26T08:09:56+00:00,,1787752740000,1787754720000,2026-08-26T14:35:00+00:00,2026-08-26T14:35:00.224000+00:00,1.95,,1.911,1.9695,2026-08-26T14:35:38.070769+00:00,1.98,1.9602,2026-08-26T14:35:41.278517+00:00,2026-08-26T14:35:41.278855+00:00,1.96,trail,0.5128205128205132,41.054855,1.5384615384615399,-1.0256410256410264,2026-08-26T14:35:38.070769+00:00,,2026-08-26T14:35:26.435550+00:00,,319
2026-08-26,YYGH,trail_activate+1_lock+0_distance1_floor-2,first,resting,STOP_LIMIT,2026-08-26T08:09:56+00:00,,1787762040000,0,2026-08-26T17:22:00+00:00,2026-08-26T17:23:41.368000+00:00,1.93,,1.8914,1.9493,2026-08-26T17:55:15.444403+00:00,1.96,1.9404,2026-08-26T17:56:25.246371+00:00,2026-08-26T17:56:25.246789+00:00,1.94,trail,0.5181347150259072,1963.878789,1.5544041450777215,-1.5544041450777215,2026-08-26T17:55:15.444403+00:00,,2026-08-26T17:36:37.699333+00:00,,2490
2026-08-26,YYGH,trail_activate+1_lock+0_distance1_floor-2,reclaim,resting,STOP_LIMIT,2026-08-26T08:09:56+00:00,,1787762040000,1787764980000,2026-08-26T17:57:00+00:00,2026-08-26T18:26:11.618000+00:00,1.97,,1.9305999999999999,1.9897,2026-08-26T18:26:32.809622+00:00,2.02,1.9998,2026-08-26T18:29:51.529729+00:00,2026-08-26T18:29:51.529915+00:00,1.99,trail,1.0152284263959401,219.911915,2.53807106598985,-0.5076142131979701,2026-08-26T18:26:32.809622+00:00,2026-08-26T18:27:21.976317+00:00,,,995
2026-08-26,YYGH,trail_activate+1_lock+0_distance1_floor-2,reclaim,resting,STOP_LIMIT,2026-08-26T08:09:56+00:00,,1787771760000,1787772900000,2026-08-26T19:38:00+00:00,2026-08-26T19:47:06.734000+00:00,1.99,,1.9502,2.0099,2026-08-26T19:49:16.005825+00:00,2.07,2.0492999999999997,2026-08-26T19:50:09.877435+00:00,2026-08-26T19:50:09.877994+00:00,2.04,trail,2.5125628140703538,183.143994,4.020100502512555,-1.0050251256281415,2026-08-26T19:49:16.005825+00:00,2026-08-26T19:49:29.677672+00:00,2026-08-26T19:47:26.596608+00:00,,1563
2026-08-26,YYGH,trail_activate+1_lock+0_distance2_floor-2,reclaim,reactive,limit,2026-08-26T08:09:56+00:00,,1787748960000,1787748960000,2026-08-26T13:01:26.497000+00:00,2026-08-26T13:01:26.497000+00:00,1.98,,1.9404,1.9998,2026-08-26T13:02:01.312031+00:00,2.01,1.98,2026-08-26T13:04:09.679238+00:00,2026-08-26T13:04:09.679370+00:00,1.98,trail,0.0,163.18237,1.5151515151515054,-0.5050505050505055,2026-08-26T13:02:01.312031+00:00,,,,2349
2026-08-26,YYGH,trail_activate+1_lock+0_distance2_floor-2,first,resting,STOP_LIMIT,2026-08-26T08:09:56+00:00,,1787751180000,0,2026-08-26T13:34:00+00:00,2026-08-26T13:39:54.404000+00:00,1.97,,1.9305999999999999,1.9897,2026-08-26T13:39:59.536704+00:00,1.99,1.97,2026-08-26T13:40:00.206642+00:00,2026-08-26T13:40:00.206915+00:00,1.97,trail,0.0,5.802915,1.0152284263959401,-0.5076142131979701,2026-08-26T13:39:59.536704+00:00,,,,275
2026-08-26,YYGH,trail_activate+1_lock+0_distance2_floor-2,reclaim,resting,STOP_LIMIT,2026-08-26T08:09:56+00:00,,1787751180000,1787751540000,2026-08-26T13:42:00+00:00,2026-08-26T13:43:03.756000+00:00,2.0,,1.96,2.02,2026-08-26T13:43:03.870045+00:00,2.06,2.0188,2026-08-26T13:44:00.669611+00:00,2026-08-26T13:44:00.669791+00:00,2.01,trail,0.49999999999998934,56.913791,3.0000000000000027,-0.5000000000000004,2026-08-26T13:43:03.870045+00:00,2026-08-26T13:43:03.973412+00:00,,,1737
2026-08-26,YYGH,trail_activate+1_lock+0_distance2_floor-2,first,resting,STOP_LIMIT,2026-08-26T08:09:56+00:00,,1787752740000,0,2026-08-26T14:21:00+00:00,2026-08-26T14:31:02.498000+00:00,1.94,,1.9012,1.9594,,,,2026-08-26T14:31:17.068576+00:00,2026-08-26T14:31:17.068881+00:00,1.9,floor,-2.061855670103095,14.570881,0.0,-2.061855670103095,,,2026-08-26T14:31:11.345988+00:00,2026-08-26T14:31:17.068576+00:00,94
2026-08-26,YYGH,trail_activate+1_lock+0_distance2_floor-2,reclaim,resting,STOP_LIMIT,2026-08-26T08:09:56+00:00,,1787752740000,1787754720000,2026-08-26T14:35:00+00:00,2026-08-26T14:35:00.224000+00:00,1.95,,1.911,1.9695,2026-08-26T14:35:38.070769+00:00,1.98,1.95,2026-08-26T14:35:41.305143+00:00,2026-08-26T14:35:41.305559+00:00,1.95,trail,0.0,41.081559,1.5384615384615399,-1.0256410256410264,2026-08-26T14:35:38.070769+00:00,,2026-08-26T14:35:26.435550+00:00,,374
2026-08-26,YYGH,trail_activate+1_lock+0_distance2_floor-2,first,resting,STOP_LIMIT,2026-08-26T08:09:56+00:00,,1787762040000,0,2026-08-26T17:22:00+00:00,2026-08-26T17:23:41.368000+00:00,1.93,,1.8914,1.9493,2026-08-26T17:55:15.444403+00:00,1.96,1.93,2026-08-26T18:03:00.081223+00:00,2026-08-26T18:03:00.082080+00:00,1.93,trail,0.0,2358.71408,1.5544041450777215,-1.5544041450777215,2026-08-26T17:55:15.444403+00:00,,2026-08-26T17:36:37.699333+00:00,,2849
2026-08-26,YYGH,trail_activate+1_lock+0_distance2_floor-2,reclaim,resting,STOP_LIMIT,2026-08-26T08:09:56+00:00,,1787762040000,1787764980000,2026-08-26T18:04:00+00:00,2026-08-26T18:26:11.618000+00:00,1.97,,1.9305999999999999,1.9897,2026-08-26T18:26:32.809622+00:00,2.02,1.9796,2026-08-26T18:34:48.631116+00:00,2026-08-26T18:34:48.631401+00:00,1.98,trail,0.5076142131979701,517.013401,2.53807106598985,-0.5076142131979701,2026-08-26T18:26:32.809622+00:00,2026-08-26T18:27:21.976317+00:00,,,1784
2026-08-26,YYGH,trail_activate+1_lock+0_distance2_floor-2,reclaim,resting,STOP_LIMIT,2026-08-26T08:09:56+00:00,,1787771760000,1787772900000,2026-08-26T19:38:00+00:00,2026-08-26T19:47:06.734000+00:00,1.99,,1.9502,2.0099,2026-08-26T19:49:16.005825+00:00,2.08,2.0384,2026-08-26T19:52:54.562054+00:00,2026-08-26T19:52:54.562313+00:00,2.03,trail,2.010050251256272,347.828313,4.522613065326637,-1.0050251256281415,2026-08-26T19:49:16.005825+00:00,2026-08-26T19:49:29.677672+00:00,2026-08-26T19:47:26.596608+00:00,,2973
2026-08-26,YYGH,trail_activate+2_lock+1_distance1_floor-2,reclaim,reactive,limit,2026-08-26T08:09:56+00:00,,1787748960000,1787748960000,2026-08-26T13:01:26.497000+00:00,2026-08-26T13:01:26.497000+00:00,1.98,,1.9404,2.0196,,,,2026-08-26T13:13:58.063223+00:00,2026-08-26T13:13:58.063459+00:00,1.94,floor,-2.020202020202022,751.566459,1.5151515151515054,-2.020202020202022,2026-08-26T13:02:01.312031+00:00,,2026-08-26T13:04:16.764019+00:00,2026-08-26T13:13:58.063223+00:00,5539
2026-08-26,YYGH,trail_activate+2_lock+1_distance1_floor-2,first,resting,STOP_LIMIT,2026-08-26T08:09:56+00:00,,1787751180000,0,2026-08-26T13:34:00+00:00,2026-08-26T13:39:54.404000+00:00,1.97,,1.9305999999999999,2.0094,,,,2026-08-26T13:40:48.264988+00:00,2026-08-26T13:40:48.266041+00:00,1.93,floor,-2.0304568527918803,53.862041,1.0152284263959401,-2.0304568527918803,2026-08-26T13:39:59.536704+00:00,,2026-08-26T13:40:48.234899+00:00,2026-08-26T13:40:48.264988+00:00,1077
2026-08-26,YYGH,trail_activate+2_lock+1_distance1_floor-2,reclaim,resting,STOP_LIMIT,2026-08-26T08:09:56+00:00,,1787751180000,1787751540000,2026-08-26T13:42:00+00:00,2026-08-26T13:43:03.756000+00:00,2.0,,1.96,2.04,2026-08-26T13:43:03.973412+00:00,2.04,2.02,2026-08-26T13:43:05.905678+00:00,2026-08-26T13:43:05.905837+00:00,2.02,trail,1.0000000000000009,2.149837,2.0000000000000018,-0.5000000000000004,2026-08-26T13:43:03.870045+00:00,2026-08-26T13:43:03.973412+00:00,,,301
2026-08-26,YYGH,trail_activate+2_lock+1_distance1_floor-2,first,resting,STOP_LIMIT,2026-08-26T08:09:56+00:00,,1787752740000,0,2026-08-26T14:21:00+00:00,2026-08-26T14:31:02.498000+00:00,1.94,,1.9012,1.9788,,,,2026-08-26T14:31:17.068576+00:00,2026-08-26T14:31:17.068881+00:00,1.9,floor,-2.061855670103095,14.570881,0.0,-2.061855670103095,,,2026-08-26T14:31:11.345988+00:00,2026-08-26T14:31:17.068576+00:00,94
2026-08-26,YYGH,trail_activate+2_lock+1_distance1_floor-2,reclaim,resting,STOP_LIMIT,2026-08-26T08:09:56+00:00,,1787752740000,1787754720000,2026-08-26T14:35:00+00:00,2026-08-26T14:35:00.224000+00:00,1.95,,1.911,1.9889999999999999,2026-08-26T14:38:08.969441+00:00,2.02,1.9998,2026-08-26T14:39:58.778271+00:00,2026-08-26T14:39:58.778584+00:00,1.99,trail,2.051282051282053,298.554584,3.589743589743593,-1.0256410256410264,2026-08-26T14:35:38.070769+00:00,2026-08-26T14:38:08.969441+00:00,2026-08-26T14:35:26.435550+00:00,,2226
2026-08-26,YYGH,trail_activate+2_lock+1_distance1_floor-2,first,resting,STOP_LIMIT,2026-08-26T08:09:56+00:00,,1787762040000,0,2026-08-26T17:22:00+00:00,2026-08-26T17:23:41.368000+00:00,1.93,,1.8914,1.9686,2026-08-26T18:26:13.946851+00:00,2.02,1.9998,2026-08-26T18:29:51.529729+00:00,2026-08-26T18:29:51.529915+00:00,1.99,trail,3.108808290155443,3970.161915,4.663212435233165,-1.5544041450777215,2026-08-26T17:55:15.444403+00:00,2026-08-26T18:26:13.946851+00:00,2026-08-26T17:36:37.699333+00:00,,5222
2026-08-26,YYGH,trail_activate+2_lock+1_distance1_floor-2,reclaim,resting,STOP_LIMIT,2026-08-26T08:09:56+00:00,,1787762040000,1787764980000,2026-08-26T18:30:00+00:00,2026-08-26T18:35:53.063000+00:00,2.03,,1.9893999999999998,2.0705999999999998,,,,2026-08-26T18:38:08.749050+00:00,2026-08-26T18:38:08.749449+00:00,1.98,floor,-2.4630541871921094,135.686449,0.0,-2.4630541871921094,,,2026-08-26T18:36:05.790700+00:00,2026-08-26T18:38:08.749050+00:00,479
2026-08-26,YYGH,trail_activate+2_lock+1_distance1_floor-2,reclaim,resting,STOP_LIMIT,2026-08-26T08:09:56+00:00,,1787771760000,1787772900000,2026-08-26T19:38:00+00:00,2026-08-26T19:47:06.734000+00:00,1.99,,1.9502,2.0298,2026-08-26T19:49:29.677672+00:00,2.07,2.0492999999999997,2026-08-26T19:50:09.877435+00:00,2026-08-26T19:50:09.877994+00:00,2.04,trail,2.5125628140703538,183.143994,4.020100502512555,-1.0050251256281415,2026-08-26T19:49:16.005825+00:00,2026-08-26T19:49:29.677672+00:00,2026-08-26T19:47:26.596608+00:00,,1563
2026-08-26,YYGH,trail_activate+2_lock+1_distance2_floor-2,reclaim,reactive,limit,2026-08-26T08:09:56+00:00,,1787748960000,1787748960000,2026-08-26T13:01:26.497000+00:00,2026-08-26T13:01:26.497000+00:00,1.98,,1.9404,2.0196,,,,2026-08-26T13:13:58.063223+00:00,2026-08-26T13:13:58.063459+00:00,1.94,floor,-2.020202020202022,751.566459,1.5151515151515054,-2.020202020202022,2026-08-26T13:02:01.312031+00:00,,2026-08-26T13:04:16.764019+00:00,2026-08-26T13:13:58.063223+00:00,5539
2026-08-26,YYGH,trail_activate+2_lock+1_distance2_floor-2,first,resting,STOP_LIMIT,2026-08-26T08:09:56+00:00,,1787751180000,0,2026-08-26T13:34:00+00:00,2026-08-26T13:39:54.404000+00:00,1.97,,1.9305999999999999,2.0094,,,,2026-08-26T13:40:48.264988+00:00,2026-08-26T13:40:48.266041+00:00,1.93,floor,-2.0304568527918803,53.862041,1.0152284263959401,-2.0304568527918803,2026-08-26T13:39:59.536704+00:00,,2026-08-26T13:40:48.234899+00:00,2026-08-26T13:40:48.264988+00:00,1077
2026-08-26,YYGH,trail_activate+2_lock+1_distance2_floor-2,reclaim,resting,STOP_LIMIT,2026-08-26T08:09:56+00:00,,1787751180000,1787751540000,2026-08-26T13:42:00+00:00,2026-08-26T13:43:03.756000+00:00,2.0,,1.96,2.04,2026-08-26T13:43:03.973412+00:00,2.04,2.02,2026-08-26T13:43:05.905678+00:00,2026-08-26T13:43:05.905837+00:00,2.02,trail,1.0000000000000009,2.149837,2.0000000000000018,-0.5000000000000004,2026-08-26T13:43:03.870045+00:00,2026-08-26T13:43:03.973412+00:00,,,301
2026-08-26,YYGH,trail_activate+2_lock+1_distance2_floor-2,first,resting,STOP_LIMIT,2026-08-26T08:09:56+00:00,,1787752740000,0,2026-08-26T14:21:00+00:00,2026-08-26T14:31:02.498000+00:00,1.94,,1.9012,1.9788,,,,2026-08-26T14:31:17.068576+00:00,2026-08-26T14:31:17.068881+00:00,1.9,floor,-2.061855670103095,14.570881,0.0,-2.061855670103095,,,2026-08-26T14:31:11.345988+00:00,2026-08-26T14:31:17.068576+00:00,94
2026-08-26,YYGH,trail_activate+2_lock+1_distance2_floor-2,reclaim,resting,STOP_LIMIT,2026-08-26T08:09:56+00:00,,1787752740000,1787754720000,2026-08-26T14:35:00+00:00,2026-08-26T14:35:00.224000+00:00,1.95,,1.911,1.9889999999999999,2026-08-26T14:38:08.969441+00:00,2.03,1.9893999999999998,2026-08-26T14:42:17.889889+00:00,2026-08-26T14:42:17.890041+00:00,1.98,trail,1.5384615384615399,437.666041,4.102564102564095,-1.0256410256410264,2026-08-26T14:35:38.070769+00:00,2026-08-26T14:38:08.969441+00:00,2026-08-26T14:35:26.435550+00:00,,3578
2026-08-26,YYGH,trail_activate+2_lock+1_distance2_floor-2,first,resting,STOP_LIMIT,2026-08-26T08:09:56+00:00,,1787762040000,0,2026-08-26T17:22:00+00:00,2026-08-26T17:23:41.368000+00:00,1.93,,1.8914,1.9686,2026-08-26T18:26:13.946851+00:00,2.02,1.9796,2026-08-26T18:34:48.631116+00:00,2026-08-26T18:34:48.631401+00:00,1.98,trail,2.5906735751295358,4267.263401,4.663212435233165,-1.5544041450777215,2026-08-26T17:55:15.444403+00:00,2026-08-26T18:26:13.946851+00:00,2026-08-26T17:36:37.699333+00:00,,6011
2026-08-26,YYGH,trail_activate+2_lock+1_distance2_floor-2,reclaim,resting,STOP_LIMIT,2026-08-26T08:09:56+00:00,,1787762040000,1787764980000,2026-08-26T18:35:00+00:00,2026-08-26T18:35:53.063000+00:00,2.03,,1.9893999999999998,2.0705999999999998,,,,2026-08-26T18:38:08.749050+00:00,2026-08-26T18:38:08.749449+00:00,1.98,floor,-2.4630541871921094,135.686449,0.0,-2.4630541871921094,,,2026-08-26T18:36:05.790700+00:00,2026-08-26T18:38:08.749050+00:00,479
2026-08-26,YYGH,trail_activate+2_lock+1_distance2_floor-2,reclaim,resting,STOP_LIMIT,2026-08-26T08:09:56+00:00,,1787771760000,1787772900000,2026-08-26T19:38:00+00:00,2026-08-26T19:47:06.734000+00:00,1.99,,1.9502,2.0298,2026-08-26T19:49:29.677672+00:00,2.08,2.0384,2026-08-26T19:52:54.562054+00:00,2026-08-26T19:52:54.562313+00:00,2.03,trail,2.010050251256272,347.828313,4.522613065326637,-1.0050251256281415,2026-08-26T19:49:16.005825+00:00,2026-08-26T19:49:29.677672+00:00,2026-08-26T19:47:26.596608+00:00,,2973
2026-08-26,YYGH,trail_activate+1_lock+0_distance1_floor-1,reclaim,reactive,limit,2026-08-26T08:09:56+00:00,,1787748960000,1787748960000,2026-08-26T13:01:26.497000+00:00,2026-08-26T13:01:26.497000+00:00,1.98,,1.9602,1.9998,2026-08-26T13:02:01.312031+00:00,2.01,1.9898999999999998,2026-08-26T13:04:09.679238+00:00,2026-08-26T13:04:09.679370+00:00,1.98,trail,0.0,163.18237,1.5151515151515054,-0.5050505050505055,2026-08-26T13:02:01.312031+00:00,,,,2349
2026-08-26,YYGH,trail_activate+1_lock+0_distance1_floor-1,first,resting,STOP_LIMIT,2026-08-26T08:09:56+00:00,,1787751180000,0,2026-08-26T13:34:00+00:00,2026-08-26T13:39:54.404000+00:00,1.97,,1.9503,1.9897,2026-08-26T13:39:59.536704+00:00,1.99,1.9701,2026-08-26T13:40:00.206642+00:00,2026-08-26T13:40:00.206915+00:00,1.97,trail,0.0,5.802915,1.0152284263959401,-0.5076142131979701,2026-08-26T13:39:59.536704+00:00,,,,275
2026-08-26,YYGH,trail_activate+1_lock+0_distance1_floor-1,reclaim,resting,STOP_LIMIT,2026-08-26T08:09:56+00:00,,1787751180000,1787751540000,2026-08-26T13:42:00+00:00,2026-08-26T13:43:03.756000+00:00,2.0,,1.98,2.02,2026-08-26T13:43:03.870045+00:00,2.04,2.0196,2026-08-26T13:43:08.450333+00:00,2026-08-26T13:43:08.452691+00:00,2.01,trail,0.49999999999998934,4.696691,2.0000000000000018,-0.5000000000000004,2026-08-26T13:43:03.870045+00:00,2026-08-26T13:43:03.973412+00:00,,,385
2026-08-26,YYGH,trail_activate+1_lock+0_distance1_floor-1,first,resting,STOP_LIMIT,2026-08-26T08:09:56+00:00,,1787752740000,0,2026-08-26T14:21:00+00:00,2026-08-26T14:31:02.498000+00:00,1.94,,1.9205999999999999,1.9594,,,,2026-08-26T14:31:11.345988+00:00,2026-08-26T14:31:11.346829+00:00,1.92,floor,-1.0309278350515474,8.848829,0.0,-1.0309278350515474,,,2026-08-26T14:31:11.345988+00:00,,26
2026-08-26,YYGH,trail_activate+1_lock+0_distance1_floor-1,reclaim,resting,STOP_LIMIT,2026-08-26T08:09:56+00:00,,1787752740000,1787754720000,2026-08-26T14:35:00+00:00,2026-08-26T14:35:00.224000+00:00,1.95,,1.9304999999999999,1.9695,,,,2026-08-26T14:35:26.435550+00:00,2026-08-26T14:35:26.437513+00:00,1.93,floor,-1.0256410256410264,26.213513,0.0,-1.0256410256410264,,,2026-08-26T14:35:26.435550+00:00,,117
2026-08-26,YYGH,trail_activate+1_lock+0_distance1_floor-1,first,resting,STOP_LIMIT,2026-08-26T08:09:56+00:00,,1787762040000,0,2026-08-26T17:22:00+00:00,2026-08-26T17:23:41.368000+00:00,1.93,,1.9106999999999998,1.9493,,,,2026-08-26T17:36:37.699333+00:00,2026-08-26T17:36:37.699650+00:00,1.91,floor,-1.0362694300518145,776.33165,0.5181347150259072,-1.0362694300518145,,,2026-08-26T17:36:37.699333+00:00,,1180
2026-08-26,YYGH,trail_activate+1_lock+0_distance1_floor-1,reclaim,resting,STOP_LIMIT,2026-08-26T08:09:56+00:00,,1787762040000,1787764980000,2026-08-26T17:37:00+00:00,2026-08-26T17:45:13.356000+00:00,1.95,,1.9304999999999999,1.9695,,,,2026-08-26T17:45:17.105684+00:00,2026-08-26T17:45:17.107950+00:00,1.93,floor,-1.0256410256410264,3.75195,0.0,-1.0256410256410264,,,2026-08-26T17:45:17.105684+00:00,,5
2026-08-26,YYGH,trail_activate+1_lock+0_distance1_floor-1,reclaim,resting,STOP_LIMIT,2026-08-26T08:09:56+00:00,,1787771760000,1787772900000,2026-08-26T19:38:00+00:00,2026-08-26T19:47:06.734000+00:00,1.99,,1.9701,2.0099,,,,2026-08-26T19:47:26.596608+00:00,2026-08-26T19:47:26.596853+00:00,1.97,floor,-1.0050251256281415,19.862853,0.0,-1.0050251256281415,,,2026-08-26T19:47:26.596608+00:00,,15
2026-08-26,YYGH,trail_activate+1_lock+0_distance2_floor-1,reclaim,reactive,limit,2026-08-26T08:09:56+00:00,,1787748960000,1787748960000,2026-08-26T13:01:26.497000+00:00,2026-08-26T13:01:26.497000+00:00,1.98,,1.9602,1.9998,2026-08-26T13:02:01.312031+00:00,2.01,1.98,2026-08-26T13:04:09.679238+00:00,2026-08-26T13:04:09.679370+00:00,1.98,trail,0.0,163.18237,1.5151515151515054,-0.5050505050505055,2026-08-26T13:02:01.312031+00:00,,,,2349
2026-08-26,YYGH,trail_activate+1_lock+0_distance2_floor-1,first,resting,STOP_LIMIT,2026-08-26T08:09:56+00:00,,1787751180000,0,2026-08-26T13:34:00+00:00,2026-08-26T13:39:54.404000+00:00,1.97,,1.9503,1.9897,2026-08-26T13:39:59.536704+00:00,1.99,1.97,2026-08-26T13:40:00.206642+00:00,2026-08-26T13:40:00.206915+00:00,1.97,trail,0.0,5.802915,1.0152284263959401,-0.5076142131979701,2026-08-26T13:39:59.536704+00:00,,,,275
2026-08-26,YYGH,trail_activate+1_lock+0_distance2_floor-1,reclaim,resting,STOP_LIMIT,2026-08-26T08:09:56+00:00,,1787751180000,1787751540000,2026-08-26T13:42:00+00:00,2026-08-26T13:43:03.756000+00:00,2.0,,1.98,2.02,2026-08-26T13:43:03.870045+00:00,2.06,2.0188,2026-08-26T13:44:00.669611+00:00,2026-08-26T13:44:00.669791+00:00,2.01,trail,0.49999999999998934,56.913791,3.0000000000000027,-0.5000000000000004,2026-08-26T13:43:03.870045+00:00,2026-08-26T13:43:03.973412+00:00,,,1737
2026-08-26,YYGH,trail_activate+1_lock+0_distance2_floor-1,first,resting,STOP_LIMIT,2026-08-26T08:09:56+00:00,,1787752740000,0,2026-08-26T14:21:00+00:00,2026-08-26T14:31:02.498000+00:00,1.94,,1.9205999999999999,1.9594,,,,2026-08-26T14:31:11.345988+00:00,2026-08-26T14:31:11.346829+00:00,1.92,floor,-1.0309278350515474,8.848829,0.0,-1.0309278350515474,,,2026-08-26T14:31:11.345988+00:00,,26
2026-08-26,YYGH,trail_activate+1_lock+0_distance2_floor-1,reclaim,resting,STOP_LIMIT,2026-08-26T08:09:56+00:00,,1787752740000,1787754720000,2026-08-26T14:35:00+00:00,2026-08-26T14:35:00.224000+00:00,1.95,,1.9304999999999999,1.9695,,,,2026-08-26T14:35:26.435550+00:00,2026-08-26T14:35:26.437513+00:00,1.93,floor,-1.0256410256410264,26.213513,0.0,-1.0256410256410264,,,2026-08-26T14:35:26.435550+00:00,,117
2026-08-26,YYGH,trail_activate+1_lock+0_distance2_floor-1,first,resting,STOP_LIMIT,2026-08-26T08:09:56+00:00,,1787762040000,0,2026-08-26T17:22:00+00:00,2026-08-26T17:23:41.368000+00:00,1.93,,1.9106999999999998,1.9493,,,,2026-08-26T17:36:37.699333+00:00,2026-08-26T17:36:37.699650+00:00,1.91,floor,-1.0362694300518145,776.33165,0.5181347150259072,-1.0362694300518145,,,2026-08-26T17:36:37.699333+00:00,,1180
2026-08-26,YYGH,trail_activate+1_lock+0_distance2_floor-1,reclaim,resting,STOP_LIMIT,2026-08-26T08:09:56+00:00,,1787762040000,1787764980000,2026-08-26T17:37:00+00:00,2026-08-26T17:45:13.356000+00:00,1.95,,1.9304999999999999,1.9695,,,,2026-08-26T17:45:17.105684+00:00,2026-08-26T17:45:17.107950+00:00,1.93,floor,-1.0256410256410264,3.75195,0.0,-1.0256410256410264,,,2026-08-26T17:45:17.105684+00:00,,5
2026-08-26,YYGH,trail_activate+1_lock+0_distance2_floor-1,reclaim,resting,STOP_LIMIT,2026-08-26T08:09:56+00:00,,1787771760000,1787772900000,2026-08-26T19:38:00+00:00,2026-08-26T19:47:06.734000+00:00,1.99,,1.9701,2.0099,,,,2026-08-26T19:47:26.596608+00:00,2026-08-26T19:47:26.596853+00:00,1.97,floor,-1.0050251256281415,19.862853,0.0,-1.0050251256281415,,,2026-08-26T19:47:26.596608+00:00,,15
2026-08-26,YYGH,trail_activate+2_lock+1_distance1_floor-1,reclaim,reactive,limit,2026-08-26T08:09:56+00:00,,1787748960000,1787748960000,2026-08-26T13:01:26.497000+00:00,2026-08-26T13:01:26.497000+00:00,1.98,,1.9602,2.0196,,,,2026-08-26T13:04:16.764019+00:00,2026-08-26T13:04:16.765027+00:00,1.96,floor,-1.010101010101011,170.268027,1.5151515151515054,-1.010101010101011,2026-08-26T13:02:01.312031+00:00,,2026-08-26T13:04:16.764019+00:00,,2467
2026-08-26,YYGH,trail_activate+2_lock+1_distance1_floor-1,first,resting,STOP_LIMIT,2026-08-26T08:09:56+00:00,,1787751180000,0,2026-08-26T13:34:00+00:00,2026-08-26T13:39:54.404000+00:00,1.97,,1.9503,2.0094,,,,2026-08-26T13:40:48.234899+00:00,2026-08-26T13:40:48.235743+00:00,1.95,floor,-1.0152284263959401,53.831743,1.0152284263959401,-1.0152284263959401,2026-08-26T13:39:59.536704+00:00,,2026-08-26T13:40:48.234899+00:00,,1032
2026-08-26,YYGH,trail_activate+2_lock+1_distance1_floor-1,reclaim,resting,STOP_LIMIT,2026-08-26T08:09:56+00:00,,1787751180000,1787751540000,2026-08-26T13:42:00+00:00,2026-08-26T13:43:03.756000+00:00,2.0,,1.98,2.04,2026-08-26T13:43:03.973412+00:00,2.04,2.02,2026-08-26T13:43:05.905678+00:00,2026-08-26T13:43:05.905837+00:00,2.02,trail,1.0000000000000009,2.149837,2.0000000000000018,-0.5000000000000004,2026-08-26T13:43:03.870045+00:00,2026-08-26T13:43:03.973412+00:00,,,301
2026-08-26,YYGH,trail_activate+2_lock+1_distance1_floor-1,first,resting,STOP_LIMIT,2026-08-26T08:09:56+00:00,,1787752740000,0,2026-08-26T14:21:00+00:00,2026-08-26T14:31:02.498000+00:00,1.94,,1.9205999999999999,1.9788,,,,2026-08-26T14:31:11.345988+00:00,2026-08-26T14:31:11.346829+00:00,1.92,floor,-1.0309278350515474,8.848829,0.0,-1.0309278350515474,,,2026-08-26T14:31:11.345988+00:00,,26
2026-08-26,YYGH,trail_activate+2_lock+1_distance1_floor-1,reclaim,resting,STOP_LIMIT,2026-08-26T08:09:56+00:00,,1787752740000,1787754720000,2026-08-26T14:35:00+00:00,2026-08-26T14:35:00.224000+00:00,1.95,,1.9304999999999999,1.9889999999999999,,,,2026-08-26T14:35:26.435550+00:00,2026-08-26T14:35:26.437513+00:00,1.93,floor,-1.0256410256410264,26.213513,0.0,-1.0256410256410264,,,2026-08-26T14:35:26.435550+00:00,,117
2026-08-26,YYGH,trail_activate+2_lock+1_distance1_floor-1,first,resting,STOP_LIMIT,2026-08-26T08:09:56+00:00,,1787762040000,0,2026-08-26T17:22:00+00:00,2026-08-26T17:23:41.368000+00:00,1.93,,1.9106999999999998,1.9686,,,,2026-08-26T17:36:37.699333+00:00,2026-08-26T17:36:37.699650+00:00,1.91,floor,-1.0362694300518145,776.33165,0.5181347150259072,-1.0362694300518145,,,2026-08-26T17:36:37.699333+00:00,,1180
2026-08-26,YYGH,trail_activate+2_lock+1_distance1_floor-1,reclaim,resting,STOP_LIMIT,2026-08-26T08:09:56+00:00,,1787762040000,1787764980000,2026-08-26T17:37:00+00:00,2026-08-26T17:45:13.356000+00:00,1.95,,1.9304999999999999,1.9889999999999999,,,,2026-08-26T17:45:17.105684+00:00,2026-08-26T17:45:17.107950+00:00,1.93,floor,-1.0256410256410264,3.75195,0.0,-1.0256410256410264,,,2026-08-26T17:45:17.105684+00:00,,5
2026-08-26,YYGH,trail_activate+2_lock+1_distance1_floor-1,reclaim,resting,STOP_LIMIT,2026-08-26T08:09:56+00:00,,1787771760000,1787772900000,2026-08-26T19:38:00+00:00,2026-08-26T19:47:06.734000+00:00,1.99,,1.9701,2.0298,,,,2026-08-26T19:47:26.596608+00:00,2026-08-26T19:47:26.596853+00:00,1.97,floor,-1.0050251256281415,19.862853,0.0,-1.0050251256281415,,,2026-08-26T19:47:26.596608+00:00,,15
2026-08-26,YYGH,trail_activate+2_lock+1_distance2_floor-1,reclaim,reactive,limit,2026-08-26T08:09:56+00:00,,1787748960000,1787748960000,2026-08-26T13:01:26.497000+00:00,2026-08-26T13:01:26.497000+00:00,1.98,,1.9602,2.0196,,,,2026-08-26T13:04:16.764019+00:00,2026-08-26T13:04:16.765027+00:00,1.96,floor,-1.010101010101011,170.268027,1.5151515151515054,-1.010101010101011,2026-08-26T13:02:01.312031+00:00,,2026-08-26T13:04:16.764019+00:00,,2467
2026-08-26,YYGH,trail_activate+2_lock+1_distance2_floor-1,first,resting,STOP_LIMIT,2026-08-26T08:09:56+00:00,,1787751180000,0,2026-08-26T13:34:00+00:00,2026-08-26T13:39:54.404000+00:00,1.97,,1.9503,2.0094,,,,2026-08-26T13:40:48.234899+00:00,2026-08-26T13:40:48.235743+00:00,1.95,floor,-1.0152284263959401,53.831743,1.0152284263959401,-1.0152284263959401,2026-08-26T13:39:59.536704+00:00,,2026-08-26T13:40:48.234899+00:00,,1032
2026-08-26,YYGH,trail_activate+2_lock+1_distance2_floor-1,reclaim,resting,STOP_LIMIT,2026-08-26T08:09:56+00:00,,1787751180000,1787751540000,2026-08-26T13:42:00+00:00,2026-08-26T13:43:03.756000+00:00,2.0,,1.98,2.04,2026-08-26T13:43:03.973412+00:00,2.04,2.02,2026-08-26T13:43:05.905678+00:00,2026-08-26T13:43:05.905837+00:00,2.02,trail,1.0000000000000009,2.149837,2.0000000000000018,-0.5000000000000004,2026-08-26T13:43:03.870045+00:00,2026-08-26T13:43:03.973412+00:00,,,301
2026-08-26,YYGH,trail_activate+2_lock+1_distance2_floor-1,first,resting,STOP_LIMIT,2026-08-26T08:09:56+00:00,,1787752740000,0,2026-08-26T14:21:00+00:00,2026-08-26T14:31:02.498000+00:00,1.94,,1.9205999999999999,1.9788,,,,2026-08-26T14:31:11.345988+00:00,2026-08-26T14:31:11.346829+00:00,1.92,floor,-1.0309278350515474,8.848829,0.0,-1.0309278350515474,,,2026-08-26T14:31:11.345988+00:00,,26
2026-08-26,YYGH,trail_activate+2_lock+1_distance2_floor-1,reclaim,resting,STOP_LIMIT,2026-08-26T08:09:56+00:00,,1787752740000,1787754720000,2026-08-26T14:35:00+00:00,2026-08-26T14:35:00.224000+00:00,1.95,,1.9304999999999999,1.9889999999999999,,,,2026-08-26T14:35:26.435550+00:00,2026-08-26T14:35:26.437513+00:00,1.93,floor,-1.0256410256410264,26.213513,0.0,-1.0256410256410264,,,2026-08-26T14:35:26.435550+00:00,,117
2026-08-26,YYGH,trail_activate+2_lock+1_distance2_floor-1,first,resting,STOP_LIMIT,2026-08-26T08:09:56+00:00,,1787762040000,0,2026-08-26T17:22:00+00:00,2026-08-26T17:23:41.368000+00:00,1.93,,1.9106999999999998,1.9686,,,,2026-08-26T17:36:37.699333+00:00,2026-08-26T17:36:37.699650+00:00,1.91,floor,-1.0362694300518145,776.33165,0.5181347150259072,-1.0362694300518145,,,2026-08-26T17:36:37.699333+00:00,,1180
2026-08-26,YYGH,trail_activate+2_lock+1_distance2_floor-1,reclaim,resting,STOP_LIMIT,2026-08-26T08:09:56+00:00,,1787762040000,1787764980000,2026-08-26T17:37:00+00:00,2026-08-26T17:45:13.356000+00:00,1.95,,1.9304999999999999,1.9889999999999999,,,,2026-08-26T17:45:17.105684+00:00,2026-08-26T17:45:17.107950+00:00,1.93,floor,-1.0256410256410264,3.75195,0.0,-1.0256410256410264,,,2026-08-26T17:45:17.105684+00:00,,5
2026-08-26,YYGH,trail_activate+2_lock+1_distance2_floor-1,reclaim,resting,STOP_LIMIT,2026-08-26T08:09:56+00:00,,1787771760000,1787772900000,2026-08-26T19:38:00+00:00,2026-08-26T19:47:06.734000+00:00,1.99,,1.9701,2.0298,,,,2026-08-26T19:47:26.596608+00:00,2026-08-26T19:47:26.596853+00:00,1.97,floor,-1.0050251256281415,19.862853,0.0,-1.0050251256281415,,,2026-08-26T19:47:26.596608+00:00,,15
2026-08-27,CELU,trail_activate+1_lock+0_distance1_floor-2,first,resting,STOP_LIMIT,2026-08-27T14:25:42+00:00,,1787845980000,0,2026-08-27T16:14:00+00:00,2026-08-27T16:35:28.976000+00:00,2.01,,1.9697999999999998,2.0301,2026-08-27T16:36:21.947573+00:00,2.07,2.0492999999999997,2026-08-27T16:36:25.402799+00:00,2026-08-27T16:36:25.403192+00:00,2.04,trail,1.4925373134328483,56.427192,2.985074626865675,-0.9950248756218805,2026-08-27T16:36:21.947573+00:00,2026-08-27T16:36:21.984183+00:00,,,1465
2026-08-27,CELU,trail_activate+1_lock+0_distance1_floor-2,reclaim,resting,STOP_LIMIT,2026-08-27T14:25:42+00:00,,1787845980000,1787848500000,2026-08-27T16:38:00+00:00,2026-08-27T16:39:21.672000+00:00,2.08,,2.0384,2.1008,2026-08-27T16:39:52.703745+00:00,2.11,2.0888999999999998,2026-08-27T16:40:11.170071+00:00,2026-08-27T16:40:11.170340+00:00,2.08,trail,0.0,49.49834,1.4423076923076827,-0.4807692307692419,2026-08-27T16:39:52.703745+00:00,,,,1392
2026-08-27,CELU,trail_activate+1_lock+0_distance1_floor-2,first,resting,STOP_LIMIT,2026-08-27T14:25:42+00:00,,1787850780000,0,2026-08-27T17:20:00+00:00,2026-08-27T18:15:59.508000+00:00,2.13,,2.0873999999999997,2.1513,,,,2026-08-27T18:16:01.314781+00:00,2026-08-27T18:16:01.314956+00:00,2.08,floor,-2.3474178403755785,1.806956,0.0,-2.3474178403755785,,,2026-08-27T18:16:01.078364+00:00,2026-08-27T18:16:01.314781+00:00,92
2026-08-27,CELU,trail_activate+1_lock+0_distance1_floor-2,reclaim,resting,STOP_LIMIT,2026-08-27T14:25:42+00:00,,1787850780000,1787854500000,2026-08-27T18:18:00+00:00,2026-08-27T18:20:00.020000+00:00,2.28,,2.2344,2.3028,,,,2026-08-27T18:20:21.675268+00:00,2026-08-27T18:20:21.676638+00:00,2.23,floor,-2.192982456140343,21.656638,0.0,-2.192982456140343,,,2026-08-27T18:20:07.951803+00:00,2026-08-27T18:20:21.675268+00:00,680
2026-08-27,CELU,trail_activate+1_lock+0_distance1_floor-2,first,resting,STOP_LIMIT,2026-08-27T14:25:42+00:00,,1787858160000,0,2026-08-27T19:22:00+00:00,2026-08-27T19:39:17.215000+00:00,2.12,,2.0776,2.1412,,,,2026-08-27T19:44:05.806430+00:00,2026-08-27T19:44:05.807291+00:00,2.07,floor,-2.358490566037748,288.592291,0.9433962264150951,-2.358490566037748,,,2026-08-27T19:43:55.152719+00:00,2026-08-27T19:44:05.806430+00:00,3003
2026-08-27,CELU,trail_activate+1_lock+0_distance2_floor-2,first,resting,STOP_LIMIT,2026-08-27T14:25:42+00:00,,1787845980000,0,2026-08-27T16:14:00+00:00,2026-08-27T16:35:28.976000+00:00,2.01,,1.9697999999999998,2.0301,2026-08-27T16:36:21.947573+00:00,2.07,2.0286,2026-08-27T16:36:40.801511+00:00,2026-08-27T16:36:40.801736+00:00,2.02,trail,0.4975124378109568,71.825736,2.985074626865675,-0.9950248756218805,2026-08-27T16:36:21.947573+00:00,2026-08-27T16:36:21.984183+00:00,,,1843
2026-08-27,CELU,trail_activate+1_lock+0_distance2_floor-2,reclaim,resting,STOP_LIMIT,2026-08-27T14:25:42+00:00,,1787845980000,1787848500000,2026-08-27T16:38:00+00:00,2026-08-27T16:39:21.672000+00:00,2.08,,2.0384,2.1008,2026-08-27T16:39:52.703745+00:00,2.11,2.08,2026-08-27T16:40:11.170071+00:00,2026-08-27T16:40:11.170340+00:00,2.08,trail,0.0,49.49834,1.4423076923076827,-0.4807692307692419,2026-08-27T16:39:52.703745+00:00,,,,1392
2026-08-27,CELU,trail_activate+1_lock+0_distance2_floor-2,first,resting,STOP_LIMIT,2026-08-27T14:25:42+00:00,,1787850780000,0,2026-08-27T17:20:00+00:00,2026-08-27T18:15:59.508000+00:00,2.13,,2.0873999999999997,2.1513,,,,2026-08-27T18:16:01.314781+00:00,2026-08-27T18:16:01.314956+00:00,2.08,floor,-2.3474178403755785,1.806956,0.0,-2.3474178403755785,,,2026-08-27T18:16:01.078364+00:00,2026-08-27T18:16:01.314781+00:00,92
2026-08-27,CELU,trail_activate+1_lock+0_distance2_floor-2,reclaim,resting,STOP_LIMIT,2026-08-27T14:25:42+00:00,,1787850780000,1787854500000,2026-08-27T18:18:00+00:00,2026-08-27T18:20:00.020000+00:00,2.28,,2.2344,2.3028,,,,2026-08-27T18:20:21.675268+00:00,2026-08-27T18:20:21.676638+00:00,2.23,floor,-2.192982456140343,21.656638,0.0,-2.192982456140343,,,2026-08-27T18:20:07.951803+00:00,2026-08-27T18:20:21.675268+00:00,680
2026-08-27,CELU,trail_activate+1_lock+0_distance2_floor-2,first,resting,STOP_LIMIT,2026-08-27T14:25:42+00:00,,1787858160000,0,2026-08-27T19:22:00+00:00,2026-08-27T19:39:17.215000+00:00,2.12,,2.0776,2.1412,,,,2026-08-27T19:44:05.806430+00:00,2026-08-27T19:44:05.807291+00:00,2.07,floor,-2.358490566037748,288.592291,0.9433962264150951,-2.358490566037748,,,2026-08-27T19:43:55.152719+00:00,2026-08-27T19:44:05.806430+00:00,3003
2026-08-27,CELU,trail_activate+2_lock+1_distance1_floor-2,first,resting,STOP_LIMIT,2026-08-27T14:25:42+00:00,,1787845980000,0,2026-08-27T16:14:00+00:00,2026-08-27T16:35:28.976000+00:00,2.01,,1.9697999999999998,2.0502,2026-08-27T16:36:21.984183+00:00,2.07,2.0492999999999997,2026-08-27T16:36:25.402799+00:00,2026-08-27T16:36:25.403192+00:00,2.04,trail,1.4925373134328483,56.427192,2.985074626865675,-0.9950248756218805,2026-08-27T16:36:21.947573+00:00,2026-08-27T16:36:21.984183+00:00,,,1465
2026-08-27,CELU,trail_activate+2_lock+1_distance1_floor-2,reclaim,resting,STOP_LIMIT,2026-08-27T14:25:42+00:00,,1787845980000,1787848500000,2026-08-27T16:38:00+00:00,2026-08-27T16:39:21.672000+00:00,2.08,,2.0384,2.1216,,,,2026-08-27T16:44:05.747387+00:00,2026-08-27T16:44:05.749871+00:00,2.03,floor,-2.4038461538461666,284.077871,1.4423076923076827,-2.4038461538461666,2026-08-27T16:39:52.703745+00:00,,2026-08-27T16:43:14.993025+00:00,2026-08-27T16:44:05.747387+00:00,4069
2026-08-27,CELU,trail_activate+2_lock+1_distance1_floor-2,first,resting,STOP_LIMIT,2026-08-27T14:25:42+00:00,,1787850780000,0,2026-08-27T17:20:00+00:00,2026-08-27T18:15:59.508000+00:00,2.13,,2.0873999999999997,2.1726,,,,2026-08-27T18:16:01.314781+00:00,2026-08-27T18:16:01.314956+00:00,2.08,floor,-2.3474178403755785,1.806956,0.0,-2.3474178403755785,,,2026-08-27T18:16:01.078364+00:00,2026-08-27T18:16:01.314781+00:00,92
2026-08-27,CELU,trail_activate+2_lock+1_distance1_floor-2,reclaim,resting,STOP_LIMIT,2026-08-27T14:25:42+00:00,,1787850780000,1787854500000,2026-08-27T18:18:00+00:00,2026-08-27T18:20:00.020000+00:00,2.28,,2.2344,2.3255999999999997,,,,2026-08-27T18:20:21.675268+00:00,2026-08-27T18:20:21.676638+00:00,2.23,floor,-2.192982456140343,21.656638,0.0,-2.192982456140343,,,2026-08-27T18:20:07.951803+00:00,2026-08-27T18:20:21.675268+00:00,680
2026-08-27,CELU,trail_activate+2_lock+1_distance1_floor-2,first,resting,STOP_LIMIT,2026-08-27T14:25:42+00:00,,1787858160000,0,2026-08-27T19:22:00+00:00,2026-08-27T19:39:17.215000+00:00,2.12,,2.0776,2.1624000000000003,,,,2026-08-27T19:44:05.806430+00:00,2026-08-27T19:44:05.807291+00:00,2.07,floor,-2.358490566037748,288.592291,0.9433962264150951,-2.358490566037748,,,2026-08-27T19:43:55.152719+00:00,2026-08-27T19:44:05.806430+00:00,3003
2026-08-27,CELU,trail_activate+2_lock+1_distance2_floor-2,first,resting,STOP_LIMIT,2026-08-27T14:25:42+00:00,,1787845980000,0,2026-08-27T16:14:00+00:00,2026-08-27T16:35:28.976000+00:00,2.01,,1.9697999999999998,2.0502,2026-08-27T16:36:21.984183+00:00,2.07,2.0301,2026-08-27T16:36:31.989884+00:00,2026-08-27T16:36:31.990112+00:00,2.03,trail,0.9950248756218916,63.014112,2.985074626865675,-0.9950248756218805,2026-08-27T16:36:21.947573+00:00,2026-08-27T16:36:21.984183+00:00,,,1626
2026-08-27,CELU,trail_activate+2_lock+1_distance2_floor-2,reclaim,resting,STOP_LIMIT,2026-08-27T14:25:42+00:00,,1787845980000,1787848500000,2026-08-27T16:38:00+00:00,2026-08-27T16:39:21.672000+00:00,2.08,,2.0384,2.1216,,,,2026-08-27T16:44:05.747387+00:00,2026-08-27T16:44:05.749871+00:00,2.03,floor,-2.4038461538461666,284.077871,1.4423076923076827,-2.4038461538461666,2026-08-27T16:39:52.703745+00:00,,2026-08-27T16:43:14.993025+00:00,2026-08-27T16:44:05.747387+00:00,4069
2026-08-27,CELU,trail_activate+2_lock+1_distance2_floor-2,first,resting,STOP_LIMIT,2026-08-27T14:25:42+00:00,,1787850780000,0,2026-08-27T17:20:00+00:00,2026-08-27T18:15:59.508000+00:00,2.13,,2.0873999999999997,2.1726,,,,2026-08-27T18:16:01.314781+00:00,2026-08-27T18:16:01.314956+00:00,2.08,floor,-2.3474178403755785,1.806956,0.0,-2.3474178403755785,,,2026-08-27T18:16:01.078364+00:00,2026-08-27T18:16:01.314781+00:00,92
2026-08-27,CELU,trail_activate+2_lock+1_distance2_floor-2,reclaim,resting,STOP_LIMIT,2026-08-27T14:25:42+00:00,,1787850780000,1787854500000,2026-08-27T18:18:00+00:00,2026-08-27T18:20:00.020000+00:00,2.28,,2.2344,2.3255999999999997,,,,2026-08-27T18:20:21.675268+00:00,2026-08-27T18:20:21.676638+00:00,2.23,floor,-2.192982456140343,21.656638,0.0,-2.192982456140343,,,2026-08-27T18:20:07.951803+00:00,2026-08-27T18:20:21.675268+00:00,680
2026-08-27,CELU,trail_activate+2_lock+1_distance2_floor-2,first,resting,STOP_LIMIT,2026-08-27T14:25:42+00:00,,1787858160000,0,2026-08-27T19:22:00+00:00,2026-08-27T19:39:17.215000+00:00,2.12,,2.0776,2.1624000000000003,,,,2026-08-27T19:44:05.806430+00:00,2026-08-27T19:44:05.807291+00:00,2.07,floor,-2.358490566037748,288.592291,0.9433962264150951,-2.358490566037748,,,2026-08-27T19:43:55.152719+00:00,2026-08-27T19:44:05.806430+00:00,3003
2026-08-27,CELU,trail_activate+1_lock+0_distance1_floor-1,first,resting,STOP_LIMIT,2026-08-27T14:25:42+00:00,,1787845980000,0,2026-08-27T16:14:00+00:00,2026-08-27T16:35:28.976000+00:00,2.01,,1.9898999999999998,2.0301,2026-08-27T16:36:21.947573+00:00,2.07,2.0492999999999997,2026-08-27T16:36:25.402799+00:00,2026-08-27T16:36:25.403192+00:00,2.04,trail,1.4925373134328483,56.427192,2.985074626865675,-0.9950248756218805,2026-08-27T16:36:21.947573+00:00,2026-08-27T16:36:21.984183+00:00,,,1465
2026-08-27,CELU,trail_activate+1_lock+0_distance1_floor-1,reclaim,resting,STOP_LIMIT,2026-08-27T14:25:42+00:00,,1787845980000,1787848500000,2026-08-27T16:38:00+00:00,2026-08-27T16:39:21.672000+00:00,2.08,,2.0592,2.1008,2026-08-27T16:39:52.703745+00:00,2.11,2.0888999999999998,2026-08-27T16:40:11.170071+00:00,2026-08-27T16:40:11.170340+00:00,2.08,trail,0.0,49.49834,1.4423076923076827,-0.4807692307692419,2026-08-27T16:39:52.703745+00:00,,,,1392
2026-08-27,CELU,trail_activate+1_lock+0_distance1_floor-1,first,resting,STOP_LIMIT,2026-08-27T14:25:42+00:00,,1787850780000,0,2026-08-27T17:20:00+00:00,2026-08-27T18:15:59.508000+00:00,2.13,,2.1087,2.1513,,,,2026-08-27T18:16:01.078364+00:00,2026-08-27T18:16:01.078741+00:00,2.1,floor,-1.408450704225343,1.570741,0.0,-1.408450704225343,,,2026-08-27T18:16:01.078364+00:00,,55
2026-08-27,CELU,trail_activate+1_lock+0_distance1_floor-1,reclaim,resting,STOP_LIMIT,2026-08-27T14:25:42+00:00,,1787850780000,1787854500000,2026-08-27T18:18:00+00:00,2026-08-27T18:20:00.020000+00:00,2.28,,2.2571999999999997,2.3028,,,,2026-08-27T18:20:07.951803+00:00,2026-08-27T18:20:07.960602+00:00,2.25,floor,-1.3157894736842022,7.940602,0.0,-1.3157894736842022,,,2026-08-27T18:20:07.951803+00:00,,361
2026-08-27,CELU,trail_activate+1_lock+0_distance1_floor-1,first,resting,STOP_LIMIT,2026-08-27T14:25:42+00:00,,1787858160000,0,2026-08-27T19:22:00+00:00,2026-08-27T19:39:17.215000+00:00,2.12,,2.0988,2.1412,,,,2026-08-27T19:43:55.152719+00:00,2026-08-27T19:43:55.153076+00:00,2.09,floor,-1.4150943396226532,277.938076,0.9433962264150951,-1.4150943396226532,,,2026-08-27T19:43:55.152719+00:00,,2851
2026-08-27,CELU,trail_activate+1_lock+0_distance2_floor-1,first,resting,STOP_LIMIT,2026-08-27T14:25:42+00:00,,1787845980000,0,2026-08-27T16:14:00+00:00,2026-08-27T16:35:28.976000+00:00,2.01,,1.9898999999999998,2.0301,2026-08-27T16:36:21.947573+00:00,2.07,2.0286,2026-08-27T16:36:40.801511+00:00,2026-08-27T16:36:40.801736+00:00,2.02,trail,0.4975124378109568,71.825736,2.985074626865675,-0.9950248756218805,2026-08-27T16:36:21.947573+00:00,2026-08-27T16:36:21.984183+00:00,,,1843
2026-08-27,CELU,trail_activate+1_lock+0_distance2_floor-1,reclaim,resting,STOP_LIMIT,2026-08-27T14:25:42+00:00,,1787845980000,1787848500000,2026-08-27T16:38:00+00:00,2026-08-27T16:39:21.672000+00:00,2.08,,2.0592,2.1008,2026-08-27T16:39:52.703745+00:00,2.11,2.08,2026-08-27T16:40:11.170071+00:00,2026-08-27T16:40:11.170340+00:00,2.08,trail,0.0,49.49834,1.4423076923076827,-0.4807692307692419,2026-08-27T16:39:52.703745+00:00,,,,1392
2026-08-27,CELU,trail_activate+1_lock+0_distance2_floor-1,first,resting,STOP_LIMIT,2026-08-27T14:25:42+00:00,,1787850780000,0,2026-08-27T17:20:00+00:00,2026-08-27T18:15:59.508000+00:00,2.13,,2.1087,2.1513,,,,2026-08-27T18:16:01.078364+00:00,2026-08-27T18:16:01.078741+00:00,2.1,floor,-1.408450704225343,1.570741,0.0,-1.408450704225343,,,2026-08-27T18:16:01.078364+00:00,,55
2026-08-27,CELU,trail_activate+1_lock+0_distance2_floor-1,reclaim,resting,STOP_LIMIT,2026-08-27T14:25:42+00:00,,1787850780000,1787854500000,2026-08-27T18:18:00+00:00,2026-08-27T18:20:00.020000+00:00,2.28,,2.2571999999999997,2.3028,,,,2026-08-27T18:20:07.951803+00:00,2026-08-27T18:20:07.960602+00:00,2.25,floor,-1.3157894736842022,7.940602,0.0,-1.3157894736842022,,,2026-08-27T18:20:07.951803+00:00,,361
2026-08-27,CELU,trail_activate+1_lock+0_distance2_floor-1,first,resting,STOP_LIMIT,2026-08-27T14:25:42+00:00,,1787858160000,0,2026-08-27T19:22:00+00:00,2026-08-27T19:39:17.215000+00:00,2.12,,2.0988,2.1412,,,,2026-08-27T19:43:55.152719+00:00,2026-08-27T19:43:55.153076+00:00,2.09,floor,-1.4150943396226532,277.938076,0.9433962264150951,-1.4150943396226532,,,2026-08-27T19:43:55.152719+00:00,,2851
2026-08-27,CELU,trail_activate+2_lock+1_distance1_floor-1,first,resting,STOP_LIMIT,2026-08-27T14:25:42+00:00,,1787845980000,0,2026-08-27T16:14:00+00:00,2026-08-27T16:35:28.976000+00:00,2.01,,1.9898999999999998,2.0502,2026-08-27T16:36:21.984183+00:00,2.07,2.0492999999999997,2026-08-27T16:36:25.402799+00:00,2026-08-27T16:36:25.403192+00:00,2.04,trail,1.4925373134328483,56.427192,2.985074626865675,-0.9950248756218805,2026-08-27T16:36:21.947573+00:00,2026-08-27T16:36:21.984183+00:00,,,1465
2026-08-27,CELU,trail_activate+2_lock+1_distance1_floor-1,reclaim,resting,STOP_LIMIT,2026-08-27T14:25:42+00:00,,1787845980000,1787848500000,2026-08-27T16:38:00+00:00,2026-08-27T16:39:21.672000+00:00,2.08,,2.0592,2.1216,,,,2026-08-27T16:43:14.993025+00:00,2026-08-27T16:43:14.993264+00:00,2.05,floor,-1.4423076923077043,233.321264,1.4423076923076827,-1.4423076923077043,2026-08-27T16:39:52.703745+00:00,,2026-08-27T16:43:14.993025+00:00,,3186
2026-08-27,CELU,trail_activate+2_lock+1_distance1_floor-1,first,resting,STOP_LIMIT,2026-08-27T14:25:42+00:00,,1787850780000,0,2026-08-27T17:20:00+00:00,2026-08-27T18:15:59.508000+00:00,2.13,,2.1087,2.1726,,,,2026-08-27T18:16:01.078364+00:00,2026-08-27T18:16:01.078741+00:00,2.1,floor,-1.408450704225343,1.570741,0.0,-1.408450704225343,,,2026-08-27T18:16:01.078364+00:00,,55
2026-08-27,CELU,trail_activate+2_lock+1_distance1_floor-1,reclaim,resting,STOP_LIMIT,2026-08-27T14:25:42+00:00,,1787850780000,1787854500000,2026-08-27T18:18:00+00:00,2026-08-27T18:20:00.020000+00:00,2.28,,2.2571999999999997,2.3255999999999997,,,,2026-08-27T18:20:07.951803+00:00,2026-08-27T18:20:07.960602+00:00,2.25,floor,-1.3157894736842022,7.940602,0.0,-1.3157894736842022,,,2026-08-27T18:20:07.951803+00:00,,361
2026-08-27,CELU,trail_activate+2_lock+1_distance1_floor-1,first,resting,STOP_LIMIT,2026-08-27T14:25:42+00:00,,1787858160000,0,2026-08-27T19:22:00+00:00,2026-08-27T19:39:17.215000+00:00,2.12,,2.0988,2.1624000000000003,,,,2026-08-27T19:43:55.152719+00:00,2026-08-27T19:43:55.153076+00:00,2.09,floor,-1.4150943396226532,277.938076,0.9433962264150951,-1.4150943396226532,,,2026-08-27T19:43:55.152719+00:00,,2851
2026-08-27,CELU,trail_activate+2_lock+1_distance2_floor-1,first,resting,STOP_LIMIT,2026-08-27T14:25:42+00:00,,1787845980000,0,2026-08-27T16:14:00+00:00,2026-08-27T16:35:28.976000+00:00,2.01,,1.9898999999999998,2.0502,2026-08-27T16:36:21.984183+00:00,2.07,2.0301,2026-08-27T16:36:31.989884+00:00,2026-08-27T16:36:31.990112+00:00,2.03,trail,0.9950248756218916,63.014112,2.985074626865675,-0.9950248756218805,2026-08-27T16:36:21.947573+00:00,2026-08-27T16:36:21.984183+00:00,,,1626
2026-08-27,CELU,trail_activate+2_lock+1_distance2_floor-1,reclaim,resting,STOP_LIMIT,2026-08-27T14:25:42+00:00,,1787845980000,1787848500000,2026-08-27T16:38:00+00:00,2026-08-27T16:39:21.672000+00:00,2.08,,2.0592,2.1216,,,,2026-08-27T16:43:14.993025+00:00,2026-08-27T16:43:14.993264+00:00,2.05,floor,-1.4423076923077043,233.321264,1.4423076923076827,-1.4423076923077043,2026-08-27T16:39:52.703745+00:00,,2026-08-27T16:43:14.993025+00:00,,3186
2026-08-27,CELU,trail_activate+2_lock+1_distance2_floor-1,first,resting,STOP_LIMIT,2026-08-27T14:25:42+00:00,,1787850780000,0,2026-08-27T17:20:00+00:00,2026-08-27T18:15:59.508000+00:00,2.13,,2.1087,2.1726,,,,2026-08-27T18:16:01.078364+00:00,2026-08-27T18:16:01.078741+00:00,2.1,floor,-1.408450704225343,1.570741,0.0,-1.408450704225343,,,2026-08-27T18:16:01.078364+00:00,,55
2026-08-27,CELU,trail_activate+2_lock+1_distance2_floor-1,reclaim,resting,STOP_LIMIT,2026-08-27T14:25:42+00:00,,1787850780000,1787854500000,2026-08-27T18:18:00+00:00,2026-08-27T18:20:00.020000+00:00,2.28,,2.2571999999999997,2.3255999999999997,,,,2026-08-27T18:20:07.951803+00:00,2026-08-27T18:20:07.960602+00:00,2.25,floor,-1.3157894736842022,7.940602,0.0,-1.3157894736842022,,,2026-08-27T18:20:07.951803+00:00,,361
2026-08-27,CELU,trail_activate+2_lock+1_distance2_floor-1,first,resting,STOP_LIMIT,2026-08-27T14:25:42+00:00,,1787858160000,0,2026-08-27T19:22:00+00:00,2026-08-27T19:39:17.215000+00:00,2.12,,2.0988,2.1624000000000003,,,,2026-08-27T19:43:55.152719+00:00,2026-08-27T19:43:55.153076+00:00,2.09,floor,-1.4150943396226532,277.938076,0.9433962264150951,-1.4150943396226532,,,2026-08-27T19:43:55.152719+00:00,,2851
2026-08-27,MIMI,trail_activate+1_lock+0_distance1_floor-2,first,resting,STOP_LIMIT,2026-08-27T13:42:24+00:00,2026-08-27T18:08:39.202000+00:00,1787843160000,0,2026-08-27T15:22:00+00:00,2026-08-27T15:29:44.815000+00:00,2.67,,2.6166,2.6967,2026-08-27T15:30:12.067581+00:00,2.71,2.6829,2026-08-27T15:30:23.970296+00:00,2026-08-27T15:30:23.970746+00:00,2.68,trail,0.3745318352060012,39.155746,1.4981273408239715,-0.37453183520598454,2026-08-27T15:30:12.067581+00:00,,,,343
2026-08-27,MIMI,trail_activate+1_lock+0_distance1_floor-2,reclaim,resting,STOP_LIMIT,2026-08-27T13:42:24+00:00,2026-08-27T18:08:39.202000+00:00,1787843160000,1787844540000,2026-08-27T15:32:00+00:00,2026-08-27T15:46:29.211000+00:00,2.79,,2.7342,2.8179,,,,2026-08-27T15:50:47.220062+00:00,2026-08-27T15:50:47.220334+00:00,2.74,floor,-1.7921146953404954,258.009334,0.7168458781362014,-2.1505376344086042,,,2026-08-27T15:46:39.946495+00:00,2026-08-27T15:50:47.220062+00:00,1082
2026-08-27,MIMI,trail_activate+1_lock+0_distance1_floor-2,reclaim,resting,STOP_LIMIT,2026-08-27T13:42:24+00:00,2026-08-27T18:08:39.202000+00:00,1787848320000,1787849880000,2026-08-27T17:02:00+00:00,2026-08-27T17:02:48.235000+00:00,2.67,,2.6166,2.6967,,,,2026-08-27T17:03:59.491587+00:00,2026-08-27T17:03:59.491715+00:00,2.61,floor,-2.247191011235957,71.256715,0.0,-2.247191011235957,,,2026-08-27T17:03:19.863527+00:00,2026-08-27T17:03:59.491587+00:00,53
2026-08-27,MIMI,trail_activate+1_lock+0_distance2_floor-2,first,resting,STOP_LIMIT,2026-08-27T13:42:24+00:00,2026-08-27T18:08:39.202000+00:00,1787843160000,0,2026-08-27T15:22:00+00:00,2026-08-27T15:29:44.815000+00:00,2.67,,2.6166,2.6967,2026-08-27T15:30:12.067581+00:00,2.78,2.7243999999999997,2026-08-27T15:31:02.727523+00:00,2026-08-27T15:31:02.730121+00:00,2.72,trail,1.8726591760299727,77.915121,4.1198501872659135,-0.37453183520598454,2026-08-27T15:30:12.067581+00:00,2026-08-27T15:31:00.635599+00:00,,,629
2026-08-27,MIMI,trail_activate+1_lock+0_distance2_floor-2,reclaim,resting,STOP_LIMIT,2026-08-27T13:42:24+00:00,2026-08-27T18:08:39.202000+00:00,1787843160000,1787844540000,2026-08-27T15:32:00+00:00,2026-08-27T15:46:29.211000+00:00,2.79,,2.7342,2.8179,,,,2026-08-27T15:50:47.220062+00:00,2026-08-27T15:50:47.220334+00:00,2.74,floor,-1.7921146953404954,258.009334,0.7168458781362014,-2.1505376344086042,,,2026-08-27T15:46:39.946495+00:00,2026-08-27T15:50:47.220062+00:00,1082
2026-08-27,MIMI,trail_activate+1_lock+0_distance2_floor-2,reclaim,resting,STOP_LIMIT,2026-08-27T13:42:24+00:00,2026-08-27T18:08:39.202000+00:00,1787848320000,1787849880000,2026-08-27T17:02:00+00:00,2026-08-27T17:02:48.235000+00:00,2.67,,2.6166,2.6967,,,,2026-08-27T17:03:59.491587+00:00,2026-08-27T17:03:59.491715+00:00,2.61,floor,-2.247191011235957,71.256715,0.0,-2.247191011235957,,,2026-08-27T17:03:19.863527+00:00,2026-08-27T17:03:59.491587+00:00,53
2026-08-27,MIMI,trail_activate+2_lock+1_distance1_floor-2,first,resting,STOP_LIMIT,2026-08-27T13:42:24+00:00,2026-08-27T18:08:39.202000+00:00,1787843160000,0,2026-08-27T15:22:00+00:00,2026-08-27T15:29:44.815000+00:00,2.67,,2.6166,2.7234,2026-08-27T15:31:00.635599+00:00,2.78,2.7521999999999998,2026-08-27T15:31:00.682380+00:00,2026-08-27T15:31:00.682948+00:00,2.75,trail,2.996254681647943,75.867948,4.1198501872659135,-0.37453183520598454,2026-08-27T15:30:12.067581+00:00,2026-08-27T15:31:00.635599+00:00,,,548
2026-08-27,MIMI,trail_activate+2_lock+1_distance1_floor-2,reclaim,resting,STOP_LIMIT,2026-08-27T13:42:24+00:00,2026-08-27T18:08:39.202000+00:00,1787843160000,1787844540000,2026-08-27T15:32:00+00:00,2026-08-27T15:46:29.211000+00:00,2.79,,2.7342,2.8458,,,,2026-08-27T15:50:47.220062+00:00,2026-08-27T15:50:47.220334+00:00,2.74,floor,-1.7921146953404954,258.009334,0.7168458781362014,-2.1505376344086042,,,2026-08-27T15:46:39.946495+00:00,2026-08-27T15:50:47.220062+00:00,1082
2026-08-27,MIMI,trail_activate+2_lock+1_distance1_floor-2,reclaim,resting,STOP_LIMIT,2026-08-27T13:42:24+00:00,2026-08-27T18:08:39.202000+00:00,1787848320000,1787849880000,2026-08-27T17:02:00+00:00,2026-08-27T17:02:48.235000+00:00,2.67,,2.6166,2.7234,,,,2026-08-27T17:03:59.491587+00:00,2026-08-27T17:03:59.491715+00:00,2.61,floor,-2.247191011235957,71.256715,0.0,-2.247191011235957,,,2026-08-27T17:03:19.863527+00:00,2026-08-27T17:03:59.491587+00:00,53
2026-08-27,MIMI,trail_activate+2_lock+1_distance2_floor-2,first,resting,STOP_LIMIT,2026-08-27T13:42:24+00:00,2026-08-27T18:08:39.202000+00:00,1787843160000,0,2026-08-27T15:22:00+00:00,2026-08-27T15:29:44.815000+00:00,2.67,,2.6166,2.7234,2026-08-27T15:31:00.635599+00:00,2.78,2.7243999999999997,2026-08-27T15:31:02.727523+00:00,2026-08-27T15:31:02.730121+00:00,2.72,trail,1.8726591760299727,77.915121,4.1198501872659135,-0.37453183520598454,2026-08-27T15:30:12.067581+00:00,2026-08-27T15:31:00.635599+00:00,,,629
2026-08-27,MIMI,trail_activate+2_lock+1_distance2_floor-2,reclaim,resting,STOP_LIMIT,2026-08-27T13:42:24+00:00,2026-08-27T18:08:39.202000+00:00,1787843160000,1787844540000,2026-08-27T15:32:00+00:00,2026-08-27T15:46:29.211000+00:00,2.79,,2.7342,2.8458,,,,2026-08-27T15:50:47.220062+00:00,2026-08-27T15:50:47.220334+00:00,2.74,floor,-1.7921146953404954,258.009334,0.7168458781362014,-2.1505376344086042,,,2026-08-27T15:46:39.946495+00:00,2026-08-27T15:50:47.220062+00:00,1082
2026-08-27,MIMI,trail_activate+2_lock+1_distance2_floor-2,reclaim,resting,STOP_LIMIT,2026-08-27T13:42:24+00:00,2026-08-27T18:08:39.202000+00:00,1787848320000,1787849880000,2026-08-27T17:02:00+00:00,2026-08-27T17:02:48.235000+00:00,2.67,,2.6166,2.7234,,,,2026-08-27T17:03:59.491587+00:00,2026-08-27T17:03:59.491715+00:00,2.61,floor,-2.247191011235957,71.256715,0.0,-2.247191011235957,,,2026-08-27T17:03:19.863527+00:00,2026-08-27T17:03:59.491587+00:00,53
2026-08-27,MIMI,trail_activate+1_lock+0_distance1_floor-1,first,resting,STOP_LIMIT,2026-08-27T13:42:24+00:00,2026-08-27T18:08:39.202000+00:00,1787843160000,0,2026-08-27T15:22:00+00:00,2026-08-27T15:29:44.815000+00:00,2.67,,2.6433,2.6967,2026-08-27T15:30:12.067581+00:00,2.71,2.6829,2026-08-27T15:30:23.970296+00:00,2026-08-27T15:30:23.970746+00:00,2.68,trail,0.3745318352060012,39.155746,1.4981273408239715,-0.37453183520598454,2026-08-27T15:30:12.067581+00:00,,,,343
2026-08-27,MIMI,trail_activate+1_lock+0_distance1_floor-1,reclaim,resting,STOP_LIMIT,2026-08-27T13:42:24+00:00,2026-08-27T18:08:39.202000+00:00,1787843160000,1787844540000,2026-08-27T15:32:00+00:00,2026-08-27T15:46:29.211000+00:00,2.79,,2.7621,2.8179,,,,2026-08-27T15:46:39.946495+00:00,2026-08-27T15:46:39.946700+00:00,2.76,floor,-1.0752688172043101,10.7357,0.0,-1.0752688172043101,,,2026-08-27T15:46:39.946495+00:00,,66
2026-08-27,MIMI,trail_activate+1_lock+0_distance1_floor-1,reclaim,resting,STOP_LIMIT,2026-08-27T13:42:24+00:00,2026-08-27T18:08:39.202000+00:00,1787848320000,1787849880000,2026-08-27T17:02:00+00:00,2026-08-27T17:02:48.235000+00:00,2.67,,2.6433,2.6967,,,,2026-08-27T17:03:19.863527+00:00,2026-08-27T17:03:19.864030+00:00,2.64,floor,-1.1235955056179703,31.62903,0.0,-1.1235955056179703,,,2026-08-27T17:03:19.863527+00:00,,34
2026-08-27,MIMI,trail_activate+1_lock+0_distance2_floor-1,first,resting,STOP_LIMIT,2026-08-27T13:42:24+00:00,2026-08-27T18:08:39.202000+00:00,1787843160000,0,2026-08-27T15:22:00+00:00,2026-08-27T15:29:44.815000+00:00,2.67,,2.6433,2.6967,2026-08-27T15:30:12.067581+00:00,2.78,2.7243999999999997,2026-08-27T15:31:02.727523+00:00,2026-08-27T15:31:02.730121+00:00,2.72,trail,1.8726591760299727,77.915121,4.1198501872659135,-0.37453183520598454,2026-08-27T15:30:12.067581+00:00,2026-08-27T15:31:00.635599+00:00,,,629
2026-08-27,MIMI,trail_activate+1_lock+0_distance2_floor-1,reclaim,resting,STOP_LIMIT,2026-08-27T13:42:24+00:00,2026-08-27T18:08:39.202000+00:00,1787843160000,1787844540000,2026-08-27T15:32:00+00:00,2026-08-27T15:46:29.211000+00:00,2.79,,2.7621,2.8179,,,,2026-08-27T15:46:39.946495+00:00,2026-08-27T15:46:39.946700+00:00,2.76,floor,-1.0752688172043101,10.7357,0.0,-1.0752688172043101,,,2026-08-27T15:46:39.946495+00:00,,66
2026-08-27,MIMI,trail_activate+1_lock+0_distance2_floor-1,reclaim,resting,STOP_LIMIT,2026-08-27T13:42:24+00:00,2026-08-27T18:08:39.202000+00:00,1787848320000,1787849880000,2026-08-27T17:02:00+00:00,2026-08-27T17:02:48.235000+00:00,2.67,,2.6433,2.6967,,,,2026-08-27T17:03:19.863527+00:00,2026-08-27T17:03:19.864030+00:00,2.64,floor,-1.1235955056179703,31.62903,0.0,-1.1235955056179703,,,2026-08-27T17:03:19.863527+00:00,,34
2026-08-27,MIMI,trail_activate+2_lock+1_distance1_floor-1,first,resting,STOP_LIMIT,2026-08-27T13:42:24+00:00,2026-08-27T18:08:39.202000+00:00,1787843160000,0,2026-08-27T15:22:00+00:00,2026-08-27T15:29:44.815000+00:00,2.67,,2.6433,2.7234,2026-08-27T15:31:00.635599+00:00,2.78,2.7521999999999998,2026-08-27T15:31:00.682380+00:00,2026-08-27T15:31:00.682948+00:00,2.75,trail,2.996254681647943,75.867948,4.1198501872659135,-0.37453183520598454,2026-08-27T15:30:12.067581+00:00,2026-08-27T15:31:00.635599+00:00,,,548
2026-08-27,MIMI,trail_activate+2_lock+1_distance1_floor-1,reclaim,resting,STOP_LIMIT,2026-08-27T13:42:24+00:00,2026-08-27T18:08:39.202000+00:00,1787843160000,1787844540000,2026-08-27T15:32:00+00:00,2026-08-27T15:46:29.211000+00:00,2.79,,2.7621,2.8458,,,,2026-08-27T15:46:39.946495+00:00,2026-08-27T15:46:39.946700+00:00,2.76,floor,-1.0752688172043101,10.7357,0.0,-1.0752688172043101,,,2026-08-27T15:46:39.946495+00:00,,66
2026-08-27,MIMI,trail_activate+2_lock+1_distance1_floor-1,reclaim,resting,STOP_LIMIT,2026-08-27T13:42:24+00:00,2026-08-27T18:08:39.202000+00:00,1787848320000,1787849880000,2026-08-27T17:02:00+00:00,2026-08-27T17:02:48.235000+00:00,2.67,,2.6433,2.7234,,,,2026-08-27T17:03:19.863527+00:00,2026-08-27T17:03:19.864030+00:00,2.64,floor,-1.1235955056179703,31.62903,0.0,-1.1235955056179703,,,2026-08-27T17:03:19.863527+00:00,,34
2026-08-27,MIMI,trail_activate+2_lock+1_distance2_floor-1,first,resting,STOP_LIMIT,2026-08-27T13:42:24+00:00,2026-08-27T18:08:39.202000+00:00,1787843160000,0,2026-08-27T15:22:00+00:00,2026-08-27T15:29:44.815000+00:00,2.67,,2.6433,2.7234,2026-08-27T15:31:00.635599+00:00,2.78,2.7243999999999997,2026-08-27T15:31:02.727523+00:00,2026-08-27T15:31:02.730121+00:00,2.72,trail,1.8726591760299727,77.915121,4.1198501872659135,-0.37453183520598454,2026-08-27T15:30:12.067581+00:00,2026-08-27T15:31:00.635599+00:00,,,629
2026-08-27,MIMI,trail_activate+2_lock+1_distance2_floor-1,reclaim,resting,STOP_LIMIT,2026-08-27T13:42:24+00:00,2026-08-27T18:08:39.202000+00:00,1787843160000,1787844540000,2026-08-27T15:32:00+00:00,2026-08-27T15:46:29.211000+00:00,2.79,,2.7621,2.8458,,,,2026-08-27T15:46:39.946495+00:00,2026-08-27T15:46:39.946700+00:00,2.76,floor,-1.0752688172043101,10.7357,0.0,-1.0752688172043101,,,2026-08-27T15:46:39.946495+00:00,,66
2026-08-27,MIMI,trail_activate+2_lock+1_distance2_floor-1,reclaim,resting,STOP_LIMIT,2026-08-27T13:42:24+00:00,2026-08-27T18:08:39.202000+00:00,1787848320000,1787849880000,2026-08-27T17:02:00+00:00,2026-08-27T17:02:48.235000+00:00,2.67,,2.6433,2.7234,,,,2026-08-27T17:03:19.863527+00:00,2026-08-27T17:03:19.864030+00:00,2.64,floor,-1.1235955056179703,31.62903,0.0,-1.1235955056179703,,,2026-08-27T17:03:19.863527+00:00,,34
2026-08-27,PPCB,trail_activate+1_lock+0_distance1_floor-2,first,resting,STOP_LIMIT,2026-08-27T12:31:04+00:00,,1787838720000,0,2026-08-27T14:58:00+00:00,2026-08-27T14:59:27.311000+00:00,2.82,,2.7636,2.8482,2026-08-27T14:59:34.704293+00:00,2.85,2.8215,2026-08-27T14:59:35.315395+00:00,2026-08-27T14:59:35.315626+00:00,2.82,trail,0.0,8.004626,1.0638297872340514,-0.7092198581560291,2026-08-27T14:59:34.704293+00:00,,,,221
2026-08-27,PPCB,trail_activate+1_lock+0_distance1_floor-2,reclaim,resting,STOP_LIMIT,2026-08-27T12:31:04+00:00,,1787838720000,1787842740000,2026-08-27T15:02:00+00:00,2026-08-27T15:09:22.377000+00:00,2.86,,2.8028,2.8886,,,,2026-08-27T15:10:06.208535+00:00,2026-08-27T15:10:06.210093+00:00,2.8,floor,-2.0979020979020997,43.833093,0.0,-2.0979020979020997,,,2026-08-27T15:09:43.386438+00:00,2026-08-27T15:10:06.208535+00:00,288
2026-08-27,PPCB,trail_activate+1_lock+0_distance1_floor-2,first,resting,STOP_LIMIT,2026-08-27T12:31:04+00:00,,1787845260000,0,2026-08-27T16:53:00+00:00,2026-08-27T16:58:23.443000+00:00,2.42,,2.3716,2.4442,,,,2026-08-27T17:00:33.415709+00:00,2026-08-27T17:00:33.416105+00:00,2.37,floor,-2.0661157024793315,129.973105,0.0,-2.0661157024793315,,,2026-08-27T16:58:26.896553+00:00,2026-08-27T17:00:33.415709+00:00,503
2026-08-27,PPCB,trail_activate+1_lock+0_distance1_floor-2,first,resting,STOP_LIMIT,2026-08-27T12:31:04+00:00,,1787854440000,0,2026-08-27T18:15:00+00:00,2026-08-27T18:15:41.425000+00:00,2.21,,2.1658,2.2321,,,,2026-08-27T18:21:35.466443+00:00,2026-08-27T18:21:35.466703+00:00,2.16,floor,-2.262443438914019,354.041703,0.9049773755656116,-2.262443438914019,,,2026-08-27T18:19:16.279262+00:00,2026-08-27T18:21:35.466443+00:00,980
2026-08-27,PPCB,trail_activate+1_lock+0_distance1_floor-2,reclaim,resting,STOP_LIMIT,2026-08-27T12:31:04+00:00,,1787854440000,1787854500000,2026-08-27T18:22:00+00:00,2026-08-27T18:27:55.507000+00:00,2.24,,2.1952000000000003,2.2624000000000004,,,,2026-08-27T18:33:55.093941+00:00,2026-08-27T18:33:55.094141+00:00,2.2,floor,-1.785714285714287,359.587141,0.44642857142856185,-2.232142857142869,,,2026-08-27T18:31:33.469563+00:00,2026-08-27T18:33:55.093941+00:00,1506
2026-08-27,PPCB,trail_activate+1_lock+0_distance1_floor-2,reclaim,resting,STOP_LIMIT,2026-08-27T12:31:04+00:00,,1787857380000,1787857800000,2026-08-27T19:13:00+00:00,2026-08-27T19:13:01.665000+00:00,2.35,,2.303,2.3735,,,,2026-08-27T19:13:28.388778+00:00,2026-08-27T19:13:28.388949+00:00,2.3,floor,-2.1276595744680966,26.723949,0.0,-2.1276595744680966,,,2026-08-27T19:13:20.875872+00:00,2026-08-27T19:13:28.388778+00:00,202
2026-08-27,PPCB,trail_activate+1_lock+0_distance2_floor-2,first,resting,STOP_LIMIT,2026-08-27T12:31:04+00:00,,1787838720000,0,2026-08-27T14:58:00+00:00,2026-08-27T14:59:27.311000+00:00,2.82,,2.7636,2.8482,2026-08-27T14:59:34.704293+00:00,2.85,2.82,2026-08-27T14:59:35.315395+00:00,2026-08-27T14:59:35.315626+00:00,2.82,trail,0.0,8.004626,1.0638297872340514,-0.7092198581560291,2026-08-27T14:59:34.704293+00:00,,,,221
2026-08-27,PPCB,trail_activate+1_lock+0_distance2_floor-2,reclaim,resting,STOP_LIMIT,2026-08-27T12:31:04+00:00,,1787838720000,1787842740000,2026-08-27T15:02:00+00:00,2026-08-27T15:09:22.377000+00:00,2.86,,2.8028,2.8886,,,,2026-08-27T15:10:06.208535+00:00,2026-08-27T15:10:06.210093+00:00,2.8,floor,-2.0979020979020997,43.833093,0.0,-2.0979020979020997,,,2026-08-27T15:09:43.386438+00:00,2026-08-27T15:10:06.208535+00:00,288
2026-08-27,PPCB,trail_activate+1_lock+0_distance2_floor-2,first,resting,STOP_LIMIT,2026-08-27T12:31:04+00:00,,1787845260000,0,2026-08-27T16:53:00+00:00,2026-08-27T16:58:23.443000+00:00,2.42,,2.3716,2.4442,,,,2026-08-27T17:00:33.415709+00:00,2026-08-27T17:00:33.416105+00:00,2.37,floor,-2.0661157024793315,129.973105,0.0,-2.0661157024793315,,,2026-08-27T16:58:26.896553+00:00,2026-08-27T17:00:33.415709+00:00,503
2026-08-27,PPCB,trail_activate+1_lock+0_distance2_floor-2,first,resting,STOP_LIMIT,2026-08-27T12:31:04+00:00,,1787854440000,0,2026-08-27T18:15:00+00:00,2026-08-27T18:15:41.425000+00:00,2.21,,2.1658,2.2321,,,,2026-08-27T18:21:35.466443+00:00,2026-08-27T18:21:35.466703+00:00,2.16,floor,-2.262443438914019,354.041703,0.9049773755656116,-2.262443438914019,,,2026-08-27T18:19:16.279262+00:00,2026-08-27T18:21:35.466443+00:00,980
2026-08-27,PPCB,trail_activate+1_lock+0_distance2_floor-2,reclaim,resting,STOP_LIMIT,2026-08-27T12:31:04+00:00,,1787854440000,1787854500000,2026-08-27T18:22:00+00:00,2026-08-27T18:27:55.507000+00:00,2.24,,2.1952000000000003,2.2624000000000004,,,,2026-08-27T18:33:55.093941+00:00,2026-08-27T18:33:55.094141+00:00,2.2,floor,-1.785714285714287,359.587141,0.44642857142856185,-2.232142857142869,,,2026-08-27T18:31:33.469563+00:00,2026-08-27T18:33:55.093941+00:00,1506
2026-08-27,PPCB,trail_activate+1_lock+0_distance2_floor-2,reclaim,resting,STOP_LIMIT,2026-08-27T12:31:04+00:00,,1787857380000,1787857800000,2026-08-27T19:13:00+00:00,2026-08-27T19:13:01.665000+00:00,2.35,,2.303,2.3735,,,,2026-08-27T19:13:28.388778+00:00,2026-08-27T19:13:28.388949+00:00,2.3,floor,-2.1276595744680966,26.723949,0.0,-2.1276595744680966,,,2026-08-27T19:13:20.875872+00:00,2026-08-27T19:13:28.388778+00:00,202
2026-08-27,PPCB,trail_activate+2_lock+1_distance1_floor-2,first,resting,STOP_LIMIT,2026-08-27T12:31:04+00:00,,1787838720000,0,2026-08-27T14:58:00+00:00,2026-08-27T14:59:27.311000+00:00,2.82,,2.7636,2.8764,,,,2026-08-27T15:01:25.151245+00:00,2026-08-27T15:01:25.152609+00:00,2.76,floor,-2.1276595744680873,117.841609,1.0638297872340514,-2.1276595744680873,2026-08-27T14:59:34.704293+00:00,,2026-08-27T15:00:27.807793+00:00,2026-08-27T15:01:25.151245+00:00,1287
2026-08-27,PPCB,trail_activate+2_lock+1_distance1_floor-2,reclaim,resting,STOP_LIMIT,2026-08-27T12:31:04+00:00,,1787838720000,1787842740000,2026-08-27T15:02:00+00:00,2026-08-27T15:09:22.377000+00:00,2.86,,2.8028,2.9172,,,,2026-08-27T15:10:06.208535+00:00,2026-08-27T15:10:06.210093+00:00,2.8,floor,-2.0979020979020997,43.833093,0.0,-2.0979020979020997,,,2026-08-27T15:09:43.386438+00:00,2026-08-27T15:10:06.208535+00:00,288
2026-08-27,PPCB,trail_activate+2_lock+1_distance1_floor-2,first,resting,STOP_LIMIT,2026-08-27T12:31:04+00:00,,1787845260000,0,2026-08-27T16:53:00+00:00,2026-08-27T16:58:23.443000+00:00,2.42,,2.3716,2.4684,,,,2026-08-27T17:00:33.415709+00:00,2026-08-27T17:00:33.416105+00:00,2.37,floor,-2.0661157024793315,129.973105,0.0,-2.0661157024793315,,,2026-08-27T16:58:26.896553+00:00,2026-08-27T17:00:33.415709+00:00,503
2026-08-27,PPCB,trail_activate+2_lock+1_distance1_floor-2,first,resting,STOP_LIMIT,2026-08-27T12:31:04+00:00,,1787854440000,0,2026-08-27T18:15:00+00:00,2026-08-27T18:15:41.425000+00:00,2.21,,2.1658,2.2542,,,,2026-08-27T18:21:35.466443+00:00,2026-08-27T18:21:35.466703+00:00,2.16,floor,-2.262443438914019,354.041703,0.9049773755656116,-2.262443438914019,,,2026-08-27T18:19:16.279262+00:00,2026-08-27T18:21:35.466443+00:00,980
2026-08-27,PPCB,trail_activate+2_lock+1_distance1_floor-2,reclaim,resting,STOP_LIMIT,2026-08-27T12:31:04+00:00,,1787854440000,1787854500000,2026-08-27T18:22:00+00:00,2026-08-27T18:27:55.507000+00:00,2.24,,2.1952000000000003,2.2848,,,,2026-08-27T18:33:55.093941+00:00,2026-08-27T18:33:55.094141+00:00,2.2,floor,-1.785714285714287,359.587141,0.44642857142856185,-2.232142857142869,,,2026-08-27T18:31:33.469563+00:00,2026-08-27T18:33:55.093941+00:00,1506
2026-08-27,PPCB,trail_activate+2_lock+1_distance1_floor-2,reclaim,resting,STOP_LIMIT,2026-08-27T12:31:04+00:00,,1787857380000,1787857800000,2026-08-27T19:13:00+00:00,2026-08-27T19:13:01.665000+00:00,2.35,,2.303,2.3970000000000002,,,,2026-08-27T19:13:28.388778+00:00,2026-08-27T19:13:28.388949+00:00,2.3,floor,-2.1276595744680966,26.723949,0.0,-2.1276595744680966,,,2026-08-27T19:13:20.875872+00:00,2026-08-27T19:13:28.388778+00:00,202
2026-08-27,PPCB,trail_activate+2_lock+1_distance2_floor-2,first,resting,STOP_LIMIT,2026-08-27T12:31:04+00:00,,1787838720000,0,2026-08-27T14:58:00+00:00,2026-08-27T14:59:27.311000+00:00,2.82,,2.7636,2.8764,,,,2026-08-27T15:01:25.151245+00:00,2026-08-27T15:01:25.152609+00:00,2.76,floor,-2.1276595744680873,117.841609,1.0638297872340514,-2.1276595744680873,2026-08-27T14:59:34.704293+00:00,,2026-08-27T15:00:27.807793+00:00,2026-08-27T15:01:25.151245+00:00,1287
2026-08-27,PPCB,trail_activate+2_lock+1_distance2_floor-2,reclaim,resting,STOP_LIMIT,2026-08-27T12:31:04+00:00,,1787838720000,1787842740000,2026-08-27T15:02:00+00:00,2026-08-27T15:09:22.377000+00:00,2.86,,2.8028,2.9172,,,,2026-08-27T15:10:06.208535+00:00,2026-08-27T15:10:06.210093+00:00,2.8,floor,-2.0979020979020997,43.833093,0.0,-2.0979020979020997,,,2026-08-27T15:09:43.386438+00:00,2026-08-27T15:10:06.208535+00:00,288
2026-08-27,PPCB,trail_activate+2_lock+1_distance2_floor-2,first,resting,STOP_LIMIT,2026-08-27T12:31:04+00:00,,1787845260000,0,2026-08-27T16:53:00+00:00,2026-08-27T16:58:23.443000+00:00,2.42,,2.3716,2.4684,,,,2026-08-27T17:00:33.415709+00:00,2026-08-27T17:00:33.416105+00:00,2.37,floor,-2.0661157024793315,129.973105,0.0,-2.0661157024793315,,,2026-08-27T16:58:26.896553+00:00,2026-08-27T17:00:33.415709+00:00,503
2026-08-27,PPCB,trail_activate+2_lock+1_distance2_floor-2,first,resting,STOP_LIMIT,2026-08-27T12:31:04+00:00,,1787854440000,0,2026-08-27T18:15:00+00:00,2026-08-27T18:15:41.425000+00:00,2.21,,2.1658,2.2542,,,,2026-08-27T18:21:35.466443+00:00,2026-08-27T18:21:35.466703+00:00,2.16,floor,-2.262443438914019,354.041703,0.9049773755656116,-2.262443438914019,,,2026-08-27T18:19:16.279262+00:00,2026-08-27T18:21:35.466443+00:00,980
2026-08-27,PPCB,trail_activate+2_lock+1_distance2_floor-2,reclaim,resting,STOP_LIMIT,2026-08-27T12:31:04+00:00,,1787854440000,1787854500000,2026-08-27T18:22:00+00:00,2026-08-27T18:27:55.507000+00:00,2.24,,2.1952000000000003,2.2848,,,,2026-08-27T18:33:55.093941+00:00,2026-08-27T18:33:55.094141+00:00,2.2,floor,-1.785714285714287,359.587141,0.44642857142856185,-2.232142857142869,,,2026-08-27T18:31:33.469563+00:00,2026-08-27T18:33:55.093941+00:00,1506
2026-08-27,PPCB,trail_activate+2_lock+1_distance2_floor-2,reclaim,resting,STOP_LIMIT,2026-08-27T12:31:04+00:00,,1787857380000,1787857800000,2026-08-27T19:13:00+00:00,2026-08-27T19:13:01.665000+00:00,2.35,,2.303,2.3970000000000002,,,,2026-08-27T19:13:28.388778+00:00,2026-08-27T19:13:28.388949+00:00,2.3,floor,-2.1276595744680966,26.723949,0.0,-2.1276595744680966,,,2026-08-27T19:13:20.875872+00:00,2026-08-27T19:13:28.388778+00:00,202
2026-08-27,PPCB,trail_activate+1_lock+0_distance1_floor-1,first,resting,STOP_LIMIT,2026-08-27T12:31:04+00:00,,1787838720000,0,2026-08-27T14:58:00+00:00,2026-08-27T14:59:27.311000+00:00,2.82,,2.7918,2.8482,2026-08-27T14:59:34.704293+00:00,2.85,2.8215,2026-08-27T14:59:35.315395+00:00,2026-08-27T14:59:35.315626+00:00,2.82,trail,0.0,8.004626,1.0638297872340514,-0.7092198581560291,2026-08-27T14:59:34.704293+00:00,,,,221
2026-08-27,PPCB,trail_activate+1_lock+0_distance1_floor-1,reclaim,resting,STOP_LIMIT,2026-08-27T12:31:04+00:00,,1787838720000,1787842740000,2026-08-27T15:02:00+00:00,2026-08-27T15:09:22.377000+00:00,2.86,,2.8314,2.8886,,,,2026-08-27T15:09:43.386438+00:00,2026-08-27T15:09:43.386739+00:00,2.83,floor,-1.0489510489510423,21.009739,0.0,-1.0489510489510423,,,2026-08-27T15:09:43.386438+00:00,,206
2026-08-27,PPCB,trail_activate+1_lock+0_distance1_floor-1,first,resting,STOP_LIMIT,2026-08-27T12:31:04+00:00,,1787845260000,0,2026-08-27T16:53:00+00:00,2026-08-27T16:58:23.443000+00:00,2.42,,2.3958,2.4442,,,,2026-08-27T16:58:26.896553+00:00,2026-08-27T16:58:26.897192+00:00,2.39,floor,-1.2396694214875952,3.454192,0.0,-1.2396694214875952,,,2026-08-27T16:58:26.896553+00:00,,41
2026-08-27,PPCB,trail_activate+1_lock+0_distance1_floor-1,first,resting,STOP_LIMIT,2026-08-27T12:31:04+00:00,,1787854440000,0,2026-08-27T18:15:00+00:00,2026-08-27T18:15:41.425000+00:00,2.21,,2.1879,2.2321,,,,2026-08-27T18:19:16.279262+00:00,2026-08-27T18:19:16.279912+00:00,2.18,floor,-1.3574660633484075,214.854912,0.9049773755656116,-1.3574660633484075,,,2026-08-27T18:19:16.279262+00:00,,669
2026-08-27,PPCB,trail_activate+1_lock+0_distance1_floor-1,reclaim,resting,STOP_LIMIT,2026-08-27T12:31:04+00:00,,1787854440000,1787854500000,2026-08-27T18:20:00+00:00,2026-08-27T18:27:55.507000+00:00,2.24,,2.2176,2.2624000000000004,,,,2026-08-27T18:31:33.469563+00:00,2026-08-27T18:31:33.469846+00:00,2.21,floor,-1.3392857142857253,217.962846,0.44642857142856185,-1.3392857142857253,,,2026-08-27T18:31:33.469563+00:00,,1218
2026-08-27,PPCB,trail_activate+1_lock+0_distance1_floor-1,reclaim,resting,STOP_LIMIT,2026-08-27T12:31:04+00:00,,1787857380000,1787857800000,2026-08-27T19:13:00+00:00,2026-08-27T19:13:01.665000+00:00,2.35,,2.3265000000000002,2.3735,,,,2026-08-27T19:13:20.875872+00:00,2026-08-27T19:13:20.876473+00:00,2.32,floor,-1.2765957446808616,19.211473,0.0,-1.2765957446808616,,,2026-08-27T19:13:20.875872+00:00,,133
2026-08-27,PPCB,trail_activate+1_lock+0_distance2_floor-1,first,resting,STOP_LIMIT,2026-08-27T12:31:04+00:00,,1787838720000,0,2026-08-27T14:58:00+00:00,2026-08-27T14:59:27.311000+00:00,2.82,,2.7918,2.8482,2026-08-27T14:59:34.704293+00:00,2.85,2.82,2026-08-27T14:59:35.315395+00:00,2026-08-27T14:59:35.315626+00:00,2.82,trail,0.0,8.004626,1.0638297872340514,-0.7092198581560291,2026-08-27T14:59:34.704293+00:00,,,,221
2026-08-27,PPCB,trail_activate+1_lock+0_distance2_floor-1,reclaim,resting,STOP_LIMIT,2026-08-27T12:31:04+00:00,,1787838720000,1787842740000,2026-08-27T15:02:00+00:00,2026-08-27T15:09:22.377000+00:00,2.86,,2.8314,2.8886,,,,2026-08-27T15:09:43.386438+00:00,2026-08-27T15:09:43.386739+00:00,2.83,floor,-1.0489510489510423,21.009739,0.0,-1.0489510489510423,,,2026-08-27T15:09:43.386438+00:00,,206
2026-08-27,PPCB,trail_activate+1_lock+0_distance2_floor-1,first,resting,STOP_LIMIT,2026-08-27T12:31:04+00:00,,1787845260000,0,2026-08-27T16:53:00+00:00,2026-08-27T16:58:23.443000+00:00,2.42,,2.3958,2.4442,,,,2026-08-27T16:58:26.896553+00:00,2026-08-27T16:58:26.897192+00:00,2.39,floor,-1.2396694214875952,3.454192,0.0,-1.2396694214875952,,,2026-08-27T16:58:26.896553+00:00,,41
2026-08-27,PPCB,trail_activate+1_lock+0_distance2_floor-1,first,resting,STOP_LIMIT,2026-08-27T12:31:04+00:00,,1787854440000,0,2026-08-27T18:15:00+00:00,2026-08-27T18:15:41.425000+00:00,2.21,,2.1879,2.2321,,,,2026-08-27T18:19:16.279262+00:00,2026-08-27T18:19:16.279912+00:00,2.18,floor,-1.3574660633484075,214.854912,0.9049773755656116,-1.3574660633484075,,,2026-08-27T18:19:16.279262+00:00,,669
2026-08-27,PPCB,trail_activate+1_lock+0_distance2_floor-1,reclaim,resting,STOP_LIMIT,2026-08-27T12:31:04+00:00,,1787854440000,1787854500000,2026-08-27T18:20:00+00:00,2026-08-27T18:27:55.507000+00:00,2.24,,2.2176,2.2624000000000004,,,,2026-08-27T18:31:33.469563+00:00,2026-08-27T18:31:33.469846+00:00,2.21,floor,-1.3392857142857253,217.962846,0.44642857142856185,-1.3392857142857253,,,2026-08-27T18:31:33.469563+00:00,,1218
2026-08-27,PPCB,trail_activate+1_lock+0_distance2_floor-1,reclaim,resting,STOP_LIMIT,2026-08-27T12:31:04+00:00,,1787857380000,1787857800000,2026-08-27T19:13:00+00:00,2026-08-27T19:13:01.665000+00:00,2.35,,2.3265000000000002,2.3735,,,,2026-08-27T19:13:20.875872+00:00,2026-08-27T19:13:20.876473+00:00,2.32,floor,-1.2765957446808616,19.211473,0.0,-1.2765957446808616,,,2026-08-27T19:13:20.875872+00:00,,133
2026-08-27,PPCB,trail_activate+2_lock+1_distance1_floor-1,first,resting,STOP_LIMIT,2026-08-27T12:31:04+00:00,,1787838720000,0,2026-08-27T14:58:00+00:00,2026-08-27T14:59:27.311000+00:00,2.82,,2.7918,2.8764,,,,2026-08-27T15:00:27.807793+00:00,2026-08-27T15:00:27.808095+00:00,2.79,floor,-1.0638297872340359,60.497095,1.0638297872340514,-1.0638297872340359,2026-08-27T14:59:34.704293+00:00,,2026-08-27T15:00:27.807793+00:00,,952
2026-08-27,PPCB,trail_activate+2_lock+1_distance1_floor-1,reclaim,resting,STOP_LIMIT,2026-08-27T12:31:04+00:00,,1787838720000,1787842740000,2026-08-27T15:02:00+00:00,2026-08-27T15:09:22.377000+00:00,2.86,,2.8314,2.9172,,,,2026-08-27T15:09:43.386438+00:00,2026-08-27T15:09:43.386739+00:00,2.83,floor,-1.0489510489510423,21.009739,0.0,-1.0489510489510423,,,2026-08-27T15:09:43.386438+00:00,,206
2026-08-27,PPCB,trail_activate+2_lock+1_distance1_floor-1,first,resting,STOP_LIMIT,2026-08-27T12:31:04+00:00,,1787845260000,0,2026-08-27T16:53:00+00:00,2026-08-27T16:58:23.443000+00:00,2.42,,2.3958,2.4684,,,,2026-08-27T16:58:26.896553+00:00,2026-08-27T16:58:26.897192+00:00,2.39,floor,-1.2396694214875952,3.454192,0.0,-1.2396694214875952,,,2026-08-27T16:58:26.896553+00:00,,41
2026-08-27,PPCB,trail_activate+2_lock+1_distance1_floor-1,first,resting,STOP_LIMIT,2026-08-27T12:31:04+00:00,,1787854440000,0,2026-08-27T18:15:00+00:00,2026-08-27T18:15:41.425000+00:00,2.21,,2.1879,2.2542,,,,2026-08-27T18:19:16.279262+00:00,2026-08-27T18:19:16.279912+00:00,2.18,floor,-1.3574660633484075,214.854912,0.9049773755656116,-1.3574660633484075,,,2026-08-27T18:19:16.279262+00:00,,669
2026-08-27,PPCB,trail_activate+2_lock+1_distance1_floor-1,reclaim,resting,STOP_LIMIT,2026-08-27T12:31:04+00:00,,1787854440000,1787854500000,2026-08-27T18:20:00+00:00,2026-08-27T18:27:55.507000+00:00,2.24,,2.2176,2.2848,,,,2026-08-27T18:31:33.469563+00:00,2026-08-27T18:31:33.469846+00:00,2.21,floor,-1.3392857142857253,217.962846,0.44642857142856185,-1.3392857142857253,,,2026-08-27T18:31:33.469563+00:00,,1218
2026-08-27,PPCB,trail_activate+2_lock+1_distance1_floor-1,reclaim,resting,STOP_LIMIT,2026-08-27T12:31:04+00:00,,1787857380000,1787857800000,2026-08-27T19:13:00+00:00,2026-08-27T19:13:01.665000+00:00,2.35,,2.3265000000000002,2.3970000000000002,,,,2026-08-27T19:13:20.875872+00:00,2026-08-27T19:13:20.876473+00:00,2.32,floor,-1.2765957446808616,19.211473,0.0,-1.2765957446808616,,,2026-08-27T19:13:20.875872+00:00,,133
2026-08-27,PPCB,trail_activate+2_lock+1_distance2_floor-1,first,resting,STOP_LIMIT,2026-08-27T12:31:04+00:00,,1787838720000,0,2026-08-27T14:58:00+00:00,2026-08-27T14:59:27.311000+00:00,2.82,,2.7918,2.8764,,,,2026-08-27T15:00:27.807793+00:00,2026-08-27T15:00:27.808095+00:00,2.79,floor,-1.0638297872340359,60.497095,1.0638297872340514,-1.0638297872340359,2026-08-27T14:59:34.704293+00:00,,2026-08-27T15:00:27.807793+00:00,,952
2026-08-27,PPCB,trail_activate+2_lock+1_distance2_floor-1,reclaim,resting,STOP_LIMIT,2026-08-27T12:31:04+00:00,,1787838720000,1787842740000,2026-08-27T15:02:00+00:00,2026-08-27T15:09:22.377000+00:00,2.86,,2.8314,2.9172,,,,2026-08-27T15:09:43.386438+00:00,2026-08-27T15:09:43.386739+00:00,2.83,floor,-1.0489510489510423,21.009739,0.0,-1.0489510489510423,,,2026-08-27T15:09:43.386438+00:00,,206
2026-08-27,PPCB,trail_activate+2_lock+1_distance2_floor-1,first,resting,STOP_LIMIT,2026-08-27T12:31:04+00:00,,1787845260000,0,2026-08-27T16:53:00+00:00,2026-08-27T16:58:23.443000+00:00,2.42,,2.3958,2.4684,,,,2026-08-27T16:58:26.896553+00:00,2026-08-27T16:58:26.897192+00:00,2.39,floor,-1.2396694214875952,3.454192,0.0,-1.2396694214875952,,,2026-08-27T16:58:26.896553+00:00,,41
2026-08-27,PPCB,trail_activate+2_lock+1_distance2_floor-1,first,resting,STOP_LIMIT,2026-08-27T12:31:04+00:00,,1787854440000,0,2026-08-27T18:15:00+00:00,2026-08-27T18:15:41.425000+00:00,2.21,,2.1879,2.2542,,,,2026-08-27T18:19:16.279262+00:00,2026-08-27T18:19:16.279912+00:00,2.18,floor,-1.3574660633484075,214.854912,0.9049773755656116,-1.3574660633484075,,,2026-08-27T18:19:16.279262+00:00,,669
2026-08-27,PPCB,trail_activate+2_lock+1_distance2_floor-1,reclaim,resting,STOP_LIMIT,2026-08-27T12:31:04+00:00,,1787854440000,1787854500000,2026-08-27T18:20:00+00:00,2026-08-27T18:27:55.507000+00:00,2.24,,2.2176,2.2848,,,,2026-08-27T18:31:33.469563+00:00,2026-08-27T18:31:33.469846+00:00,2.21,floor,-1.3392857142857253,217.962846,0.44642857142856185,-1.3392857142857253,,,2026-08-27T18:31:33.469563+00:00,,1218
2026-08-27,PPCB,trail_activate+2_lock+1_distance2_floor-1,reclaim,resting,STOP_LIMIT,2026-08-27T12:31:04+00:00,,1787857380000,1787857800000,2026-08-27T19:13:00+00:00,2026-08-27T19:13:01.665000+00:00,2.35,,2.3265000000000002,2.3970000000000002,,,,2026-08-27T19:13:20.875872+00:00,2026-08-27T19:13:20.876473+00:00,2.32,floor,-1.2765957446808616,19.211473,0.0,-1.2765957446808616,,,2026-08-27T19:13:20.875872+00:00,,133
2026-08-28,QNRX,trail_activate+1_lock+0_distance1_floor-2,first,resting,limit,2026-08-28T11:21:56+00:00,2026-08-28T14:08:41.603000+00:00,1787920800000,0,2026-08-28T12:41:20.756000+00:00,2026-08-28T12:41:20.756000+00:00,7.14,,6.997199999999999,7.211399999999999,,,,2026-08-28T12:41:29.177370+00:00,2026-08-28T12:41:29.177644+00:00,6.95,floor,-2.6610644257703013,8.421644,0.0,-2.6610644257703013,,,2026-08-28T12:41:26.385290+00:00,2026-08-28T12:41:29.177370+00:00,35
2026-08-28,QNRX,trail_activate+1_lock+0_distance1_floor-2,reclaim,reactive,limit,2026-08-28T11:21:56+00:00,2026-08-28T14:08:41.603000+00:00,1787920800000,1787921040000,2026-08-28T13:14:28.153000+00:00,2026-08-28T13:14:28.153000+00:00,7.27,,7.124599999999999,7.3427,2026-08-28T13:14:39.043066+00:00,7.42,7.3458,2026-08-28T13:14:41.890910+00:00,2026-08-28T13:14:41.891551+00:00,7.33,trail,0.8253094910591541,13.738551,2.063273727647873,-0.27510316368637655,2026-08-28T13:14:39.043066+00:00,2026-08-28T13:14:41.772929+00:00,,,173
2026-08-28,QNRX,trail_activate+1_lock+0_distance2_floor-2,first,resting,limit,2026-08-28T11:21:56+00:00,2026-08-28T14:08:41.603000+00:00,1787920800000,0,2026-08-28T12:41:20.756000+00:00,2026-08-28T12:41:20.756000+00:00,7.14,,6.997199999999999,7.211399999999999,,,,2026-08-28T12:41:29.177370+00:00,2026-08-28T12:41:29.177644+00:00,6.95,floor,-2.6610644257703013,8.421644,0.0,-2.6610644257703013,,,2026-08-28T12:41:26.385290+00:00,2026-08-28T12:41:29.177370+00:00,35
2026-08-28,QNRX,trail_activate+1_lock+0_distance2_floor-2,reclaim,reactive,limit,2026-08-28T11:21:56+00:00,2026-08-28T14:08:41.603000+00:00,1787920800000,1787921040000,2026-08-28T13:14:28.153000+00:00,2026-08-28T13:14:28.153000+00:00,7.27,,7.124599999999999,7.3427,2026-08-28T13:14:39.043066+00:00,7.42,7.271599999999999,2026-08-28T13:14:43.098390+00:00,2026-08-28T13:14:43.098677+00:00,7.25,trail,-0.27510316368637655,14.945677,2.063273727647873,-0.27510316368637655,2026-08-28T13:14:39.043066+00:00,2026-08-28T13:14:41.772929+00:00,,,215
2026-08-28,QNRX,trail_activate+2_lock+1_distance1_floor-2,first,resting,limit,2026-08-28T11:21:56+00:00,2026-08-28T14:08:41.603000+00:00,1787920800000,0,2026-08-28T12:41:20.756000+00:00,2026-08-28T12:41:20.756000+00:00,7.14,,6.997199999999999,7.2828,,,,2026-08-28T12:41:29.177370+00:00,2026-08-28T12:41:29.177644+00:00,6.95,floor,-2.6610644257703013,8.421644,0.0,-2.6610644257703013,,,2026-08-28T12:41:26.385290+00:00,2026-08-28T12:41:29.177370+00:00,35
2026-08-28,QNRX,trail_activate+2_lock+1_distance1_floor-2,reclaim,reactive,limit,2026-08-28T11:21:56+00:00,2026-08-28T14:08:41.603000+00:00,1787920800000,1787921040000,2026-08-28T13:14:28.153000+00:00,2026-08-28T13:14:28.153000+00:00,7.27,,7.124599999999999,7.4154,2026-08-28T13:14:41.772929+00:00,7.42,7.3458,2026-08-28T13:14:41.890910+00:00,2026-08-28T13:14:41.891551+00:00,7.33,trail,0.8253094910591541,13.738551,2.063273727647873,-0.27510316368637655,2026-08-28T13:14:39.043066+00:00,2026-08-28T13:14:41.772929+00:00,,,173
2026-08-28,QNRX,trail_activate+2_lock+1_distance2_floor-2,first,resting,limit,2026-08-28T11:21:56+00:00,2026-08-28T14:08:41.603000+00:00,1787920800000,0,2026-08-28T12:41:20.756000+00:00,2026-08-28T12:41:20.756000+00:00,7.14,,6.997199999999999,7.2828,,,,2026-08-28T12:41:29.177370+00:00,2026-08-28T12:41:29.177644+00:00,6.95,floor,-2.6610644257703013,8.421644,0.0,-2.6610644257703013,,,2026-08-28T12:41:26.385290+00:00,2026-08-28T12:41:29.177370+00:00,35
2026-08-28,QNRX,trail_activate+2_lock+1_distance2_floor-2,reclaim,reactive,limit,2026-08-28T11:21:56+00:00,2026-08-28T14:08:41.603000+00:00,1787920800000,1787921040000,2026-08-28T13:14:28.153000+00:00,2026-08-28T13:14:28.153000+00:00,7.27,,7.124599999999999,7.4154,2026-08-28T13:14:41.772929+00:00,7.42,7.3427,2026-08-28T13:14:41.890910+00:00,2026-08-28T13:14:41.891551+00:00,7.33,trail,0.8253094910591541,13.738551,2.063273727647873,-0.27510316368637655,2026-08-28T13:14:39.043066+00:00,2026-08-28T13:14:41.772929+00:00,,,173
2026-08-28,QNRX,trail_activate+1_lock+0_distance1_floor-1,first,resting,limit,2026-08-28T11:21:56+00:00,2026-08-28T14:08:41.603000+00:00,1787920800000,0,2026-08-28T12:41:20.756000+00:00,2026-08-28T12:41:20.756000+00:00,7.14,,7.0686,7.211399999999999,,,,2026-08-28T12:41:26.385290+00:00,2026-08-28T12:41:26.385557+00:00,7.06,floor,-1.1204481792717098,5.629557,0.0,-1.1204481792717098,,,2026-08-28T12:41:26.385290+00:00,,18
2026-08-28,QNRX,trail_activate+1_lock+0_distance1_floor-1,reclaim,reactive,limit,2026-08-28T11:21:56+00:00,2026-08-28T14:08:41.603000+00:00,1787920800000,1787921040000,2026-08-28T13:14:28.153000+00:00,2026-08-28T13:14:28.153000+00:00,7.27,,7.197299999999999,7.3427,2026-08-28T13:14:39.043066+00:00,7.42,7.3458,2026-08-28T13:14:41.890910+00:00,2026-08-28T13:14:41.891551+00:00,7.33,trail,0.8253094910591541,13.738551,2.063273727647873,-0.27510316368637655,2026-08-28T13:14:39.043066+00:00,2026-08-28T13:14:41.772929+00:00,,,173
2026-08-28,QNRX,trail_activate+1_lock+0_distance2_floor-1,first,resting,limit,2026-08-28T11:21:56+00:00,2026-08-28T14:08:41.603000+00:00,1787920800000,0,2026-08-28T12:41:20.756000+00:00,2026-08-28T12:41:20.756000+00:00,7.14,,7.0686,7.211399999999999,,,,2026-08-28T12:41:26.385290+00:00,2026-08-28T12:41:26.385557+00:00,7.06,floor,-1.1204481792717098,5.629557,0.0,-1.1204481792717098,,,2026-08-28T12:41:26.385290+00:00,,18
2026-08-28,QNRX,trail_activate+1_lock+0_distance2_floor-1,reclaim,reactive,limit,2026-08-28T11:21:56+00:00,2026-08-28T14:08:41.603000+00:00,1787920800000,1787921040000,2026-08-28T13:14:28.153000+00:00,2026-08-28T13:14:28.153000+00:00,7.27,,7.197299999999999,7.3427,2026-08-28T13:14:39.043066+00:00,7.42,7.271599999999999,2026-08-28T13:14:43.098390+00:00,2026-08-28T13:14:43.098677+00:00,7.25,trail,-0.27510316368637655,14.945677,2.063273727647873,-0.27510316368637655,2026-08-28T13:14:39.043066+00:00,2026-08-28T13:14:41.772929+00:00,,,215
2026-08-28,QNRX,trail_activate+2_lock+1_distance1_floor-1,first,resting,limit,2026-08-28T11:21:56+00:00,2026-08-28T14:08:41.603000+00:00,1787920800000,0,2026-08-28T12:41:20.756000+00:00,2026-08-28T12:41:20.756000+00:00,7.14,,7.0686,7.2828,,,,2026-08-28T12:41:26.385290+00:00,2026-08-28T12:41:26.385557+00:00,7.06,floor,-1.1204481792717098,5.629557,0.0,-1.1204481792717098,,,2026-08-28T12:41:26.385290+00:00,,18
2026-08-28,QNRX,trail_activate+2_lock+1_distance1_floor-1,reclaim,reactive,limit,2026-08-28T11:21:56+00:00,2026-08-28T14:08:41.603000+00:00,1787920800000,1787921040000,2026-08-28T13:14:28.153000+00:00,2026-08-28T13:14:28.153000+00:00,7.27,,7.197299999999999,7.4154,2026-08-28T13:14:41.772929+00:00,7.42,7.3458,2026-08-28T13:14:41.890910+00:00,2026-08-28T13:14:41.891551+00:00,7.33,trail,0.8253094910591541,13.738551,2.063273727647873,-0.27510316368637655,2026-08-28T13:14:39.043066+00:00,2026-08-28T13:14:41.772929+00:00,,,173
2026-08-28,QNRX,trail_activate+2_lock+1_distance2_floor-1,first,resting,limit,2026-08-28T11:21:56+00:00,2026-08-28T14:08:41.603000+00:00,1787920800000,0,2026-08-28T12:41:20.756000+00:00,2026-08-28T12:41:20.756000+00:00,7.14,,7.0686,7.2828,,,,2026-08-28T12:41:26.385290+00:00,2026-08-28T12:41:26.385557+00:00,7.06,floor,-1.1204481792717098,5.629557,0.0,-1.1204481792717098,,,2026-08-28T12:41:26.385290+00:00,,18
2026-08-28,QNRX,trail_activate+2_lock+1_distance2_floor-1,reclaim,reactive,limit,2026-08-28T11:21:56+00:00,2026-08-28T14:08:41.603000+00:00,1787920800000,1787921040000,2026-08-28T13:14:28.153000+00:00,2026-08-28T13:14:28.153000+00:00,7.27,,7.197299999999999,7.4154,2026-08-28T13:14:41.772929+00:00,7.42,7.3427,2026-08-28T13:14:41.890910+00:00,2026-08-28T13:14:41.891551+00:00,7.33,trail,0.8253094910591541,13.738551,2.063273727647873,-0.27510316368637655,2026-08-28T13:14:39.043066+00:00,2026-08-28T13:14:41.772929+00:00,,,173
2026-08-31,AEHL,trail_activate+1_lock+0_distance1_floor-2,reclaim,reactive,limit,2026-08-31T08:06:23+00:00,,1788178680000,1788178680000,2026-08-31T12:45:04.504000+00:00,2026-08-31T12:45:04.504000+00:00,6.16,,6.0368,6.2216000000000005,2026-08-31T12:45:36.138529+00:00,6.66,6.5934,2026-08-31T12:46:18.065532+00:00,2026-08-31T12:46:18.113576+00:00,6.59,trail,6.980519480519476,73.609576,8.116883116883116,-0.9740259740259821,2026-08-31T12:45:36.138529+00:00,2026-08-31T12:45:50.678954+00:00,,,767
2026-08-31,AEHL,trail_activate+1_lock+0_distance1_floor-2,first,resting,STOP_LIMIT,2026-08-31T08:06:23+00:00,,1788183840000,0,2026-08-31T14:22:00+00:00,2026-08-31T14:23:14.136000+00:00,6.29,,6.1642,6.3529,,,,2026-08-31T14:23:52.280400+00:00,2026-08-31T14:23:52.280543+00:00,6.16,floor,-2.0667726550079477,38.144543,0.0,-2.0667726550079477,,,2026-08-31T14:23:19.641652+00:00,2026-08-31T14:23:52.280400+00:00,169
2026-08-31,AEHL,trail_activate+1_lock+0_distance1_floor-2,reclaim,resting,STOP_LIMIT,2026-08-31T08:06:23+00:00,,1788183840000,1788186660000,2026-08-31T14:34:00+00:00,2026-08-31T14:42:04.071000+00:00,6.52,,6.3896,6.5851999999999995,,,,2026-08-31T14:42:19.367784+00:00,2026-08-31T14:42:19.367999+00:00,6.37,floor,-2.3006134969325074,15.296999,0.0,-2.3006134969325074,,,2026-08-31T14:42:04.081025+00:00,2026-08-31T14:42:19.367784+00:00,78
2026-08-31,AEHL,trail_activate+1_lock+0_distance1_floor-2,reclaim,reactive,market,2026-08-31T08:06:23+00:00,,1788188940000,1788189720000,2026-08-31T15:35:09.345000+00:00,2026-08-31T15:35:09.345000+00:00,6.62,,6.4876,6.6862,2026-08-31T15:35:10.049011+00:00,6.7,6.633,2026-08-31T15:35:11.168652+00:00,2026-08-31T15:35:11.350440+00:00,6.63,trail,0.1510574018126856,2.00544,1.2084592145015116,-1.3595166163141972,2026-08-31T15:35:10.049011+00:00,,2026-08-31T15:35:09.405494+00:00,,81
2026-08-31,AEHL,trail_activate+1_lock+0_distance1_floor-2,first,resting,STOP_LIMIT,2026-08-31T08:06:23+00:00,,1788194880000,0,2026-08-31T18:13:00+00:00,2026-08-31T18:14:01.310000+00:00,6.3,,6.1739999999999995,6.3629999999999995,2026-08-31T18:25:53.274237+00:00,6.51,6.4449,2026-08-31T18:26:25.873818+00:00,2026-08-31T18:26:25.874074+00:00,6.48,trail,2.857142857142867,744.564074,3.3333333333333326,-1.1111111111111016,2026-08-31T18:25:53.274237+00:00,2026-08-31T18:26:25.827555+00:00,2026-08-31T18:14:39.986672+00:00,,957
2026-08-31,AEHL,trail_activate+1_lock+0_distance1_floor-2,reclaim,reactive,market,2026-08-31T08:06:23+00:00,,1788194880000,1788200040000,2026-08-31T18:26:26.594000+00:00,2026-08-31T18:26:26.594000+00:00,6.6,,6.468,6.6659999999999995,2026-08-31T18:27:26.913428+00:00,6.68,6.6132,2026-08-31T18:27:34.611377+00:00,2026-08-31T18:27:35.110779+00:00,6.6,trail,0.0,68.516779,1.2121212121212133,-1.3636363636363615,2026-08-31T18:27:26.913428+00:00,,2026-08-31T18:27:05.827117+00:00,,547
2026-08-31,AEHL,trail_activate+1_lock+0_distance1_floor-2,first,resting,STOP_LIMIT,2026-08-31T08:06:23+00:00,,1788204300000,0,2026-08-31T19:40:00+00:00,2026-08-31T19:42:47.300000+00:00,6.49,,6.3602,6.5549,,,,2026-08-31T19:43:52.226807+00:00,2026-08-31T19:43:53.218662+00:00,6.36,floor,-2.0030816640986115,65.918662,0.0,-2.1571648690292844,,,2026-08-31T19:42:53.039460+00:00,2026-08-31T19:43:52.226807+00:00,99
2026-08-31,AEHL,trail_activate+1_lock+0_distance2_floor-2,reclaim,reactive,limit,2026-08-31T08:06:23+00:00,,1788178680000,1788178680000,2026-08-31T12:45:04.504000+00:00,2026-08-31T12:45:04.504000+00:00,6.16,,6.0368,6.2216000000000005,2026-08-31T12:45:36.138529+00:00,7.4,7.252,2026-08-31T12:46:54.200546+00:00,2026-08-31T12:46:54.200727+00:00,7.25,trail,17.69480519480519,109.696727,20.129870129870135,-0.9740259740259821,2026-08-31T12:45:36.138529+00:00,2026-08-31T12:45:50.678954+00:00,,,2567
2026-08-31,AEHL,trail_activate+1_lock+0_distance2_floor-2,first,resting,STOP_LIMIT,2026-08-31T08:06:23+00:00,,1788183840000,0,2026-08-31T14:22:00+00:00,2026-08-31T14:23:14.136000+00:00,6.29,,6.1642,6.3529,,,,2026-08-31T14:23:52.280400+00:00,2026-08-31T14:23:52.280543+00:00,6.16,floor,-2.0667726550079477,38.144543,0.0,-2.0667726550079477,,,2026-08-31T14:23:19.641652+00:00,2026-08-31T14:23:52.280400+00:00,169
2026-08-31,AEHL,trail_activate+1_lock+0_distance2_floor-2,reclaim,resting,STOP_LIMIT,2026-08-31T08:06:23+00:00,,1788183840000,1788186660000,2026-08-31T14:34:00+00:00,2026-08-31T14:42:04.071000+00:00,6.52,,6.3896,6.5851999999999995,,,,2026-08-31T14:42:19.367784+00:00,2026-08-31T14:42:19.367999+00:00,6.37,floor,-2.3006134969325074,15.296999,0.0,-2.3006134969325074,,,2026-08-31T14:42:04.081025+00:00,2026-08-31T14:42:19.367784+00:00,78
2026-08-31,AEHL,trail_activate+1_lock+0_distance2_floor-2,reclaim,reactive,market,2026-08-31T08:06:23+00:00,,1788188940000,1788189720000,2026-08-31T15:35:09.345000+00:00,2026-08-31T15:35:09.345000+00:00,6.62,,6.4876,6.6862,2026-08-31T15:35:10.049011+00:00,6.7,6.62,2026-08-31T15:35:11.352587+00:00,2026-08-31T15:35:11.353404+00:00,6.69,trail,1.057401812688826,2.008404,1.2084592145015116,-1.3595166163141972,2026-08-31T15:35:10.049011+00:00,,2026-08-31T15:35:09.405494+00:00,,83
2026-08-31,AEHL,trail_activate+1_lock+0_distance2_floor-2,first,resting,STOP_LIMIT,2026-08-31T08:06:23+00:00,,1788194880000,0,2026-08-31T18:13:00+00:00,2026-08-31T18:14:01.310000+00:00,6.3,,6.1739999999999995,6.3629999999999995,2026-08-31T18:25:53.274237+00:00,6.65,6.517,2026-08-31T18:27:08.883533+00:00,2026-08-31T18:27:08.884121+00:00,6.51,trail,3.3333333333333326,787.574121,5.555555555555564,-1.1111111111111016,2026-08-31T18:25:53.274237+00:00,2026-08-31T18:26:25.827555+00:00,2026-08-31T18:14:39.986672+00:00,,1549
2026-08-31,AEHL,trail_activate+1_lock+0_distance2_floor-2,reclaim,resting,STOP_LIMIT,2026-08-31T08:06:23+00:00,,1788194880000,1788200040000,2026-08-31T18:28:00+00:00,2026-08-31T18:28:45.219000+00:00,6.7,,6.566,6.767,,,,2026-08-31T18:31:30.641021+00:00,2026-08-31T18:31:30.641709+00:00,6.55,floor,-2.238805970149259,165.422709,0.1492537313432804,-2.238805970149259,,,2026-08-31T18:28:45.251600+00:00,2026-08-31T18:31:30.641021+00:00,906
2026-08-31,AEHL,trail_activate+1_lock+0_distance2_floor-2,first,resting,STOP_LIMIT,2026-08-31T08:06:23+00:00,,1788204300000,0,2026-08-31T19:40:00+00:00,2026-08-31T19:42:47.300000+00:00,6.49,,6.3602,6.5549,,,,2026-08-31T19:43:52.226807+00:00,2026-08-31T19:43:53.218662+00:00,6.36,floor,-2.0030816640986115,65.918662,0.0,-2.1571648690292844,,,2026-08-31T19:42:53.039460+00:00,2026-08-31T19:43:52.226807+00:00,99
2026-08-31,AEHL,trail_activate+2_lock+1_distance1_floor-2,reclaim,reactive,limit,2026-08-31T08:06:23+00:00,,1788178680000,1788178680000,2026-08-31T12:45:04.504000+00:00,2026-08-31T12:45:04.504000+00:00,6.16,,6.0368,6.2832,2026-08-31T12:45:50.678954+00:00,6.66,6.5934,2026-08-31T12:46:18.065532+00:00,2026-08-31T12:46:18.113576+00:00,6.59,trail,6.980519480519476,73.609576,8.116883116883116,-0.9740259740259821,2026-08-31T12:45:36.138529+00:00,2026-08-31T12:45:50.678954+00:00,,,767
2026-08-31,AEHL,trail_activate+2_lock+1_distance1_floor-2,first,resting,STOP_LIMIT,2026-08-31T08:06:23+00:00,,1788183840000,0,2026-08-31T14:22:00+00:00,2026-08-31T14:23:14.136000+00:00,6.29,,6.1642,6.4158,,,,2026-08-31T14:23:52.280400+00:00,2026-08-31T14:23:52.280543+00:00,6.16,floor,-2.0667726550079477,38.144543,0.0,-2.0667726550079477,,,2026-08-31T14:23:19.641652+00:00,2026-08-31T14:23:52.280400+00:00,169
2026-08-31,AEHL,trail_activate+2_lock+1_distance1_floor-2,reclaim,resting,STOP_LIMIT,2026-08-31T08:06:23+00:00,,1788183840000,1788186660000,2026-08-31T14:34:00+00:00,2026-08-31T14:42:04.071000+00:00,6.52,,6.3896,6.650399999999999,,,,2026-08-31T14:42:19.367784+00:00,2026-08-31T14:42:19.367999+00:00,6.37,floor,-2.3006134969325074,15.296999,0.0,-2.3006134969325074,,,2026-08-31T14:42:04.081025+00:00,2026-08-31T14:42:19.367784+00:00,78
2026-08-31,AEHL,trail_activate+2_lock+1_distance1_floor-2,reclaim,reactive,market,2026-08-31T08:06:23+00:00,,1788188940000,1788189720000,2026-08-31T15:35:09.345000+00:00,2026-08-31T15:35:09.345000+00:00,6.62,,6.4876,6.752400000000001,2026-08-31T15:35:16.268737+00:00,6.79,6.7221,2026-08-31T15:35:16.529316+00:00,2026-08-31T15:35:16.529737+00:00,6.72,trail,1.5105740181268827,7.184737,2.567975830815709,-1.3595166163141972,2026-08-31T15:35:10.049011+00:00,2026-08-31T15:35:16.268737+00:00,2026-08-31T15:35:09.405494+00:00,,283
2026-08-31,AEHL,trail_activate+2_lock+1_distance1_floor-2,first,resting,STOP_LIMIT,2026-08-31T08:06:23+00:00,,1788194880000,0,2026-08-31T18:13:00+00:00,2026-08-31T18:14:01.310000+00:00,6.3,,6.1739999999999995,6.426,2026-08-31T18:26:25.827555+00:00,6.51,6.4449,2026-08-31T18:26:25.873818+00:00,2026-08-31T18:26:25.874074+00:00,6.48,trail,2.857142857142867,744.564074,3.3333333333333326,-1.1111111111111016,2026-08-31T18:25:53.274237+00:00,2026-08-31T18:26:25.827555+00:00,2026-08-31T18:14:39.986672+00:00,,957
2026-08-31,AEHL,trail_activate+2_lock+1_distance1_floor-2,reclaim,reactive,market,2026-08-31T08:06:23+00:00,,1788194880000,1788200040000,2026-08-31T18:26:26.594000+00:00,2026-08-31T18:26:26.594000+00:00,6.6,,6.468,6.731999999999999,,,,2026-08-31T18:31:40.114098+00:00,2026-08-31T18:31:40.114432+00:00,6.45,floor,-2.272727272727265,313.520432,1.6666666666666714,-2.272727272727265,2026-08-31T18:27:26.913428+00:00,,2026-08-31T18:27:05.827117+00:00,2026-08-31T18:31:40.114098+00:00,1863
2026-08-31,AEHL,trail_activate+2_lock+1_distance1_floor-2,first,resting,STOP_LIMIT,2026-08-31T08:06:23+00:00,,1788204300000,0,2026-08-31T19:40:00+00:00,2026-08-31T19:42:47.300000+00:00,6.49,,6.3602,6.619800000000001,,,,2026-08-31T19:43:52.226807+00:00,2026-08-31T19:43:53.218662+00:00,6.36,floor,-2.0030816640986115,65.918662,0.0,-2.1571648690292844,,,2026-08-31T19:42:53.039460+00:00,2026-08-31T19:43:52.226807+00:00,99
2026-08-31,AEHL,trail_activate+2_lock+1_distance2_floor-2,reclaim,reactive,limit,2026-08-31T08:06:23+00:00,,1788178680000,1788178680000,2026-08-31T12:45:04.504000+00:00,2026-08-31T12:45:04.504000+00:00,6.16,,6.0368,6.2832,2026-08-31T12:45:50.678954+00:00,7.4,7.252,2026-08-31T12:46:54.200546+00:00,2026-08-31T12:46:54.200727+00:00,7.25,trail,17.69480519480519,109.696727,20.129870129870135,-0.9740259740259821,2026-08-31T12:45:36.138529+00:00,2026-08-31T12:45:50.678954+00:00,,,2567
2026-08-31,AEHL,trail_activate+2_lock+1_distance2_floor-2,first,resting,STOP_LIMIT,2026-08-31T08:06:23+00:00,,1788183840000,0,2026-08-31T14:22:00+00:00,2026-08-31T14:23:14.136000+00:00,6.29,,6.1642,6.4158,,,,2026-08-31T14:23:52.280400+00:00,2026-08-31T14:23:52.280543+00:00,6.16,floor,-2.0667726550079477,38.144543,0.0,-2.0667726550079477,,,2026-08-31T14:23:19.641652+00:00,2026-08-31T14:23:52.280400+00:00,169
2026-08-31,AEHL,trail_activate+2_lock+1_distance2_floor-2,reclaim,resting,STOP_LIMIT,2026-08-31T08:06:23+00:00,,1788183840000,1788186660000,2026-08-31T14:34:00+00:00,2026-08-31T14:42:04.071000+00:00,6.52,,6.3896,6.650399999999999,,,,2026-08-31T14:42:19.367784+00:00,2026-08-31T14:42:19.367999+00:00,6.37,floor,-2.3006134969325074,15.296999,0.0,-2.3006134969325074,,,2026-08-31T14:42:04.081025+00:00,2026-08-31T14:42:19.367784+00:00,78
2026-08-31,AEHL,trail_activate+2_lock+1_distance2_floor-2,reclaim,reactive,market,2026-08-31T08:06:23+00:00,,1788188940000,1788189720000,2026-08-31T15:35:09.345000+00:00,2026-08-31T15:35:09.345000+00:00,6.62,,6.4876,6.752400000000001,2026-08-31T15:35:16.268737+00:00,6.89,6.752199999999999,2026-08-31T15:36:23.330862+00:00,2026-08-31T15:36:23.331015+00:00,6.75,trail,1.963746223564953,73.986015,4.0785498489425915,-1.3595166163141972,2026-08-31T15:35:10.049011+00:00,2026-08-31T15:35:16.268737+00:00,2026-08-31T15:35:09.405494+00:00,,1107
2026-08-31,AEHL,trail_activate+2_lock+1_distance2_floor-2,first,resting,STOP_LIMIT,2026-08-31T08:06:23+00:00,,1788194880000,0,2026-08-31T18:13:00+00:00,2026-08-31T18:14:01.310000+00:00,6.3,,6.1739999999999995,6.426,2026-08-31T18:26:25.827555+00:00,6.65,6.517,2026-08-31T18:27:08.883533+00:00,2026-08-31T18:27:08.884121+00:00,6.51,trail,3.3333333333333326,787.574121,5.555555555555564,-1.1111111111111016,2026-08-31T18:25:53.274237+00:00,2026-08-31T18:26:25.827555+00:00,2026-08-31T18:14:39.986672+00:00,,1549
2026-08-31,AEHL,trail_activate+2_lock+1_distance2_floor-2,reclaim,resting,STOP_LIMIT,2026-08-31T08:06:23+00:00,,1788194880000,1788200040000,2026-08-31T18:28:00+00:00,2026-08-31T18:28:45.219000+00:00,6.7,,6.566,6.8340000000000005,,,,2026-08-31T18:31:30.641021+00:00,2026-08-31T18:31:30.641709+00:00,6.55,floor,-2.238805970149259,165.422709,0.1492537313432804,-2.238805970149259,,,2026-08-31T18:28:45.251600+00:00,2026-08-31T18:31:30.641021+00:00,906
2026-08-31,AEHL,trail_activate+2_lock+1_distance2_floor-2,first,resting,STOP_LIMIT,2026-08-31T08:06:23+00:00,,1788204300000,0,2026-08-31T19:40:00+00:00,2026-08-31T19:42:47.300000+00:00,6.49,,6.3602,6.619800000000001,,,,2026-08-31T19:43:52.226807+00:00,2026-08-31T19:43:53.218662+00:00,6.36,floor,-2.0030816640986115,65.918662,0.0,-2.1571648690292844,,,2026-08-31T19:42:53.039460+00:00,2026-08-31T19:43:52.226807+00:00,99
2026-08-31,AEHL,trail_activate+1_lock+0_distance1_floor-1,reclaim,reactive,limit,2026-08-31T08:06:23+00:00,,1788178680000,1788178680000,2026-08-31T12:45:04.504000+00:00,2026-08-31T12:45:04.504000+00:00,6.16,,6.0984,6.2216000000000005,2026-08-31T12:45:36.138529+00:00,6.66,6.5934,2026-08-31T12:46:18.065532+00:00,2026-08-31T12:46:18.113576+00:00,6.59,trail,6.980519480519476,73.609576,8.116883116883116,-0.9740259740259821,2026-08-31T12:45:36.138529+00:00,2026-08-31T12:45:50.678954+00:00,,,767
2026-08-31,AEHL,trail_activate+1_lock+0_distance1_floor-1,first,resting,STOP_LIMIT,2026-08-31T08:06:23+00:00,,1788183840000,0,2026-08-31T14:22:00+00:00,2026-08-31T14:23:14.136000+00:00,6.29,,6.2271,6.3529,,,,2026-08-31T14:23:19.641652+00:00,2026-08-31T14:23:19.641899+00:00,6.22,floor,-1.112877583465823,5.505899,0.0,-1.112877583465823,,,2026-08-31T14:23:19.641652+00:00,,25
2026-08-31,AEHL,trail_activate+1_lock+0_distance1_floor-1,reclaim,resting,STOP_LIMIT,2026-08-31T08:06:23+00:00,,1788183840000,1788186660000,2026-08-31T14:34:00+00:00,2026-08-31T14:42:04.071000+00:00,6.52,,6.4548,6.5851999999999995,,,,2026-08-31T14:42:04.081025+00:00,2026-08-31T14:42:04.081284+00:00,6.44,floor,-1.2269938650306624,0.010284,0.0,-1.3803680981595072,,,2026-08-31T14:42:04.081025+00:00,,2
2026-08-31,AEHL,trail_activate+1_lock+0_distance1_floor-1,reclaim,reactive,market,2026-08-31T08:06:23+00:00,,1788188940000,1788189720000,2026-08-31T15:35:09.345000+00:00,2026-08-31T15:35:09.345000+00:00,6.62,,6.5538,6.6862,,,,2026-08-31T15:35:09.405494+00:00,2026-08-31T15:35:09.509973+00:00,6.53,floor,-1.3595166163141972,0.164973,0.0,-1.3595166163141972,,,2026-08-31T15:35:09.405494+00:00,,2
2026-08-31,AEHL,trail_activate+1_lock+0_distance1_floor-1,first,resting,STOP_LIMIT,2026-08-31T08:06:23+00:00,,1788194880000,0,2026-08-31T18:13:00+00:00,2026-08-31T18:14:01.310000+00:00,6.3,,6.237,6.3629999999999995,,,,2026-08-31T18:14:39.986672+00:00,2026-08-31T18:14:39.998190+00:00,6.23,floor,-1.1111111111111016,38.68819,0.0,-1.1111111111111016,,,2026-08-31T18:14:39.986672+00:00,,34
2026-08-31,AEHL,trail_activate+1_lock+0_distance1_floor-1,reclaim,reactive,market,2026-08-31T08:06:23+00:00,,1788194880000,1788200040000,2026-08-31T18:26:26.594000+00:00,2026-08-31T18:26:26.594000+00:00,6.6,,6.534,6.6659999999999995,,,,2026-08-31T18:27:05.827117+00:00,2026-08-31T18:27:07.087282+00:00,6.53,floor,-1.0606060606060514,40.493282,0.7575757575757683,-1.0606060606060514,,,2026-08-31T18:27:05.827117+00:00,,353
2026-08-31,AEHL,trail_activate+1_lock+0_distance1_floor-1,first,resting,STOP_LIMIT,2026-08-31T08:06:23+00:00,,1788204300000,0,2026-08-31T19:40:00+00:00,2026-08-31T19:42:47.300000+00:00,6.49,,6.4251000000000005,6.5549,,,,2026-08-31T19:42:53.039460+00:00,2026-08-31T19:42:54.349484+00:00,6.42,floor,-1.0785824345146422,7.049484,0.0,-1.0785824345146422,,,2026-08-31T19:42:53.039460+00:00,,6
2026-08-31,AEHL,trail_activate+1_lock+0_distance2_floor-1,reclaim,reactive,limit,2026-08-31T08:06:23+00:00,,1788178680000,1788178680000,2026-08-31T12:45:04.504000+00:00,2026-08-31T12:45:04.504000+00:00,6.16,,6.0984,6.2216000000000005,2026-08-31T12:45:36.138529+00:00,7.4,7.252,2026-08-31T12:46:54.200546+00:00,2026-08-31T12:46:54.200727+00:00,7.25,trail,17.69480519480519,109.696727,20.129870129870135,-0.9740259740259821,2026-08-31T12:45:36.138529+00:00,2026-08-31T12:45:50.678954+00:00,,,2567
2026-08-31,AEHL,trail_activate+1_lock+0_distance2_floor-1,first,resting,STOP_LIMIT,2026-08-31T08:06:23+00:00,,1788183840000,0,2026-08-31T14:22:00+00:00,2026-08-31T14:23:14.136000+00:00,6.29,,6.2271,6.3529,,,,2026-08-31T14:23:19.641652+00:00,2026-08-31T14:23:19.641899+00:00,6.22,floor,-1.112877583465823,5.505899,0.0,-1.112877583465823,,,2026-08-31T14:23:19.641652+00:00,,25
2026-08-31,AEHL,trail_activate+1_lock+0_distance2_floor-1,reclaim,resting,STOP_LIMIT,2026-08-31T08:06:23+00:00,,1788183840000,1788186660000,2026-08-31T14:34:00+00:00,2026-08-31T14:42:04.071000+00:00,6.52,,6.4548,6.5851999999999995,,,,2026-08-31T14:42:04.081025+00:00,2026-08-31T14:42:04.081284+00:00,6.44,floor,-1.2269938650306624,0.010284,0.0,-1.3803680981595072,,,2026-08-31T14:42:04.081025+00:00,,2
2026-08-31,AEHL,trail_activate+1_lock+0_distance2_floor-1,reclaim,reactive,market,2026-08-31T08:06:23+00:00,,1788188940000,1788189720000,2026-08-31T15:35:09.345000+00:00,2026-08-31T15:35:09.345000+00:00,6.62,,6.5538,6.6862,,,,2026-08-31T15:35:09.405494+00:00,2026-08-31T15:35:09.509973+00:00,6.53,floor,-1.3595166163141972,0.164973,0.0,-1.3595166163141972,,,2026-08-31T15:35:09.405494+00:00,,2
2026-08-31,AEHL,trail_activate+1_lock+0_distance2_floor-1,first,resting,STOP_LIMIT,2026-08-31T08:06:23+00:00,,1788194880000,0,2026-08-31T18:13:00+00:00,2026-08-31T18:14:01.310000+00:00,6.3,,6.237,6.3629999999999995,,,,2026-08-31T18:14:39.986672+00:00,2026-08-31T18:14:39.998190+00:00,6.23,floor,-1.1111111111111016,38.68819,0.0,-1.1111111111111016,,,2026-08-31T18:14:39.986672+00:00,,34
2026-08-31,AEHL,trail_activate+1_lock+0_distance2_floor-1,reclaim,reactive,market,2026-08-31T08:06:23+00:00,,1788194880000,1788200040000,2026-08-31T18:26:26.594000+00:00,2026-08-31T18:26:26.594000+00:00,6.6,,6.534,6.6659999999999995,,,,2026-08-31T18:27:05.827117+00:00,2026-08-31T18:27:07.087282+00:00,6.53,floor,-1.0606060606060514,40.493282,0.7575757575757683,-1.0606060606060514,,,2026-08-31T18:27:05.827117+00:00,,353
2026-08-31,AEHL,trail_activate+1_lock+0_distance2_floor-1,first,resting,STOP_LIMIT,2026-08-31T08:06:23+00:00,,1788204300000,0,2026-08-31T19:40:00+00:00,2026-08-31T19:42:47.300000+00:00,6.49,,6.4251000000000005,6.5549,,,,2026-08-31T19:42:53.039460+00:00,2026-08-31T19:42:54.349484+00:00,6.42,floor,-1.0785824345146422,7.049484,0.0,-1.0785824345146422,,,2026-08-31T19:42:53.039460+00:00,,6
2026-08-31,AEHL,trail_activate+2_lock+1_distance1_floor-1,reclaim,reactive,limit,2026-08-31T08:06:23+00:00,,1788178680000,1788178680000,2026-08-31T12:45:04.504000+00:00,2026-08-31T12:45:04.504000+00:00,6.16,,6.0984,6.2832,2026-08-31T12:45:50.678954+00:00,6.66,6.5934,2026-08-31T12:46:18.065532+00:00,2026-08-31T12:46:18.113576+00:00,6.59,trail,6.980519480519476,73.609576,8.116883116883116,-0.9740259740259821,2026-08-31T12:45:36.138529+00:00,2026-08-31T12:45:50.678954+00:00,,,767
2026-08-31,AEHL,trail_activate+2_lock+1_distance1_floor-1,first,resting,STOP_LIMIT,2026-08-31T08:06:23+00:00,,1788183840000,0,2026-08-31T14:22:00+00:00,2026-08-31T14:23:14.136000+00:00,6.29,,6.2271,6.4158,,,,2026-08-31T14:23:19.641652+00:00,2026-08-31T14:23:19.641899+00:00,6.22,floor,-1.112877583465823,5.505899,0.0,-1.112877583465823,,,2026-08-31T14:23:19.641652+00:00,,25
2026-08-31,AEHL,trail_activate+2_lock+1_distance1_floor-1,reclaim,resting,STOP_LIMIT,2026-08-31T08:06:23+00:00,,1788183840000,1788186660000,2026-08-31T14:34:00+00:00,2026-08-31T14:42:04.071000+00:00,6.52,,6.4548,6.650399999999999,,,,2026-08-31T14:42:04.081025+00:00,2026-08-31T14:42:04.081284+00:00,6.44,floor,-1.2269938650306624,0.010284,0.0,-1.3803680981595072,,,2026-08-31T14:42:04.081025+00:00,,2
2026-08-31,AEHL,trail_activate+2_lock+1_distance1_floor-1,reclaim,reactive,market,2026-08-31T08:06:23+00:00,,1788188940000,1788189720000,2026-08-31T15:35:09.345000+00:00,2026-08-31T15:35:09.345000+00:00,6.62,,6.5538,6.752400000000001,,,,2026-08-31T15:35:09.405494+00:00,2026-08-31T15:35:09.509973+00:00,6.53,floor,-1.3595166163141972,0.164973,0.0,-1.3595166163141972,,,2026-08-31T15:35:09.405494+00:00,,2
2026-08-31,AEHL,trail_activate+2_lock+1_distance1_floor-1,first,resting,STOP_LIMIT,2026-08-31T08:06:23+00:00,,1788194880000,0,2026-08-31T18:13:00+00:00,2026-08-31T18:14:01.310000+00:00,6.3,,6.237,6.426,,,,2026-08-31T18:14:39.986672+00:00,2026-08-31T18:14:39.998190+00:00,6.23,floor,-1.1111111111111016,38.68819,0.0,-1.1111111111111016,,,2026-08-31T18:14:39.986672+00:00,,34
2026-08-31,AEHL,trail_activate+2_lock+1_distance1_floor-1,reclaim,reactive,market,2026-08-31T08:06:23+00:00,,1788194880000,1788200040000,2026-08-31T18:26:26.594000+00:00,2026-08-31T18:26:26.594000+00:00,6.6,,6.534,6.731999999999999,,,,2026-08-31T18:27:05.827117+00:00,2026-08-31T18:27:07.087282+00:00,6.53,floor,-1.0606060606060514,40.493282,0.7575757575757683,-1.0606060606060514,,,2026-08-31T18:27:05.827117+00:00,,353
2026-08-31,AEHL,trail_activate+2_lock+1_distance1_floor-1,first,resting,STOP_LIMIT,2026-08-31T08:06:23+00:00,,1788204300000,0,2026-08-31T19:40:00+00:00,2026-08-31T19:42:47.300000+00:00,6.49,,6.4251000000000005,6.619800000000001,,,,2026-08-31T19:42:53.039460+00:00,2026-08-31T19:42:54.349484+00:00,6.42,floor,-1.0785824345146422,7.049484,0.0,-1.0785824345146422,,,2026-08-31T19:42:53.039460+00:00,,6
2026-08-31,AEHL,trail_activate+2_lock+1_distance2_floor-1,reclaim,reactive,limit,2026-08-31T08:06:23+00:00,,1788178680000,1788178680000,2026-08-31T12:45:04.504000+00:00,2026-08-31T12:45:04.504000+00:00,6.16,,6.0984,6.2832,2026-08-31T12:45:50.678954+00:00,7.4,7.252,2026-08-31T12:46:54.200546+00:00,2026-08-31T12:46:54.200727+00:00,7.25,trail,17.69480519480519,109.696727,20.129870129870135,-0.9740259740259821,2026-08-31T12:45:36.138529+00:00,2026-08-31T12:45:50.678954+00:00,,,2567
2026-08-31,AEHL,trail_activate+2_lock+1_distance2_floor-1,first,resting,STOP_LIMIT,2026-08-31T08:06:23+00:00,,1788183840000,0,2026-08-31T14:22:00+00:00,2026-08-31T14:23:14.136000+00:00,6.29,,6.2271,6.4158,,,,2026-08-31T14:23:19.641652+00:00,2026-08-31T14:23:19.641899+00:00,6.22,floor,-1.112877583465823,5.505899,0.0,-1.112877583465823,,,2026-08-31T14:23:19.641652+00:00,,25
2026-08-31,AEHL,trail_activate+2_lock+1_distance2_floor-1,reclaim,resting,STOP_LIMIT,2026-08-31T08:06:23+00:00,,1788183840000,1788186660000,2026-08-31T14:34:00+00:00,2026-08-31T14:42:04.071000+00:00,6.52,,6.4548,6.650399999999999,,,,2026-08-31T14:42:04.081025+00:00,2026-08-31T14:42:04.081284+00:00,6.44,floor,-1.2269938650306624,0.010284,0.0,-1.3803680981595072,,,2026-08-31T14:42:04.081025+00:00,,2
2026-08-31,AEHL,trail_activate+2_lock+1_distance2_floor-1,reclaim,reactive,market,2026-08-31T08:06:23+00:00,,1788188940000,1788189720000,2026-08-31T15:35:09.345000+00:00,2026-08-31T15:35:09.345000+00:00,6.62,,6.5538,6.752400000000001,,,,2026-08-31T15:35:09.405494+00:00,2026-08-31T15:35:09.509973+00:00,6.53,floor,-1.3595166163141972,0.164973,0.0,-1.3595166163141972,,,2026-08-31T15:35:09.405494+00:00,,2
2026-08-31,AEHL,trail_activate+2_lock+1_distance2_floor-1,first,resting,STOP_LIMIT,2026-08-31T08:06:23+00:00,,1788194880000,0,2026-08-31T18:13:00+00:00,2026-08-31T18:14:01.310000+00:00,6.3,,6.237,6.426,,,,2026-08-31T18:14:39.986672+00:00,2026-08-31T18:14:39.998190+00:00,6.23,floor,-1.1111111111111016,38.68819,0.0,-1.1111111111111016,,,2026-08-31T18:14:39.986672+00:00,,34
2026-08-31,AEHL,trail_activate+2_lock+1_distance2_floor-1,reclaim,reactive,market,2026-08-31T08:06:23+00:00,,1788194880000,1788200040000,2026-08-31T18:26:26.594000+00:00,2026-08-31T18:26:26.594000+00:00,6.6,,6.534,6.731999999999999,,,,2026-08-31T18:27:05.827117+00:00,2026-08-31T18:27:07.087282+00:00,6.53,floor,-1.0606060606060514,40.493282,0.7575757575757683,-1.0606060606060514,,,2026-08-31T18:27:05.827117+00:00,,353
2026-08-31,AEHL,trail_activate+2_lock+1_distance2_floor-1,first,resting,STOP_LIMIT,2026-08-31T08:06:23+00:00,,1788204300000,0,2026-08-31T19:40:00+00:00,2026-08-31T19:42:47.300000+00:00,6.49,,6.4251000000000005,6.619800000000001,,,,2026-08-31T19:42:53.039460+00:00,2026-08-31T19:42:54.349484+00:00,6.42,floor,-1.0785824345146422,7.049484,0.0,-1.0785824345146422,,,2026-08-31T19:42:53.039460+00:00,,6
2026-08-31,NCRA,trail_activate+1_lock+0_distance1_floor-2,first,resting,STOP_LIMIT,2026-08-31T15:34:18+00:00,2026-08-31T17:09:10.091000+00:00,1788190800000,0,2026-08-31T16:06:00+00:00,2026-08-31T16:21:20.347000+00:00,3.05,,2.989,3.0805,,,,2026-08-31T16:21:25.572940+00:00,2026-08-31T16:21:25.573233+00:00,2.98,floor,-2.2950819672131098,5.226233,0.0,-2.2950819672131098,,,2026-08-31T16:21:21.495450+00:00,2026-08-31T16:21:25.572940+00:00,100
2026-08-31,NCRA,trail_activate+1_lock+0_distance1_floor-2,reclaim,resting,STOP_LIMIT,2026-08-31T17:14:30+00:00,,1788200460000,1788201300000,2026-08-31T18:38:00+00:00,2026-08-31T18:46:48.376000+00:00,3.05,,2.989,3.0805,,,,2026-08-31T18:49:06.790638+00:00,2026-08-31T18:49:06.790862+00:00,2.98,floor,-2.2950819672131098,138.414862,0.6557377049180334,-2.2950819672131098,,,2026-08-31T18:46:48.810968+00:00,2026-08-31T18:49:06.790638+00:00,466
2026-08-31,NCRA,trail_activate+1_lock+0_distance1_floor-2,first,resting,STOP_LIMIT,2026-08-31T17:14:30+00:00,,1788202320000,0,2026-08-31T19:06:00+00:00,2026-08-31T19:10:13.429000+00:00,3.03,,2.9694,3.0603,,,,2026-08-31T19:10:51.425809+00:00,2026-08-31T19:10:51.426196+00:00,2.97,floor,-1.9801980198019673,37.997196,0.0,-2.3102310231023053,,,2026-08-31T19:10:51.390917+00:00,2026-08-31T19:10:51.425809+00:00,198
2026-08-31,NCRA,trail_activate+1_lock+0_distance2_floor-2,first,resting,STOP_LIMIT,2026-08-31T15:34:18+00:00,2026-08-31T17:09:10.091000+00:00,1788190800000,0,2026-08-31T16:06:00+00:00,2026-08-31T16:21:20.347000+00:00,3.05,,2.989,3.0805,,,,2026-08-31T16:21:25.572940+00:00,2026-08-31T16:21:25.573233+00:00,2.98,floor,-2.2950819672131098,5.226233,0.0,-2.2950819672131098,,,2026-08-31T16:21:21.495450+00:00,2026-08-31T16:21:25.572940+00:00,100
2026-08-31,NCRA,trail_activate+1_lock+0_distance2_floor-2,reclaim,resting,STOP_LIMIT,2026-08-31T17:14:30+00:00,,1788200460000,1788201300000,2026-08-31T18:38:00+00:00,2026-08-31T18:46:48.376000+00:00,3.05,,2.989,3.0805,,,,2026-08-31T18:49:06.790638+00:00,2026-08-31T18:49:06.790862+00:00,2.98,floor,-2.2950819672131098,138.414862,0.6557377049180334,-2.2950819672131098,,,2026-08-31T18:46:48.810968+00:00,2026-08-31T18:49:06.790638+00:00,466
2026-08-31,NCRA,trail_activate+1_lock+0_distance2_floor-2,first,resting,STOP_LIMIT,2026-08-31T17:14:30+00:00,,1788202320000,0,2026-08-31T19:06:00+00:00,2026-08-31T19:10:13.429000+00:00,3.03,,2.9694,3.0603,,,,2026-08-31T19:10:51.425809+00:00,2026-08-31T19:10:51.426196+00:00,2.97,floor,-1.9801980198019673,37.997196,0.0,-2.3102310231023053,,,2026-08-31T19:10:51.390917+00:00,2026-08-31T19:10:51.425809+00:00,198
2026-08-31,NCRA,trail_activate+2_lock+1_distance1_floor-2,first,resting,STOP_LIMIT,2026-08-31T15:34:18+00:00,2026-08-31T17:09:10.091000+00:00,1788190800000,0,2026-08-31T16:06:00+00:00,2026-08-31T16:21:20.347000+00:00,3.05,,2.989,3.1109999999999998,,,,2026-08-31T16:21:25.572940+00:00,2026-08-31T16:21:25.573233+00:00,2.98,floor,-2.2950819672131098,5.226233,0.0,-2.2950819672131098,,,2026-08-31T16:21:21.495450+00:00,2026-08-31T16:21:25.572940+00:00,100
2026-08-31,NCRA,trail_activate+2_lock+1_distance1_floor-2,reclaim,resting,STOP_LIMIT,2026-08-31T17:14:30+00:00,,1788200460000,1788201300000,2026-08-31T18:38:00+00:00,2026-08-31T18:46:48.376000+00:00,3.05,,2.989,3.1109999999999998,,,,2026-08-31T18:49:06.790638+00:00,2026-08-31T18:49:06.790862+00:00,2.98,floor,-2.2950819672131098,138.414862,0.6557377049180334,-2.2950819672131098,,,2026-08-31T18:46:48.810968+00:00,2026-08-31T18:49:06.790638+00:00,466
2026-08-31,NCRA,trail_activate+2_lock+1_distance1_floor-2,first,resting,STOP_LIMIT,2026-08-31T17:14:30+00:00,,1788202320000,0,2026-08-31T19:06:00+00:00,2026-08-31T19:10:13.429000+00:00,3.03,,2.9694,3.0906,,,,2026-08-31T19:10:51.425809+00:00,2026-08-31T19:10:51.426196+00:00,2.97,floor,-1.9801980198019673,37.997196,0.0,-2.3102310231023053,,,2026-08-31T19:10:51.390917+00:00,2026-08-31T19:10:51.425809+00:00,198
2026-08-31,NCRA,trail_activate+2_lock+1_distance2_floor-2,first,resting,STOP_LIMIT,2026-08-31T15:34:18+00:00,2026-08-31T17:09:10.091000+00:00,1788190800000,0,2026-08-31T16:06:00+00:00,2026-08-31T16:21:20.347000+00:00,3.05,,2.989,3.1109999999999998,,,,2026-08-31T16:21:25.572940+00:00,2026-08-31T16:21:25.573233+00:00,2.98,floor,-2.2950819672131098,5.226233,0.0,-2.2950819672131098,,,2026-08-31T16:21:21.495450+00:00,2026-08-31T16:21:25.572940+00:00,100
2026-08-31,NCRA,trail_activate+2_lock+1_distance2_floor-2,reclaim,resting,STOP_LIMIT,2026-08-31T17:14:30+00:00,,1788200460000,1788201300000,2026-08-31T18:38:00+00:00,2026-08-31T18:46:48.376000+00:00,3.05,,2.989,3.1109999999999998,,,,2026-08-31T18:49:06.790638+00:00,2026-08-31T18:49:06.790862+00:00,2.98,floor,-2.2950819672131098,138.414862,0.6557377049180334,-2.2950819672131098,,,2026-08-31T18:46:48.810968+00:00,2026-08-31T18:49:06.790638+00:00,466
2026-08-31,NCRA,trail_activate+2_lock+1_distance2_floor-2,first,resting,STOP_LIMIT,2026-08-31T17:14:30+00:00,,1788202320000,0,2026-08-31T19:06:00+00:00,2026-08-31T19:10:13.429000+00:00,3.03,,2.9694,3.0906,,,,2026-08-31T19:10:51.425809+00:00,2026-08-31T19:10:51.426196+00:00,2.97,floor,-1.9801980198019673,37.997196,0.0,-2.3102310231023053,,,2026-08-31T19:10:51.390917+00:00,2026-08-31T19:10:51.425809+00:00,198
2026-08-31,NCRA,trail_activate+1_lock+0_distance1_floor-1,first,resting,STOP_LIMIT,2026-08-31T15:34:18+00:00,2026-08-31T17:09:10.091000+00:00,1788190800000,0,2026-08-31T16:06:00+00:00,2026-08-31T16:21:20.347000+00:00,3.05,,3.0195,3.0805,,,,2026-08-31T16:21:21.495450+00:00,2026-08-31T16:21:21.495672+00:00,3.01,floor,-1.3114754098360668,1.148672,0.0,-1.3114754098360668,,,2026-08-31T16:21:21.495450+00:00,,25
2026-08-31,NCRA,trail_activate+1_lock+0_distance1_floor-1,reclaim,resting,STOP_LIMIT,2026-08-31T17:14:30+00:00,,1788200460000,1788201300000,2026-08-31T18:38:00+00:00,2026-08-31T18:46:48.376000+00:00,3.05,,3.0195,3.0805,,,,2026-08-31T18:46:48.810968+00:00,2026-08-31T18:46:50.286744+00:00,3.03,floor,-0.6557377049180334,1.910744,0.0,-1.3114754098360668,,,2026-08-31T18:46:48.810968+00:00,,3
2026-08-31,NCRA,trail_activate+1_lock+0_distance1_floor-1,first,resting,STOP_LIMIT,2026-08-31T17:14:30+00:00,,1788202320000,0,2026-08-31T19:06:00+00:00,2026-08-31T19:10:13.429000+00:00,3.03,,2.9997,3.0603,,,,2026-08-31T19:10:51.390917+00:00,2026-08-31T19:10:51.391714+00:00,2.99,floor,-1.3201320132013068,37.962714,0.0,-1.3201320132013068,,,2026-08-31T19:10:51.390917+00:00,,143
2026-08-31,NCRA,trail_activate+1_lock+0_distance2_floor-1,first,resting,STOP_LIMIT,2026-08-31T15:34:18+00:00,2026-08-31T17:09:10.091000+00:00,1788190800000,0,2026-08-31T16:06:00+00:00,2026-08-31T16:21:20.347000+00:00,3.05,,3.0195,3.0805,,,,2026-08-31T16:21:21.495450+00:00,2026-08-31T16:21:21.495672+00:00,3.01,floor,-1.3114754098360668,1.148672,0.0,-1.3114754098360668,,,2026-08-31T16:21:21.495450+00:00,,25
2026-08-31,NCRA,trail_activate+1_lock+0_distance2_floor-1,reclaim,resting,STOP_LIMIT,2026-08-31T17:14:30+00:00,,1788200460000,1788201300000,2026-08-31T18:38:00+00:00,2026-08-31T18:46:48.376000+00:00,3.05,,3.0195,3.0805,,,,2026-08-31T18:46:48.810968+00:00,2026-08-31T18:46:50.286744+00:00,3.03,floor,-0.6557377049180334,1.910744,0.0,-1.3114754098360668,,,2026-08-31T18:46:48.810968+00:00,,3
2026-08-31,NCRA,trail_activate+1_lock+0_distance2_floor-1,first,resting,STOP_LIMIT,2026-08-31T17:14:30+00:00,,1788202320000,0,2026-08-31T19:06:00+00:00,2026-08-31T19:10:13.429000+00:00,3.03,,2.9997,3.0603,,,,2026-08-31T19:10:51.390917+00:00,2026-08-31T19:10:51.391714+00:00,2.99,floor,-1.3201320132013068,37.962714,0.0,-1.3201320132013068,,,2026-08-31T19:10:51.390917+00:00,,143
2026-08-31,NCRA,trail_activate+2_lock+1_distance1_floor-1,first,resting,STOP_LIMIT,2026-08-31T15:34:18+00:00,2026-08-31T17:09:10.091000+00:00,1788190800000,0,2026-08-31T16:06:00+00:00,2026-08-31T16:21:20.347000+00:00,3.05,,3.0195,3.1109999999999998,,,,2026-08-31T16:21:21.495450+00:00,2026-08-31T16:21:21.495672+00:00,3.01,floor,-1.3114754098360668,1.148672,0.0,-1.3114754098360668,,,2026-08-31T16:21:21.495450+00:00,,25
2026-08-31,NCRA,trail_activate+2_lock+1_distance1_floor-1,reclaim,resting,STOP_LIMIT,2026-08-31T17:14:30+00:00,,1788200460000,1788201300000,2026-08-31T18:38:00+00:00,2026-08-31T18:46:48.376000+00:00,3.05,,3.0195,3.1109999999999998,,,,2026-08-31T18:46:48.810968+00:00,2026-08-31T18:46:50.286744+00:00,3.03,floor,-0.6557377049180334,1.910744,0.0,-1.3114754098360668,,,2026-08-31T18:46:48.810968+00:00,,3
2026-08-31,NCRA,trail_activate+2_lock+1_distance1_floor-1,first,resting,STOP_LIMIT,2026-08-31T17:14:30+00:00,,1788202320000,0,2026-08-31T19:06:00+00:00,2026-08-31T19:10:13.429000+00:00,3.03,,2.9997,3.0906,,,,2026-08-31T19:10:51.390917+00:00,2026-08-31T19:10:51.391714+00:00,2.99,floor,-1.3201320132013068,37.962714,0.0,-1.3201320132013068,,,2026-08-31T19:10:51.390917+00:00,,143
2026-08-31,NCRA,trail_activate+2_lock+1_distance2_floor-1,first,resting,STOP_LIMIT,2026-08-31T15:34:18+00:00,2026-08-31T17:09:10.091000+00:00,1788190800000,0,2026-08-31T16:06:00+00:00,2026-08-31T16:21:20.347000+00:00,3.05,,3.0195,3.1109999999999998,,,,2026-08-31T16:21:21.495450+00:00,2026-08-31T16:21:21.495672+00:00,3.01,floor,-1.3114754098360668,1.148672,0.0,-1.3114754098360668,,,2026-08-31T16:21:21.495450+00:00,,25
2026-08-31,NCRA,trail_activate+2_lock+1_distance2_floor-1,reclaim,resting,STOP_LIMIT,2026-08-31T17:14:30+00:00,,1788200460000,1788201300000,2026-08-31T18:38:00+00:00,2026-08-31T18:46:48.376000+00:00,3.05,,3.0195,3.1109999999999998,,,,2026-08-31T18:46:48.810968+00:00,2026-08-31T18:46:50.286744+00:00,3.03,floor,-0.6557377049180334,1.910744,0.0,-1.3114754098360668,,,2026-08-31T18:46:48.810968+00:00,,3
2026-08-31,NCRA,trail_activate+2_lock+1_distance2_floor-1,first,resting,STOP_LIMIT,2026-08-31T17:14:30+00:00,,1788202320000,0,2026-08-31T19:06:00+00:00,2026-08-31T19:10:13.429000+00:00,3.03,,2.9997,3.0906,,,,2026-08-31T19:10:51.390917+00:00,2026-08-31T19:10:51.391714+00:00,2.99,floor,-1.3201320132013068,37.962714,0.0,-1.3201320132013068,,,2026-08-31T19:10:51.390917+00:00,,143
2026-08-31,RDHL,trail_activate+1_lock+0_distance1_floor-2,first,resting,STOP_LIMIT,2026-08-31T11:41:31+00:00,2026-08-31T21:51:21.426000+00:00,1788184200000,0,2026-08-31T14:21:00+00:00,2026-08-31T14:30:06.403000+00:00,1.11,,1.0878,1.1211000000000002,,,,2026-08-31T14:30:49.017291+00:00,2026-08-31T14:30:49.019133+00:00,1.08,floor,-2.702702702702705,42.616133,0.0,-2.702702702702705,,,2026-08-31T14:30:06.438345+00:00,2026-08-31T14:30:49.017291+00:00,161
2026-08-31,RDHL,trail_activate+1_lock+0_distance1_floor-2,reclaim,resting,STOP_LIMIT,2026-08-31T11:41:31+00:00,2026-08-31T21:51:21.426000+00:00,1788184200000,1788187140000,2026-08-31T14:42:00+00:00,2026-08-31T15:04:44.129000+00:00,1.13,,1.1074,1.1413,,,,2026-08-31T15:07:16.204325+00:00,2026-08-31T15:07:16.233709+00:00,1.1,floor,-2.654867256637151,152.104709,0.8849557522123902,-2.654867256637151,,,2026-08-31T15:07:12.818218+00:00,2026-08-31T15:07:16.204325+00:00,658
2026-08-31,RDHL,trail_activate+1_lock+0_distance1_floor-2,first,resting,STOP_LIMIT,2026-08-31T11:41:31+00:00,2026-08-31T21:51:21.426000+00:00,1788190080000,0,2026-08-31T16:31:00+00:00,2026-08-31T16:35:19.736000+00:00,1.08,,1.0584,1.0908,,,,2026-08-31T16:38:26.112113+00:00,2026-08-31T16:38:26.112441+00:00,1.05,floor,-2.77777777777778,186.376441,0.0,-2.77777777777778,,,2026-08-31T16:35:22.515442+00:00,2026-08-31T16:38:26.112113+00:00,302
2026-08-31,RDHL,trail_activate+1_lock+0_distance1_floor-2,first,resting,STOP_LIMIT,2026-08-31T11:41:31+00:00,2026-08-31T21:51:21.426000+00:00,1788198840000,0,2026-08-31T19:45:00+00:00,2026-08-31T19:47:29.456000+00:00,0.958,,0.9388399999999999,0.96758,,,,2026-08-31T19:48:02.980514+00:00,2026-08-31T19:48:02.980782+00:00,0.9311,floor,-2.8079331941544807,33.524782,0.0,-2.8079331941544807,,,2026-08-31T19:47:55.399374+00:00,2026-08-31T19:48:02.980514+00:00,40
2026-08-31,RDHL,trail_activate+1_lock+0_distance2_floor-2,first,resting,STOP_LIMIT,2026-08-31T11:41:31+00:00,2026-08-31T21:51:21.426000+00:00,1788184200000,0,2026-08-31T14:21:00+00:00,2026-08-31T14:30:06.403000+00:00,1.11,,1.0878,1.1211000000000002,,,,2026-08-31T14:30:49.017291+00:00,2026-08-31T14:30:49.019133+00:00,1.08,floor,-2.702702702702705,42.616133,0.0,-2.702702702702705,,,2026-08-31T14:30:06.438345+00:00,2026-08-31T14:30:49.017291+00:00,161
2026-08-31,RDHL,trail_activate+1_lock+0_distance2_floor-2,reclaim,resting,STOP_LIMIT,2026-08-31T11:41:31+00:00,2026-08-31T21:51:21.426000+00:00,1788184200000,1788187140000,2026-08-31T14:42:00+00:00,2026-08-31T15:04:44.129000+00:00,1.13,,1.1074,1.1413,,,,2026-08-31T15:07:16.204325+00:00,2026-08-31T15:07:16.233709+00:00,1.1,floor,-2.654867256637151,152.104709,0.8849557522123902,-2.654867256637151,,,2026-08-31T15:07:12.818218+00:00,2026-08-31T15:07:16.204325+00:00,658
2026-08-31,RDHL,trail_activate+1_lock+0_distance2_floor-2,first,resting,STOP_LIMIT,2026-08-31T11:41:31+00:00,2026-08-31T21:51:21.426000+00:00,1788190080000,0,2026-08-31T16:31:00+00:00,2026-08-31T16:35:19.736000+00:00,1.08,,1.0584,1.0908,,,,2026-08-31T16:38:26.112113+00:00,2026-08-31T16:38:26.112441+00:00,1.05,floor,-2.77777777777778,186.376441,0.0,-2.77777777777778,,,2026-08-31T16:35:22.515442+00:00,2026-08-31T16:38:26.112113+00:00,302
2026-08-31,RDHL,trail_activate+1_lock+0_distance2_floor-2,first,resting,STOP_LIMIT,2026-08-31T11:41:31+00:00,2026-08-31T21:51:21.426000+00:00,1788198840000,0,2026-08-31T19:45:00+00:00,2026-08-31T19:47:29.456000+00:00,0.958,,0.9388399999999999,0.96758,,,,2026-08-31T19:48:02.980514+00:00,2026-08-31T19:48:02.980782+00:00,0.9311,floor,-2.8079331941544807,33.524782,0.0,-2.8079331941544807,,,2026-08-31T19:47:55.399374+00:00,2026-08-31T19:48:02.980514+00:00,40
2026-08-31,RDHL,trail_activate+2_lock+1_distance1_floor-2,first,resting,STOP_LIMIT,2026-08-31T11:41:31+00:00,2026-08-31T21:51:21.426000+00:00,1788184200000,0,2026-08-31T14:21:00+00:00,2026-08-31T14:30:06.403000+00:00,1.11,,1.0878,1.1322,,,,2026-08-31T14:30:49.017291+00:00,2026-08-31T14:30:49.019133+00:00,1.08,floor,-2.702702702702705,42.616133,0.0,-2.702702702702705,,,2026-08-31T14:30:06.438345+00:00,2026-08-31T14:30:49.017291+00:00,161
2026-08-31,RDHL,trail_activate+2_lock+1_distance1_floor-2,reclaim,resting,STOP_LIMIT,2026-08-31T11:41:31+00:00,2026-08-31T21:51:21.426000+00:00,1788184200000,1788187140000,2026-08-31T14:42:00+00:00,2026-08-31T15:04:44.129000+00:00,1.13,,1.1074,1.1525999999999998,,,,2026-08-31T15:07:16.204325+00:00,2026-08-31T15:07:16.233709+00:00,1.1,floor,-2.654867256637151,152.104709,0.8849557522123902,-2.654867256637151,,,2026-08-31T15:07:12.818218+00:00,2026-08-31T15:07:16.204325+00:00,658
2026-08-31,RDHL,trail_activate+2_lock+1_distance1_floor-2,first,resting,STOP_LIMIT,2026-08-31T11:41:31+00:00,2026-08-31T21:51:21.426000+00:00,1788190080000,0,2026-08-31T16:31:00+00:00,2026-08-31T16:35:19.736000+00:00,1.08,,1.0584,1.1016000000000001,,,,2026-08-31T16:38:26.112113+00:00,2026-08-31T16:38:26.112441+00:00,1.05,floor,-2.77777777777778,186.376441,0.0,-2.77777777777778,,,2026-08-31T16:35:22.515442+00:00,2026-08-31T16:38:26.112113+00:00,302
2026-08-31,RDHL,trail_activate+2_lock+1_distance1_floor-2,first,resting,STOP_LIMIT,2026-08-31T11:41:31+00:00,2026-08-31T21:51:21.426000+00:00,1788198840000,0,2026-08-31T19:45:00+00:00,2026-08-31T19:47:29.456000+00:00,0.958,,0.9388399999999999,0.97716,,,,2026-08-31T19:48:02.980514+00:00,2026-08-31T19:48:02.980782+00:00,0.9311,floor,-2.8079331941544807,33.524782,0.0,-2.8079331941544807,,,2026-08-31T19:47:55.399374+00:00,2026-08-31T19:48:02.980514+00:00,40
2026-08-31,RDHL,trail_activate+2_lock+1_distance2_floor-2,first,resting,STOP_LIMIT,2026-08-31T11:41:31+00:00,2026-08-31T21:51:21.426000+00:00,1788184200000,0,2026-08-31T14:21:00+00:00,2026-08-31T14:30:06.403000+00:00,1.11,,1.0878,1.1322,,,,2026-08-31T14:30:49.017291+00:00,2026-08-31T14:30:49.019133+00:00,1.08,floor,-2.702702702702705,42.616133,0.0,-2.702702702702705,,,2026-08-31T14:30:06.438345+00:00,2026-08-31T14:30:49.017291+00:00,161
2026-08-31,RDHL,trail_activate+2_lock+1_distance2_floor-2,reclaim,resting,STOP_LIMIT,2026-08-31T11:41:31+00:00,2026-08-31T21:51:21.426000+00:00,1788184200000,1788187140000,2026-08-31T14:42:00+00:00,2026-08-31T15:04:44.129000+00:00,1.13,,1.1074,1.1525999999999998,,,,2026-08-31T15:07:16.204325+00:00,2026-08-31T15:07:16.233709+00:00,1.1,floor,-2.654867256637151,152.104709,0.8849557522123902,-2.654867256637151,,,2026-08-31T15:07:12.818218+00:00,2026-08-31T15:07:16.204325+00:00,658
2026-08-31,RDHL,trail_activate+2_lock+1_distance2_floor-2,first,resting,STOP_LIMIT,2026-08-31T11:41:31+00:00,2026-08-31T21:51:21.426000+00:00,1788190080000,0,2026-08-31T16:31:00+00:00,2026-08-31T16:35:19.736000+00:00,1.08,,1.0584,1.1016000000000001,,,,2026-08-31T16:38:26.112113+00:00,2026-08-31T16:38:26.112441+00:00,1.05,floor,-2.77777777777778,186.376441,0.0,-2.77777777777778,,,2026-08-31T16:35:22.515442+00:00,2026-08-31T16:38:26.112113+00:00,302
2026-08-31,RDHL,trail_activate+2_lock+1_distance2_floor-2,first,resting,STOP_LIMIT,2026-08-31T11:41:31+00:00,2026-08-31T21:51:21.426000+00:00,1788198840000,0,2026-08-31T19:45:00+00:00,2026-08-31T19:47:29.456000+00:00,0.958,,0.9388399999999999,0.97716,,,,2026-08-31T19:48:02.980514+00:00,2026-08-31T19:48:02.980782+00:00,0.9311,floor,-2.8079331941544807,33.524782,0.0,-2.8079331941544807,,,2026-08-31T19:47:55.399374+00:00,2026-08-31T19:48:02.980514+00:00,40
2026-08-31,RDHL,trail_activate+1_lock+0_distance1_floor-1,first,resting,STOP_LIMIT,2026-08-31T11:41:31+00:00,2026-08-31T21:51:21.426000+00:00,1788184200000,0,2026-08-31T14:21:00+00:00,2026-08-31T14:30:06.403000+00:00,1.11,,1.0989,1.1211000000000002,,,,2026-08-31T14:30:06.438345+00:00,2026-08-31T14:30:06.466719+00:00,1.09,floor,-1.8018018018018032,0.063719,0.0,-1.8018018018018032,,,2026-08-31T14:30:06.438345+00:00,,2
2026-08-31,RDHL,trail_activate+1_lock+0_distance1_floor-1,reclaim,resting,STOP_LIMIT,2026-08-31T11:41:31+00:00,2026-08-31T21:51:21.426000+00:00,1788184200000,1788187140000,2026-08-31T14:42:00+00:00,2026-08-31T15:04:44.129000+00:00,1.13,,1.1186999999999998,1.1413,,,,2026-08-31T15:07:12.818218+00:00,2026-08-31T15:07:12.818792+00:00,1.11,floor,-1.7699115044247606,148.689792,0.8849557522123902,-1.7699115044247606,,,2026-08-31T15:07:12.818218+00:00,,622
2026-08-31,RDHL,trail_activate+1_lock+0_distance1_floor-1,first,resting,STOP_LIMIT,2026-08-31T11:41:31+00:00,2026-08-31T21:51:21.426000+00:00,1788190080000,0,2026-08-31T16:31:00+00:00,2026-08-31T16:35:19.736000+00:00,1.08,,1.0692000000000002,1.0908,,,,2026-08-31T16:35:22.515442+00:00,2026-08-31T16:35:22.516083+00:00,1.06,floor,-1.8518518518518534,2.780083,0.0,-1.8518518518518534,,,2026-08-31T16:35:22.515442+00:00,,10
2026-08-31,RDHL,trail_activate+1_lock+0_distance1_floor-1,first,resting,STOP_LIMIT,2026-08-31T11:41:31+00:00,2026-08-31T21:51:21.426000+00:00,1788198840000,0,2026-08-31T19:45:00+00:00,2026-08-31T19:47:29.456000+00:00,0.958,,0.9484199999999999,0.96758,,,,2026-08-31T19:47:55.399374+00:00,2026-08-31T19:47:55.399800+00:00,0.9406,floor,-1.8162839248434208,25.9438,0.0,-1.8162839248434208,,,2026-08-31T19:47:55.399374+00:00,,31
2026-08-31,RDHL,trail_activate+1_lock+0_distance2_floor-1,first,resting,STOP_LIMIT,2026-08-31T11:41:31+00:00,2026-08-31T21:51:21.426000+00:00,1788184200000,0,2026-08-31T14:21:00+00:00,2026-08-31T14:30:06.403000+00:00,1.11,,1.0989,1.1211000000000002,,,,2026-08-31T14:30:06.438345+00:00,2026-08-31T14:30:06.466719+00:00,1.09,floor,-1.8018018018018032,0.063719,0.0,-1.8018018018018032,,,2026-08-31T14:30:06.438345+00:00,,2
2026-08-31,RDHL,trail_activate+1_lock+0_distance2_floor-1,reclaim,resting,STOP_LIMIT,2026-08-31T11:41:31+00:00,2026-08-31T21:51:21.426000+00:00,1788184200000,1788187140000,2026-08-31T14:42:00+00:00,2026-08-31T15:04:44.129000+00:00,1.13,,1.1186999999999998,1.1413,,,,2026-08-31T15:07:12.818218+00:00,2026-08-31T15:07:12.818792+00:00,1.11,floor,-1.7699115044247606,148.689792,0.8849557522123902,-1.7699115044247606,,,2026-08-31T15:07:12.818218+00:00,,622
2026-08-31,RDHL,trail_activate+1_lock+0_distance2_floor-1,first,resting,STOP_LIMIT,2026-08-31T11:41:31+00:00,2026-08-31T21:51:21.426000+00:00,1788190080000,0,2026-08-31T16:31:00+00:00,2026-08-31T16:35:19.736000+00:00,1.08,,1.0692000000000002,1.0908,,,,2026-08-31T16:35:22.515442+00:00,2026-08-31T16:35:22.516083+00:00,1.06,floor,-1.8518518518518534,2.780083,0.0,-1.8518518518518534,,,2026-08-31T16:35:22.515442+00:00,,10
2026-08-31,RDHL,trail_activate+1_lock+0_distance2_floor-1,first,resting,STOP_LIMIT,2026-08-31T11:41:31+00:00,2026-08-31T21:51:21.426000+00:00,1788198840000,0,2026-08-31T19:45:00+00:00,2026-08-31T19:47:29.456000+00:00,0.958,,0.9484199999999999,0.96758,,,,2026-08-31T19:47:55.399374+00:00,2026-08-31T19:47:55.399800+00:00,0.9406,floor,-1.8162839248434208,25.9438,0.0,-1.8162839248434208,,,2026-08-31T19:47:55.399374+00:00,,31
2026-08-31,RDHL,trail_activate+2_lock+1_distance1_floor-1,first,resting,STOP_LIMIT,2026-08-31T11:41:31+00:00,2026-08-31T21:51:21.426000+00:00,1788184200000,0,2026-08-31T14:21:00+00:00,2026-08-31T14:30:06.403000+00:00,1.11,,1.0989,1.1322,,,,2026-08-31T14:30:06.438345+00:00,2026-08-31T14:30:06.466719+00:00,1.09,floor,-1.8018018018018032,0.063719,0.0,-1.8018018018018032,,,2026-08-31T14:30:06.438345+00:00,,2
2026-08-31,RDHL,trail_activate+2_lock+1_distance1_floor-1,reclaim,resting,STOP_LIMIT,2026-08-31T11:41:31+00:00,2026-08-31T21:51:21.426000+00:00,1788184200000,1788187140000,2026-08-31T14:42:00+00:00,2026-08-31T15:04:44.129000+00:00,1.13,,1.1186999999999998,1.1525999999999998,,,,2026-08-31T15:07:12.818218+00:00,2026-08-31T15:07:12.818792+00:00,1.11,floor,-1.7699115044247606,148.689792,0.8849557522123902,-1.7699115044247606,,,2026-08-31T15:07:12.818218+00:00,,622
2026-08-31,RDHL,trail_activate+2_lock+1_distance1_floor-1,first,resting,STOP_LIMIT,2026-08-31T11:41:31+00:00,2026-08-31T21:51:21.426000+00:00,1788190080000,0,2026-08-31T16:31:00+00:00,2026-08-31T16:35:19.736000+00:00,1.08,,1.0692000000000002,1.1016000000000001,,,,2026-08-31T16:35:22.515442+00:00,2026-08-31T16:35:22.516083+00:00,1.06,floor,-1.8518518518518534,2.780083,0.0,-1.8518518518518534,,,2026-08-31T16:35:22.515442+00:00,,10
2026-08-31,RDHL,trail_activate+2_lock+1_distance1_floor-1,first,resting,STOP_LIMIT,2026-08-31T11:41:31+00:00,2026-08-31T21:51:21.426000+00:00,1788198840000,0,2026-08-31T19:45:00+00:00,2026-08-31T19:47:29.456000+00:00,0.958,,0.9484199999999999,0.97716,,,,2026-08-31T19:47:55.399374+00:00,2026-08-31T19:47:55.399800+00:00,0.9406,floor,-1.8162839248434208,25.9438,0.0,-1.8162839248434208,,,2026-08-31T19:47:55.399374+00:00,,31
2026-08-31,RDHL,trail_activate+2_lock+1_distance2_floor-1,first,resting,STOP_LIMIT,2026-08-31T11:41:31+00:00,2026-08-31T21:51:21.426000+00:00,1788184200000,0,2026-08-31T14:21:00+00:00,2026-08-31T14:30:06.403000+00:00,1.11,,1.0989,1.1322,,,,2026-08-31T14:30:06.438345+00:00,2026-08-31T14:30:06.466719+00:00,1.09,floor,-1.8018018018018032,0.063719,0.0,-1.8018018018018032,,,2026-08-31T14:30:06.438345+00:00,,2
2026-08-31,RDHL,trail_activate+2_lock+1_distance2_floor-1,reclaim,resting,STOP_LIMIT,2026-08-31T11:41:31+00:00,2026-08-31T21:51:21.426000+00:00,1788184200000,1788187140000,2026-08-31T14:42:00+00:00,2026-08-31T15:04:44.129000+00:00,1.13,,1.1186999999999998,1.1525999999999998,,,,2026-08-31T15:07:12.818218+00:00,2026-08-31T15:07:12.818792+00:00,1.11,floor,-1.7699115044247606,148.689792,0.8849557522123902,-1.7699115044247606,,,2026-08-31T15:07:12.818218+00:00,,622
2026-08-31,RDHL,trail_activate+2_lock+1_distance2_floor-1,first,resting,STOP_LIMIT,2026-08-31T11:41:31+00:00,2026-08-31T21:51:21.426000+00:00,1788190080000,0,2026-08-31T16:31:00+00:00,2026-08-31T16:35:19.736000+00:00,1.08,,1.0692000000000002,1.1016000000000001,,,,2026-08-31T16:35:22.515442+00:00,2026-08-31T16:35:22.516083+00:00,1.06,floor,-1.8518518518518534,2.780083,0.0,-1.8518518518518534,,,2026-08-31T16:35:22.515442+00:00,,10
2026-08-31,RDHL,trail_activate+2_lock+1_distance2_floor-1,first,resting,STOP_LIMIT,2026-08-31T11:41:31+00:00,2026-08-31T21:51:21.426000+00:00,1788198840000,0,2026-08-31T19:45:00+00:00,2026-08-31T19:47:29.456000+00:00,0.958,,0.9484199999999999,0.97716,,,,2026-08-31T19:47:55.399374+00:00,2026-08-31T19:47:55.399800+00:00,0.9406,floor,-1.8162839248434208,25.9438,0.0,-1.8162839248434208,,,2026-08-31T19:47:55.399374+00:00,,31
2026-08-31,WETO,trail_activate+1_lock+0_distance1_floor-2,first,resting,STOP_LIMIT,2026-08-31T13:34:44+00:00,2026-08-31T19:37:17.277000+00:00,1788189540000,0,2026-08-31T15:26:00+00:00,2026-08-31T15:30:11.002000+00:00,12.7,,12.446,12.827,,,,2026-08-31T15:30:19.795774+00:00,2026-08-31T15:30:20.381113+00:00,12.4,floor,-2.3622047244094406,9.379113,0.0,-2.3622047244094406,,,2026-08-31T15:30:17.133520+00:00,2026-08-31T15:30:19.795774+00:00,89
2026-08-31,WETO,trail_activate+1_lock+0_distance1_floor-2,first,resting,STOP_LIMIT,2026-08-31T13:34:44+00:00,2026-08-31T19:37:17.277000+00:00,1788194040000,0,2026-08-31T16:35:00+00:00,2026-08-31T16:46:07.319000+00:00,10.3,,10.094000000000001,10.403,2026-08-31T16:47:25.415105+00:00,10.55,10.444500000000001,2026-08-31T16:48:17.195843+00:00,2026-08-31T16:48:17.305491+00:00,10.43,trail,1.2621359223300872,129.986491,2.4271844660194173,-1.650485436893203,2026-08-31T16:47:25.415105+00:00,2026-08-31T16:47:51.049967+00:00,2026-08-31T16:46:11.020049+00:00,,539
2026-08-31,WETO,trail_activate+1_lock+0_distance1_floor-2,reclaim,resting,STOP_LIMIT,2026-08-31T13:34:44+00:00,2026-08-31T19:37:17.277000+00:00,1788194040000,1788194760000,2026-08-31T16:49:00+00:00,2026-08-31T16:49:08.164000+00:00,10.9,,10.682,11.009,2026-08-31T16:49:18.433308+00:00,11.08,10.9692,2026-08-31T16:49:29.077624+00:00,2026-08-31T16:49:29.077805+00:00,10.94,trail,0.3669724770642124,20.913805,1.651376146788988,-0.733944954128441,2026-08-31T16:49:18.433308+00:00,,,,125
2026-08-31,WETO,trail_activate+1_lock+0_distance1_floor-2,first,resting,STOP_LIMIT,2026-08-31T13:34:44+00:00,2026-08-31T19:37:17.277000+00:00,1788197220000,0,2026-08-31T17:47:00+00:00,2026-08-31T17:47:23.599000+00:00,10.85,,10.633,10.958499999999999,,,,2026-08-31T17:49:30.694942+00:00,2026-08-31T17:49:30.695800+00:00,10.6,floor,-2.3041474654377883,127.0968,0.09216589861750955,-2.3041474654377883,,,2026-08-31T17:47:47.356272+00:00,2026-08-31T17:49:30.694942+00:00,297
2026-08-31,WETO,trail_activate+1_lock+0_distance2_floor-2,first,resting,STOP_LIMIT,2026-08-31T13:34:44+00:00,2026-08-31T19:37:17.277000+00:00,1788189540000,0,2026-08-31T15:26:00+00:00,2026-08-31T15:30:11.002000+00:00,12.7,,12.446,12.827,,,,2026-08-31T15:30:19.795774+00:00,2026-08-31T15:30:20.381113+00:00,12.4,floor,-2.3622047244094406,9.379113,0.0,-2.3622047244094406,,,2026-08-31T15:30:17.133520+00:00,2026-08-31T15:30:19.795774+00:00,89
2026-08-31,WETO,trail_activate+1_lock+0_distance2_floor-2,first,resting,STOP_LIMIT,2026-08-31T13:34:44+00:00,2026-08-31T19:37:17.277000+00:00,1788194040000,0,2026-08-31T16:35:00+00:00,2026-08-31T16:46:07.319000+00:00,10.3,,10.094000000000001,10.403,2026-08-31T16:47:25.415105+00:00,11.08,10.8584,2026-08-31T16:49:33.595231+00:00,2026-08-31T16:49:34.385957+00:00,10.85,trail,5.339805825242708,207.066957,7.572815533980576,-1.650485436893203,2026-08-31T16:47:25.415105+00:00,2026-08-31T16:47:51.049967+00:00,2026-08-31T16:46:11.020049+00:00,,946
2026-08-31,WETO,trail_activate+1_lock+0_distance2_floor-2,reclaim,reactive,market,2026-08-31T13:34:44+00:00,2026-08-31T19:37:17.277000+00:00,1788194040000,1788194760000,2026-08-31T16:49:37.376000+00:00,2026-08-31T16:49:37.376000+00:00,10.95,,10.731,11.0595,2026-08-31T16:50:12.515720+00:00,11.12,10.95,2026-08-31T16:50:28.932938+00:00,2026-08-31T16:50:28.953291+00:00,10.92,trail,-0.27397260273972024,51.577291,1.5525114155251136,-1.3698630136986172,2026-08-31T16:50:12.515720+00:00,,2026-08-31T16:49:55.859551+00:00,,279
2026-08-31,WETO,trail_activate+1_lock+0_distance2_floor-2,first,resting,STOP_LIMIT,2026-08-31T13:34:44+00:00,2026-08-31T19:37:17.277000+00:00,1788197220000,0,2026-08-31T17:47:00+00:00,2026-08-31T17:47:23.599000+00:00,10.85,,10.633,10.958499999999999,,,,2026-08-31T17:49:30.694942+00:00,2026-08-31T17:49:30.695800+00:00,10.6,floor,-2.3041474654377883,127.0968,0.09216589861750955,-2.3041474654377883,,,2026-08-31T17:47:47.356272+00:00,2026-08-31T17:49:30.694942+00:00,297
2026-08-31,WETO,trail_activate+2_lock+1_distance1_floor-2,first,resting,STOP_LIMIT,2026-08-31T13:34:44+00:00,2026-08-31T19:37:17.277000+00:00,1788189540000,0,2026-08-31T15:26:00+00:00,2026-08-31T15:30:11.002000+00:00,12.7,,12.446,12.953999999999999,,,,2026-08-31T15:30:19.795774+00:00,2026-08-31T15:30:20.381113+00:00,12.4,floor,-2.3622047244094406,9.379113,0.0,-2.3622047244094406,,,2026-08-31T15:30:17.133520+00:00,2026-08-31T15:30:19.795774+00:00,89
2026-08-31,WETO,trail_activate+2_lock+1_distance1_floor-2,first,resting,STOP_LIMIT,2026-08-31T13:34:44+00:00,2026-08-31T19:37:17.277000+00:00,1788194040000,0,2026-08-31T16:35:00+00:00,2026-08-31T16:46:07.319000+00:00,10.3,,10.094000000000001,10.506,2026-08-31T16:47:51.049967+00:00,10.55,10.444500000000001,2026-08-31T16:48:17.195843+00:00,2026-08-31T16:48:17.305491+00:00,10.43,trail,1.2621359223300872,129.986491,2.4271844660194173,-1.650485436893203,2026-08-31T16:47:25.415105+00:00,2026-08-31T16:47:51.049967+00:00,2026-08-31T16:46:11.020049+00:00,,539
2026-08-31,WETO,trail_activate+2_lock+1_distance1_floor-2,reclaim,resting,STOP_LIMIT,2026-08-31T13:34:44+00:00,2026-08-31T19:37:17.277000+00:00,1788194040000,1788194760000,2026-08-31T16:49:00+00:00,2026-08-31T16:49:08.164000+00:00,10.9,,10.682,11.118,2026-08-31T16:50:12.929479+00:00,11.12,11.009,2026-08-31T16:50:23.545604+00:00,2026-08-31T16:50:23.548677+00:00,11.0,trail,0.9174311926605472,75.384677,2.0183486238532002,-1.1926605504587229,2026-08-31T16:49:18.433308+00:00,2026-08-31T16:50:12.929479+00:00,2026-08-31T16:49:34.802843+00:00,,443
2026-08-31,WETO,trail_activate+2_lock+1_distance1_floor-2,first,resting,STOP_LIMIT,2026-08-31T13:34:44+00:00,2026-08-31T19:37:17.277000+00:00,1788197220000,0,2026-08-31T17:47:00+00:00,2026-08-31T17:47:23.599000+00:00,10.85,,10.633,11.067,,,,2026-08-31T17:49:30.694942+00:00,2026-08-31T17:49:30.695800+00:00,10.6,floor,-2.3041474654377883,127.0968,0.09216589861750955,-2.3041474654377883,,,2026-08-31T17:47:47.356272+00:00,2026-08-31T17:49:30.694942+00:00,297
2026-08-31,WETO,trail_activate+2_lock+1_distance2_floor-2,first,resting,STOP_LIMIT,2026-08-31T13:34:44+00:00,2026-08-31T19:37:17.277000+00:00,1788189540000,0,2026-08-31T15:26:00+00:00,2026-08-31T15:30:11.002000+00:00,12.7,,12.446,12.953999999999999,,,,2026-08-31T15:30:19.795774+00:00,2026-08-31T15:30:20.381113+00:00,12.4,floor,-2.3622047244094406,9.379113,0.0,-2.3622047244094406,,,2026-08-31T15:30:17.133520+00:00,2026-08-31T15:30:19.795774+00:00,89
2026-08-31,WETO,trail_activate+2_lock+1_distance2_floor-2,first,resting,STOP_LIMIT,2026-08-31T13:34:44+00:00,2026-08-31T19:37:17.277000+00:00,1788194040000,0,2026-08-31T16:35:00+00:00,2026-08-31T16:46:07.319000+00:00,10.3,,10.094000000000001,10.506,2026-08-31T16:47:51.049967+00:00,10.55,10.403,2026-08-31T16:48:17.306366+00:00,2026-08-31T16:48:17.595739+00:00,10.4,trail,0.9708737864077635,130.276739,2.4271844660194173,-1.650485436893203,2026-08-31T16:47:25.415105+00:00,2026-08-31T16:47:51.049967+00:00,2026-08-31T16:46:11.020049+00:00,,542
2026-08-31,WETO,trail_activate+2_lock+1_distance2_floor-2,reclaim,resting,STOP_LIMIT,2026-08-31T13:34:44+00:00,2026-08-31T19:37:17.277000+00:00,1788194040000,1788194760000,2026-08-31T16:49:00+00:00,2026-08-31T16:49:08.164000+00:00,10.9,,10.682,11.118,2026-08-31T16:50:12.929479+00:00,11.12,11.009,2026-08-31T16:50:23.545604+00:00,2026-08-31T16:50:23.548677+00:00,11.0,trail,0.9174311926605472,75.384677,2.0183486238532002,-1.1926605504587229,2026-08-31T16:49:18.433308+00:00,2026-08-31T16:50:12.929479+00:00,2026-08-31T16:49:34.802843+00:00,,443
2026-08-31,WETO,trail_activate+2_lock+1_distance2_floor-2,first,resting,STOP_LIMIT,2026-08-31T13:34:44+00:00,2026-08-31T19:37:17.277000+00:00,1788197220000,0,2026-08-31T17:47:00+00:00,2026-08-31T17:47:23.599000+00:00,10.85,,10.633,11.067,,,,2026-08-31T17:49:30.694942+00:00,2026-08-31T17:49:30.695800+00:00,10.6,floor,-2.3041474654377883,127.0968,0.09216589861750955,-2.3041474654377883,,,2026-08-31T17:47:47.356272+00:00,2026-08-31T17:49:30.694942+00:00,297
2026-08-31,WETO,trail_activate+1_lock+0_distance1_floor-1,first,resting,STOP_LIMIT,2026-08-31T13:34:44+00:00,2026-08-31T19:37:17.277000+00:00,1788189540000,0,2026-08-31T15:26:00+00:00,2026-08-31T15:30:11.002000+00:00,12.7,,12.572999999999999,12.827,,,,2026-08-31T15:30:17.133520+00:00,2026-08-31T15:30:17.144831+00:00,12.57,floor,-1.0236220472440867,6.142831,0.0,-1.0236220472440867,,,2026-08-31T15:30:17.133520+00:00,,52
2026-08-31,WETO,trail_activate+1_lock+0_distance1_floor-1,first,resting,STOP_LIMIT,2026-08-31T13:34:44+00:00,2026-08-31T19:37:17.277000+00:00,1788194040000,0,2026-08-31T16:35:00+00:00,2026-08-31T16:46:07.319000+00:00,10.3,,10.197000000000001,10.403,,,,2026-08-31T16:46:11.020049+00:00,2026-08-31T16:46:11.020452+00:00,10.17,floor,-1.2621359223301047,3.701452,0.0,-1.2621359223301047,,,2026-08-31T16:46:11.020049+00:00,,23
2026-08-31,WETO,trail_activate+1_lock+0_distance1_floor-1,reclaim,resting,STOP_LIMIT,2026-08-31T13:34:44+00:00,2026-08-31T19:37:17.277000+00:00,1788194040000,1788194760000,2026-08-31T16:49:00+00:00,2026-08-31T16:49:08.164000+00:00,10.9,,10.791,11.009,2026-08-31T16:49:18.433308+00:00,11.08,10.9692,2026-08-31T16:49:29.077624+00:00,2026-08-31T16:49:29.077805+00:00,10.94,trail,0.3669724770642124,20.913805,1.651376146788988,-0.733944954128441,2026-08-31T16:49:18.433308+00:00,,,,125
2026-08-31,WETO,trail_activate+1_lock+0_distance1_floor-1,first,resting,STOP_LIMIT,2026-08-31T13:34:44+00:00,2026-08-31T19:37:17.277000+00:00,1788197220000,0,2026-08-31T17:47:00+00:00,2026-08-31T17:47:23.599000+00:00,10.85,,10.7415,10.958499999999999,,,,2026-08-31T17:47:47.356272+00:00,2026-08-31T17:47:47.356438+00:00,10.73,floor,-1.1059907834101312,23.757438,0.09216589861750955,-1.1059907834101312,,,2026-08-31T17:47:47.356272+00:00,,114
2026-08-31,WETO,trail_activate+1_lock+0_distance2_floor-1,first,resting,STOP_LIMIT,2026-08-31T13:34:44+00:00,2026-08-31T19:37:17.277000+00:00,1788189540000,0,2026-08-31T15:26:00+00:00,2026-08-31T15:30:11.002000+00:00,12.7,,12.572999999999999,12.827,,,,2026-08-31T15:30:17.133520+00:00,2026-08-31T15:30:17.144831+00:00,12.57,floor,-1.0236220472440867,6.142831,0.0,-1.0236220472440867,,,2026-08-31T15:30:17.133520+00:00,,52
2026-08-31,WETO,trail_activate+1_lock+0_distance2_floor-1,first,resting,STOP_LIMIT,2026-08-31T13:34:44+00:00,2026-08-31T19:37:17.277000+00:00,1788194040000,0,2026-08-31T16:35:00+00:00,2026-08-31T16:46:07.319000+00:00,10.3,,10.197000000000001,10.403,,,,2026-08-31T16:46:11.020049+00:00,2026-08-31T16:46:11.020452+00:00,10.17,floor,-1.2621359223301047,3.701452,0.0,-1.2621359223301047,,,2026-08-31T16:46:11.020049+00:00,,23
2026-08-31,WETO,trail_activate+1_lock+0_distance2_floor-1,reclaim,resting,STOP_LIMIT,2026-08-31T13:34:44+00:00,2026-08-31T19:37:17.277000+00:00,1788194040000,1788194760000,2026-08-31T16:49:00+00:00,2026-08-31T16:49:08.164000+00:00,10.9,,10.791,11.009,2026-08-31T16:49:18.433308+00:00,11.08,10.9,2026-08-31T16:49:30.308013+00:00,2026-08-31T16:49:30.308236+00:00,10.9,trail,0.0,22.144236,1.651376146788988,-0.733944954128441,2026-08-31T16:49:18.433308+00:00,,,,141
2026-08-31,WETO,trail_activate+1_lock+0_distance2_floor-1,first,resting,STOP_LIMIT,2026-08-31T13:34:44+00:00,2026-08-31T19:37:17.277000+00:00,1788197220000,0,2026-08-31T17:47:00+00:00,2026-08-31T17:47:23.599000+00:00,10.85,,10.7415,10.958499999999999,,,,2026-08-31T17:47:47.356272+00:00,2026-08-31T17:47:47.356438+00:00,10.73,floor,-1.1059907834101312,23.757438,0.09216589861750955,-1.1059907834101312,,,2026-08-31T17:47:47.356272+00:00,,114
2026-08-31,WETO,trail_activate+2_lock+1_distance1_floor-1,first,resting,STOP_LIMIT,2026-08-31T13:34:44+00:00,2026-08-31T19:37:17.277000+00:00,1788189540000,0,2026-08-31T15:26:00+00:00,2026-08-31T15:30:11.002000+00:00,12.7,,12.572999999999999,12.953999999999999,,,,2026-08-31T15:30:17.133520+00:00,2026-08-31T15:30:17.144831+00:00,12.57,floor,-1.0236220472440867,6.142831,0.0,-1.0236220472440867,,,2026-08-31T15:30:17.133520+00:00,,52
2026-08-31,WETO,trail_activate+2_lock+1_distance1_floor-1,first,resting,STOP_LIMIT,2026-08-31T13:34:44+00:00,2026-08-31T19:37:17.277000+00:00,1788194040000,0,2026-08-31T16:35:00+00:00,2026-08-31T16:46:07.319000+00:00,10.3,,10.197000000000001,10.506,,,,2026-08-31T16:46:11.020049+00:00,2026-08-31T16:46:11.020452+00:00,10.17,floor,-1.2621359223301047,3.701452,0.0,-1.2621359223301047,,,2026-08-31T16:46:11.020049+00:00,,23
2026-08-31,WETO,trail_activate+2_lock+1_distance1_floor-1,reclaim,resting,STOP_LIMIT,2026-08-31T13:34:44+00:00,2026-08-31T19:37:17.277000+00:00,1788194040000,1788194760000,2026-08-31T16:49:00+00:00,2026-08-31T16:49:08.164000+00:00,10.9,,10.791,11.118,,,,2026-08-31T16:49:34.802843+00:00,2026-08-31T16:49:34.803022+00:00,10.77,floor,-1.1926605504587229,26.639022,1.651376146788988,-1.1926605504587229,2026-08-31T16:49:18.433308+00:00,,2026-08-31T16:49:34.802843+00:00,,172
2026-08-31,WETO,trail_activate+2_lock+1_distance1_floor-1,first,resting,STOP_LIMIT,2026-08-31T13:34:44+00:00,2026-08-31T19:37:17.277000+00:00,1788197220000,0,2026-08-31T17:47:00+00:00,2026-08-31T17:47:23.599000+00:00,10.85,,10.7415,11.067,,,,2026-08-31T17:47:47.356272+00:00,2026-08-31T17:47:47.356438+00:00,10.73,floor,-1.1059907834101312,23.757438,0.09216589861750955,-1.1059907834101312,,,2026-08-31T17:47:47.356272+00:00,,114
2026-08-31,WETO,trail_activate+2_lock+1_distance2_floor-1,first,resting,STOP_LIMIT,2026-08-31T13:34:44+00:00,2026-08-31T19:37:17.277000+00:00,1788189540000,0,2026-08-31T15:26:00+00:00,2026-08-31T15:30:11.002000+00:00,12.7,,12.572999999999999,12.953999999999999,,,,2026-08-31T15:30:17.133520+00:00,2026-08-31T15:30:17.144831+00:00,12.57,floor,-1.0236220472440867,6.142831,0.0,-1.0236220472440867,,,2026-08-31T15:30:17.133520+00:00,,52
2026-08-31,WETO,trail_activate+2_lock+1_distance2_floor-1,first,resting,STOP_LIMIT,2026-08-31T13:34:44+00:00,2026-08-31T19:37:17.277000+00:00,1788194040000,0,2026-08-31T16:35:00+00:00,2026-08-31T16:46:07.319000+00:00,10.3,,10.197000000000001,10.506,,,,2026-08-31T16:46:11.020049+00:00,2026-08-31T16:46:11.020452+00:00,10.17,floor,-1.2621359223301047,3.701452,0.0,-1.2621359223301047,,,2026-08-31T16:46:11.020049+00:00,,23
2026-08-31,WETO,trail_activate+2_lock+1_distance2_floor-1,reclaim,resting,STOP_LIMIT,2026-08-31T13:34:44+00:00,2026-08-31T19:37:17.277000+00:00,1788194040000,1788194760000,2026-08-31T16:49:00+00:00,2026-08-31T16:49:08.164000+00:00,10.9,,10.791,11.118,,,,2026-08-31T16:49:34.802843+00:00,2026-08-31T16:49:34.803022+00:00,10.77,floor,-1.1926605504587229,26.639022,1.651376146788988,-1.1926605504587229,2026-08-31T16:49:18.433308+00:00,,2026-08-31T16:49:34.802843+00:00,,172
2026-08-31,WETO,trail_activate+2_lock+1_distance2_floor-1,first,resting,STOP_LIMIT,2026-08-31T13:34:44+00:00,2026-08-31T19:37:17.277000+00:00,1788197220000,0,2026-08-31T17:47:00+00:00,2026-08-31T17:47:23.599000+00:00,10.85,,10.7415,11.067,,,,2026-08-31T17:47:47.356272+00:00,2026-08-31T17:47:47.356438+00:00,10.73,floor,-1.1059907834101312,23.757438,0.09216589861750955,-1.1059907834101312,,,2026-08-31T17:47:47.356272+00:00,,114
2026-08-31,YDDL,trail_activate+1_lock+0_distance1_floor-2,reclaim,reactive,limit,2026-08-31T09:28:39+00:00,2026-08-31T14:57:57.973000+00:00,1788178260000,1788178260000,2026-08-31T12:19:05.799000+00:00,2026-08-31T12:19:05.799000+00:00,2.44,,2.3912,2.4644,,,,2026-08-31T12:19:08.442266+00:00,2026-08-31T12:19:08.442608+00:00,2.39,floor,-2.049180327868845,2.643608,0.0,-2.049180327868845,,,2026-08-31T12:19:08.438004+00:00,2026-08-31T12:19:08.442266+00:00,30
2026-08-31,YDDL,trail_activate+1_lock+0_distance1_floor-2,first,resting,STOP_LIMIT,2026-08-31T09:28:39+00:00,2026-08-31T14:57:57.973000+00:00,1788183060000,0,2026-08-31T13:32:00+00:00,2026-08-31T13:34:23.180000+00:00,2.49,,2.4402000000000004,2.5149000000000004,2026-08-31T13:34:26.907908+00:00,2.54,2.5146,2026-08-31T13:34:26.952839+00:00,2026-08-31T13:34:26.953739+00:00,2.51,trail,0.8032128514056053,3.773739,2.0080321285140488,-0.4016064257028205,2026-08-31T13:34:26.907908+00:00,2026-08-31T13:34:26.927768+00:00,,,110
2026-08-31,YDDL,trail_activate+1_lock+0_distance1_floor-2,first,resting,STOP_LIMIT,2026-08-31T09:28:39+00:00,2026-08-31T14:57:57.973000+00:00,1788184620000,0,2026-08-31T14:21:00+00:00,2026-08-31T14:29:32.217000+00:00,2.44,,2.3912,2.4644,,,,2026-08-31T14:30:03.369028+00:00,2026-08-31T14:30:03.369332+00:00,2.39,floor,-2.049180327868845,31.152332,0.0,-2.049180327868845,,,2026-08-31T14:30:03.362775+00:00,2026-08-31T14:30:03.369028+00:00,78
2026-08-31,YDDL,trail_activate+1_lock+0_distance1_floor-2,first,resting,STOP_LIMIT,2026-08-31T18:36:26+00:00,2026-08-31T20:12:00.931000+00:00,1788202320000,0,2026-08-31T19:10:00+00:00,2026-08-31T19:10:02.339000+00:00,2.27,,2.2246,2.2927,,,,2026-08-31T19:14:04.438024+00:00,2026-08-31T19:14:04.447610+00:00,2.21,floor,-2.643171806167403,242.10861,0.0,-2.643171806167403,,,2026-08-31T19:10:21.283902+00:00,2026-08-31T19:14:04.438024+00:00,143
2026-08-31,YDDL,trail_activate+1_lock+0_distance2_floor-2,reclaim,reactive,limit,2026-08-31T09:28:39+00:00,2026-08-31T14:57:57.973000+00:00,1788178260000,1788178260000,2026-08-31T12:19:05.799000+00:00,2026-08-31T12:19:05.799000+00:00,2.44,,2.3912,2.4644,,,,2026-08-31T12:19:08.442266+00:00,2026-08-31T12:19:08.442608+00:00,2.39,floor,-2.049180327868845,2.643608,0.0,-2.049180327868845,,,2026-08-31T12:19:08.438004+00:00,2026-08-31T12:19:08.442266+00:00,30
2026-08-31,YDDL,trail_activate+1_lock+0_distance2_floor-2,first,resting,STOP_LIMIT,2026-08-31T09:28:39+00:00,2026-08-31T14:57:57.973000+00:00,1788183060000,0,2026-08-31T13:32:00+00:00,2026-08-31T13:34:23.180000+00:00,2.49,,2.4402000000000004,2.5149000000000004,2026-08-31T13:34:26.907908+00:00,2.62,2.5676,2026-08-31T13:35:26.996139+00:00,2026-08-31T13:35:26.997406+00:00,2.56,trail,2.811244979919672,63.817406,5.220883534136542,-0.4016064257028205,2026-08-31T13:34:26.907908+00:00,2026-08-31T13:34:26.927768+00:00,,,1918
2026-08-31,YDDL,trail_activate+1_lock+0_distance2_floor-2,first,resting,STOP_LIMIT,2026-08-31T09:28:39+00:00,2026-08-31T14:57:57.973000+00:00,1788184620000,0,2026-08-31T14:21:00+00:00,2026-08-31T14:29:32.217000+00:00,2.44,,2.3912,2.4644,,,,2026-08-31T14:30:03.369028+00:00,2026-08-31T14:30:03.369332+00:00,2.39,floor,-2.049180327868845,31.152332,0.0,-2.049180327868845,,,2026-08-31T14:30:03.362775+00:00,2026-08-31T14:30:03.369028+00:00,78
2026-08-31,YDDL,trail_activate+1_lock+0_distance2_floor-2,first,resting,STOP_LIMIT,2026-08-31T18:36:26+00:00,2026-08-31T20:12:00.931000+00:00,1788202320000,0,2026-08-31T19:10:00+00:00,2026-08-31T19:10:02.339000+00:00,2.27,,2.2246,2.2927,,,,2026-08-31T19:14:04.438024+00:00,2026-08-31T19:14:04.447610+00:00,2.21,floor,-2.643171806167403,242.10861,0.0,-2.643171806167403,,,2026-08-31T19:10:21.283902+00:00,2026-08-31T19:14:04.438024+00:00,143
2026-08-31,YDDL,trail_activate+2_lock+1_distance1_floor-2,reclaim,reactive,limit,2026-08-31T09:28:39+00:00,2026-08-31T14:57:57.973000+00:00,1788178260000,1788178260000,2026-08-31T12:19:05.799000+00:00,2026-08-31T12:19:05.799000+00:00,2.44,,2.3912,2.4888,,,,2026-08-31T12:19:08.442266+00:00,2026-08-31T12:19:08.442608+00:00,2.39,floor,-2.049180327868845,2.643608,0.0,-2.049180327868845,,,2026-08-31T12:19:08.438004+00:00,2026-08-31T12:19:08.442266+00:00,30
2026-08-31,YDDL,trail_activate+2_lock+1_distance1_floor-2,first,resting,STOP_LIMIT,2026-08-31T09:28:39+00:00,2026-08-31T14:57:57.973000+00:00,1788183060000,0,2026-08-31T13:32:00+00:00,2026-08-31T13:34:23.180000+00:00,2.49,,2.4402000000000004,2.5398,2026-08-31T13:34:26.927768+00:00,2.54,2.5149000000000004,2026-08-31T13:34:26.952839+00:00,2026-08-31T13:34:26.953739+00:00,2.51,trail,0.8032128514056053,3.773739,2.0080321285140488,-0.4016064257028205,2026-08-31T13:34:26.907908+00:00,2026-08-31T13:34:26.927768+00:00,,,110
2026-08-31,YDDL,trail_activate+2_lock+1_distance1_floor-2,first,resting,STOP_LIMIT,2026-08-31T09:28:39+00:00,2026-08-31T14:57:57.973000+00:00,1788184620000,0,2026-08-31T14:21:00+00:00,2026-08-31T14:29:32.217000+00:00,2.44,,2.3912,2.4888,,,,2026-08-31T14:30:03.369028+00:00,2026-08-31T14:30:03.369332+00:00,2.39,floor,-2.049180327868845,31.152332,0.0,-2.049180327868845,,,2026-08-31T14:30:03.362775+00:00,2026-08-31T14:30:03.369028+00:00,78
2026-08-31,YDDL,trail_activate+2_lock+1_distance1_floor-2,first,resting,STOP_LIMIT,2026-08-31T18:36:26+00:00,2026-08-31T20:12:00.931000+00:00,1788202320000,0,2026-08-31T19:10:00+00:00,2026-08-31T19:10:02.339000+00:00,2.27,,2.2246,2.3154,,,,2026-08-31T19:14:04.438024+00:00,2026-08-31T19:14:04.447610+00:00,2.21,floor,-2.643171806167403,242.10861,0.0,-2.643171806167403,,,2026-08-31T19:10:21.283902+00:00,2026-08-31T19:14:04.438024+00:00,143
2026-08-31,YDDL,trail_activate+2_lock+1_distance2_floor-2,reclaim,reactive,limit,2026-08-31T09:28:39+00:00,2026-08-31T14:57:57.973000+00:00,1788178260000,1788178260000,2026-08-31T12:19:05.799000+00:00,2026-08-31T12:19:05.799000+00:00,2.44,,2.3912,2.4888,,,,2026-08-31T12:19:08.442266+00:00,2026-08-31T12:19:08.442608+00:00,2.39,floor,-2.049180327868845,2.643608,0.0,-2.049180327868845,,,2026-08-31T12:19:08.438004+00:00,2026-08-31T12:19:08.442266+00:00,30
2026-08-31,YDDL,trail_activate+2_lock+1_distance2_floor-2,first,resting,STOP_LIMIT,2026-08-31T09:28:39+00:00,2026-08-31T14:57:57.973000+00:00,1788183060000,0,2026-08-31T13:32:00+00:00,2026-08-31T13:34:23.180000+00:00,2.49,,2.4402000000000004,2.5398,2026-08-31T13:34:26.927768+00:00,2.54,2.5149000000000004,2026-08-31T13:34:26.952839+00:00,2026-08-31T13:34:26.953739+00:00,2.51,trail,0.8032128514056053,3.773739,2.0080321285140488,-0.4016064257028205,2026-08-31T13:34:26.907908+00:00,2026-08-31T13:34:26.927768+00:00,,,110
2026-08-31,YDDL,trail_activate+2_lock+1_distance2_floor-2,first,resting,STOP_LIMIT,2026-08-31T09:28:39+00:00,2026-08-31T14:57:57.973000+00:00,1788184620000,0,2026-08-31T14:21:00+00:00,2026-08-31T14:29:32.217000+00:00,2.44,,2.3912,2.4888,,,,2026-08-31T14:30:03.369028+00:00,2026-08-31T14:30:03.369332+00:00,2.39,floor,-2.049180327868845,31.152332,0.0,-2.049180327868845,,,2026-08-31T14:30:03.362775+00:00,2026-08-31T14:30:03.369028+00:00,78
2026-08-31,YDDL,trail_activate+2_lock+1_distance2_floor-2,first,resting,STOP_LIMIT,2026-08-31T18:36:26+00:00,2026-08-31T20:12:00.931000+00:00,1788202320000,0,2026-08-31T19:10:00+00:00,2026-08-31T19:10:02.339000+00:00,2.27,,2.2246,2.3154,,,,2026-08-31T19:14:04.438024+00:00,2026-08-31T19:14:04.447610+00:00,2.21,floor,-2.643171806167403,242.10861,0.0,-2.643171806167403,,,2026-08-31T19:10:21.283902+00:00,2026-08-31T19:14:04.438024+00:00,143
2026-08-31,YDDL,trail_activate+1_lock+0_distance1_floor-1,reclaim,reactive,limit,2026-08-31T09:28:39+00:00,2026-08-31T14:57:57.973000+00:00,1788178260000,1788178260000,2026-08-31T12:19:05.799000+00:00,2026-08-31T12:19:05.799000+00:00,2.44,,2.4156,2.4644,,,,2026-08-31T12:19:08.438004+00:00,2026-08-31T12:19:08.438228+00:00,2.42,floor,-0.8196721311475417,2.639228,0.0,-1.2295081967213035,,,2026-08-31T12:19:08.438004+00:00,,17
2026-08-31,YDDL,trail_activate+1_lock+0_distance1_floor-1,first,resting,STOP_LIMIT,2026-08-31T09:28:39+00:00,2026-08-31T14:57:57.973000+00:00,1788183060000,0,2026-08-31T13:32:00+00:00,2026-08-31T13:34:23.180000+00:00,2.49,,2.4651,2.5149000000000004,2026-08-31T13:34:26.907908+00:00,2.54,2.5146,2026-08-31T13:34:26.952839+00:00,2026-08-31T13:34:26.953739+00:00,2.51,trail,0.8032128514056053,3.773739,2.0080321285140488,-0.4016064257028205,2026-08-31T13:34:26.907908+00:00,2026-08-31T13:34:26.927768+00:00,,,110
2026-08-31,YDDL,trail_activate+1_lock+0_distance1_floor-1,first,resting,STOP_LIMIT,2026-08-31T09:28:39+00:00,2026-08-31T14:57:57.973000+00:00,1788184620000,0,2026-08-31T14:21:00+00:00,2026-08-31T14:29:32.217000+00:00,2.44,,2.4156,2.4644,,,,2026-08-31T14:30:03.362775+00:00,2026-08-31T14:30:03.363075+00:00,2.41,floor,-1.2295081967213035,31.146075,0.0,-1.2295081967213035,,,2026-08-31T14:30:03.362775+00:00,,59
2026-08-31,YDDL,trail_activate+1_lock+0_distance1_floor-1,first,resting,STOP_LIMIT,2026-08-31T18:36:26+00:00,2026-08-31T20:12:00.931000+00:00,1788202320000,0,2026-08-31T19:10:00+00:00,2026-08-31T19:10:02.339000+00:00,2.27,,2.2473,2.2927,,,,2026-08-31T19:10:21.283902+00:00,2026-08-31T19:10:21.295385+00:00,2.25,floor,-0.8810572687224677,18.956385,0.0,-1.3215859030836918,,,2026-08-31T19:10:21.283902+00:00,,36
2026-08-31,YDDL,trail_activate+1_lock+0_distance2_floor-1,reclaim,reactive,limit,2026-08-31T09:28:39+00:00,2026-08-31T14:57:57.973000+00:00,1788178260000,1788178260000,2026-08-31T12:19:05.799000+00:00,2026-08-31T12:19:05.799000+00:00,2.44,,2.4156,2.4644,,,,2026-08-31T12:19:08.438004+00:00,2026-08-31T12:19:08.438228+00:00,2.42,floor,-0.8196721311475417,2.639228,0.0,-1.2295081967213035,,,2026-08-31T12:19:08.438004+00:00,,17
2026-08-31,YDDL,trail_activate+1_lock+0_distance2_floor-1,first,resting,STOP_LIMIT,2026-08-31T09:28:39+00:00,2026-08-31T14:57:57.973000+00:00,1788183060000,0,2026-08-31T13:32:00+00:00,2026-08-31T13:34:23.180000+00:00,2.49,,2.4651,2.5149000000000004,2026-08-31T13:34:26.907908+00:00,2.62,2.5676,2026-08-31T13:35:26.996139+00:00,2026-08-31T13:35:26.997406+00:00,2.56,trail,2.811244979919672,63.817406,5.220883534136542,-0.4016064257028205,2026-08-31T13:34:26.907908+00:00,2026-08-31T13:34:26.927768+00:00,,,1918
2026-08-31,YDDL,trail_activate+1_lock+0_distance2_floor-1,first,resting,STOP_LIMIT,2026-08-31T09:28:39+00:00,2026-08-31T14:57:57.973000+00:00,1788184620000,0,2026-08-31T14:21:00+00:00,2026-08-31T14:29:32.217000+00:00,2.44,,2.4156,2.4644,,,,2026-08-31T14:30:03.362775+00:00,2026-08-31T14:30:03.363075+00:00,2.41,floor,-1.2295081967213035,31.146075,0.0,-1.2295081967213035,,,2026-08-31T14:30:03.362775+00:00,,59
2026-08-31,YDDL,trail_activate+1_lock+0_distance2_floor-1,first,resting,STOP_LIMIT,2026-08-31T18:36:26+00:00,2026-08-31T20:12:00.931000+00:00,1788202320000,0,2026-08-31T19:10:00+00:00,2026-08-31T19:10:02.339000+00:00,2.27,,2.2473,2.2927,,,,2026-08-31T19:10:21.283902+00:00,2026-08-31T19:10:21.295385+00:00,2.25,floor,-0.8810572687224677,18.956385,0.0,-1.3215859030836918,,,2026-08-31T19:10:21.283902+00:00,,36
2026-08-31,YDDL,trail_activate+2_lock+1_distance1_floor-1,reclaim,reactive,limit,2026-08-31T09:28:39+00:00,2026-08-31T14:57:57.973000+00:00,1788178260000,1788178260000,2026-08-31T12:19:05.799000+00:00,2026-08-31T12:19:05.799000+00:00,2.44,,2.4156,2.4888,,,,2026-08-31T12:19:08.438004+00:00,2026-08-31T12:19:08.438228+00:00,2.42,floor,-0.8196721311475417,2.639228,0.0,-1.2295081967213035,,,2026-08-31T12:19:08.438004+00:00,,17
2026-08-31,YDDL,trail_activate+2_lock+1_distance1_floor-1,first,resting,STOP_LIMIT,2026-08-31T09:28:39+00:00,2026-08-31T14:57:57.973000+00:00,1788183060000,0,2026-08-31T13:32:00+00:00,2026-08-31T13:34:23.180000+00:00,2.49,,2.4651,2.5398,2026-08-31T13:34:26.927768+00:00,2.54,2.5149000000000004,2026-08-31T13:34:26.952839+00:00,2026-08-31T13:34:26.953739+00:00,2.51,trail,0.8032128514056053,3.773739,2.0080321285140488,-0.4016064257028205,2026-08-31T13:34:26.907908+00:00,2026-08-31T13:34:26.927768+00:00,,,110
2026-08-31,YDDL,trail_activate+2_lock+1_distance1_floor-1,first,resting,STOP_LIMIT,2026-08-31T09:28:39+00:00,2026-08-31T14:57:57.973000+00:00,1788184620000,0,2026-08-31T14:21:00+00:00,2026-08-31T14:29:32.217000+00:00,2.44,,2.4156,2.4888,,,,2026-08-31T14:30:03.362775+00:00,2026-08-31T14:30:03.363075+00:00,2.41,floor,-1.2295081967213035,31.146075,0.0,-1.2295081967213035,,,2026-08-31T14:30:03.362775+00:00,,59
2026-08-31,YDDL,trail_activate+2_lock+1_distance1_floor-1,first,resting,STOP_LIMIT,2026-08-31T18:36:26+00:00,2026-08-31T20:12:00.931000+00:00,1788202320000,0,2026-08-31T19:10:00+00:00,2026-08-31T19:10:02.339000+00:00,2.27,,2.2473,2.3154,,,,2026-08-31T19:10:21.283902+00:00,2026-08-31T19:10:21.295385+00:00,2.25,floor,-0.8810572687224677,18.956385,0.0,-1.3215859030836918,,,2026-08-31T19:10:21.283902+00:00,,36
2026-08-31,YDDL,trail_activate+2_lock+1_distance2_floor-1,reclaim,reactive,limit,2026-08-31T09:28:39+00:00,2026-08-31T14:57:57.973000+00:00,1788178260000,1788178260000,2026-08-31T12:19:05.799000+00:00,2026-08-31T12:19:05.799000+00:00,2.44,,2.4156,2.4888,,,,2026-08-31T12:19:08.438004+00:00,2026-08-31T12:19:08.438228+00:00,2.42,floor,-0.8196721311475417,2.639228,0.0,-1.2295081967213035,,,2026-08-31T12:19:08.438004+00:00,,17
2026-08-31,YDDL,trail_activate+2_lock+1_distance2_floor-1,first,resting,STOP_LIMIT,2026-08-31T09:28:39+00:00,2026-08-31T14:57:57.973000+00:00,1788183060000,0,2026-08-31T13:32:00+00:00,2026-08-31T13:34:23.180000+00:00,2.49,,2.4651,2.5398,2026-08-31T13:34:26.927768+00:00,2.54,2.5149000000000004,2026-08-31T13:34:26.952839+00:00,2026-08-31T13:34:26.953739+00:00,2.51,trail,0.8032128514056053,3.773739,2.0080321285140488,-0.4016064257028205,2026-08-31T13:34:26.907908+00:00,2026-08-31T13:34:26.927768+00:00,,,110
2026-08-31,YDDL,trail_activate+2_lock+1_distance2_floor-1,first,resting,STOP_LIMIT,2026-08-31T09:28:39+00:00,2026-08-31T14:57:57.973000+00:00,1788184620000,0,2026-08-31T14:21:00+00:00,2026-08-31T14:29:32.217000+00:00,2.44,,2.4156,2.4888,,,,2026-08-31T14:30:03.362775+00:00,2026-08-31T14:30:03.363075+00:00,2.41,floor,-1.2295081967213035,31.146075,0.0,-1.2295081967213035,,,2026-08-31T14:30:03.362775+00:00,,59
2026-08-31,YDDL,trail_activate+2_lock+1_distance2_floor-1,first,resting,STOP_LIMIT,2026-08-31T18:36:26+00:00,2026-08-31T20:12:00.931000+00:00,1788202320000,0,2026-08-31T19:10:00+00:00,2026-08-31T19:10:02.339000+00:00,2.27,,2.2473,2.3154,,,,2026-08-31T19:10:21.283902+00:00,2026-08-31T19:10:21.295385+00:00,2.25,floor,-0.8810572687224677,18.956385,0.0,-1.3215859030836918,,,2026-08-31T19:10:21.283902+00:00,,36
2026-09-01,BIAF,trail_activate+1_lock+0_distance1_floor-2,first,resting,limit,2026-09-01T12:07:07+00:00,,1788267540000,0,2026-09-01T13:00:26.214000+00:00,2026-09-01T13:00:26.214000+00:00,6.7,,6.566,6.767,,,,2026-09-01T13:01:40.447864+00:00,2026-09-01T13:01:40.464534+00:00,6.55,floor,-2.238805970149259,74.250534,0.4477611940298544,-2.238805970149259,,,2026-09-01T13:01:28.307592+00:00,2026-09-01T13:01:40.447864+00:00,522
2026-09-01,BIAF,trail_activate+1_lock+0_distance1_floor-2,reclaim,reactive,limit,2026-09-01T12:07:07+00:00,,1788267540000,1788267720000,2026-09-01T13:07:47.323000+00:00,2026-09-01T13:07:47.323000+00:00,6.82,,6.6836,6.8882,2026-09-01T13:08:23.012496+00:00,6.92,6.8508,2026-09-01T13:08:33.298110+00:00,2026-09-01T13:08:33.298364+00:00,6.84,trail,0.29325513196480313,45.975364,1.4662756598240416,-1.31964809384164,2026-09-01T13:08:23.012496+00:00,,2026-09-01T13:07:47.843293+00:00,,654
2026-09-01,BIAF,trail_activate+1_lock+0_distance1_floor-2,first,resting,STOP_LIMIT,2026-09-01T12:07:07+00:00,,1788271500000,0,2026-09-01T15:31:00+00:00,2026-09-01T15:31:53.572000+00:00,6.6,,6.468,6.6659999999999995,2026-09-01T15:33:19.820746+00:00,6.7,6.633,2026-09-01T15:33:19.851812+00:00,2026-09-01T15:33:20.718578+00:00,6.63,trail,0.45454545454545836,87.146578,1.5151515151515234,-1.5151515151515098,2026-09-01T15:33:19.820746+00:00,,2026-09-01T15:31:54.272293+00:00,,334
2026-09-01,BIAF,trail_activate+1_lock+0_distance1_floor-2,reclaim,resting,STOP_LIMIT,2026-09-01T12:07:07+00:00,,1788271500000,1788276660000,2026-09-01T15:34:00+00:00,2026-09-01T15:34:09.703000+00:00,6.8,,6.664,6.867999999999999,,,,2026-09-01T15:34:23.031626+00:00,2026-09-01T15:34:23.032807+00:00,6.65,floor,-2.2058823529411686,13.329807,0.0,-2.2058823529411686,,,2026-09-01T15:34:11.507038+00:00,2026-09-01T15:34:23.031626+00:00,107
2026-09-01,BIAF,trail_activate+1_lock+0_distance1_floor-2,first,resting,STOP_LIMIT,2026-09-01T12:07:07+00:00,,1788278100000,0,2026-09-01T16:38:00+00:00,2026-09-01T16:39:33.085000+00:00,6.53,,6.3994,6.5953,,,,2026-09-01T16:39:40.872931+00:00,2026-09-01T16:39:40.873136+00:00,6.42,floor,-1.68453292496172,7.788136,0.0,-2.6033690658499222,,,2026-09-01T16:39:40.869534+00:00,2026-09-01T16:39:40.872931+00:00,42
2026-09-01,BIAF,trail_activate+1_lock+0_distance1_floor-2,reclaim,resting,STOP_LIMIT,2026-09-01T12:07:07+00:00,,1788278100000,1788280920000,2026-09-01T16:46:00+00:00,2026-09-01T16:47:38.131000+00:00,6.62,,6.4876,6.6862,,,,2026-09-01T16:47:48.436542+00:00,2026-09-01T16:47:48.436733+00:00,6.51,floor,-1.6616314199395819,10.305733,0.0,-2.567975830815709,,,2026-09-01T16:47:39.206912+00:00,2026-09-01T16:47:48.436542+00:00,18
2026-09-01,BIAF,trail_activate+1_lock+0_distance1_floor-2,first,resting,STOP_LIMIT,2026-09-01T12:07:07+00:00,,1788285300000,0,2026-09-01T18:30:00+00:00,2026-09-01T18:30:13.361000+00:00,6.75,,6.615,6.8175,,,,2026-09-01T18:33:35.229556+00:00,2026-09-01T18:33:35.229717+00:00,6.61,floor,-2.0740740740740695,201.868717,0.29629629629629,-2.0740740740740695,,,2026-09-01T18:30:15.044109+00:00,2026-09-01T18:33:35.229556+00:00,341
2026-09-01,BIAF,trail_activate+1_lock+0_distance1_floor-2,reclaim,resting,STOP_LIMIT,2026-09-01T12:07:07+00:00,,1788285300000,1788288540000,2026-09-01T18:52:00+00:00,2026-09-01T19:06:47.347000+00:00,6.85,,6.712999999999999,6.9185,,,,2026-09-01T19:07:10.559547+00:00,2026-09-01T19:07:10.695339+00:00,6.71,floor,-2.0437956204379515,23.348339,0.43795620437956573,-2.0437956204379515,,,2026-09-01T19:06:47.358353+00:00,2026-09-01T19:07:10.559547+00:00,95
2026-09-01,BIAF,trail_activate+1_lock+0_distance2_floor-2,first,resting,limit,2026-09-01T12:07:07+00:00,,1788267540000,0,2026-09-01T13:00:26.214000+00:00,2026-09-01T13:00:26.214000+00:00,6.7,,6.566,6.767,,,,2026-09-01T13:01:40.447864+00:00,2026-09-01T13:01:40.464534+00:00,6.55,floor,-2.238805970149259,74.250534,0.4477611940298544,-2.238805970149259,,,2026-09-01T13:01:28.307592+00:00,2026-09-01T13:01:40.447864+00:00,522
2026-09-01,BIAF,trail_activate+1_lock+0_distance2_floor-2,reclaim,reactive,limit,2026-09-01T12:07:07+00:00,,1788267540000,1788267720000,2026-09-01T13:07:47.323000+00:00,2026-09-01T13:07:47.323000+00:00,6.82,,6.6836,6.8882,2026-09-01T13:08:23.012496+00:00,6.92,6.82,2026-09-01T13:08:33.304148+00:00,2026-09-01T13:08:33.304524+00:00,6.82,trail,0.0,45.981524,1.4662756598240416,-1.31964809384164,2026-09-01T13:08:23.012496+00:00,,2026-09-01T13:07:47.843293+00:00,,667
2026-09-01,BIAF,trail_activate+1_lock+0_distance2_floor-2,first,resting,STOP_LIMIT,2026-09-01T12:07:07+00:00,,1788271500000,0,2026-09-01T15:31:00+00:00,2026-09-01T15:31:53.572000+00:00,6.6,,6.468,6.6659999999999995,2026-09-01T15:33:19.820746+00:00,6.7,6.6,2026-09-01T15:33:20.719776+00:00,2026-09-01T15:33:20.719944+00:00,6.59,trail,-0.15151515151514827,87.147944,1.5151515151515234,-1.5151515151515098,2026-09-01T15:33:19.820746+00:00,,2026-09-01T15:31:54.272293+00:00,,340
2026-09-01,BIAF,trail_activate+1_lock+0_distance2_floor-2,reclaim,resting,STOP_LIMIT,2026-09-01T12:07:07+00:00,,1788271500000,1788276660000,2026-09-01T15:34:00+00:00,2026-09-01T15:34:09.703000+00:00,6.8,,6.664,6.867999999999999,,,,2026-09-01T15:34:23.031626+00:00,2026-09-01T15:34:23.032807+00:00,6.65,floor,-2.2058823529411686,13.329807,0.0,-2.2058823529411686,,,2026-09-01T15:34:11.507038+00:00,2026-09-01T15:34:23.031626+00:00,107
2026-09-01,BIAF,trail_activate+1_lock+0_distance2_floor-2,first,resting,STOP_LIMIT,2026-09-01T12:07:07+00:00,,1788278100000,0,2026-09-01T16:38:00+00:00,2026-09-01T16:39:33.085000+00:00,6.53,,6.3994,6.5953,,,,2026-09-01T16:39:40.872931+00:00,2026-09-01T16:39:40.873136+00:00,6.42,floor,-1.68453292496172,7.788136,0.0,-2.6033690658499222,,,2026-09-01T16:39:40.869534+00:00,2026-09-01T16:39:40.872931+00:00,42
2026-09-01,BIAF,trail_activate+1_lock+0_distance2_floor-2,reclaim,resting,STOP_LIMIT,2026-09-01T12:07:07+00:00,,1788278100000,1788280920000,2026-09-01T16:46:00+00:00,2026-09-01T16:47:38.131000+00:00,6.62,,6.4876,6.6862,,,,2026-09-01T16:47:48.436542+00:00,2026-09-01T16:47:48.436733+00:00,6.51,floor,-1.6616314199395819,10.305733,0.0,-2.567975830815709,,,2026-09-01T16:47:39.206912+00:00,2026-09-01T16:47:48.436542+00:00,18
2026-09-01,BIAF,trail_activate+1_lock+0_distance2_floor-2,first,resting,STOP_LIMIT,2026-09-01T12:07:07+00:00,,1788285300000,0,2026-09-01T18:30:00+00:00,2026-09-01T18:30:13.361000+00:00,6.75,,6.615,6.8175,,,,2026-09-01T18:33:35.229556+00:00,2026-09-01T18:33:35.229717+00:00,6.61,floor,-2.0740740740740695,201.868717,0.29629629629629,-2.0740740740740695,,,2026-09-01T18:30:15.044109+00:00,2026-09-01T18:33:35.229556+00:00,341
2026-09-01,BIAF,trail_activate+1_lock+0_distance2_floor-2,reclaim,resting,STOP_LIMIT,2026-09-01T12:07:07+00:00,,1788285300000,1788288540000,2026-09-01T18:52:00+00:00,2026-09-01T19:06:47.347000+00:00,6.85,,6.712999999999999,6.9185,,,,2026-09-01T19:07:10.559547+00:00,2026-09-01T19:07:10.695339+00:00,6.71,floor,-2.0437956204379515,23.348339,0.43795620437956573,-2.0437956204379515,,,2026-09-01T19:06:47.358353+00:00,2026-09-01T19:07:10.559547+00:00,95
2026-09-01,BIAF,trail_activate+2_lock+1_distance1_floor-2,first,resting,limit,2026-09-01T12:07:07+00:00,,1788267540000,0,2026-09-01T13:00:26.214000+00:00,2026-09-01T13:00:26.214000+00:00,6.7,,6.566,6.8340000000000005,,,,2026-09-01T13:01:40.447864+00:00,2026-09-01T13:01:40.464534+00:00,6.55,floor,-2.238805970149259,74.250534,0.4477611940298544,-2.238805970149259,,,2026-09-01T13:01:28.307592+00:00,2026-09-01T13:01:40.447864+00:00,522
2026-09-01,BIAF,trail_activate+2_lock+1_distance1_floor-2,reclaim,reactive,limit,2026-09-01T12:07:07+00:00,,1788267540000,1788267720000,2026-09-01T13:07:47.323000+00:00,2026-09-01T13:07:47.323000+00:00,6.82,,6.6836,6.9564,,,,2026-09-01T13:13:36.432673+00:00,2026-09-01T13:13:36.433212+00:00,6.67,floor,-2.1994134897360755,349.110212,1.7595307917888579,-2.1994134897360755,2026-09-01T13:08:23.012496+00:00,,2026-09-01T13:07:47.843293+00:00,2026-09-01T13:13:36.432673+00:00,2092
2026-09-01,BIAF,trail_activate+2_lock+1_distance1_floor-2,first,resting,STOP_LIMIT,2026-09-01T12:07:07+00:00,,1788271500000,0,2026-09-01T15:31:00+00:00,2026-09-01T15:31:53.572000+00:00,6.6,,6.468,6.731999999999999,2026-09-01T15:33:22.544201+00:00,6.74,6.6726,2026-09-01T15:33:23.414414+00:00,2026-09-01T15:33:23.517892+00:00,6.67,trail,1.060606060606065,89.945892,2.12121212121213,-1.5151515151515098,2026-09-01T15:33:19.820746+00:00,2026-09-01T15:33:22.544201+00:00,2026-09-01T15:31:54.272293+00:00,,620
2026-09-01,BIAF,trail_activate+2_lock+1_distance1_floor-2,reclaim,resting,STOP_LIMIT,2026-09-01T12:07:07+00:00,,1788271500000,1788276660000,2026-09-01T15:34:00+00:00,2026-09-01T15:34:09.703000+00:00,6.8,,6.664,6.936,,,,2026-09-01T15:34:23.031626+00:00,2026-09-01T15:34:23.032807+00:00,6.65,floor,-2.2058823529411686,13.329807,0.0,-2.2058823529411686,,,2026-09-01T15:34:11.507038+00:00,2026-09-01T15:34:23.031626+00:00,107
2026-09-01,BIAF,trail_activate+2_lock+1_distance1_floor-2,first,resting,STOP_LIMIT,2026-09-01T12:07:07+00:00,,1788278100000,0,2026-09-01T16:38:00+00:00,2026-09-01T16:39:33.085000+00:00,6.53,,6.3994,6.6606000000000005,,,,2026-09-01T16:39:40.872931+00:00,2026-09-01T16:39:40.873136+00:00,6.42,floor,-1.68453292496172,7.788136,0.0,-2.6033690658499222,,,2026-09-01T16:39:40.869534+00:00,2026-09-01T16:39:40.872931+00:00,42
2026-09-01,BIAF,trail_activate+2_lock+1_distance1_floor-2,reclaim,resting,STOP_LIMIT,2026-09-01T12:07:07+00:00,,1788278100000,1788280920000,2026-09-01T16:46:00+00:00,2026-09-01T16:47:38.131000+00:00,6.62,,6.4876,6.752400000000001,,,,2026-09-01T16:47:48.436542+00:00,2026-09-01T16:47:48.436733+00:00,6.51,floor,-1.6616314199395819,10.305733,0.0,-2.567975830815709,,,2026-09-01T16:47:39.206912+00:00,2026-09-01T16:47:48.436542+00:00,18
2026-09-01,BIAF,trail_activate+2_lock+1_distance1_floor-2,first,resting,STOP_LIMIT,2026-09-01T12:07:07+00:00,,1788285300000,0,2026-09-01T18:30:00+00:00,2026-09-01T18:30:13.361000+00:00,6.75,,6.615,6.885,,,,2026-09-01T18:33:35.229556+00:00,2026-09-01T18:33:35.229717+00:00,6.61,floor,-2.0740740740740695,201.868717,0.29629629629629,-2.0740740740740695,,,2026-09-01T18:30:15.044109+00:00,2026-09-01T18:33:35.229556+00:00,341
2026-09-01,BIAF,trail_activate+2_lock+1_distance1_floor-2,reclaim,resting,STOP_LIMIT,2026-09-01T12:07:07+00:00,,1788285300000,1788288540000,2026-09-01T18:52:00+00:00,2026-09-01T19:06:47.347000+00:00,6.85,,6.712999999999999,6.987,,,,2026-09-01T19:07:10.559547+00:00,2026-09-01T19:07:10.695339+00:00,6.71,floor,-2.0437956204379515,23.348339,0.43795620437956573,-2.0437956204379515,,,2026-09-01T19:06:47.358353+00:00,2026-09-01T19:07:10.559547+00:00,95
2026-09-01,BIAF,trail_activate+2_lock+1_distance2_floor-2,first,resting,limit,2026-09-01T12:07:07+00:00,,1788267540000,0,2026-09-01T13:00:26.214000+00:00,2026-09-01T13:00:26.214000+00:00,6.7,,6.566,6.8340000000000005,,,,2026-09-01T13:01:40.447864+00:00,2026-09-01T13:01:40.464534+00:00,6.55,floor,-2.238805970149259,74.250534,0.4477611940298544,-2.238805970149259,,,2026-09-01T13:01:28.307592+00:00,2026-09-01T13:01:40.447864+00:00,522
2026-09-01,BIAF,trail_activate+2_lock+1_distance2_floor-2,reclaim,reactive,limit,2026-09-01T12:07:07+00:00,,1788267540000,1788267720000,2026-09-01T13:07:47.323000+00:00,2026-09-01T13:07:47.323000+00:00,6.82,,6.6836,6.9564,,,,2026-09-01T13:13:36.432673+00:00,2026-09-01T13:13:36.433212+00:00,6.67,floor,-2.1994134897360755,349.110212,1.7595307917888579,-2.1994134897360755,2026-09-01T13:08:23.012496+00:00,,2026-09-01T13:07:47.843293+00:00,2026-09-01T13:13:36.432673+00:00,2092
2026-09-01,BIAF,trail_activate+2_lock+1_distance2_floor-2,first,resting,STOP_LIMIT,2026-09-01T12:07:07+00:00,,1788271500000,0,2026-09-01T15:31:00+00:00,2026-09-01T15:31:53.572000+00:00,6.6,,6.468,6.731999999999999,2026-09-01T15:33:22.544201+00:00,6.74,6.6659999999999995,2026-09-01T15:33:24.032512+00:00,2026-09-01T15:33:24.033287+00:00,6.65,trail,0.7575757575757683,90.461287,2.12121212121213,-1.5151515151515098,2026-09-01T15:33:19.820746+00:00,2026-09-01T15:33:22.544201+00:00,2026-09-01T15:31:54.272293+00:00,,633
2026-09-01,BIAF,trail_activate+2_lock+1_distance2_floor-2,reclaim,resting,STOP_LIMIT,2026-09-01T12:07:07+00:00,,1788271500000,1788276660000,2026-09-01T15:34:00+00:00,2026-09-01T15:34:09.703000+00:00,6.8,,6.664,6.936,,,,2026-09-01T15:34:23.031626+00:00,2026-09-01T15:34:23.032807+00:00,6.65,floor,-2.2058823529411686,13.329807,0.0,-2.2058823529411686,,,2026-09-01T15:34:11.507038+00:00,2026-09-01T15:34:23.031626+00:00,107
2026-09-01,BIAF,trail_activate+2_lock+1_distance2_floor-2,first,resting,STOP_LIMIT,2026-09-01T12:07:07+00:00,,1788278100000,0,2026-09-01T16:38:00+00:00,2026-09-01T16:39:33.085000+00:00,6.53,,6.3994,6.6606000000000005,,,,2026-09-01T16:39:40.872931+00:00,2026-09-01T16:39:40.873136+00:00,6.42,floor,-1.68453292496172,7.788136,0.0,-2.6033690658499222,,,2026-09-01T16:39:40.869534+00:00,2026-09-01T16:39:40.872931+00:00,42
2026-09-01,BIAF,trail_activate+2_lock+1_distance2_floor-2,reclaim,resting,STOP_LIMIT,2026-09-01T12:07:07+00:00,,1788278100000,1788280920000,2026-09-01T16:46:00+00:00,2026-09-01T16:47:38.131000+00:00,6.62,,6.4876,6.752400000000001,,,,2026-09-01T16:47:48.436542+00:00,2026-09-01T16:47:48.436733+00:00,6.51,floor,-1.6616314199395819,10.305733,0.0,-2.567975830815709,,,2026-09-01T16:47:39.206912+00:00,2026-09-01T16:47:48.436542+00:00,18
2026-09-01,BIAF,trail_activate+2_lock+1_distance2_floor-2,first,resting,STOP_LIMIT,2026-09-01T12:07:07+00:00,,1788285300000,0,2026-09-01T18:30:00+00:00,2026-09-01T18:30:13.361000+00:00,6.75,,6.615,6.885,,,,2026-09-01T18:33:35.229556+00:00,2026-09-01T18:33:35.229717+00:00,6.61,floor,-2.0740740740740695,201.868717,0.29629629629629,-2.0740740740740695,,,2026-09-01T18:30:15.044109+00:00,2026-09-01T18:33:35.229556+00:00,341
2026-09-01,BIAF,trail_activate+2_lock+1_distance2_floor-2,reclaim,resting,STOP_LIMIT,2026-09-01T12:07:07+00:00,,1788285300000,1788288540000,2026-09-01T18:52:00+00:00,2026-09-01T19:06:47.347000+00:00,6.85,,6.712999999999999,6.987,,,,2026-09-01T19:07:10.559547+00:00,2026-09-01T19:07:10.695339+00:00,6.71,floor,-2.0437956204379515,23.348339,0.43795620437956573,-2.0437956204379515,,,2026-09-01T19:06:47.358353+00:00,2026-09-01T19:07:10.559547+00:00,95
2026-09-01,BIAF,trail_activate+1_lock+0_distance1_floor-1,first,resting,limit,2026-09-01T12:07:07+00:00,,1788267540000,0,2026-09-01T13:00:26.214000+00:00,2026-09-01T13:00:26.214000+00:00,6.7,,6.633,6.767,,,,2026-09-01T13:01:28.307592+00:00,2026-09-01T13:01:28.307845+00:00,6.63,floor,-1.0447761194029892,62.093845,0.4477611940298544,-1.0447761194029892,,,2026-09-01T13:01:28.307592+00:00,,459
2026-09-01,BIAF,trail_activate+1_lock+0_distance1_floor-1,reclaim,reactive,limit,2026-09-01T12:07:07+00:00,,1788267540000,1788267720000,2026-09-01T13:07:47.323000+00:00,2026-09-01T13:07:47.323000+00:00,6.82,,6.7518,6.8882,,,,2026-09-01T13:07:47.843293+00:00,2026-09-01T13:07:47.852627+00:00,6.73,floor,-1.31964809384164,0.529627,0.0,-1.31964809384164,,,2026-09-01T13:07:47.843293+00:00,,2
2026-09-01,BIAF,trail_activate+1_lock+0_distance1_floor-1,first,resting,STOP_LIMIT,2026-09-01T12:07:07+00:00,,1788271500000,0,2026-09-01T15:31:00+00:00,2026-09-01T15:31:53.572000+00:00,6.6,,6.534,6.6659999999999995,,,,2026-09-01T15:31:54.272293+00:00,2026-09-01T15:31:54.272601+00:00,6.51,floor,-1.3636363636363615,0.700601,0.0,-1.3636363636363615,,,2026-09-01T15:31:54.272293+00:00,,2
2026-09-01,BIAF,trail_activate+1_lock+0_distance1_floor-1,reclaim,resting,STOP_LIMIT,2026-09-01T12:07:07+00:00,,1788271500000,1788276660000,2026-09-01T15:34:00+00:00,2026-09-01T15:34:09.703000+00:00,6.8,,6.732,6.867999999999999,,,,2026-09-01T15:34:11.507038+00:00,2026-09-01T15:34:11.507903+00:00,6.73,floor,-1.0294117647058736,1.804903,0.0,-1.0294117647058736,,,2026-09-01T15:34:11.507038+00:00,,36
2026-09-01,BIAF,trail_activate+1_lock+0_distance1_floor-1,first,resting,STOP_LIMIT,2026-09-01T12:07:07+00:00,,1788278100000,0,2026-09-01T16:38:00+00:00,2026-09-01T16:39:33.085000+00:00,6.53,,6.464700000000001,6.5953,,,,2026-09-01T16:39:40.869534+00:00,2026-09-01T16:39:40.870257+00:00,6.41,floor,-1.8376722817764182,7.785257,0.0,-1.8376722817764182,,,2026-09-01T16:39:40.869534+00:00,,33
2026-09-01,BIAF,trail_activate+1_lock+0_distance1_floor-1,reclaim,resting,STOP_LIMIT,2026-09-01T12:07:07+00:00,,1788278100000,1788280920000,2026-09-01T16:46:00+00:00,2026-09-01T16:47:38.131000+00:00,6.62,,6.5538,6.6862,,,,2026-09-01T16:47:39.206912+00:00,2026-09-01T16:47:39.207212+00:00,6.53,floor,-1.3595166163141972,1.076212,0.0,-1.3595166163141972,,,2026-09-01T16:47:39.206912+00:00,,2
2026-09-01,BIAF,trail_activate+1_lock+0_distance1_floor-1,first,resting,STOP_LIMIT,2026-09-01T12:07:07+00:00,,1788285300000,0,2026-09-01T18:30:00+00:00,2026-09-01T18:30:13.361000+00:00,6.75,,6.6825,6.8175,,,,2026-09-01T18:30:15.044109+00:00,2026-09-01T18:30:19.281452+00:00,6.69,floor,-0.8888888888888832,5.920452,0.0,-1.481481481481476,,,2026-09-01T18:30:15.044109+00:00,,2
2026-09-01,BIAF,trail_activate+1_lock+0_distance1_floor-1,reclaim,resting,STOP_LIMIT,2026-09-01T12:07:07+00:00,,1788285300000,1788288540000,2026-09-01T18:52:00+00:00,2026-09-01T19:06:47.347000+00:00,6.85,,6.781499999999999,6.9185,,,,2026-09-01T19:06:47.358353+00:00,2026-09-01T19:06:47.442329+00:00,6.75,floor,-1.459854014598535,0.095329,0.0,-1.459854014598535,,,2026-09-01T19:06:47.358353+00:00,,2
2026-09-01,BIAF,trail_activate+1_lock+0_distance2_floor-1,first,resting,limit,2026-09-01T12:07:07+00:00,,1788267540000,0,2026-09-01T13:00:26.214000+00:00,2026-09-01T13:00:26.214000+00:00,6.7,,6.633,6.767,,,,2026-09-01T13:01:28.307592+00:00,2026-09-01T13:01:28.307845+00:00,6.63,floor,-1.0447761194029892,62.093845,0.4477611940298544,-1.0447761194029892,,,2026-09-01T13:01:28.307592+00:00,,459
2026-09-01,BIAF,trail_activate+1_lock+0_distance2_floor-1,reclaim,reactive,limit,2026-09-01T12:07:07+00:00,,1788267540000,1788267720000,2026-09-01T13:07:47.323000+00:00,2026-09-01T13:07:47.323000+00:00,6.82,,6.7518,6.8882,,,,2026-09-01T13:07:47.843293+00:00,2026-09-01T13:07:47.852627+00:00,6.73,floor,-1.31964809384164,0.529627,0.0,-1.31964809384164,,,2026-09-01T13:07:47.843293+00:00,,2
2026-09-01,BIAF,trail_activate+1_lock+0_distance2_floor-1,first,resting,STOP_LIMIT,2026-09-01T12:07:07+00:00,,1788271500000,0,2026-09-01T15:31:00+00:00,2026-09-01T15:31:53.572000+00:00,6.6,,6.534,6.6659999999999995,,,,2026-09-01T15:31:54.272293+00:00,2026-09-01T15:31:54.272601+00:00,6.51,floor,-1.3636363636363615,0.700601,0.0,-1.3636363636363615,,,2026-09-01T15:31:54.272293+00:00,,2
2026-09-01,BIAF,trail_activate+1_lock+0_distance2_floor-1,reclaim,resting,STOP_LIMIT,2026-09-01T12:07:07+00:00,,1788271500000,1788276660000,2026-09-01T15:34:00+00:00,2026-09-01T15:34:09.703000+00:00,6.8,,6.732,6.867999999999999,,,,2026-09-01T15:34:11.507038+00:00,2026-09-01T15:34:11.507903+00:00,6.73,floor,-1.0294117647058736,1.804903,0.0,-1.0294117647058736,,,2026-09-01T15:34:11.507038+00:00,,36
2026-09-01,BIAF,trail_activate+1_lock+0_distance2_floor-1,first,resting,STOP_LIMIT,2026-09-01T12:07:07+00:00,,1788278100000,0,2026-09-01T16:38:00+00:00,2026-09-01T16:39:33.085000+00:00,6.53,,6.464700000000001,6.5953,,,,2026-09-01T16:39:40.869534+00:00,2026-09-01T16:39:40.870257+00:00,6.41,floor,-1.8376722817764182,7.785257,0.0,-1.8376722817764182,,,2026-09-01T16:39:40.869534+00:00,,33
2026-09-01,BIAF,trail_activate+1_lock+0_distance2_floor-1,reclaim,resting,STOP_LIMIT,2026-09-01T12:07:07+00:00,,1788278100000,1788280920000,2026-09-01T16:46:00+00:00,2026-09-01T16:47:38.131000+00:00,6.62,,6.5538,6.6862,,,,2026-09-01T16:47:39.206912+00:00,2026-09-01T16:47:39.207212+00:00,6.53,floor,-1.3595166163141972,1.076212,0.0,-1.3595166163141972,,,2026-09-01T16:47:39.206912+00:00,,2
2026-09-01,BIAF,trail_activate+1_lock+0_distance2_floor-1,first,resting,STOP_LIMIT,2026-09-01T12:07:07+00:00,,1788285300000,0,2026-09-01T18:30:00+00:00,2026-09-01T18:30:13.361000+00:00,6.75,,6.6825,6.8175,,,,2026-09-01T18:30:15.044109+00:00,2026-09-01T18:30:19.281452+00:00,6.69,floor,-0.8888888888888832,5.920452,0.0,-1.481481481481476,,,2026-09-01T18:30:15.044109+00:00,,2
2026-09-01,BIAF,trail_activate+1_lock+0_distance2_floor-1,reclaim,resting,STOP_LIMIT,2026-09-01T12:07:07+00:00,,1788285300000,1788288540000,2026-09-01T18:52:00+00:00,2026-09-01T19:06:47.347000+00:00,6.85,,6.781499999999999,6.9185,,,,2026-09-01T19:06:47.358353+00:00,2026-09-01T19:06:47.442329+00:00,6.75,floor,-1.459854014598535,0.095329,0.0,-1.459854014598535,,,2026-09-01T19:06:47.358353+00:00,,2
2026-09-01,BIAF,trail_activate+2_lock+1_distance1_floor-1,first,resting,limit,2026-09-01T12:07:07+00:00,,1788267540000,0,2026-09-01T13:00:26.214000+00:00,2026-09-01T13:00:26.214000+00:00,6.7,,6.633,6.8340000000000005,,,,2026-09-01T13:01:28.307592+00:00,2026-09-01T13:01:28.307845+00:00,6.63,floor,-1.0447761194029892,62.093845,0.4477611940298544,-1.0447761194029892,,,2026-09-01T13:01:28.307592+00:00,,459
2026-09-01,BIAF,trail_activate+2_lock+1_distance1_floor-1,reclaim,reactive,limit,2026-09-01T12:07:07+00:00,,1788267540000,1788267720000,2026-09-01T13:07:47.323000+00:00,2026-09-01T13:07:47.323000+00:00,6.82,,6.7518,6.9564,,,,2026-09-01T13:07:47.843293+00:00,2026-09-01T13:07:47.852627+00:00,6.73,floor,-1.31964809384164,0.529627,0.0,-1.31964809384164,,,2026-09-01T13:07:47.843293+00:00,,2
2026-09-01,BIAF,trail_activate+2_lock+1_distance1_floor-1,first,resting,STOP_LIMIT,2026-09-01T12:07:07+00:00,,1788271500000,0,2026-09-01T15:31:00+00:00,2026-09-01T15:31:53.572000+00:00,6.6,,6.534,6.731999999999999,,,,2026-09-01T15:31:54.272293+00:00,2026-09-01T15:31:54.272601+00:00,6.51,floor,-1.3636363636363615,0.700601,0.0,-1.3636363636363615,,,2026-09-01T15:31:54.272293+00:00,,2
2026-09-01,BIAF,trail_activate+2_lock+1_distance1_floor-1,reclaim,resting,STOP_LIMIT,2026-09-01T12:07:07+00:00,,1788271500000,1788276660000,2026-09-01T15:34:00+00:00,2026-09-01T15:34:09.703000+00:00,6.8,,6.732,6.936,,,,2026-09-01T15:34:11.507038+00:00,2026-09-01T15:34:11.507903+00:00,6.73,floor,-1.0294117647058736,1.804903,0.0,-1.0294117647058736,,,2026-09-01T15:34:11.507038+00:00,,36
2026-09-01,BIAF,trail_activate+2_lock+1_distance1_floor-1,first,resting,STOP_LIMIT,2026-09-01T12:07:07+00:00,,1788278100000,0,2026-09-01T16:38:00+00:00,2026-09-01T16:39:33.085000+00:00,6.53,,6.464700000000001,6.6606000000000005,,,,2026-09-01T16:39:40.869534+00:00,2026-09-01T16:39:40.870257+00:00,6.41,floor,-1.8376722817764182,7.785257,0.0,-1.8376722817764182,,,2026-09-01T16:39:40.869534+00:00,,33
2026-09-01,BIAF,trail_activate+2_lock+1_distance1_floor-1,reclaim,resting,STOP_LIMIT,2026-09-01T12:07:07+00:00,,1788278100000,1788280920000,2026-09-01T16:46:00+00:00,2026-09-01T16:47:38.131000+00:00,6.62,,6.5538,6.752400000000001,,,,2026-09-01T16:47:39.206912+00:00,2026-09-01T16:47:39.207212+00:00,6.53,floor,-1.3595166163141972,1.076212,0.0,-1.3595166163141972,,,2026-09-01T16:47:39.206912+00:00,,2
2026-09-01,BIAF,trail_activate+2_lock+1_distance1_floor-1,first,resting,STOP_LIMIT,2026-09-01T12:07:07+00:00,,1788285300000,0,2026-09-01T18:30:00+00:00,2026-09-01T18:30:13.361000+00:00,6.75,,6.6825,6.885,,,,2026-09-01T18:30:15.044109+00:00,2026-09-01T18:30:19.281452+00:00,6.69,floor,-0.8888888888888832,5.920452,0.0,-1.481481481481476,,,2026-09-01T18:30:15.044109+00:00,,2
2026-09-01,BIAF,trail_activate+2_lock+1_distance1_floor-1,reclaim,resting,STOP_LIMIT,2026-09-01T12:07:07+00:00,,1788285300000,1788288540000,2026-09-01T18:52:00+00:00,2026-09-01T19:06:47.347000+00:00,6.85,,6.781499999999999,6.987,,,,2026-09-01T19:06:47.358353+00:00,2026-09-01T19:06:47.442329+00:00,6.75,floor,-1.459854014598535,0.095329,0.0,-1.459854014598535,,,2026-09-01T19:06:47.358353+00:00,,2
2026-09-01,BIAF,trail_activate+2_lock+1_distance2_floor-1,first,resting,limit,2026-09-01T12:07:07+00:00,,1788267540000,0,2026-09-01T13:00:26.214000+00:00,2026-09-01T13:00:26.214000+00:00,6.7,,6.633,6.8340000000000005,,,,2026-09-01T13:01:28.307592+00:00,2026-09-01T13:01:28.307845+00:00,6.63,floor,-1.0447761194029892,62.093845,0.4477611940298544,-1.0447761194029892,,,2026-09-01T13:01:28.307592+00:00,,459
2026-09-01,BIAF,trail_activate+2_lock+1_distance2_floor-1,reclaim,reactive,limit,2026-09-01T12:07:07+00:00,,1788267540000,1788267720000,2026-09-01T13:07:47.323000+00:00,2026-09-01T13:07:47.323000+00:00,6.82,,6.7518,6.9564,,,,2026-09-01T13:07:47.843293+00:00,2026-09-01T13:07:47.852627+00:00,6.73,floor,-1.31964809384164,0.529627,0.0,-1.31964809384164,,,2026-09-01T13:07:47.843293+00:00,,2
2026-09-01,BIAF,trail_activate+2_lock+1_distance2_floor-1,first,resting,STOP_LIMIT,2026-09-01T12:07:07+00:00,,1788271500000,0,2026-09-01T15:31:00+00:00,2026-09-01T15:31:53.572000+00:00,6.6,,6.534,6.731999999999999,,,,2026-09-01T15:31:54.272293+00:00,2026-09-01T15:31:54.272601+00:00,6.51,floor,-1.3636363636363615,0.700601,0.0,-1.3636363636363615,,,2026-09-01T15:31:54.272293+00:00,,2
2026-09-01,BIAF,trail_activate+2_lock+1_distance2_floor-1,reclaim,resting,STOP_LIMIT,2026-09-01T12:07:07+00:00,,1788271500000,1788276660000,2026-09-01T15:34:00+00:00,2026-09-01T15:34:09.703000+00:00,6.8,,6.732,6.936,,,,2026-09-01T15:34:11.507038+00:00,2026-09-01T15:34:11.507903+00:00,6.73,floor,-1.0294117647058736,1.804903,0.0,-1.0294117647058736,,,2026-09-01T15:34:11.507038+00:00,,36
2026-09-01,BIAF,trail_activate+2_lock+1_distance2_floor-1,first,resting,STOP_LIMIT,2026-09-01T12:07:07+00:00,,1788278100000,0,2026-09-01T16:38:00+00:00,2026-09-01T16:39:33.085000+00:00,6.53,,6.464700000000001,6.6606000000000005,,,,2026-09-01T16:39:40.869534+00:00,2026-09-01T16:39:40.870257+00:00,6.41,floor,-1.8376722817764182,7.785257,0.0,-1.8376722817764182,,,2026-09-01T16:39:40.869534+00:00,,33
2026-09-01,BIAF,trail_activate+2_lock+1_distance2_floor-1,reclaim,resting,STOP_LIMIT,2026-09-01T12:07:07+00:00,,1788278100000,1788280920000,2026-09-01T16:46:00+00:00,2026-09-01T16:47:38.131000+00:00,6.62,,6.5538,6.752400000000001,,,,2026-09-01T16:47:39.206912+00:00,2026-09-01T16:47:39.207212+00:00,6.53,floor,-1.3595166163141972,1.076212,0.0,-1.3595166163141972,,,2026-09-01T16:47:39.206912+00:00,,2
2026-09-01,BIAF,trail_activate+2_lock+1_distance2_floor-1,first,resting,STOP_LIMIT,2026-09-01T12:07:07+00:00,,1788285300000,0,2026-09-01T18:30:00+00:00,2026-09-01T18:30:13.361000+00:00,6.75,,6.6825,6.885,,,,2026-09-01T18:30:15.044109+00:00,2026-09-01T18:30:19.281452+00:00,6.69,floor,-0.8888888888888832,5.920452,0.0,-1.481481481481476,,,2026-09-01T18:30:15.044109+00:00,,2
2026-09-01,BIAF,trail_activate+2_lock+1_distance2_floor-1,reclaim,resting,STOP_LIMIT,2026-09-01T12:07:07+00:00,,1788285300000,1788288540000,2026-09-01T18:52:00+00:00,2026-09-01T19:06:47.347000+00:00,6.85,,6.781499999999999,6.987,,,,2026-09-01T19:06:47.358353+00:00,2026-09-01T19:06:47.442329+00:00,6.75,floor,-1.459854014598535,0.095329,0.0,-1.459854014598535,,,2026-09-01T19:06:47.358353+00:00,,2
2026-09-01,FLYE,trail_activate+1_lock+0_distance1_floor-2,first,resting,STOP_LIMIT,2026-09-01T15:23:09+00:00,,1788276780000,0,2026-09-01T15:37:00+00:00,2026-09-01T15:37:54.135000+00:00,1.89,,1.8521999999999998,1.9088999999999998,,,,2026-09-01T15:38:07.693311+00:00,2026-09-01T15:38:07.693593+00:00,1.85,floor,-2.1164021164021065,13.558593,0.0,-2.1164021164021065,,,2026-09-01T15:38:00.666707+00:00,2026-09-01T15:38:07.693311+00:00,56
2026-09-01,FLYE,trail_activate+1_lock+0_distance1_floor-2,reclaim,resting,STOP_LIMIT,2026-09-01T15:23:09+00:00,,1788276780000,1788277020000,2026-09-01T15:40:00+00:00,2026-09-01T15:41:13.048000+00:00,1.89,,1.8521999999999998,1.9088999999999998,,,,2026-09-01T15:43:23.232309+00:00,2026-09-01T15:43:23.232992+00:00,1.85,floor,-2.1164021164021065,130.184992,0.0,-2.1164021164021065,,,2026-09-01T15:41:16.031787+00:00,2026-09-01T15:43:23.232309+00:00,136
2026-09-01,FLYE,trail_activate+1_lock+0_distance1_floor-2,reclaim,resting,STOP_LIMIT,2026-09-01T15:23:09+00:00,,1788281700000,1788284880000,2026-09-01T17:51:00+00:00,2026-09-01T17:57:53.300000+00:00,2.1,,2.058,2.121,,,,2026-09-01T17:59:40.901644+00:00,2026-09-01T17:59:40.901841+00:00,2.05,floor,-2.380952380952394,107.601841,0.476190476190466,-2.380952380952394,,,2026-09-01T17:59:04.496712+00:00,2026-09-01T17:59:40.901644+00:00,285
2026-09-01,FLYE,trail_activate+1_lock+0_distance2_floor-2,first,resting,STOP_LIMIT,2026-09-01T15:23:09+00:00,,1788276780000,0,2026-09-01T15:37:00+00:00,2026-09-01T15:37:54.135000+00:00,1.89,,1.8521999999999998,1.9088999999999998,,,,2026-09-01T15:38:07.693311+00:00,2026-09-01T15:38:07.693593+00:00,1.85,floor,-2.1164021164021065,13.558593,0.0,-2.1164021164021065,,,2026-09-01T15:38:00.666707+00:00,2026-09-01T15:38:07.693311+00:00,56
2026-09-01,FLYE,trail_activate+1_lock+0_distance2_floor-2,reclaim,resting,STOP_LIMIT,2026-09-01T15:23:09+00:00,,1788276780000,1788277020000,2026-09-01T15:40:00+00:00,2026-09-01T15:41:13.048000+00:00,1.89,,1.8521999999999998,1.9088999999999998,,,,2026-09-01T15:43:23.232309+00:00,2026-09-01T15:43:23.232992+00:00,1.85,floor,-2.1164021164021065,130.184992,0.0,-2.1164021164021065,,,2026-09-01T15:41:16.031787+00:00,2026-09-01T15:43:23.232309+00:00,136
2026-09-01,FLYE,trail_activate+1_lock+0_distance2_floor-2,reclaim,resting,STOP_LIMIT,2026-09-01T15:23:09+00:00,,1788281700000,1788284880000,2026-09-01T17:51:00+00:00,2026-09-01T17:57:53.300000+00:00,2.1,,2.058,2.121,,,,2026-09-01T17:59:40.901644+00:00,2026-09-01T17:59:40.901841+00:00,2.05,floor,-2.380952380952394,107.601841,0.476190476190466,-2.380952380952394,,,2026-09-01T17:59:04.496712+00:00,2026-09-01T17:59:40.901644+00:00,285
2026-09-01,FLYE,trail_activate+2_lock+1_distance1_floor-2,first,resting,STOP_LIMIT,2026-09-01T15:23:09+00:00,,1788276780000,0,2026-09-01T15:37:00+00:00,2026-09-01T15:37:54.135000+00:00,1.89,,1.8521999999999998,1.9278,,,,2026-09-01T15:38:07.693311+00:00,2026-09-01T15:38:07.693593+00:00,1.85,floor,-2.1164021164021065,13.558593,0.0,-2.1164021164021065,,,2026-09-01T15:38:00.666707+00:00,2026-09-01T15:38:07.693311+00:00,56
2026-09-01,FLYE,trail_activate+2_lock+1_distance1_floor-2,reclaim,resting,STOP_LIMIT,2026-09-01T15:23:09+00:00,,1788276780000,1788277020000,2026-09-01T15:40:00+00:00,2026-09-01T15:41:13.048000+00:00,1.89,,1.8521999999999998,1.9278,,,,2026-09-01T15:43:23.232309+00:00,2026-09-01T15:43:23.232992+00:00,1.85,floor,-2.1164021164021065,130.184992,0.0,-2.1164021164021065,,,2026-09-01T15:41:16.031787+00:00,2026-09-01T15:43:23.232309+00:00,136
2026-09-01,FLYE,trail_activate+2_lock+1_distance1_floor-2,reclaim,resting,STOP_LIMIT,2026-09-01T15:23:09+00:00,,1788281700000,1788284880000,2026-09-01T17:51:00+00:00,2026-09-01T17:57:53.300000+00:00,2.1,,2.058,2.1420000000000003,,,,2026-09-01T17:59:40.901644+00:00,2026-09-01T17:59:40.901841+00:00,2.05,floor,-2.380952380952394,107.601841,0.476190476190466,-2.380952380952394,,,2026-09-01T17:59:04.496712+00:00,2026-09-01T17:59:40.901644+00:00,285
2026-09-01,FLYE,trail_activate+2_lock+1_distance2_floor-2,first,resting,STOP_LIMIT,2026-09-01T15:23:09+00:00,,1788276780000,0,2026-09-01T15:37:00+00:00,2026-09-01T15:37:54.135000+00:00,1.89,,1.8521999999999998,1.9278,,,,2026-09-01T15:38:07.693311+00:00,2026-09-01T15:38:07.693593+00:00,1.85,floor,-2.1164021164021065,13.558593,0.0,-2.1164021164021065,,,2026-09-01T15:38:00.666707+00:00,2026-09-01T15:38:07.693311+00:00,56
2026-09-01,FLYE,trail_activate+2_lock+1_distance2_floor-2,reclaim,resting,STOP_LIMIT,2026-09-01T15:23:09+00:00,,1788276780000,1788277020000,2026-09-01T15:40:00+00:00,2026-09-01T15:41:13.048000+00:00,1.89,,1.8521999999999998,1.9278,,,,2026-09-01T15:43:23.232309+00:00,2026-09-01T15:43:23.232992+00:00,1.85,floor,-2.1164021164021065,130.184992,0.0,-2.1164021164021065,,,2026-09-01T15:41:16.031787+00:00,2026-09-01T15:43:23.232309+00:00,136
2026-09-01,FLYE,trail_activate+2_lock+1_distance2_floor-2,reclaim,resting,STOP_LIMIT,2026-09-01T15:23:09+00:00,,1788281700000,1788284880000,2026-09-01T17:51:00+00:00,2026-09-01T17:57:53.300000+00:00,2.1,,2.058,2.1420000000000003,,,,2026-09-01T17:59:40.901644+00:00,2026-09-01T17:59:40.901841+00:00,2.05,floor,-2.380952380952394,107.601841,0.476190476190466,-2.380952380952394,,,2026-09-01T17:59:04.496712+00:00,2026-09-01T17:59:40.901644+00:00,285
2026-09-01,FLYE,trail_activate+1_lock+0_distance1_floor-1,first,resting,STOP_LIMIT,2026-09-01T15:23:09+00:00,,1788276780000,0,2026-09-01T15:37:00+00:00,2026-09-01T15:37:54.135000+00:00,1.89,,1.8711,1.9088999999999998,,,,2026-09-01T15:38:00.666707+00:00,2026-09-01T15:38:00.666971+00:00,1.87,floor,-1.0582010582010475,6.531971,0.0,-1.0582010582010475,,,2026-09-01T15:38:00.666707+00:00,,6
2026-09-01,FLYE,trail_activate+1_lock+0_distance1_floor-1,reclaim,resting,STOP_LIMIT,2026-09-01T15:23:09+00:00,,1788276780000,1788277020000,2026-09-01T15:40:00+00:00,2026-09-01T15:41:13.048000+00:00,1.89,,1.8711,1.9088999999999998,,,,2026-09-01T15:41:16.031787+00:00,2026-09-01T15:41:20.798883+00:00,1.88,floor,-0.5291005291005296,7.750883,0.0,-1.0582010582010475,,,2026-09-01T15:41:16.031787+00:00,,3
2026-09-01,FLYE,trail_activate+1_lock+0_distance1_floor-1,reclaim,resting,STOP_LIMIT,2026-09-01T15:23:09+00:00,,1788281700000,1788284880000,2026-09-01T17:51:00+00:00,2026-09-01T17:57:53.300000+00:00,2.1,,2.079,2.121,,,,2026-09-01T17:59:04.496712+00:00,2026-09-01T17:59:04.497235+00:00,2.07,floor,-1.4285714285714404,71.197235,0.476190476190466,-1.4285714285714404,,,2026-09-01T17:59:04.496712+00:00,,225
2026-09-01,FLYE,trail_activate+1_lock+0_distance2_floor-1,first,resting,STOP_LIMIT,2026-09-01T15:23:09+00:00,,1788276780000,0,2026-09-01T15:37:00+00:00,2026-09-01T15:37:54.135000+00:00,1.89,,1.8711,1.9088999999999998,,,,2026-09-01T15:38:00.666707+00:00,2026-09-01T15:38:00.666971+00:00,1.87,floor,-1.0582010582010475,6.531971,0.0,-1.0582010582010475,,,2026-09-01T15:38:00.666707+00:00,,6
2026-09-01,FLYE,trail_activate+1_lock+0_distance2_floor-1,reclaim,resting,STOP_LIMIT,2026-09-01T15:23:09+00:00,,1788276780000,1788277020000,2026-09-01T15:40:00+00:00,2026-09-01T15:41:13.048000+00:00,1.89,,1.8711,1.9088999999999998,,,,2026-09-01T15:41:16.031787+00:00,2026-09-01T15:41:20.798883+00:00,1.88,floor,-0.5291005291005296,7.750883,0.0,-1.0582010582010475,,,2026-09-01T15:41:16.031787+00:00,,3
2026-09-01,FLYE,trail_activate+1_lock+0_distance2_floor-1,reclaim,resting,STOP_LIMIT,2026-09-01T15:23:09+00:00,,1788281700000,1788284880000,2026-09-01T17:51:00+00:00,2026-09-01T17:57:53.300000+00:00,2.1,,2.079,2.121,,,,2026-09-01T17:59:04.496712+00:00,2026-09-01T17:59:04.497235+00:00,2.07,floor,-1.4285714285714404,71.197235,0.476190476190466,-1.4285714285714404,,,2026-09-01T17:59:04.496712+00:00,,225
2026-09-01,FLYE,trail_activate+2_lock+1_distance1_floor-1,first,resting,STOP_LIMIT,2026-09-01T15:23:09+00:00,,1788276780000,0,2026-09-01T15:37:00+00:00,2026-09-01T15:37:54.135000+00:00,1.89,,1.8711,1.9278,,,,2026-09-01T15:38:00.666707+00:00,2026-09-01T15:38:00.666971+00:00,1.87,floor,-1.0582010582010475,6.531971,0.0,-1.0582010582010475,,,2026-09-01T15:38:00.666707+00:00,,6
2026-09-01,FLYE,trail_activate+2_lock+1_distance1_floor-1,reclaim,resting,STOP_LIMIT,2026-09-01T15:23:09+00:00,,1788276780000,1788277020000,2026-09-01T15:40:00+00:00,2026-09-01T15:41:13.048000+00:00,1.89,,1.8711,1.9278,,,,2026-09-01T15:41:16.031787+00:00,2026-09-01T15:41:20.798883+00:00,1.88,floor,-0.5291005291005296,7.750883,0.0,-1.0582010582010475,,,2026-09-01T15:41:16.031787+00:00,,3
2026-09-01,FLYE,trail_activate+2_lock+1_distance1_floor-1,reclaim,resting,STOP_LIMIT,2026-09-01T15:23:09+00:00,,1788281700000,1788284880000,2026-09-01T17:51:00+00:00,2026-09-01T17:57:53.300000+00:00,2.1,,2.079,2.1420000000000003,,,,2026-09-01T17:59:04.496712+00:00,2026-09-01T17:59:04.497235+00:00,2.07,floor,-1.4285714285714404,71.197235,0.476190476190466,-1.4285714285714404,,,2026-09-01T17:59:04.496712+00:00,,225
2026-09-01,FLYE,trail_activate+2_lock+1_distance2_floor-1,first,resting,STOP_LIMIT,2026-09-01T15:23:09+00:00,,1788276780000,0,2026-09-01T15:37:00+00:00,2026-09-01T15:37:54.135000+00:00,1.89,,1.8711,1.9278,,,,2026-09-01T15:38:00.666707+00:00,2026-09-01T15:38:00.666971+00:00,1.87,floor,-1.0582010582010475,6.531971,0.0,-1.0582010582010475,,,2026-09-01T15:38:00.666707+00:00,,6
2026-09-01,FLYE,trail_activate+2_lock+1_distance2_floor-1,reclaim,resting,STOP_LIMIT,2026-09-01T15:23:09+00:00,,1788276780000,1788277020000,2026-09-01T15:40:00+00:00,2026-09-01T15:41:13.048000+00:00,1.89,,1.8711,1.9278,,,,2026-09-01T15:41:16.031787+00:00,2026-09-01T15:41:20.798883+00:00,1.88,floor,-0.5291005291005296,7.750883,0.0,-1.0582010582010475,,,2026-09-01T15:41:16.031787+00:00,,3
2026-09-01,FLYE,trail_activate+2_lock+1_distance2_floor-1,reclaim,resting,STOP_LIMIT,2026-09-01T15:23:09+00:00,,1788281700000,1788284880000,2026-09-01T17:51:00+00:00,2026-09-01T17:57:53.300000+00:00,2.1,,2.079,2.1420000000000003,,,,2026-09-01T17:59:04.496712+00:00,2026-09-01T17:59:04.497235+00:00,2.07,floor,-1.4285714285714404,71.197235,0.476190476190466,-1.4285714285714404,,,2026-09-01T17:59:04.496712+00:00,,225
2026-09-01,RDAC,trail_activate+1_lock+0_distance1_floor-2,reclaim,resting,STOP_LIMIT,2026-09-01T17:46:29+00:00,,1788289500000,1788289500000,2026-09-01T19:16:00+00:00,2026-09-01T19:38:51.958000+00:00,6.75,,6.615,6.8175,,,,2026-09-01T19:38:51.969947+00:00,2026-09-01T19:38:53.697496+00:00,6.48,floor,-3.999999999999994,1.739496,0.0,-3.999999999999994,,,2026-09-01T19:38:51.969947+00:00,2026-09-01T19:38:51.969947+00:00,2
2026-09-01,RDAC,trail_activate+1_lock+0_distance2_floor-2,reclaim,resting,STOP_LIMIT,2026-09-01T17:46:29+00:00,,1788289500000,1788289500000,2026-09-01T19:16:00+00:00,2026-09-01T19:38:51.958000+00:00,6.75,,6.615,6.8175,,,,2026-09-01T19:38:51.969947+00:00,2026-09-01T19:38:53.697496+00:00,6.48,floor,-3.999999999999994,1.739496,0.0,-3.999999999999994,,,2026-09-01T19:38:51.969947+00:00,2026-09-01T19:38:51.969947+00:00,2
2026-09-01,RDAC,trail_activate+2_lock+1_distance1_floor-2,reclaim,resting,STOP_LIMIT,2026-09-01T17:46:29+00:00,,1788289500000,1788289500000,2026-09-01T19:16:00+00:00,2026-09-01T19:38:51.958000+00:00,6.75,,6.615,6.885,,,,2026-09-01T19:38:51.969947+00:00,2026-09-01T19:38:53.697496+00:00,6.48,floor,-3.999999999999994,1.739496,0.0,-3.999999999999994,,,2026-09-01T19:38:51.969947+00:00,2026-09-01T19:38:51.969947+00:00,2
2026-09-01,RDAC,trail_activate+2_lock+1_distance2_floor-2,reclaim,resting,STOP_LIMIT,2026-09-01T17:46:29+00:00,,1788289500000,1788289500000,2026-09-01T19:16:00+00:00,2026-09-01T19:38:51.958000+00:00,6.75,,6.615,6.885,,,,2026-09-01T19:38:51.969947+00:00,2026-09-01T19:38:53.697496+00:00,6.48,floor,-3.999999999999994,1.739496,0.0,-3.999999999999994,,,2026-09-01T19:38:51.969947+00:00,2026-09-01T19:38:51.969947+00:00,2
2026-09-01,RDAC,trail_activate+1_lock+0_distance1_floor-1,reclaim,resting,STOP_LIMIT,2026-09-01T17:46:29+00:00,,1788289500000,1788289500000,2026-09-01T19:16:00+00:00,2026-09-01T19:38:51.958000+00:00,6.75,,6.6825,6.8175,,,,2026-09-01T19:38:51.969947+00:00,2026-09-01T19:38:53.697496+00:00,6.48,floor,-3.999999999999994,1.739496,0.0,-3.999999999999994,,,2026-09-01T19:38:51.969947+00:00,2026-09-01T19:38:51.969947+00:00,2
2026-09-01,RDAC,trail_activate+1_lock+0_distance2_floor-1,reclaim,resting,STOP_LIMIT,2026-09-01T17:46:29+00:00,,1788289500000,1788289500000,2026-09-01T19:16:00+00:00,2026-09-01T19:38:51.958000+00:00,6.75,,6.6825,6.8175,,,,2026-09-01T19:38:51.969947+00:00,2026-09-01T19:38:53.697496+00:00,6.48,floor,-3.999999999999994,1.739496,0.0,-3.999999999999994,,,2026-09-01T19:38:51.969947+00:00,2026-09-01T19:38:51.969947+00:00,2
2026-09-01,RDAC,trail_activate+2_lock+1_distance1_floor-1,reclaim,resting,STOP_LIMIT,2026-09-01T17:46:29+00:00,,1788289500000,1788289500000,2026-09-01T19:16:00+00:00,2026-09-01T19:38:51.958000+00:00,6.75,,6.6825,6.885,,,,2026-09-01T19:38:51.969947+00:00,2026-09-01T19:38:53.697496+00:00,6.48,floor,-3.999999999999994,1.739496,0.0,-3.999999999999994,,,2026-09-01T19:38:51.969947+00:00,2026-09-01T19:38:51.969947+00:00,2
2026-09-01,RDAC,trail_activate+2_lock+1_distance2_floor-1,reclaim,resting,STOP_LIMIT,2026-09-01T17:46:29+00:00,,1788289500000,1788289500000,2026-09-01T19:16:00+00:00,2026-09-01T19:38:51.958000+00:00,6.75,,6.6825,6.885,,,,2026-09-01T19:38:51.969947+00:00,2026-09-01T19:38:53.697496+00:00,6.48,floor,-3.999999999999994,1.739496,0.0,-3.999999999999994,,,2026-09-01T19:38:51.969947+00:00,2026-09-01T19:38:51.969947+00:00,2
2026-09-01,SSM,trail_activate+1_lock+0_distance1_floor-2,reclaim,reactive,limit,2026-09-01T08:35:52+00:00,,1788267060000,1788267060000,2026-09-01T13:25:20.136000+00:00,2026-09-01T13:25:20.136000+00:00,3.84,,3.7632,3.8784,2026-09-01T13:26:56.187386+00:00,3.89,3.8511,2026-09-01T13:27:07.668076+00:00,2026-09-01T13:27:07.668257+00:00,3.85,trail,0.2604166666666727,107.532257,1.3020833333333404,-1.0416666666666676,2026-09-01T13:26:56.187386+00:00,,2026-09-01T13:25:45.419787+00:00,,141
2026-09-01,SSM,trail_activate+1_lock+0_distance1_floor-2,first,resting,STOP_LIMIT,2026-09-01T08:35:52+00:00,,1788269580000,0,2026-09-01T13:34:00+00:00,2026-09-01T13:38:12.723000+00:00,3.96,,3.8808,3.9996,2026-09-01T13:38:53.112482+00:00,4.04,3.9996,2026-09-01T13:38:58.291993+00:00,2026-09-01T13:38:58.292394+00:00,3.99,trail,0.7575757575757638,45.569394,2.020202020202022,-1.5151515151515165,2026-09-01T13:38:53.112482+00:00,2026-09-01T13:38:58.237965+00:00,2026-09-01T13:38:12.938227+00:00,,314
2026-09-01,SSM,trail_activate+1_lock+0_distance1_floor-2,reclaim,reactive,market,2026-09-01T08:35:52+00:00,,1788269580000,1788269820000,2026-09-01T13:48:02.717000+00:00,2026-09-01T13:48:02.717000+00:00,4.36,,4.2728,4.4036,,,,2026-09-01T13:48:04.358691+00:00,2026-09-01T13:48:04.359057+00:00,4.27,floor,-2.0642201834862557,1.642057,0.0,-2.0642201834862557,,,2026-09-01T13:48:04.354355+00:00,2026-09-01T13:48:04.358691+00:00,50
2026-09-01,SSM,trail_activate+1_lock+0_distance1_floor-2,first,resting,STOP_LIMIT,2026-09-01T08:35:52+00:00,,1788271020000,0,2026-09-01T14:38:00+00:00,2026-09-01T14:43:50.601000+00:00,4.06,,3.9787999999999997,4.1006,2026-09-01T14:44:26.866746+00:00,4.17,4.1283,2026-09-01T14:45:29.956137+00:00,2026-09-01T14:45:29.956596+00:00,4.12,trail,1.4778325123152833,99.355596,2.709359605911338,-0.7389162561576198,2026-09-01T14:44:26.866746+00:00,2026-09-01T14:45:01.760888+00:00,,,502
2026-09-01,SSM,trail_activate+1_lock+0_distance1_floor-2,reclaim,resting,STOP_LIMIT,2026-09-01T08:35:52+00:00,,1788274260000,1788276360000,2026-09-01T15:29:00+00:00,2026-09-01T15:30:42.528000+00:00,3.96,,3.8808,3.9996,,,,2026-09-01T15:30:44.486828+00:00,2026-09-01T15:30:44.487930+00:00,3.89,floor,-1.7676767676767637,1.95993,0.0,-2.020202020202022,,,2026-09-01T15:30:44.467805+00:00,2026-09-01T15:30:44.486828+00:00,3
2026-09-01,SSM,trail_activate+1_lock+0_distance1_floor-2,reclaim,resting,STOP_LIMIT,2026-09-01T08:35:52+00:00,,1788285480000,1788287460000,2026-09-01T18:40:00+00:00,2026-09-01T18:58:19.154000+00:00,3.99,,3.9102,4.0299000000000005,2026-09-01T19:00:15.388596+00:00,4.09,4.0491,2026-09-01T19:04:29.370704+00:00,2026-09-01T19:04:29.371361+00:00,4.04,trail,1.253132832080196,370.217361,2.506265664160392,-1.253132832080207,2026-09-01T19:00:15.388596+00:00,2026-09-01T19:03:07.940566+00:00,2026-09-01T18:58:19.220048+00:00,,328
2026-09-01,SSM,trail_activate+1_lock+0_distance2_floor-2,reclaim,reactive,limit,2026-09-01T08:35:52+00:00,,1788267060000,1788267060000,2026-09-01T13:25:20.136000+00:00,2026-09-01T13:25:20.136000+00:00,3.84,,3.7632,3.8784,2026-09-01T13:26:56.187386+00:00,3.89,3.84,2026-09-01T13:27:07.668572+00:00,2026-09-01T13:27:07.668724+00:00,3.84,trail,0.0,107.532724,1.3020833333333404,-1.0416666666666676,2026-09-01T13:26:56.187386+00:00,,2026-09-01T13:25:45.419787+00:00,,144
2026-09-01,SSM,trail_activate+1_lock+0_distance2_floor-2,first,resting,STOP_LIMIT,2026-09-01T08:35:52+00:00,,1788269580000,0,2026-09-01T13:34:00+00:00,2026-09-01T13:38:12.723000+00:00,3.96,,3.8808,3.9996,2026-09-01T13:38:53.112482+00:00,4.24,4.1552,2026-09-01T13:39:41.300501+00:00,2026-09-01T13:39:41.300870+00:00,4.15,trail,4.797979797979808,88.57787,7.070707070707077,-1.5151515151515165,2026-09-01T13:38:53.112482+00:00,2026-09-01T13:38:58.237965+00:00,2026-09-01T13:38:12.938227+00:00,,1352
2026-09-01,SSM,trail_activate+1_lock+0_distance2_floor-2,reclaim,reactive,market,2026-09-01T08:35:52+00:00,,1788269580000,1788269820000,2026-09-01T13:48:02.717000+00:00,2026-09-01T13:48:02.717000+00:00,4.36,,4.2728,4.4036,,,,2026-09-01T13:48:04.358691+00:00,2026-09-01T13:48:04.359057+00:00,4.27,floor,-2.0642201834862557,1.642057,0.0,-2.0642201834862557,,,2026-09-01T13:48:04.354355+00:00,2026-09-01T13:48:04.358691+00:00,50
2026-09-01,SSM,trail_activate+1_lock+0_distance2_floor-2,first,resting,STOP_LIMIT,2026-09-01T08:35:52+00:00,,1788271020000,0,2026-09-01T14:38:00+00:00,2026-09-01T14:43:50.601000+00:00,4.06,,3.9787999999999997,4.1006,2026-09-01T14:44:26.866746+00:00,4.17,4.0866,2026-09-01T14:45:30.888025+00:00,2026-09-01T14:45:30.970328+00:00,4.1,trail,0.9852216748768483,100.369328,2.709359605911338,-0.7389162561576198,2026-09-01T14:44:26.866746+00:00,2026-09-01T14:45:01.760888+00:00,,,534
2026-09-01,SSM,trail_activate+1_lock+0_distance2_floor-2,reclaim,resting,STOP_LIMIT,2026-09-01T08:35:52+00:00,,1788274260000,1788276360000,2026-09-01T15:29:00+00:00,2026-09-01T15:30:42.528000+00:00,3.96,,3.8808,3.9996,,,,2026-09-01T15:30:44.486828+00:00,2026-09-01T15:30:44.487930+00:00,3.89,floor,-1.7676767676767637,1.95993,0.0,-2.020202020202022,,,2026-09-01T15:30:44.467805+00:00,2026-09-01T15:30:44.486828+00:00,3
2026-09-01,SSM,trail_activate+1_lock+0_distance2_floor-2,reclaim,resting,STOP_LIMIT,2026-09-01T08:35:52+00:00,,1788285480000,1788287460000,2026-09-01T18:40:00+00:00,2026-09-01T18:58:19.154000+00:00,3.99,,3.9102,4.0299000000000005,2026-09-01T19:00:15.388596+00:00,4.09,4.0081999999999995,2026-09-01T19:09:06.151433+00:00,2026-09-01T19:09:06.151999+00:00,4.0,trail,0.25062656641603476,646.997999,2.506265664160392,-1.253132832080207,2026-09-01T19:00:15.388596+00:00,2026-09-01T19:03:07.940566+00:00,2026-09-01T18:58:19.220048+00:00,,616
2026-09-01,SSM,trail_activate+2_lock+1_distance1_floor-2,reclaim,reactive,limit,2026-09-01T08:35:52+00:00,,1788267060000,1788267060000,2026-09-01T13:25:20.136000+00:00,2026-09-01T13:25:20.136000+00:00,3.84,,3.7632,3.9168,,,,2026-09-01T13:28:49.226418+00:00,2026-09-01T13:28:54.818044+00:00,3.76,floor,-2.0833333333333353,214.682044,1.3020833333333404,-2.0833333333333353,2026-09-01T13:26:56.187386+00:00,,2026-09-01T13:25:45.419787+00:00,2026-09-01T13:28:49.226418+00:00,313
2026-09-01,SSM,trail_activate+2_lock+1_distance1_floor-2,first,resting,STOP_LIMIT,2026-09-01T08:35:52+00:00,,1788269580000,0,2026-09-01T13:34:00+00:00,2026-09-01T13:38:12.723000+00:00,3.96,,3.8808,4.0392,2026-09-01T13:38:58.237965+00:00,4.04,3.9996,2026-09-01T13:38:58.291993+00:00,2026-09-01T13:38:58.292394+00:00,3.99,trail,0.7575757575757638,45.569394,2.020202020202022,-1.5151515151515165,2026-09-01T13:38:53.112482+00:00,2026-09-01T13:38:58.237965+00:00,2026-09-01T13:38:12.938227+00:00,,314
2026-09-01,SSM,trail_activate+2_lock+1_distance1_floor-2,reclaim,reactive,market,2026-09-01T08:35:52+00:00,,1788269580000,1788269820000,2026-09-01T13:48:02.717000+00:00,2026-09-01T13:48:02.717000+00:00,4.36,,4.2728,4.4472000000000005,,,,2026-09-01T13:48:04.358691+00:00,2026-09-01T13:48:04.359057+00:00,4.27,floor,-2.0642201834862557,1.642057,0.0,-2.0642201834862557,,,2026-09-01T13:48:04.354355+00:00,2026-09-01T13:48:04.358691+00:00,50
2026-09-01,SSM,trail_activate+2_lock+1_distance1_floor-2,first,resting,STOP_LIMIT,2026-09-01T08:35:52+00:00,,1788271020000,0,2026-09-01T14:38:00+00:00,2026-09-01T14:43:50.601000+00:00,4.06,,3.9787999999999997,4.1411999999999995,2026-09-01T14:45:01.760888+00:00,4.17,4.1283,2026-09-01T14:45:29.956137+00:00,2026-09-01T14:45:29.956596+00:00,4.12,trail,1.4778325123152833,99.355596,2.709359605911338,-0.7389162561576198,2026-09-01T14:44:26.866746+00:00,2026-09-01T14:45:01.760888+00:00,,,502
2026-09-01,SSM,trail_activate+2_lock+1_distance1_floor-2,reclaim,resting,STOP_LIMIT,2026-09-01T08:35:52+00:00,,1788274260000,1788276360000,2026-09-01T15:29:00+00:00,2026-09-01T15:30:42.528000+00:00,3.96,,3.8808,4.0392,,,,2026-09-01T15:30:44.486828+00:00,2026-09-01T15:30:44.487930+00:00,3.89,floor,-1.7676767676767637,1.95993,0.0,-2.020202020202022,,,2026-09-01T15:30:44.467805+00:00,2026-09-01T15:30:44.486828+00:00,3
2026-09-01,SSM,trail_activate+2_lock+1_distance1_floor-2,reclaim,resting,STOP_LIMIT,2026-09-01T08:35:52+00:00,,1788285480000,1788287460000,2026-09-01T18:40:00+00:00,2026-09-01T18:58:19.154000+00:00,3.99,,3.9102,4.0698,2026-09-01T19:03:07.940566+00:00,4.09,4.0491,2026-09-01T19:04:29.370704+00:00,2026-09-01T19:04:29.371361+00:00,4.04,trail,1.253132832080196,370.217361,2.506265664160392,-1.253132832080207,2026-09-01T19:00:15.388596+00:00,2026-09-01T19:03:07.940566+00:00,2026-09-01T18:58:19.220048+00:00,,328
2026-09-01,SSM,trail_activate+2_lock+1_distance2_floor-2,reclaim,reactive,limit,2026-09-01T08:35:52+00:00,,1788267060000,1788267060000,2026-09-01T13:25:20.136000+00:00,2026-09-01T13:25:20.136000+00:00,3.84,,3.7632,3.9168,,,,2026-09-01T13:28:49.226418+00:00,2026-09-01T13:28:54.818044+00:00,3.76,floor,-2.0833333333333353,214.682044,1.3020833333333404,-2.0833333333333353,2026-09-01T13:26:56.187386+00:00,,2026-09-01T13:25:45.419787+00:00,2026-09-01T13:28:49.226418+00:00,313
2026-09-01,SSM,trail_activate+2_lock+1_distance2_floor-2,first,resting,STOP_LIMIT,2026-09-01T08:35:52+00:00,,1788269580000,0,2026-09-01T13:34:00+00:00,2026-09-01T13:38:12.723000+00:00,3.96,,3.8808,4.0392,2026-09-01T13:38:58.237965+00:00,4.04,3.9996,2026-09-01T13:38:58.291993+00:00,2026-09-01T13:38:58.292394+00:00,3.99,trail,0.7575757575757638,45.569394,2.020202020202022,-1.5151515151515165,2026-09-01T13:38:53.112482+00:00,2026-09-01T13:38:58.237965+00:00,2026-09-01T13:38:12.938227+00:00,,314
2026-09-01,SSM,trail_activate+2_lock+1_distance2_floor-2,reclaim,reactive,market,2026-09-01T08:35:52+00:00,,1788269580000,1788269820000,2026-09-01T13:48:02.717000+00:00,2026-09-01T13:48:02.717000+00:00,4.36,,4.2728,4.4472000000000005,,,,2026-09-01T13:48:04.358691+00:00,2026-09-01T13:48:04.359057+00:00,4.27,floor,-2.0642201834862557,1.642057,0.0,-2.0642201834862557,,,2026-09-01T13:48:04.354355+00:00,2026-09-01T13:48:04.358691+00:00,50
2026-09-01,SSM,trail_activate+2_lock+1_distance2_floor-2,first,resting,STOP_LIMIT,2026-09-01T08:35:52+00:00,,1788271020000,0,2026-09-01T14:38:00+00:00,2026-09-01T14:43:50.601000+00:00,4.06,,3.9787999999999997,4.1411999999999995,2026-09-01T14:45:01.760888+00:00,4.17,4.1006,2026-09-01T14:45:30.334856+00:00,2026-09-01T14:45:30.335324+00:00,4.1,trail,0.9852216748768483,99.734324,2.709359605911338,-0.7389162561576198,2026-09-01T14:44:26.866746+00:00,2026-09-01T14:45:01.760888+00:00,,,508
2026-09-01,SSM,trail_activate+2_lock+1_distance2_floor-2,reclaim,resting,STOP_LIMIT,2026-09-01T08:35:52+00:00,,1788274260000,1788276360000,2026-09-01T15:29:00+00:00,2026-09-01T15:30:42.528000+00:00,3.96,,3.8808,4.0392,,,,2026-09-01T15:30:44.486828+00:00,2026-09-01T15:30:44.487930+00:00,3.89,floor,-1.7676767676767637,1.95993,0.0,-2.020202020202022,,,2026-09-01T15:30:44.467805+00:00,2026-09-01T15:30:44.486828+00:00,3
2026-09-01,SSM,trail_activate+2_lock+1_distance2_floor-2,reclaim,resting,STOP_LIMIT,2026-09-01T08:35:52+00:00,,1788285480000,1788287460000,2026-09-01T18:40:00+00:00,2026-09-01T18:58:19.154000+00:00,3.99,,3.9102,4.0698,2026-09-01T19:03:07.940566+00:00,4.09,4.0299000000000005,2026-09-01T19:04:38.274114+00:00,2026-09-01T19:04:38.275259+00:00,4.02,trail,0.7518796992481042,379.121259,2.506265664160392,-1.253132832080207,2026-09-01T19:00:15.388596+00:00,2026-09-01T19:03:07.940566+00:00,2026-09-01T18:58:19.220048+00:00,,339
2026-09-01,SSM,trail_activate+1_lock+0_distance1_floor-1,reclaim,reactive,limit,2026-09-01T08:35:52+00:00,,1788267060000,1788267060000,2026-09-01T13:25:20.136000+00:00,2026-09-01T13:25:20.136000+00:00,3.84,,3.8015999999999996,3.8784,,,,2026-09-01T13:25:45.419787+00:00,2026-09-01T13:25:49.600939+00:00,3.8,floor,-1.0416666666666676,29.464939,0.0,-1.0416666666666676,,,2026-09-01T13:25:45.419787+00:00,,28
2026-09-01,SSM,trail_activate+1_lock+0_distance1_floor-1,first,resting,STOP_LIMIT,2026-09-01T08:35:52+00:00,,1788269580000,0,2026-09-01T13:34:00+00:00,2026-09-01T13:38:12.723000+00:00,3.96,,3.9204,3.9996,,,,2026-09-01T13:38:12.938227+00:00,2026-09-01T13:38:13.057724+00:00,3.91,floor,-1.262626262626258,0.334724,0.0,-1.262626262626258,,,2026-09-01T13:38:12.938227+00:00,,2
2026-09-01,SSM,trail_activate+1_lock+0_distance1_floor-1,reclaim,reactive,market,2026-09-01T08:35:52+00:00,,1788269580000,1788269820000,2026-09-01T13:48:02.717000+00:00,2026-09-01T13:48:02.717000+00:00,4.36,,4.316400000000001,4.4036,,,,2026-09-01T13:48:04.354355+00:00,2026-09-01T13:48:04.354579+00:00,4.31,floor,-1.1467889908257043,1.637579,0.0,-1.1467889908257043,,,2026-09-01T13:48:04.354355+00:00,,29
2026-09-01,SSM,trail_activate+1_lock+0_distance1_floor-1,first,resting,STOP_LIMIT,2026-09-01T08:35:52+00:00,,1788271020000,0,2026-09-01T14:38:00+00:00,2026-09-01T14:43:50.601000+00:00,4.06,,4.019399999999999,4.1006,2026-09-01T14:44:26.866746+00:00,4.17,4.1283,2026-09-01T14:45:29.956137+00:00,2026-09-01T14:45:29.956596+00:00,4.12,trail,1.4778325123152833,99.355596,2.709359605911338,-0.7389162561576198,2026-09-01T14:44:26.866746+00:00,2026-09-01T14:45:01.760888+00:00,,,502
2026-09-01,SSM,trail_activate+1_lock+0_distance1_floor-1,reclaim,resting,STOP_LIMIT,2026-09-01T08:35:52+00:00,,1788274260000,1788276360000,2026-09-01T15:29:00+00:00,2026-09-01T15:30:42.528000+00:00,3.96,,3.9204,3.9996,,,,2026-09-01T15:30:44.467805+00:00,2026-09-01T15:30:44.486828+00:00,3.88,floor,-2.020202020202022,1.958828,0.0,-2.020202020202022,,,2026-09-01T15:30:44.467805+00:00,2026-09-01T15:30:44.486828+00:00,2
2026-09-01,SSM,trail_activate+1_lock+0_distance1_floor-1,reclaim,resting,STOP_LIMIT,2026-09-01T08:35:52+00:00,,1788285480000,1788287460000,2026-09-01T18:40:00+00:00,2026-09-01T18:58:19.154000+00:00,3.99,,3.9501000000000004,4.0299000000000005,,,,2026-09-01T18:58:19.220048+00:00,2026-09-01T18:58:19.993911+00:00,3.95,floor,-1.0025062656641612,0.839911,0.0,-1.0025062656641612,,,2026-09-01T18:58:19.220048+00:00,,2
2026-09-01,SSM,trail_activate+1_lock+0_distance2_floor-1,reclaim,reactive,limit,2026-09-01T08:35:52+00:00,,1788267060000,1788267060000,2026-09-01T13:25:20.136000+00:00,2026-09-01T13:25:20.136000+00:00,3.84,,3.8015999999999996,3.8784,,,,2026-09-01T13:25:45.419787+00:00,2026-09-01T13:25:49.600939+00:00,3.8,floor,-1.0416666666666676,29.464939,0.0,-1.0416666666666676,,,2026-09-01T13:25:45.419787+00:00,,28
2026-09-01,SSM,trail_activate+1_lock+0_distance2_floor-1,first,resting,STOP_LIMIT,2026-09-01T08:35:52+00:00,,1788269580000,0,2026-09-01T13:34:00+00:00,2026-09-01T13:38:12.723000+00:00,3.96,,3.9204,3.9996,,,,2026-09-01T13:38:12.938227+00:00,2026-09-01T13:38:13.057724+00:00,3.91,floor,-1.262626262626258,0.334724,0.0,-1.262626262626258,,,2026-09-01T13:38:12.938227+00:00,,2
2026-09-01,SSM,trail_activate+1_lock+0_distance2_floor-1,reclaim,reactive,market,2026-09-01T08:35:52+00:00,,1788269580000,1788269820000,2026-09-01T13:48:02.717000+00:00,2026-09-01T13:48:02.717000+00:00,4.36,,4.316400000000001,4.4036,,,,2026-09-01T13:48:04.354355+00:00,2026-09-01T13:48:04.354579+00:00,4.31,floor,-1.1467889908257043,1.637579,0.0,-1.1467889908257043,,,2026-09-01T13:48:04.354355+00:00,,29
2026-09-01,SSM,trail_activate+1_lock+0_distance2_floor-1,first,resting,STOP_LIMIT,2026-09-01T08:35:52+00:00,,1788271020000,0,2026-09-01T14:38:00+00:00,2026-09-01T14:43:50.601000+00:00,4.06,,4.019399999999999,4.1006,2026-09-01T14:44:26.866746+00:00,4.17,4.0866,2026-09-01T14:45:30.888025+00:00,2026-09-01T14:45:30.970328+00:00,4.1,trail,0.9852216748768483,100.369328,2.709359605911338,-0.7389162561576198,2026-09-01T14:44:26.866746+00:00,2026-09-01T14:45:01.760888+00:00,,,534
2026-09-01,SSM,trail_activate+1_lock+0_distance2_floor-1,reclaim,resting,STOP_LIMIT,2026-09-01T08:35:52+00:00,,1788274260000,1788276360000,2026-09-01T15:29:00+00:00,2026-09-01T15:30:42.528000+00:00,3.96,,3.9204,3.9996,,,,2026-09-01T15:30:44.467805+00:00,2026-09-01T15:30:44.486828+00:00,3.88,floor,-2.020202020202022,1.958828,0.0,-2.020202020202022,,,2026-09-01T15:30:44.467805+00:00,2026-09-01T15:30:44.486828+00:00,2
2026-09-01,SSM,trail_activate+1_lock+0_distance2_floor-1,reclaim,resting,STOP_LIMIT,2026-09-01T08:35:52+00:00,,1788285480000,1788287460000,2026-09-01T18:40:00+00:00,2026-09-01T18:58:19.154000+00:00,3.99,,3.9501000000000004,4.0299000000000005,,,,2026-09-01T18:58:19.220048+00:00,2026-09-01T18:58:19.993911+00:00,3.95,floor,-1.0025062656641612,0.839911,0.0,-1.0025062656641612,,,2026-09-01T18:58:19.220048+00:00,,2
2026-09-01,SSM,trail_activate+2_lock+1_distance1_floor-1,reclaim,reactive,limit,2026-09-01T08:35:52+00:00,,1788267060000,1788267060000,2026-09-01T13:25:20.136000+00:00,2026-09-01T13:25:20.136000+00:00,3.84,,3.8015999999999996,3.9168,,,,2026-09-01T13:25:45.419787+00:00,2026-09-01T13:25:49.600939+00:00,3.8,floor,-1.0416666666666676,29.464939,0.0,-1.0416666666666676,,,2026-09-01T13:25:45.419787+00:00,,28
2026-09-01,SSM,trail_activate+2_lock+1_distance1_floor-1,first,resting,STOP_LIMIT,2026-09-01T08:35:52+00:00,,1788269580000,0,2026-09-01T13:34:00+00:00,2026-09-01T13:38:12.723000+00:00,3.96,,3.9204,4.0392,,,,2026-09-01T13:38:12.938227+00:00,2026-09-01T13:38:13.057724+00:00,3.91,floor,-1.262626262626258,0.334724,0.0,-1.262626262626258,,,2026-09-01T13:38:12.938227+00:00,,2
2026-09-01,SSM,trail_activate+2_lock+1_distance1_floor-1,reclaim,reactive,market,2026-09-01T08:35:52+00:00,,1788269580000,1788269820000,2026-09-01T13:48:02.717000+00:00,2026-09-01T13:48:02.717000+00:00,4.36,,4.316400000000001,4.4472000000000005,,,,2026-09-01T13:48:04.354355+00:00,2026-09-01T13:48:04.354579+00:00,4.31,floor,-1.1467889908257043,1.637579,0.0,-1.1467889908257043,,,2026-09-01T13:48:04.354355+00:00,,29
2026-09-01,SSM,trail_activate+2_lock+1_distance1_floor-1,first,resting,STOP_LIMIT,2026-09-01T08:35:52+00:00,,1788271020000,0,2026-09-01T14:38:00+00:00,2026-09-01T14:43:50.601000+00:00,4.06,,4.019399999999999,4.1411999999999995,2026-09-01T14:45:01.760888+00:00,4.17,4.1283,2026-09-01T14:45:29.956137+00:00,2026-09-01T14:45:29.956596+00:00,4.12,trail,1.4778325123152833,99.355596,2.709359605911338,-0.7389162561576198,2026-09-01T14:44:26.866746+00:00,2026-09-01T14:45:01.760888+00:00,,,502
2026-09-01,SSM,trail_activate+2_lock+1_distance1_floor-1,reclaim,resting,STOP_LIMIT,2026-09-01T08:35:52+00:00,,1788274260000,1788276360000,2026-09-01T15:29:00+00:00,2026-09-01T15:30:42.528000+00:00,3.96,,3.9204,4.0392,,,,2026-09-01T15:30:44.467805+00:00,2026-09-01T15:30:44.486828+00:00,3.88,floor,-2.020202020202022,1.958828,0.0,-2.020202020202022,,,2026-09-01T15:30:44.467805+00:00,2026-09-01T15:30:44.486828+00:00,2
2026-09-01,SSM,trail_activate+2_lock+1_distance1_floor-1,reclaim,resting,STOP_LIMIT,2026-09-01T08:35:52+00:00,,1788285480000,1788287460000,2026-09-01T18:40:00+00:00,2026-09-01T18:58:19.154000+00:00,3.99,,3.9501000000000004,4.0698,,,,2026-09-01T18:58:19.220048+00:00,2026-09-01T18:58:19.993911+00:00,3.95,floor,-1.0025062656641612,0.839911,0.0,-1.0025062656641612,,,2026-09-01T18:58:19.220048+00:00,,2
2026-09-01,SSM,trail_activate+2_lock+1_distance2_floor-1,reclaim,reactive,limit,2026-09-01T08:35:52+00:00,,1788267060000,1788267060000,2026-09-01T13:25:20.136000+00:00,2026-09-01T13:25:20.136000+00:00,3.84,,3.8015999999999996,3.9168,,,,2026-09-01T13:25:45.419787+00:00,2026-09-01T13:25:49.600939+00:00,3.8,floor,-1.0416666666666676,29.464939,0.0,-1.0416666666666676,,,2026-09-01T13:25:45.419787+00:00,,28
2026-09-01,SSM,trail_activate+2_lock+1_distance2_floor-1,first,resting,STOP_LIMIT,2026-09-01T08:35:52+00:00,,1788269580000,0,2026-09-01T13:34:00+00:00,2026-09-01T13:38:12.723000+00:00,3.96,,3.9204,4.0392,,,,2026-09-01T13:38:12.938227+00:00,2026-09-01T13:38:13.057724+00:00,3.91,floor,-1.262626262626258,0.334724,0.0,-1.262626262626258,,,2026-09-01T13:38:12.938227+00:00,,2
2026-09-01,SSM,trail_activate+2_lock+1_distance2_floor-1,reclaim,reactive,market,2026-09-01T08:35:52+00:00,,1788269580000,1788269820000,2026-09-01T13:48:02.717000+00:00,2026-09-01T13:48:02.717000+00:00,4.36,,4.316400000000001,4.4472000000000005,,,,2026-09-01T13:48:04.354355+00:00,2026-09-01T13:48:04.354579+00:00,4.31,floor,-1.1467889908257043,1.637579,0.0,-1.1467889908257043,,,2026-09-01T13:48:04.354355+00:00,,29
2026-09-01,SSM,trail_activate+2_lock+1_distance2_floor-1,first,resting,STOP_LIMIT,2026-09-01T08:35:52+00:00,,1788271020000,0,2026-09-01T14:38:00+00:00,2026-09-01T14:43:50.601000+00:00,4.06,,4.019399999999999,4.1411999999999995,2026-09-01T14:45:01.760888+00:00,4.17,4.1006,2026-09-01T14:45:30.334856+00:00,2026-09-01T14:45:30.335324+00:00,4.1,trail,0.9852216748768483,99.734324,2.709359605911338,-0.7389162561576198,2026-09-01T14:44:26.866746+00:00,2026-09-01T14:45:01.760888+00:00,,,508
2026-09-01,SSM,trail_activate+2_lock+1_distance2_floor-1,reclaim,resting,STOP_LIMIT,2026-09-01T08:35:52+00:00,,1788274260000,1788276360000,2026-09-01T15:29:00+00:00,2026-09-01T15:30:42.528000+00:00,3.96,,3.9204,4.0392,,,,2026-09-01T15:30:44.467805+00:00,2026-09-01T15:30:44.486828+00:00,3.88,floor,-2.020202020202022,1.958828,0.0,-2.020202020202022,,,2026-09-01T15:30:44.467805+00:00,2026-09-01T15:30:44.486828+00:00,2
2026-09-01,SSM,trail_activate+2_lock+1_distance2_floor-1,reclaim,resting,STOP_LIMIT,2026-09-01T08:35:52+00:00,,1788285480000,1788287460000,2026-09-01T18:40:00+00:00,2026-09-01T18:58:19.154000+00:00,3.99,,3.9501000000000004,4.0698,,,,2026-09-01T18:58:19.220048+00:00,2026-09-01T18:58:19.993911+00:00,3.95,floor,-1.0025062656641612,0.839911,0.0,-1.0025062656641612,,,2026-09-01T18:58:19.220048+00:00,,2
