symbol,buy_signal_ts,policy,hard_stop_pct,first_target_pct,first_fraction,final_target_pct,earned_floor_pct,trailing_pct,entry_ts,entry_px,first_sale_ts,first_sale_px,first_sale_fraction,exit_ts,exit_px,exit_fraction,exit_reason,return_pct,duration_seconds
BIAF,2026-09-01T13:03:00+00:00,atr_sell_only,,,0.0,,,,2026-09-01T13:03:00.041311+00:00,6.71,,,0.0,2026-09-01T14:03:00.685935+00:00,6.65,1.0,atr_sell,-0.894187779433675,3600.644624
BIAF,2026-09-01T13:03:00+00:00,hold_stop-8,-8.0,,0.0,,,,2026-09-01T13:03:00.041311+00:00,6.71,,,0.0,2026-09-01T14:03:00.685935+00:00,6.65,1.0,atr_sell,-0.894187779433675,3600.644624
BIAF,2026-09-01T13:03:00+00:00,full_target+5_stop-8,-8.0,5.0,1.0,,,,2026-09-01T13:03:00.041311+00:00,6.71,2026-09-01T13:17:28.870904+00:00,7.0455000000000005,1.0,2026-09-01T13:17:28.870904+00:00,7.0455000000000005,0.0,target,5.0,868.829593
BIAF,2026-09-01T13:03:00+00:00,full_target+8_stop-8,-8.0,8.0,1.0,,,,2026-09-01T13:03:00.041311+00:00,6.71,2026-09-01T13:25:52.258231+00:00,7.2468,1.0,2026-09-01T13:25:52.258231+00:00,7.2468,0.0,target,8.0,1372.21692
BIAF,2026-09-01T13:03:00+00:00,full_target+10_stop-8,-8.0,10.0,1.0,,,,2026-09-01T13:03:00.041311+00:00,6.71,2026-09-01T13:26:00.755541+00:00,7.381,1.0,2026-09-01T13:26:00.755541+00:00,7.381,0.0,target,10.0,1380.71423
BIAF,2026-09-01T13:03:00+00:00,scale0.4@+5_rest@+8_floor+0_stop-8,-8.0,5.0,0.4,8.0,0.0,,2026-09-01T13:03:00.041311+00:00,6.71,2026-09-01T13:17:28.870904+00:00,7.0455000000000005,0.4,2026-09-01T13:25:52.258231+00:00,7.2468,0.0,target,6.8,1372.21692
BIAF,2026-09-01T13:03:00+00:00,scale0.4@+5_rest@+8_floor+2_stop-8,-8.0,5.0,0.4,8.0,2.0,,2026-09-01T13:03:00.041311+00:00,6.71,2026-09-01T13:17:28.870904+00:00,7.0455000000000005,0.4,2026-09-01T13:25:52.258231+00:00,7.2468,0.0,target,6.8,1372.21692
BIAF,2026-09-01T13:03:00+00:00,scale0.4@+5_rest@+10_floor+0_stop-8,-8.0,5.0,0.4,10.0,0.0,,2026-09-01T13:03:00.041311+00:00,6.71,2026-09-01T13:17:28.870904+00:00,7.0455000000000005,0.4,2026-09-01T13:26:00.755541+00:00,7.381,0.0,target,8.0,1380.71423
BIAF,2026-09-01T13:03:00+00:00,scale0.4@+5_rest@+10_floor+2_stop-8,-8.0,5.0,0.4,10.0,2.0,,2026-09-01T13:03:00.041311+00:00,6.71,2026-09-01T13:17:28.870904+00:00,7.0455000000000005,0.4,2026-09-01T13:26:00.755541+00:00,7.381,0.0,target,8.0,1380.71423
BIAF,2026-09-01T13:03:00+00:00,scale0.5@+5_rest@+8_floor+0_stop-8,-8.0,5.0,0.5,8.0,0.0,,2026-09-01T13:03:00.041311+00:00,6.71,2026-09-01T13:17:28.870904+00:00,7.0455000000000005,0.5,2026-09-01T13:25:52.258231+00:00,7.2468,0.0,target,6.5,1372.21692
BIAF,2026-09-01T13:03:00+00:00,scale0.5@+5_rest@+8_floor+2_stop-8,-8.0,5.0,0.5,8.0,2.0,,2026-09-01T13:03:00.041311+00:00,6.71,2026-09-01T13:17:28.870904+00:00,7.0455000000000005,0.5,2026-09-01T13:25:52.258231+00:00,7.2468,0.0,target,6.5,1372.21692
BIAF,2026-09-01T13:03:00+00:00,scale0.5@+5_rest@+10_floor+0_stop-8,-8.0,5.0,0.5,10.0,0.0,,2026-09-01T13:03:00.041311+00:00,6.71,2026-09-01T13:17:28.870904+00:00,7.0455000000000005,0.5,2026-09-01T13:26:00.755541+00:00,7.381,0.0,target,7.5,1380.71423
BIAF,2026-09-01T13:03:00+00:00,scale0.5@+5_rest@+10_floor+2_stop-8,-8.0,5.0,0.5,10.0,2.0,,2026-09-01T13:03:00.041311+00:00,6.71,2026-09-01T13:17:28.870904+00:00,7.0455000000000005,0.5,2026-09-01T13:26:00.755541+00:00,7.381,0.0,target,7.5,1380.71423
BIAF,2026-09-01T13:03:00+00:00,scale0.5@+5_trail2_floor+0_stop-8,-8.0,5.0,0.5,,0.0,2.0,2026-09-01T13:03:00.041311+00:00,6.71,2026-09-01T13:17:28.870904+00:00,7.0455000000000005,0.5,2026-09-01T13:18:04.926708+00:00,7.06,0.5,trail,5.108047690014903,904.885397
BIAF,2026-09-01T13:03:00+00:00,hold_stop-10,-10.0,,0.0,,,,2026-09-01T13:03:00.041311+00:00,6.71,,,0.0,2026-09-01T14:03:00.685935+00:00,6.65,1.0,atr_sell,-0.894187779433675,3600.644624
BIAF,2026-09-01T13:03:00+00:00,full_target+5_stop-10,-10.0,5.0,1.0,,,,2026-09-01T13:03:00.041311+00:00,6.71,2026-09-01T13:17:28.870904+00:00,7.0455000000000005,1.0,2026-09-01T13:17:28.870904+00:00,7.0455000000000005,0.0,target,5.0,868.829593
BIAF,2026-09-01T13:03:00+00:00,full_target+8_stop-10,-10.0,8.0,1.0,,,,2026-09-01T13:03:00.041311+00:00,6.71,2026-09-01T13:25:52.258231+00:00,7.2468,1.0,2026-09-01T13:25:52.258231+00:00,7.2468,0.0,target,8.0,1372.21692
BIAF,2026-09-01T13:03:00+00:00,full_target+10_stop-10,-10.0,10.0,1.0,,,,2026-09-01T13:03:00.041311+00:00,6.71,2026-09-01T13:26:00.755541+00:00,7.381,1.0,2026-09-01T13:26:00.755541+00:00,7.381,0.0,target,10.0,1380.71423
BIAF,2026-09-01T13:03:00+00:00,scale0.4@+5_rest@+8_floor+0_stop-10,-10.0,5.0,0.4,8.0,0.0,,2026-09-01T13:03:00.041311+00:00,6.71,2026-09-01T13:17:28.870904+00:00,7.0455000000000005,0.4,2026-09-01T13:25:52.258231+00:00,7.2468,0.0,target,6.8,1372.21692
BIAF,2026-09-01T13:03:00+00:00,scale0.4@+5_rest@+8_floor+2_stop-10,-10.0,5.0,0.4,8.0,2.0,,2026-09-01T13:03:00.041311+00:00,6.71,2026-09-01T13:17:28.870904+00:00,7.0455000000000005,0.4,2026-09-01T13:25:52.258231+00:00,7.2468,0.0,target,6.8,1372.21692
BIAF,2026-09-01T13:03:00+00:00,scale0.4@+5_rest@+10_floor+0_stop-10,-10.0,5.0,0.4,10.0,0.0,,2026-09-01T13:03:00.041311+00:00,6.71,2026-09-01T13:17:28.870904+00:00,7.0455000000000005,0.4,2026-09-01T13:26:00.755541+00:00,7.381,0.0,target,8.0,1380.71423
BIAF,2026-09-01T13:03:00+00:00,scale0.4@+5_rest@+10_floor+2_stop-10,-10.0,5.0,0.4,10.0,2.0,,2026-09-01T13:03:00.041311+00:00,6.71,2026-09-01T13:17:28.870904+00:00,7.0455000000000005,0.4,2026-09-01T13:26:00.755541+00:00,7.381,0.0,target,8.0,1380.71423
BIAF,2026-09-01T13:03:00+00:00,scale0.5@+5_rest@+8_floor+0_stop-10,-10.0,5.0,0.5,8.0,0.0,,2026-09-01T13:03:00.041311+00:00,6.71,2026-09-01T13:17:28.870904+00:00,7.0455000000000005,0.5,2026-09-01T13:25:52.258231+00:00,7.2468,0.0,target,6.5,1372.21692
BIAF,2026-09-01T13:03:00+00:00,scale0.5@+5_rest@+8_floor+2_stop-10,-10.0,5.0,0.5,8.0,2.0,,2026-09-01T13:03:00.041311+00:00,6.71,2026-09-01T13:17:28.870904+00:00,7.0455000000000005,0.5,2026-09-01T13:25:52.258231+00:00,7.2468,0.0,target,6.5,1372.21692
BIAF,2026-09-01T13:03:00+00:00,scale0.5@+5_rest@+10_floor+0_stop-10,-10.0,5.0,0.5,10.0,0.0,,2026-09-01T13:03:00.041311+00:00,6.71,2026-09-01T13:17:28.870904+00:00,7.0455000000000005,0.5,2026-09-01T13:26:00.755541+00:00,7.381,0.0,target,7.5,1380.71423
BIAF,2026-09-01T13:03:00+00:00,scale0.5@+5_rest@+10_floor+2_stop-10,-10.0,5.0,0.5,10.0,2.0,,2026-09-01T13:03:00.041311+00:00,6.71,2026-09-01T13:17:28.870904+00:00,7.0455000000000005,0.5,2026-09-01T13:26:00.755541+00:00,7.381,0.0,target,7.5,1380.71423
BIAF,2026-09-01T13:03:00+00:00,scale0.5@+5_trail2_floor+0_stop-10,-10.0,5.0,0.5,,0.0,2.0,2026-09-01T13:03:00.041311+00:00,6.71,2026-09-01T13:17:28.870904+00:00,7.0455000000000005,0.5,2026-09-01T13:18:04.926708+00:00,7.06,0.5,trail,5.108047690014903,904.885397
BIAF,2026-09-01T13:03:00+00:00,hold_stop-12,-12.0,,0.0,,,,2026-09-01T13:03:00.041311+00:00,6.71,,,0.0,2026-09-01T14:03:00.685935+00:00,6.65,1.0,atr_sell,-0.894187779433675,3600.644624
BIAF,2026-09-01T13:03:00+00:00,full_target+5_stop-12,-12.0,5.0,1.0,,,,2026-09-01T13:03:00.041311+00:00,6.71,2026-09-01T13:17:28.870904+00:00,7.0455000000000005,1.0,2026-09-01T13:17:28.870904+00:00,7.0455000000000005,0.0,target,5.0,868.829593
BIAF,2026-09-01T13:03:00+00:00,full_target+8_stop-12,-12.0,8.0,1.0,,,,2026-09-01T13:03:00.041311+00:00,6.71,2026-09-01T13:25:52.258231+00:00,7.2468,1.0,2026-09-01T13:25:52.258231+00:00,7.2468,0.0,target,8.0,1372.21692
BIAF,2026-09-01T13:03:00+00:00,full_target+10_stop-12,-12.0,10.0,1.0,,,,2026-09-01T13:03:00.041311+00:00,6.71,2026-09-01T13:26:00.755541+00:00,7.381,1.0,2026-09-01T13:26:00.755541+00:00,7.381,0.0,target,10.0,1380.71423
BIAF,2026-09-01T13:03:00+00:00,scale0.4@+5_rest@+8_floor+0_stop-12,-12.0,5.0,0.4,8.0,0.0,,2026-09-01T13:03:00.041311+00:00,6.71,2026-09-01T13:17:28.870904+00:00,7.0455000000000005,0.4,2026-09-01T13:25:52.258231+00:00,7.2468,0.0,target,6.8,1372.21692
BIAF,2026-09-01T13:03:00+00:00,scale0.4@+5_rest@+8_floor+2_stop-12,-12.0,5.0,0.4,8.0,2.0,,2026-09-01T13:03:00.041311+00:00,6.71,2026-09-01T13:17:28.870904+00:00,7.0455000000000005,0.4,2026-09-01T13:25:52.258231+00:00,7.2468,0.0,target,6.8,1372.21692
BIAF,2026-09-01T13:03:00+00:00,scale0.4@+5_rest@+10_floor+0_stop-12,-12.0,5.0,0.4,10.0,0.0,,2026-09-01T13:03:00.041311+00:00,6.71,2026-09-01T13:17:28.870904+00:00,7.0455000000000005,0.4,2026-09-01T13:26:00.755541+00:00,7.381,0.0,target,8.0,1380.71423
BIAF,2026-09-01T13:03:00+00:00,scale0.4@+5_rest@+10_floor+2_stop-12,-12.0,5.0,0.4,10.0,2.0,,2026-09-01T13:03:00.041311+00:00,6.71,2026-09-01T13:17:28.870904+00:00,7.0455000000000005,0.4,2026-09-01T13:26:00.755541+00:00,7.381,0.0,target,8.0,1380.71423
BIAF,2026-09-01T13:03:00+00:00,scale0.5@+5_rest@+8_floor+0_stop-12,-12.0,5.0,0.5,8.0,0.0,,2026-09-01T13:03:00.041311+00:00,6.71,2026-09-01T13:17:28.870904+00:00,7.0455000000000005,0.5,2026-09-01T13:25:52.258231+00:00,7.2468,0.0,target,6.5,1372.21692
BIAF,2026-09-01T13:03:00+00:00,scale0.5@+5_rest@+8_floor+2_stop-12,-12.0,5.0,0.5,8.0,2.0,,2026-09-01T13:03:00.041311+00:00,6.71,2026-09-01T13:17:28.870904+00:00,7.0455000000000005,0.5,2026-09-01T13:25:52.258231+00:00,7.2468,0.0,target,6.5,1372.21692
BIAF,2026-09-01T13:03:00+00:00,scale0.5@+5_rest@+10_floor+0_stop-12,-12.0,5.0,0.5,10.0,0.0,,2026-09-01T13:03:00.041311+00:00,6.71,2026-09-01T13:17:28.870904+00:00,7.0455000000000005,0.5,2026-09-01T13:26:00.755541+00:00,7.381,0.0,target,7.5,1380.71423
BIAF,2026-09-01T13:03:00+00:00,scale0.5@+5_rest@+10_floor+2_stop-12,-12.0,5.0,0.5,10.0,2.0,,2026-09-01T13:03:00.041311+00:00,6.71,2026-09-01T13:17:28.870904+00:00,7.0455000000000005,0.5,2026-09-01T13:26:00.755541+00:00,7.381,0.0,target,7.5,1380.71423
BIAF,2026-09-01T13:03:00+00:00,scale0.5@+5_trail2_floor+0_stop-12,-12.0,5.0,0.5,,0.0,2.0,2026-09-01T13:03:00.041311+00:00,6.71,2026-09-01T13:17:28.870904+00:00,7.0455000000000005,0.5,2026-09-01T13:18:04.926708+00:00,7.06,0.5,trail,5.108047690014903,904.885397
BIAF,2026-09-01T13:03:00+00:00,hold_stop-15,-15.0,,0.0,,,,2026-09-01T13:03:00.041311+00:00,6.71,,,0.0,2026-09-01T14:03:00.685935+00:00,6.65,1.0,atr_sell,-0.894187779433675,3600.644624
BIAF,2026-09-01T13:03:00+00:00,full_target+5_stop-15,-15.0,5.0,1.0,,,,2026-09-01T13:03:00.041311+00:00,6.71,2026-09-01T13:17:28.870904+00:00,7.0455000000000005,1.0,2026-09-01T13:17:28.870904+00:00,7.0455000000000005,0.0,target,5.0,868.829593
BIAF,2026-09-01T13:03:00+00:00,full_target+8_stop-15,-15.0,8.0,1.0,,,,2026-09-01T13:03:00.041311+00:00,6.71,2026-09-01T13:25:52.258231+00:00,7.2468,1.0,2026-09-01T13:25:52.258231+00:00,7.2468,0.0,target,8.0,1372.21692
BIAF,2026-09-01T13:03:00+00:00,full_target+10_stop-15,-15.0,10.0,1.0,,,,2026-09-01T13:03:00.041311+00:00,6.71,2026-09-01T13:26:00.755541+00:00,7.381,1.0,2026-09-01T13:26:00.755541+00:00,7.381,0.0,target,10.0,1380.71423
BIAF,2026-09-01T13:03:00+00:00,scale0.4@+5_rest@+8_floor+0_stop-15,-15.0,5.0,0.4,8.0,0.0,,2026-09-01T13:03:00.041311+00:00,6.71,2026-09-01T13:17:28.870904+00:00,7.0455000000000005,0.4,2026-09-01T13:25:52.258231+00:00,7.2468,0.0,target,6.8,1372.21692
BIAF,2026-09-01T13:03:00+00:00,scale0.4@+5_rest@+8_floor+2_stop-15,-15.0,5.0,0.4,8.0,2.0,,2026-09-01T13:03:00.041311+00:00,6.71,2026-09-01T13:17:28.870904+00:00,7.0455000000000005,0.4,2026-09-01T13:25:52.258231+00:00,7.2468,0.0,target,6.8,1372.21692
BIAF,2026-09-01T13:03:00+00:00,scale0.4@+5_rest@+10_floor+0_stop-15,-15.0,5.0,0.4,10.0,0.0,,2026-09-01T13:03:00.041311+00:00,6.71,2026-09-01T13:17:28.870904+00:00,7.0455000000000005,0.4,2026-09-01T13:26:00.755541+00:00,7.381,0.0,target,8.0,1380.71423
BIAF,2026-09-01T13:03:00+00:00,scale0.4@+5_rest@+10_floor+2_stop-15,-15.0,5.0,0.4,10.0,2.0,,2026-09-01T13:03:00.041311+00:00,6.71,2026-09-01T13:17:28.870904+00:00,7.0455000000000005,0.4,2026-09-01T13:26:00.755541+00:00,7.381,0.0,target,8.0,1380.71423
BIAF,2026-09-01T13:03:00+00:00,scale0.5@+5_rest@+8_floor+0_stop-15,-15.0,5.0,0.5,8.0,0.0,,2026-09-01T13:03:00.041311+00:00,6.71,2026-09-01T13:17:28.870904+00:00,7.0455000000000005,0.5,2026-09-01T13:25:52.258231+00:00,7.2468,0.0,target,6.5,1372.21692
BIAF,2026-09-01T13:03:00+00:00,scale0.5@+5_rest@+8_floor+2_stop-15,-15.0,5.0,0.5,8.0,2.0,,2026-09-01T13:03:00.041311+00:00,6.71,2026-09-01T13:17:28.870904+00:00,7.0455000000000005,0.5,2026-09-01T13:25:52.258231+00:00,7.2468,0.0,target,6.5,1372.21692
BIAF,2026-09-01T13:03:00+00:00,scale0.5@+5_rest@+10_floor+0_stop-15,-15.0,5.0,0.5,10.0,0.0,,2026-09-01T13:03:00.041311+00:00,6.71,2026-09-01T13:17:28.870904+00:00,7.0455000000000005,0.5,2026-09-01T13:26:00.755541+00:00,7.381,0.0,target,7.5,1380.71423
BIAF,2026-09-01T13:03:00+00:00,scale0.5@+5_rest@+10_floor+2_stop-15,-15.0,5.0,0.5,10.0,2.0,,2026-09-01T13:03:00.041311+00:00,6.71,2026-09-01T13:17:28.870904+00:00,7.0455000000000005,0.5,2026-09-01T13:26:00.755541+00:00,7.381,0.0,target,7.5,1380.71423
BIAF,2026-09-01T13:03:00+00:00,scale0.5@+5_trail2_floor+0_stop-15,-15.0,5.0,0.5,,0.0,2.0,2026-09-01T13:03:00.041311+00:00,6.71,2026-09-01T13:17:28.870904+00:00,7.0455000000000005,0.5,2026-09-01T13:18:04.926708+00:00,7.06,0.5,trail,5.108047690014903,904.885397
BIAF,2026-09-01T15:32:00+00:00,atr_sell_only,,,0.0,,,,2026-09-01T15:32:00.033934+00:00,6.6,,,0.0,2026-09-01T15:53:00.548719+00:00,6.4,1.0,atr_sell,-3.0303030303030165,1260.514785
BIAF,2026-09-01T15:32:00+00:00,hold_stop-8,-8.0,,0.0,,,,2026-09-01T15:32:00.033934+00:00,6.6,,,0.0,2026-09-01T15:53:00.548719+00:00,6.4,1.0,atr_sell,-3.0303030303030165,1260.514785
BIAF,2026-09-01T15:32:00+00:00,full_target+5_stop-8,-8.0,5.0,1.0,,,,2026-09-01T15:32:00.033934+00:00,6.6,2026-09-01T15:40:30.263391+00:00,6.93,1.0,2026-09-01T15:40:30.263391+00:00,6.93,0.0,target,5.0,510.229457
BIAF,2026-09-01T15:32:00+00:00,full_target+8_stop-8,-8.0,8.0,1.0,,,,2026-09-01T15:32:00.033934+00:00,6.6,,,0.0,2026-09-01T15:53:00.548719+00:00,6.4,1.0,atr_sell,-3.0303030303030165,1260.514785
BIAF,2026-09-01T15:32:00+00:00,full_target+10_stop-8,-8.0,10.0,1.0,,,,2026-09-01T15:32:00.033934+00:00,6.6,,,0.0,2026-09-01T15:53:00.548719+00:00,6.4,1.0,atr_sell,-3.0303030303030165,1260.514785
BIAF,2026-09-01T15:32:00+00:00,scale0.4@+5_rest@+8_floor+0_stop-8,-8.0,5.0,0.4,8.0,0.0,,2026-09-01T15:32:00.033934+00:00,6.6,2026-09-01T15:40:30.263391+00:00,6.93,0.4,2026-09-01T15:44:08.484018+00:00,6.61,0.6,earned_floor,2.0909090909091015,728.450084
BIAF,2026-09-01T15:32:00+00:00,scale0.4@+5_rest@+8_floor+2_stop-8,-8.0,5.0,0.4,8.0,2.0,,2026-09-01T15:32:00.033934+00:00,6.6,2026-09-01T15:40:30.263391+00:00,6.93,0.4,2026-09-01T15:43:35.669581+00:00,6.73,0.6,earned_floor,3.181818181818186,695.635647
BIAF,2026-09-01T15:32:00+00:00,scale0.4@+5_rest@+10_floor+0_stop-8,-8.0,5.0,0.4,10.0,0.0,,2026-09-01T15:32:00.033934+00:00,6.6,2026-09-01T15:40:30.263391+00:00,6.93,0.4,2026-09-01T15:44:08.484018+00:00,6.61,0.6,earned_floor,2.0909090909091015,728.450084
BIAF,2026-09-01T15:32:00+00:00,scale0.4@+5_rest@+10_floor+2_stop-8,-8.0,5.0,0.4,10.0,2.0,,2026-09-01T15:32:00.033934+00:00,6.6,2026-09-01T15:40:30.263391+00:00,6.93,0.4,2026-09-01T15:43:35.669581+00:00,6.73,0.6,earned_floor,3.181818181818186,695.635647
BIAF,2026-09-01T15:32:00+00:00,scale0.5@+5_rest@+8_floor+0_stop-8,-8.0,5.0,0.5,8.0,0.0,,2026-09-01T15:32:00.033934+00:00,6.6,2026-09-01T15:40:30.263391+00:00,6.93,0.5,2026-09-01T15:44:08.484018+00:00,6.61,0.5,earned_floor,2.5757575757575846,728.450084
BIAF,2026-09-01T15:32:00+00:00,scale0.5@+5_rest@+8_floor+2_stop-8,-8.0,5.0,0.5,8.0,2.0,,2026-09-01T15:32:00.033934+00:00,6.6,2026-09-01T15:40:30.263391+00:00,6.93,0.5,2026-09-01T15:43:35.669581+00:00,6.73,0.5,earned_floor,3.4848484848484884,695.635647
BIAF,2026-09-01T15:32:00+00:00,scale0.5@+5_rest@+10_floor+0_stop-8,-8.0,5.0,0.5,10.0,0.0,,2026-09-01T15:32:00.033934+00:00,6.6,2026-09-01T15:40:30.263391+00:00,6.93,0.5,2026-09-01T15:44:08.484018+00:00,6.61,0.5,earned_floor,2.5757575757575846,728.450084
BIAF,2026-09-01T15:32:00+00:00,scale0.5@+5_rest@+10_floor+2_stop-8,-8.0,5.0,0.5,10.0,2.0,,2026-09-01T15:32:00.033934+00:00,6.6,2026-09-01T15:40:30.263391+00:00,6.93,0.5,2026-09-01T15:43:35.669581+00:00,6.73,0.5,earned_floor,3.4848484848484884,695.635647
BIAF,2026-09-01T15:32:00+00:00,scale0.5@+5_trail2_floor+0_stop-8,-8.0,5.0,0.5,,0.0,2.0,2026-09-01T15:32:00.033934+00:00,6.6,2026-09-01T15:40:30.263391+00:00,6.93,0.5,2026-09-01T15:41:34.942940+00:00,6.97,0.5,trail,5.303030303030307,574.909006
BIAF,2026-09-01T15:32:00+00:00,hold_stop-10,-10.0,,0.0,,,,2026-09-01T15:32:00.033934+00:00,6.6,,,0.0,2026-09-01T15:53:00.548719+00:00,6.4,1.0,atr_sell,-3.0303030303030165,1260.514785
BIAF,2026-09-01T15:32:00+00:00,full_target+5_stop-10,-10.0,5.0,1.0,,,,2026-09-01T15:32:00.033934+00:00,6.6,2026-09-01T15:40:30.263391+00:00,6.93,1.0,2026-09-01T15:40:30.263391+00:00,6.93,0.0,target,5.0,510.229457
BIAF,2026-09-01T15:32:00+00:00,full_target+8_stop-10,-10.0,8.0,1.0,,,,2026-09-01T15:32:00.033934+00:00,6.6,,,0.0,2026-09-01T15:53:00.548719+00:00,6.4,1.0,atr_sell,-3.0303030303030165,1260.514785
BIAF,2026-09-01T15:32:00+00:00,full_target+10_stop-10,-10.0,10.0,1.0,,,,2026-09-01T15:32:00.033934+00:00,6.6,,,0.0,2026-09-01T15:53:00.548719+00:00,6.4,1.0,atr_sell,-3.0303030303030165,1260.514785
BIAF,2026-09-01T15:32:00+00:00,scale0.4@+5_rest@+8_floor+0_stop-10,-10.0,5.0,0.4,8.0,0.0,,2026-09-01T15:32:00.033934+00:00,6.6,2026-09-01T15:40:30.263391+00:00,6.93,0.4,2026-09-01T15:44:08.484018+00:00,6.61,0.6,earned_floor,2.0909090909091015,728.450084
BIAF,2026-09-01T15:32:00+00:00,scale0.4@+5_rest@+8_floor+2_stop-10,-10.0,5.0,0.4,8.0,2.0,,2026-09-01T15:32:00.033934+00:00,6.6,2026-09-01T15:40:30.263391+00:00,6.93,0.4,2026-09-01T15:43:35.669581+00:00,6.73,0.6,earned_floor,3.181818181818186,695.635647
BIAF,2026-09-01T15:32:00+00:00,scale0.4@+5_rest@+10_floor+0_stop-10,-10.0,5.0,0.4,10.0,0.0,,2026-09-01T15:32:00.033934+00:00,6.6,2026-09-01T15:40:30.263391+00:00,6.93,0.4,2026-09-01T15:44:08.484018+00:00,6.61,0.6,earned_floor,2.0909090909091015,728.450084
BIAF,2026-09-01T15:32:00+00:00,scale0.4@+5_rest@+10_floor+2_stop-10,-10.0,5.0,0.4,10.0,2.0,,2026-09-01T15:32:00.033934+00:00,6.6,2026-09-01T15:40:30.263391+00:00,6.93,0.4,2026-09-01T15:43:35.669581+00:00,6.73,0.6,earned_floor,3.181818181818186,695.635647
BIAF,2026-09-01T15:32:00+00:00,scale0.5@+5_rest@+8_floor+0_stop-10,-10.0,5.0,0.5,8.0,0.0,,2026-09-01T15:32:00.033934+00:00,6.6,2026-09-01T15:40:30.263391+00:00,6.93,0.5,2026-09-01T15:44:08.484018+00:00,6.61,0.5,earned_floor,2.5757575757575846,728.450084
BIAF,2026-09-01T15:32:00+00:00,scale0.5@+5_rest@+8_floor+2_stop-10,-10.0,5.0,0.5,8.0,2.0,,2026-09-01T15:32:00.033934+00:00,6.6,2026-09-01T15:40:30.263391+00:00,6.93,0.5,2026-09-01T15:43:35.669581+00:00,6.73,0.5,earned_floor,3.4848484848484884,695.635647
BIAF,2026-09-01T15:32:00+00:00,scale0.5@+5_rest@+10_floor+0_stop-10,-10.0,5.0,0.5,10.0,0.0,,2026-09-01T15:32:00.033934+00:00,6.6,2026-09-01T15:40:30.263391+00:00,6.93,0.5,2026-09-01T15:44:08.484018+00:00,6.61,0.5,earned_floor,2.5757575757575846,728.450084
BIAF,2026-09-01T15:32:00+00:00,scale0.5@+5_rest@+10_floor+2_stop-10,-10.0,5.0,0.5,10.0,2.0,,2026-09-01T15:32:00.033934+00:00,6.6,2026-09-01T15:40:30.263391+00:00,6.93,0.5,2026-09-01T15:43:35.669581+00:00,6.73,0.5,earned_floor,3.4848484848484884,695.635647
BIAF,2026-09-01T15:32:00+00:00,scale0.5@+5_trail2_floor+0_stop-10,-10.0,5.0,0.5,,0.0,2.0,2026-09-01T15:32:00.033934+00:00,6.6,2026-09-01T15:40:30.263391+00:00,6.93,0.5,2026-09-01T15:41:34.942940+00:00,6.97,0.5,trail,5.303030303030307,574.909006
BIAF,2026-09-01T15:32:00+00:00,hold_stop-12,-12.0,,0.0,,,,2026-09-01T15:32:00.033934+00:00,6.6,,,0.0,2026-09-01T15:53:00.548719+00:00,6.4,1.0,atr_sell,-3.0303030303030165,1260.514785
BIAF,2026-09-01T15:32:00+00:00,full_target+5_stop-12,-12.0,5.0,1.0,,,,2026-09-01T15:32:00.033934+00:00,6.6,2026-09-01T15:40:30.263391+00:00,6.93,1.0,2026-09-01T15:40:30.263391+00:00,6.93,0.0,target,5.0,510.229457
BIAF,2026-09-01T15:32:00+00:00,full_target+8_stop-12,-12.0,8.0,1.0,,,,2026-09-01T15:32:00.033934+00:00,6.6,,,0.0,2026-09-01T15:53:00.548719+00:00,6.4,1.0,atr_sell,-3.0303030303030165,1260.514785
BIAF,2026-09-01T15:32:00+00:00,full_target+10_stop-12,-12.0,10.0,1.0,,,,2026-09-01T15:32:00.033934+00:00,6.6,,,0.0,2026-09-01T15:53:00.548719+00:00,6.4,1.0,atr_sell,-3.0303030303030165,1260.514785
BIAF,2026-09-01T15:32:00+00:00,scale0.4@+5_rest@+8_floor+0_stop-12,-12.0,5.0,0.4,8.0,0.0,,2026-09-01T15:32:00.033934+00:00,6.6,2026-09-01T15:40:30.263391+00:00,6.93,0.4,2026-09-01T15:44:08.484018+00:00,6.61,0.6,earned_floor,2.0909090909091015,728.450084
BIAF,2026-09-01T15:32:00+00:00,scale0.4@+5_rest@+8_floor+2_stop-12,-12.0,5.0,0.4,8.0,2.0,,2026-09-01T15:32:00.033934+00:00,6.6,2026-09-01T15:40:30.263391+00:00,6.93,0.4,2026-09-01T15:43:35.669581+00:00,6.73,0.6,earned_floor,3.181818181818186,695.635647
BIAF,2026-09-01T15:32:00+00:00,scale0.4@+5_rest@+10_floor+0_stop-12,-12.0,5.0,0.4,10.0,0.0,,2026-09-01T15:32:00.033934+00:00,6.6,2026-09-01T15:40:30.263391+00:00,6.93,0.4,2026-09-01T15:44:08.484018+00:00,6.61,0.6,earned_floor,2.0909090909091015,728.450084
BIAF,2026-09-01T15:32:00+00:00,scale0.4@+5_rest@+10_floor+2_stop-12,-12.0,5.0,0.4,10.0,2.0,,2026-09-01T15:32:00.033934+00:00,6.6,2026-09-01T15:40:30.263391+00:00,6.93,0.4,2026-09-01T15:43:35.669581+00:00,6.73,0.6,earned_floor,3.181818181818186,695.635647
BIAF,2026-09-01T15:32:00+00:00,scale0.5@+5_rest@+8_floor+0_stop-12,-12.0,5.0,0.5,8.0,0.0,,2026-09-01T15:32:00.033934+00:00,6.6,2026-09-01T15:40:30.263391+00:00,6.93,0.5,2026-09-01T15:44:08.484018+00:00,6.61,0.5,earned_floor,2.5757575757575846,728.450084
BIAF,2026-09-01T15:32:00+00:00,scale0.5@+5_rest@+8_floor+2_stop-12,-12.0,5.0,0.5,8.0,2.0,,2026-09-01T15:32:00.033934+00:00,6.6,2026-09-01T15:40:30.263391+00:00,6.93,0.5,2026-09-01T15:43:35.669581+00:00,6.73,0.5,earned_floor,3.4848484848484884,695.635647
BIAF,2026-09-01T15:32:00+00:00,scale0.5@+5_rest@+10_floor+0_stop-12,-12.0,5.0,0.5,10.0,0.0,,2026-09-01T15:32:00.033934+00:00,6.6,2026-09-01T15:40:30.263391+00:00,6.93,0.5,2026-09-01T15:44:08.484018+00:00,6.61,0.5,earned_floor,2.5757575757575846,728.450084
BIAF,2026-09-01T15:32:00+00:00,scale0.5@+5_rest@+10_floor+2_stop-12,-12.0,5.0,0.5,10.0,2.0,,2026-09-01T15:32:00.033934+00:00,6.6,2026-09-01T15:40:30.263391+00:00,6.93,0.5,2026-09-01T15:43:35.669581+00:00,6.73,0.5,earned_floor,3.4848484848484884,695.635647
BIAF,2026-09-01T15:32:00+00:00,scale0.5@+5_trail2_floor+0_stop-12,-12.0,5.0,0.5,,0.0,2.0,2026-09-01T15:32:00.033934+00:00,6.6,2026-09-01T15:40:30.263391+00:00,6.93,0.5,2026-09-01T15:41:34.942940+00:00,6.97,0.5,trail,5.303030303030307,574.909006
BIAF,2026-09-01T15:32:00+00:00,hold_stop-15,-15.0,,0.0,,,,2026-09-01T15:32:00.033934+00:00,6.6,,,0.0,2026-09-01T15:53:00.548719+00:00,6.4,1.0,atr_sell,-3.0303030303030165,1260.514785
BIAF,2026-09-01T15:32:00+00:00,full_target+5_stop-15,-15.0,5.0,1.0,,,,2026-09-01T15:32:00.033934+00:00,6.6,2026-09-01T15:40:30.263391+00:00,6.93,1.0,2026-09-01T15:40:30.263391+00:00,6.93,0.0,target,5.0,510.229457
BIAF,2026-09-01T15:32:00+00:00,full_target+8_stop-15,-15.0,8.0,1.0,,,,2026-09-01T15:32:00.033934+00:00,6.6,,,0.0,2026-09-01T15:53:00.548719+00:00,6.4,1.0,atr_sell,-3.0303030303030165,1260.514785
BIAF,2026-09-01T15:32:00+00:00,full_target+10_stop-15,-15.0,10.0,1.0,,,,2026-09-01T15:32:00.033934+00:00,6.6,,,0.0,2026-09-01T15:53:00.548719+00:00,6.4,1.0,atr_sell,-3.0303030303030165,1260.514785
BIAF,2026-09-01T15:32:00+00:00,scale0.4@+5_rest@+8_floor+0_stop-15,-15.0,5.0,0.4,8.0,0.0,,2026-09-01T15:32:00.033934+00:00,6.6,2026-09-01T15:40:30.263391+00:00,6.93,0.4,2026-09-01T15:44:08.484018+00:00,6.61,0.6,earned_floor,2.0909090909091015,728.450084
BIAF,2026-09-01T15:32:00+00:00,scale0.4@+5_rest@+8_floor+2_stop-15,-15.0,5.0,0.4,8.0,2.0,,2026-09-01T15:32:00.033934+00:00,6.6,2026-09-01T15:40:30.263391+00:00,6.93,0.4,2026-09-01T15:43:35.669581+00:00,6.73,0.6,earned_floor,3.181818181818186,695.635647
BIAF,2026-09-01T15:32:00+00:00,scale0.4@+5_rest@+10_floor+0_stop-15,-15.0,5.0,0.4,10.0,0.0,,2026-09-01T15:32:00.033934+00:00,6.6,2026-09-01T15:40:30.263391+00:00,6.93,0.4,2026-09-01T15:44:08.484018+00:00,6.61,0.6,earned_floor,2.0909090909091015,728.450084
BIAF,2026-09-01T15:32:00+00:00,scale0.4@+5_rest@+10_floor+2_stop-15,-15.0,5.0,0.4,10.0,2.0,,2026-09-01T15:32:00.033934+00:00,6.6,2026-09-01T15:40:30.263391+00:00,6.93,0.4,2026-09-01T15:43:35.669581+00:00,6.73,0.6,earned_floor,3.181818181818186,695.635647
BIAF,2026-09-01T15:32:00+00:00,scale0.5@+5_rest@+8_floor+0_stop-15,-15.0,5.0,0.5,8.0,0.0,,2026-09-01T15:32:00.033934+00:00,6.6,2026-09-01T15:40:30.263391+00:00,6.93,0.5,2026-09-01T15:44:08.484018+00:00,6.61,0.5,earned_floor,2.5757575757575846,728.450084
BIAF,2026-09-01T15:32:00+00:00,scale0.5@+5_rest@+8_floor+2_stop-15,-15.0,5.0,0.5,8.0,2.0,,2026-09-01T15:32:00.033934+00:00,6.6,2026-09-01T15:40:30.263391+00:00,6.93,0.5,2026-09-01T15:43:35.669581+00:00,6.73,0.5,earned_floor,3.4848484848484884,695.635647
BIAF,2026-09-01T15:32:00+00:00,scale0.5@+5_rest@+10_floor+0_stop-15,-15.0,5.0,0.5,10.0,0.0,,2026-09-01T15:32:00.033934+00:00,6.6,2026-09-01T15:40:30.263391+00:00,6.93,0.5,2026-09-01T15:44:08.484018+00:00,6.61,0.5,earned_floor,2.5757575757575846,728.450084
BIAF,2026-09-01T15:32:00+00:00,scale0.5@+5_rest@+10_floor+2_stop-15,-15.0,5.0,0.5,10.0,2.0,,2026-09-01T15:32:00.033934+00:00,6.6,2026-09-01T15:40:30.263391+00:00,6.93,0.5,2026-09-01T15:43:35.669581+00:00,6.73,0.5,earned_floor,3.4848484848484884,695.635647
BIAF,2026-09-01T15:32:00+00:00,scale0.5@+5_trail2_floor+0_stop-15,-15.0,5.0,0.5,,0.0,2.0,2026-09-01T15:32:00.033934+00:00,6.6,2026-09-01T15:40:30.263391+00:00,6.93,0.5,2026-09-01T15:41:34.942940+00:00,6.97,0.5,trail,5.303030303030307,574.909006
BIAF,2026-09-01T16:43:00+00:00,atr_sell_only,,,0.0,,,,2026-09-01T16:43:00.089111+00:00,6.59,,,0.0,2026-09-01T17:53:00.918622+00:00,6.51,1.0,atr_sell,-1.2139605462822445,4200.829511
BIAF,2026-09-01T16:43:00+00:00,hold_stop-8,-8.0,,0.0,,,,2026-09-01T16:43:00.089111+00:00,6.59,,,0.0,2026-09-01T17:53:00.918622+00:00,6.51,1.0,atr_sell,-1.2139605462822445,4200.829511
BIAF,2026-09-01T16:43:00+00:00,full_target+5_stop-8,-8.0,5.0,1.0,,,,2026-09-01T16:43:00.089111+00:00,6.59,2026-09-01T17:32:16.858957+00:00,6.9195,1.0,2026-09-01T17:32:16.858957+00:00,6.9195,0.0,target,5.0,2956.769846
BIAF,2026-09-01T16:43:00+00:00,full_target+8_stop-8,-8.0,8.0,1.0,,,,2026-09-01T16:43:00.089111+00:00,6.59,,,0.0,2026-09-01T17:53:00.918622+00:00,6.51,1.0,atr_sell,-1.2139605462822445,4200.829511
BIAF,2026-09-01T16:43:00+00:00,full_target+10_stop-8,-8.0,10.0,1.0,,,,2026-09-01T16:43:00.089111+00:00,6.59,,,0.0,2026-09-01T17:53:00.918622+00:00,6.51,1.0,atr_sell,-1.2139605462822445,4200.829511
BIAF,2026-09-01T16:43:00+00:00,scale0.4@+5_rest@+8_floor+0_stop-8,-8.0,5.0,0.4,8.0,0.0,,2026-09-01T16:43:00.089111+00:00,6.59,2026-09-01T17:32:16.858957+00:00,6.9195,0.4,2026-09-01T17:46:11.121539+00:00,6.58,0.6,earned_floor,1.9089529590288317,3791.032428
BIAF,2026-09-01T16:43:00+00:00,scale0.4@+5_rest@+8_floor+2_stop-8,-8.0,5.0,0.4,8.0,2.0,,2026-09-01T16:43:00.089111+00:00,6.59,2026-09-01T17:32:16.858957+00:00,6.9195,0.4,2026-09-01T17:35:06.100564+00:00,6.72,0.6,earned_floor,3.1836115326251884,3126.011453
BIAF,2026-09-01T16:43:00+00:00,scale0.4@+5_rest@+10_floor+0_stop-8,-8.0,5.0,0.4,10.0,0.0,,2026-09-01T16:43:00.089111+00:00,6.59,2026-09-01T17:32:16.858957+00:00,6.9195,0.4,2026-09-01T17:46:11.121539+00:00,6.58,0.6,earned_floor,1.9089529590288317,3791.032428
BIAF,2026-09-01T16:43:00+00:00,scale0.4@+5_rest@+10_floor+2_stop-8,-8.0,5.0,0.4,10.0,2.0,,2026-09-01T16:43:00.089111+00:00,6.59,2026-09-01T17:32:16.858957+00:00,6.9195,0.4,2026-09-01T17:35:06.100564+00:00,6.72,0.6,earned_floor,3.1836115326251884,3126.011453
BIAF,2026-09-01T16:43:00+00:00,scale0.5@+5_rest@+8_floor+0_stop-8,-8.0,5.0,0.5,8.0,0.0,,2026-09-01T16:43:00.089111+00:00,6.59,2026-09-01T17:32:16.858957+00:00,6.9195,0.5,2026-09-01T17:46:11.121539+00:00,6.58,0.5,earned_floor,2.4241274658573597,3791.032428
BIAF,2026-09-01T16:43:00+00:00,scale0.5@+5_rest@+8_floor+2_stop-8,-8.0,5.0,0.5,8.0,2.0,,2026-09-01T16:43:00.089111+00:00,6.59,2026-09-01T17:32:16.858957+00:00,6.9195,0.5,2026-09-01T17:35:06.100564+00:00,6.72,0.5,earned_floor,3.4863429438543236,3126.011453
BIAF,2026-09-01T16:43:00+00:00,scale0.5@+5_rest@+10_floor+0_stop-8,-8.0,5.0,0.5,10.0,0.0,,2026-09-01T16:43:00.089111+00:00,6.59,2026-09-01T17:32:16.858957+00:00,6.9195,0.5,2026-09-01T17:46:11.121539+00:00,6.58,0.5,earned_floor,2.4241274658573597,3791.032428
BIAF,2026-09-01T16:43:00+00:00,scale0.5@+5_rest@+10_floor+2_stop-8,-8.0,5.0,0.5,10.0,2.0,,2026-09-01T16:43:00.089111+00:00,6.59,2026-09-01T17:32:16.858957+00:00,6.9195,0.5,2026-09-01T17:35:06.100564+00:00,6.72,0.5,earned_floor,3.4863429438543236,3126.011453
BIAF,2026-09-01T16:43:00+00:00,scale0.5@+5_trail2_floor+0_stop-8,-8.0,5.0,0.5,,0.0,2.0,2026-09-01T16:43:00.089111+00:00,6.59,2026-09-01T17:32:16.858957+00:00,6.9195,0.5,2026-09-01T17:33:19.398542+00:00,6.81,0.5,trail,4.169195751138086,3019.309431
BIAF,2026-09-01T16:43:00+00:00,hold_stop-10,-10.0,,0.0,,,,2026-09-01T16:43:00.089111+00:00,6.59,,,0.0,2026-09-01T17:53:00.918622+00:00,6.51,1.0,atr_sell,-1.2139605462822445,4200.829511
BIAF,2026-09-01T16:43:00+00:00,full_target+5_stop-10,-10.0,5.0,1.0,,,,2026-09-01T16:43:00.089111+00:00,6.59,2026-09-01T17:32:16.858957+00:00,6.9195,1.0,2026-09-01T17:32:16.858957+00:00,6.9195,0.0,target,5.0,2956.769846
BIAF,2026-09-01T16:43:00+00:00,full_target+8_stop-10,-10.0,8.0,1.0,,,,2026-09-01T16:43:00.089111+00:00,6.59,,,0.0,2026-09-01T17:53:00.918622+00:00,6.51,1.0,atr_sell,-1.2139605462822445,4200.829511
BIAF,2026-09-01T16:43:00+00:00,full_target+10_stop-10,-10.0,10.0,1.0,,,,2026-09-01T16:43:00.089111+00:00,6.59,,,0.0,2026-09-01T17:53:00.918622+00:00,6.51,1.0,atr_sell,-1.2139605462822445,4200.829511
BIAF,2026-09-01T16:43:00+00:00,scale0.4@+5_rest@+8_floor+0_stop-10,-10.0,5.0,0.4,8.0,0.0,,2026-09-01T16:43:00.089111+00:00,6.59,2026-09-01T17:32:16.858957+00:00,6.9195,0.4,2026-09-01T17:46:11.121539+00:00,6.58,0.6,earned_floor,1.9089529590288317,3791.032428
BIAF,2026-09-01T16:43:00+00:00,scale0.4@+5_rest@+8_floor+2_stop-10,-10.0,5.0,0.4,8.0,2.0,,2026-09-01T16:43:00.089111+00:00,6.59,2026-09-01T17:32:16.858957+00:00,6.9195,0.4,2026-09-01T17:35:06.100564+00:00,6.72,0.6,earned_floor,3.1836115326251884,3126.011453
BIAF,2026-09-01T16:43:00+00:00,scale0.4@+5_rest@+10_floor+0_stop-10,-10.0,5.0,0.4,10.0,0.0,,2026-09-01T16:43:00.089111+00:00,6.59,2026-09-01T17:32:16.858957+00:00,6.9195,0.4,2026-09-01T17:46:11.121539+00:00,6.58,0.6,earned_floor,1.9089529590288317,3791.032428
BIAF,2026-09-01T16:43:00+00:00,scale0.4@+5_rest@+10_floor+2_stop-10,-10.0,5.0,0.4,10.0,2.0,,2026-09-01T16:43:00.089111+00:00,6.59,2026-09-01T17:32:16.858957+00:00,6.9195,0.4,2026-09-01T17:35:06.100564+00:00,6.72,0.6,earned_floor,3.1836115326251884,3126.011453
BIAF,2026-09-01T16:43:00+00:00,scale0.5@+5_rest@+8_floor+0_stop-10,-10.0,5.0,0.5,8.0,0.0,,2026-09-01T16:43:00.089111+00:00,6.59,2026-09-01T17:32:16.858957+00:00,6.9195,0.5,2026-09-01T17:46:11.121539+00:00,6.58,0.5,earned_floor,2.4241274658573597,3791.032428
BIAF,2026-09-01T16:43:00+00:00,scale0.5@+5_rest@+8_floor+2_stop-10,-10.0,5.0,0.5,8.0,2.0,,2026-09-01T16:43:00.089111+00:00,6.59,2026-09-01T17:32:16.858957+00:00,6.9195,0.5,2026-09-01T17:35:06.100564+00:00,6.72,0.5,earned_floor,3.4863429438543236,3126.011453
BIAF,2026-09-01T16:43:00+00:00,scale0.5@+5_rest@+10_floor+0_stop-10,-10.0,5.0,0.5,10.0,0.0,,2026-09-01T16:43:00.089111+00:00,6.59,2026-09-01T17:32:16.858957+00:00,6.9195,0.5,2026-09-01T17:46:11.121539+00:00,6.58,0.5,earned_floor,2.4241274658573597,3791.032428
BIAF,2026-09-01T16:43:00+00:00,scale0.5@+5_rest@+10_floor+2_stop-10,-10.0,5.0,0.5,10.0,2.0,,2026-09-01T16:43:00.089111+00:00,6.59,2026-09-01T17:32:16.858957+00:00,6.9195,0.5,2026-09-01T17:35:06.100564+00:00,6.72,0.5,earned_floor,3.4863429438543236,3126.011453
BIAF,2026-09-01T16:43:00+00:00,scale0.5@+5_trail2_floor+0_stop-10,-10.0,5.0,0.5,,0.0,2.0,2026-09-01T16:43:00.089111+00:00,6.59,2026-09-01T17:32:16.858957+00:00,6.9195,0.5,2026-09-01T17:33:19.398542+00:00,6.81,0.5,trail,4.169195751138086,3019.309431
BIAF,2026-09-01T16:43:00+00:00,hold_stop-12,-12.0,,0.0,,,,2026-09-01T16:43:00.089111+00:00,6.59,,,0.0,2026-09-01T17:53:00.918622+00:00,6.51,1.0,atr_sell,-1.2139605462822445,4200.829511
BIAF,2026-09-01T16:43:00+00:00,full_target+5_stop-12,-12.0,5.0,1.0,,,,2026-09-01T16:43:00.089111+00:00,6.59,2026-09-01T17:32:16.858957+00:00,6.9195,1.0,2026-09-01T17:32:16.858957+00:00,6.9195,0.0,target,5.0,2956.769846
BIAF,2026-09-01T16:43:00+00:00,full_target+8_stop-12,-12.0,8.0,1.0,,,,2026-09-01T16:43:00.089111+00:00,6.59,,,0.0,2026-09-01T17:53:00.918622+00:00,6.51,1.0,atr_sell,-1.2139605462822445,4200.829511
BIAF,2026-09-01T16:43:00+00:00,full_target+10_stop-12,-12.0,10.0,1.0,,,,2026-09-01T16:43:00.089111+00:00,6.59,,,0.0,2026-09-01T17:53:00.918622+00:00,6.51,1.0,atr_sell,-1.2139605462822445,4200.829511
BIAF,2026-09-01T16:43:00+00:00,scale0.4@+5_rest@+8_floor+0_stop-12,-12.0,5.0,0.4,8.0,0.0,,2026-09-01T16:43:00.089111+00:00,6.59,2026-09-01T17:32:16.858957+00:00,6.9195,0.4,2026-09-01T17:46:11.121539+00:00,6.58,0.6,earned_floor,1.9089529590288317,3791.032428
BIAF,2026-09-01T16:43:00+00:00,scale0.4@+5_rest@+8_floor+2_stop-12,-12.0,5.0,0.4,8.0,2.0,,2026-09-01T16:43:00.089111+00:00,6.59,2026-09-01T17:32:16.858957+00:00,6.9195,0.4,2026-09-01T17:35:06.100564+00:00,6.72,0.6,earned_floor,3.1836115326251884,3126.011453
BIAF,2026-09-01T16:43:00+00:00,scale0.4@+5_rest@+10_floor+0_stop-12,-12.0,5.0,0.4,10.0,0.0,,2026-09-01T16:43:00.089111+00:00,6.59,2026-09-01T17:32:16.858957+00:00,6.9195,0.4,2026-09-01T17:46:11.121539+00:00,6.58,0.6,earned_floor,1.9089529590288317,3791.032428
BIAF,2026-09-01T16:43:00+00:00,scale0.4@+5_rest@+10_floor+2_stop-12,-12.0,5.0,0.4,10.0,2.0,,2026-09-01T16:43:00.089111+00:00,6.59,2026-09-01T17:32:16.858957+00:00,6.9195,0.4,2026-09-01T17:35:06.100564+00:00,6.72,0.6,earned_floor,3.1836115326251884,3126.011453
BIAF,2026-09-01T16:43:00+00:00,scale0.5@+5_rest@+8_floor+0_stop-12,-12.0,5.0,0.5,8.0,0.0,,2026-09-01T16:43:00.089111+00:00,6.59,2026-09-01T17:32:16.858957+00:00,6.9195,0.5,2026-09-01T17:46:11.121539+00:00,6.58,0.5,earned_floor,2.4241274658573597,3791.032428
BIAF,2026-09-01T16:43:00+00:00,scale0.5@+5_rest@+8_floor+2_stop-12,-12.0,5.0,0.5,8.0,2.0,,2026-09-01T16:43:00.089111+00:00,6.59,2026-09-01T17:32:16.858957+00:00,6.9195,0.5,2026-09-01T17:35:06.100564+00:00,6.72,0.5,earned_floor,3.4863429438543236,3126.011453
BIAF,2026-09-01T16:43:00+00:00,scale0.5@+5_rest@+10_floor+0_stop-12,-12.0,5.0,0.5,10.0,0.0,,2026-09-01T16:43:00.089111+00:00,6.59,2026-09-01T17:32:16.858957+00:00,6.9195,0.5,2026-09-01T17:46:11.121539+00:00,6.58,0.5,earned_floor,2.4241274658573597,3791.032428
BIAF,2026-09-01T16:43:00+00:00,scale0.5@+5_rest@+10_floor+2_stop-12,-12.0,5.0,0.5,10.0,2.0,,2026-09-01T16:43:00.089111+00:00,6.59,2026-09-01T17:32:16.858957+00:00,6.9195,0.5,2026-09-01T17:35:06.100564+00:00,6.72,0.5,earned_floor,3.4863429438543236,3126.011453
BIAF,2026-09-01T16:43:00+00:00,scale0.5@+5_trail2_floor+0_stop-12,-12.0,5.0,0.5,,0.0,2.0,2026-09-01T16:43:00.089111+00:00,6.59,2026-09-01T17:32:16.858957+00:00,6.9195,0.5,2026-09-01T17:33:19.398542+00:00,6.81,0.5,trail,4.169195751138086,3019.309431
BIAF,2026-09-01T16:43:00+00:00,hold_stop-15,-15.0,,0.0,,,,2026-09-01T16:43:00.089111+00:00,6.59,,,0.0,2026-09-01T17:53:00.918622+00:00,6.51,1.0,atr_sell,-1.2139605462822445,4200.829511
BIAF,2026-09-01T16:43:00+00:00,full_target+5_stop-15,-15.0,5.0,1.0,,,,2026-09-01T16:43:00.089111+00:00,6.59,2026-09-01T17:32:16.858957+00:00,6.9195,1.0,2026-09-01T17:32:16.858957+00:00,6.9195,0.0,target,5.0,2956.769846
BIAF,2026-09-01T16:43:00+00:00,full_target+8_stop-15,-15.0,8.0,1.0,,,,2026-09-01T16:43:00.089111+00:00,6.59,,,0.0,2026-09-01T17:53:00.918622+00:00,6.51,1.0,atr_sell,-1.2139605462822445,4200.829511
BIAF,2026-09-01T16:43:00+00:00,full_target+10_stop-15,-15.0,10.0,1.0,,,,2026-09-01T16:43:00.089111+00:00,6.59,,,0.0,2026-09-01T17:53:00.918622+00:00,6.51,1.0,atr_sell,-1.2139605462822445,4200.829511
BIAF,2026-09-01T16:43:00+00:00,scale0.4@+5_rest@+8_floor+0_stop-15,-15.0,5.0,0.4,8.0,0.0,,2026-09-01T16:43:00.089111+00:00,6.59,2026-09-01T17:32:16.858957+00:00,6.9195,0.4,2026-09-01T17:46:11.121539+00:00,6.58,0.6,earned_floor,1.9089529590288317,3791.032428
BIAF,2026-09-01T16:43:00+00:00,scale0.4@+5_rest@+8_floor+2_stop-15,-15.0,5.0,0.4,8.0,2.0,,2026-09-01T16:43:00.089111+00:00,6.59,2026-09-01T17:32:16.858957+00:00,6.9195,0.4,2026-09-01T17:35:06.100564+00:00,6.72,0.6,earned_floor,3.1836115326251884,3126.011453
BIAF,2026-09-01T16:43:00+00:00,scale0.4@+5_rest@+10_floor+0_stop-15,-15.0,5.0,0.4,10.0,0.0,,2026-09-01T16:43:00.089111+00:00,6.59,2026-09-01T17:32:16.858957+00:00,6.9195,0.4,2026-09-01T17:46:11.121539+00:00,6.58,0.6,earned_floor,1.9089529590288317,3791.032428
BIAF,2026-09-01T16:43:00+00:00,scale0.4@+5_rest@+10_floor+2_stop-15,-15.0,5.0,0.4,10.0,2.0,,2026-09-01T16:43:00.089111+00:00,6.59,2026-09-01T17:32:16.858957+00:00,6.9195,0.4,2026-09-01T17:35:06.100564+00:00,6.72,0.6,earned_floor,3.1836115326251884,3126.011453
BIAF,2026-09-01T16:43:00+00:00,scale0.5@+5_rest@+8_floor+0_stop-15,-15.0,5.0,0.5,8.0,0.0,,2026-09-01T16:43:00.089111+00:00,6.59,2026-09-01T17:32:16.858957+00:00,6.9195,0.5,2026-09-01T17:46:11.121539+00:00,6.58,0.5,earned_floor,2.4241274658573597,3791.032428
BIAF,2026-09-01T16:43:00+00:00,scale0.5@+5_rest@+8_floor+2_stop-15,-15.0,5.0,0.5,8.0,2.0,,2026-09-01T16:43:00.089111+00:00,6.59,2026-09-01T17:32:16.858957+00:00,6.9195,0.5,2026-09-01T17:35:06.100564+00:00,6.72,0.5,earned_floor,3.4863429438543236,3126.011453
BIAF,2026-09-01T16:43:00+00:00,scale0.5@+5_rest@+10_floor+0_stop-15,-15.0,5.0,0.5,10.0,0.0,,2026-09-01T16:43:00.089111+00:00,6.59,2026-09-01T17:32:16.858957+00:00,6.9195,0.5,2026-09-01T17:46:11.121539+00:00,6.58,0.5,earned_floor,2.4241274658573597,3791.032428
BIAF,2026-09-01T16:43:00+00:00,scale0.5@+5_rest@+10_floor+2_stop-15,-15.0,5.0,0.5,10.0,2.0,,2026-09-01T16:43:00.089111+00:00,6.59,2026-09-01T17:32:16.858957+00:00,6.9195,0.5,2026-09-01T17:35:06.100564+00:00,6.72,0.5,earned_floor,3.4863429438543236,3126.011453
BIAF,2026-09-01T16:43:00+00:00,scale0.5@+5_trail2_floor+0_stop-15,-15.0,5.0,0.5,,0.0,2.0,2026-09-01T16:43:00.089111+00:00,6.59,2026-09-01T17:32:16.858957+00:00,6.9195,0.5,2026-09-01T17:33:19.398542+00:00,6.81,0.5,trail,4.169195751138086,3019.309431
BIAF,2026-09-01T18:50:00+00:00,atr_sell_only,,,0.0,,,,2026-09-01T18:50:01.023077+00:00,6.84,,,0.0,2026-09-01T19:55:03.180469+00:00,6.53,1.0,atr_sell,-4.532163742690054,3902.157392
BIAF,2026-09-01T18:50:00+00:00,hold_stop-8,-8.0,,0.0,,,,2026-09-01T18:50:01.023077+00:00,6.84,,,0.0,2026-09-01T19:55:03.180469+00:00,6.53,1.0,atr_sell,-4.532163742690054,3902.157392
BIAF,2026-09-01T18:50:00+00:00,full_target+5_stop-8,-8.0,5.0,1.0,,,,2026-09-01T18:50:01.023077+00:00,6.84,,,0.0,2026-09-01T19:55:03.180469+00:00,6.53,1.0,atr_sell,-4.532163742690054,3902.157392
BIAF,2026-09-01T18:50:00+00:00,full_target+8_stop-8,-8.0,8.0,1.0,,,,2026-09-01T18:50:01.023077+00:00,6.84,,,0.0,2026-09-01T19:55:03.180469+00:00,6.53,1.0,atr_sell,-4.532163742690054,3902.157392
BIAF,2026-09-01T18:50:00+00:00,full_target+10_stop-8,-8.0,10.0,1.0,,,,2026-09-01T18:50:01.023077+00:00,6.84,,,0.0,2026-09-01T19:55:03.180469+00:00,6.53,1.0,atr_sell,-4.532163742690054,3902.157392
BIAF,2026-09-01T18:50:00+00:00,scale0.4@+5_rest@+8_floor+0_stop-8,-8.0,5.0,0.4,8.0,0.0,,2026-09-01T18:50:01.023077+00:00,6.84,,,0.0,2026-09-01T19:55:03.180469+00:00,6.53,1.0,atr_sell,-4.532163742690054,3902.157392
BIAF,2026-09-01T18:50:00+00:00,scale0.4@+5_rest@+8_floor+2_stop-8,-8.0,5.0,0.4,8.0,2.0,,2026-09-01T18:50:01.023077+00:00,6.84,,,0.0,2026-09-01T19:55:03.180469+00:00,6.53,1.0,atr_sell,-4.532163742690054,3902.157392
BIAF,2026-09-01T18:50:00+00:00,scale0.4@+5_rest@+10_floor+0_stop-8,-8.0,5.0,0.4,10.0,0.0,,2026-09-01T18:50:01.023077+00:00,6.84,,,0.0,2026-09-01T19:55:03.180469+00:00,6.53,1.0,atr_sell,-4.532163742690054,3902.157392
BIAF,2026-09-01T18:50:00+00:00,scale0.4@+5_rest@+10_floor+2_stop-8,-8.0,5.0,0.4,10.0,2.0,,2026-09-01T18:50:01.023077+00:00,6.84,,,0.0,2026-09-01T19:55:03.180469+00:00,6.53,1.0,atr_sell,-4.532163742690054,3902.157392
BIAF,2026-09-01T18:50:00+00:00,scale0.5@+5_rest@+8_floor+0_stop-8,-8.0,5.0,0.5,8.0,0.0,,2026-09-01T18:50:01.023077+00:00,6.84,,,0.0,2026-09-01T19:55:03.180469+00:00,6.53,1.0,atr_sell,-4.532163742690054,3902.157392
BIAF,2026-09-01T18:50:00+00:00,scale0.5@+5_rest@+8_floor+2_stop-8,-8.0,5.0,0.5,8.0,2.0,,2026-09-01T18:50:01.023077+00:00,6.84,,,0.0,2026-09-01T19:55:03.180469+00:00,6.53,1.0,atr_sell,-4.532163742690054,3902.157392
BIAF,2026-09-01T18:50:00+00:00,scale0.5@+5_rest@+10_floor+0_stop-8,-8.0,5.0,0.5,10.0,0.0,,2026-09-01T18:50:01.023077+00:00,6.84,,,0.0,2026-09-01T19:55:03.180469+00:00,6.53,1.0,atr_sell,-4.532163742690054,3902.157392
BIAF,2026-09-01T18:50:00+00:00,scale0.5@+5_rest@+10_floor+2_stop-8,-8.0,5.0,0.5,10.0,2.0,,2026-09-01T18:50:01.023077+00:00,6.84,,,0.0,2026-09-01T19:55:03.180469+00:00,6.53,1.0,atr_sell,-4.532163742690054,3902.157392
BIAF,2026-09-01T18:50:00+00:00,scale0.5@+5_trail2_floor+0_stop-8,-8.0,5.0,0.5,,0.0,2.0,2026-09-01T18:50:01.023077+00:00,6.84,,,0.0,2026-09-01T19:55:03.180469+00:00,6.53,1.0,atr_sell,-4.532163742690054,3902.157392
BIAF,2026-09-01T18:50:00+00:00,hold_stop-10,-10.0,,0.0,,,,2026-09-01T18:50:01.023077+00:00,6.84,,,0.0,2026-09-01T19:55:03.180469+00:00,6.53,1.0,atr_sell,-4.532163742690054,3902.157392
BIAF,2026-09-01T18:50:00+00:00,full_target+5_stop-10,-10.0,5.0,1.0,,,,2026-09-01T18:50:01.023077+00:00,6.84,,,0.0,2026-09-01T19:55:03.180469+00:00,6.53,1.0,atr_sell,-4.532163742690054,3902.157392
BIAF,2026-09-01T18:50:00+00:00,full_target+8_stop-10,-10.0,8.0,1.0,,,,2026-09-01T18:50:01.023077+00:00,6.84,,,0.0,2026-09-01T19:55:03.180469+00:00,6.53,1.0,atr_sell,-4.532163742690054,3902.157392
BIAF,2026-09-01T18:50:00+00:00,full_target+10_stop-10,-10.0,10.0,1.0,,,,2026-09-01T18:50:01.023077+00:00,6.84,,,0.0,2026-09-01T19:55:03.180469+00:00,6.53,1.0,atr_sell,-4.532163742690054,3902.157392
BIAF,2026-09-01T18:50:00+00:00,scale0.4@+5_rest@+8_floor+0_stop-10,-10.0,5.0,0.4,8.0,0.0,,2026-09-01T18:50:01.023077+00:00,6.84,,,0.0,2026-09-01T19:55:03.180469+00:00,6.53,1.0,atr_sell,-4.532163742690054,3902.157392
BIAF,2026-09-01T18:50:00+00:00,scale0.4@+5_rest@+8_floor+2_stop-10,-10.0,5.0,0.4,8.0,2.0,,2026-09-01T18:50:01.023077+00:00,6.84,,,0.0,2026-09-01T19:55:03.180469+00:00,6.53,1.0,atr_sell,-4.532163742690054,3902.157392
BIAF,2026-09-01T18:50:00+00:00,scale0.4@+5_rest@+10_floor+0_stop-10,-10.0,5.0,0.4,10.0,0.0,,2026-09-01T18:50:01.023077+00:00,6.84,,,0.0,2026-09-01T19:55:03.180469+00:00,6.53,1.0,atr_sell,-4.532163742690054,3902.157392
BIAF,2026-09-01T18:50:00+00:00,scale0.4@+5_rest@+10_floor+2_stop-10,-10.0,5.0,0.4,10.0,2.0,,2026-09-01T18:50:01.023077+00:00,6.84,,,0.0,2026-09-01T19:55:03.180469+00:00,6.53,1.0,atr_sell,-4.532163742690054,3902.157392
BIAF,2026-09-01T18:50:00+00:00,scale0.5@+5_rest@+8_floor+0_stop-10,-10.0,5.0,0.5,8.0,0.0,,2026-09-01T18:50:01.023077+00:00,6.84,,,0.0,2026-09-01T19:55:03.180469+00:00,6.53,1.0,atr_sell,-4.532163742690054,3902.157392
BIAF,2026-09-01T18:50:00+00:00,scale0.5@+5_rest@+8_floor+2_stop-10,-10.0,5.0,0.5,8.0,2.0,,2026-09-01T18:50:01.023077+00:00,6.84,,,0.0,2026-09-01T19:55:03.180469+00:00,6.53,1.0,atr_sell,-4.532163742690054,3902.157392
BIAF,2026-09-01T18:50:00+00:00,scale0.5@+5_rest@+10_floor+0_stop-10,-10.0,5.0,0.5,10.0,0.0,,2026-09-01T18:50:01.023077+00:00,6.84,,,0.0,2026-09-01T19:55:03.180469+00:00,6.53,1.0,atr_sell,-4.532163742690054,3902.157392
BIAF,2026-09-01T18:50:00+00:00,scale0.5@+5_rest@+10_floor+2_stop-10,-10.0,5.0,0.5,10.0,2.0,,2026-09-01T18:50:01.023077+00:00,6.84,,,0.0,2026-09-01T19:55:03.180469+00:00,6.53,1.0,atr_sell,-4.532163742690054,3902.157392
BIAF,2026-09-01T18:50:00+00:00,scale0.5@+5_trail2_floor+0_stop-10,-10.0,5.0,0.5,,0.0,2.0,2026-09-01T18:50:01.023077+00:00,6.84,,,0.0,2026-09-01T19:55:03.180469+00:00,6.53,1.0,atr_sell,-4.532163742690054,3902.157392
BIAF,2026-09-01T18:50:00+00:00,hold_stop-12,-12.0,,0.0,,,,2026-09-01T18:50:01.023077+00:00,6.84,,,0.0,2026-09-01T19:55:03.180469+00:00,6.53,1.0,atr_sell,-4.532163742690054,3902.157392
BIAF,2026-09-01T18:50:00+00:00,full_target+5_stop-12,-12.0,5.0,1.0,,,,2026-09-01T18:50:01.023077+00:00,6.84,,,0.0,2026-09-01T19:55:03.180469+00:00,6.53,1.0,atr_sell,-4.532163742690054,3902.157392
BIAF,2026-09-01T18:50:00+00:00,full_target+8_stop-12,-12.0,8.0,1.0,,,,2026-09-01T18:50:01.023077+00:00,6.84,,,0.0,2026-09-01T19:55:03.180469+00:00,6.53,1.0,atr_sell,-4.532163742690054,3902.157392
BIAF,2026-09-01T18:50:00+00:00,full_target+10_stop-12,-12.0,10.0,1.0,,,,2026-09-01T18:50:01.023077+00:00,6.84,,,0.0,2026-09-01T19:55:03.180469+00:00,6.53,1.0,atr_sell,-4.532163742690054,3902.157392
BIAF,2026-09-01T18:50:00+00:00,scale0.4@+5_rest@+8_floor+0_stop-12,-12.0,5.0,0.4,8.0,0.0,,2026-09-01T18:50:01.023077+00:00,6.84,,,0.0,2026-09-01T19:55:03.180469+00:00,6.53,1.0,atr_sell,-4.532163742690054,3902.157392
BIAF,2026-09-01T18:50:00+00:00,scale0.4@+5_rest@+8_floor+2_stop-12,-12.0,5.0,0.4,8.0,2.0,,2026-09-01T18:50:01.023077+00:00,6.84,,,0.0,2026-09-01T19:55:03.180469+00:00,6.53,1.0,atr_sell,-4.532163742690054,3902.157392
BIAF,2026-09-01T18:50:00+00:00,scale0.4@+5_rest@+10_floor+0_stop-12,-12.0,5.0,0.4,10.0,0.0,,2026-09-01T18:50:01.023077+00:00,6.84,,,0.0,2026-09-01T19:55:03.180469+00:00,6.53,1.0,atr_sell,-4.532163742690054,3902.157392
BIAF,2026-09-01T18:50:00+00:00,scale0.4@+5_rest@+10_floor+2_stop-12,-12.0,5.0,0.4,10.0,2.0,,2026-09-01T18:50:01.023077+00:00,6.84,,,0.0,2026-09-01T19:55:03.180469+00:00,6.53,1.0,atr_sell,-4.532163742690054,3902.157392
BIAF,2026-09-01T18:50:00+00:00,scale0.5@+5_rest@+8_floor+0_stop-12,-12.0,5.0,0.5,8.0,0.0,,2026-09-01T18:50:01.023077+00:00,6.84,,,0.0,2026-09-01T19:55:03.180469+00:00,6.53,1.0,atr_sell,-4.532163742690054,3902.157392
BIAF,2026-09-01T18:50:00+00:00,scale0.5@+5_rest@+8_floor+2_stop-12,-12.0,5.0,0.5,8.0,2.0,,2026-09-01T18:50:01.023077+00:00,6.84,,,0.0,2026-09-01T19:55:03.180469+00:00,6.53,1.0,atr_sell,-4.532163742690054,3902.157392
BIAF,2026-09-01T18:50:00+00:00,scale0.5@+5_rest@+10_floor+0_stop-12,-12.0,5.0,0.5,10.0,0.0,,2026-09-01T18:50:01.023077+00:00,6.84,,,0.0,2026-09-01T19:55:03.180469+00:00,6.53,1.0,atr_sell,-4.532163742690054,3902.157392
BIAF,2026-09-01T18:50:00+00:00,scale0.5@+5_rest@+10_floor+2_stop-12,-12.0,5.0,0.5,10.0,2.0,,2026-09-01T18:50:01.023077+00:00,6.84,,,0.0,2026-09-01T19:55:03.180469+00:00,6.53,1.0,atr_sell,-4.532163742690054,3902.157392
BIAF,2026-09-01T18:50:00+00:00,scale0.5@+5_trail2_floor+0_stop-12,-12.0,5.0,0.5,,0.0,2.0,2026-09-01T18:50:01.023077+00:00,6.84,,,0.0,2026-09-01T19:55:03.180469+00:00,6.53,1.0,atr_sell,-4.532163742690054,3902.157392
BIAF,2026-09-01T18:50:00+00:00,hold_stop-15,-15.0,,0.0,,,,2026-09-01T18:50:01.023077+00:00,6.84,,,0.0,2026-09-01T19:55:03.180469+00:00,6.53,1.0,atr_sell,-4.532163742690054,3902.157392
BIAF,2026-09-01T18:50:00+00:00,full_target+5_stop-15,-15.0,5.0,1.0,,,,2026-09-01T18:50:01.023077+00:00,6.84,,,0.0,2026-09-01T19:55:03.180469+00:00,6.53,1.0,atr_sell,-4.532163742690054,3902.157392
BIAF,2026-09-01T18:50:00+00:00,full_target+8_stop-15,-15.0,8.0,1.0,,,,2026-09-01T18:50:01.023077+00:00,6.84,,,0.0,2026-09-01T19:55:03.180469+00:00,6.53,1.0,atr_sell,-4.532163742690054,3902.157392
BIAF,2026-09-01T18:50:00+00:00,full_target+10_stop-15,-15.0,10.0,1.0,,,,2026-09-01T18:50:01.023077+00:00,6.84,,,0.0,2026-09-01T19:55:03.180469+00:00,6.53,1.0,atr_sell,-4.532163742690054,3902.157392
BIAF,2026-09-01T18:50:00+00:00,scale0.4@+5_rest@+8_floor+0_stop-15,-15.0,5.0,0.4,8.0,0.0,,2026-09-01T18:50:01.023077+00:00,6.84,,,0.0,2026-09-01T19:55:03.180469+00:00,6.53,1.0,atr_sell,-4.532163742690054,3902.157392
BIAF,2026-09-01T18:50:00+00:00,scale0.4@+5_rest@+8_floor+2_stop-15,-15.0,5.0,0.4,8.0,2.0,,2026-09-01T18:50:01.023077+00:00,6.84,,,0.0,2026-09-01T19:55:03.180469+00:00,6.53,1.0,atr_sell,-4.532163742690054,3902.157392
BIAF,2026-09-01T18:50:00+00:00,scale0.4@+5_rest@+10_floor+0_stop-15,-15.0,5.0,0.4,10.0,0.0,,2026-09-01T18:50:01.023077+00:00,6.84,,,0.0,2026-09-01T19:55:03.180469+00:00,6.53,1.0,atr_sell,-4.532163742690054,3902.157392
BIAF,2026-09-01T18:50:00+00:00,scale0.4@+5_rest@+10_floor+2_stop-15,-15.0,5.0,0.4,10.0,2.0,,2026-09-01T18:50:01.023077+00:00,6.84,,,0.0,2026-09-01T19:55:03.180469+00:00,6.53,1.0,atr_sell,-4.532163742690054,3902.157392
BIAF,2026-09-01T18:50:00+00:00,scale0.5@+5_rest@+8_floor+0_stop-15,-15.0,5.0,0.5,8.0,0.0,,2026-09-01T18:50:01.023077+00:00,6.84,,,0.0,2026-09-01T19:55:03.180469+00:00,6.53,1.0,atr_sell,-4.532163742690054,3902.157392
BIAF,2026-09-01T18:50:00+00:00,scale0.5@+5_rest@+8_floor+2_stop-15,-15.0,5.0,0.5,8.0,2.0,,2026-09-01T18:50:01.023077+00:00,6.84,,,0.0,2026-09-01T19:55:03.180469+00:00,6.53,1.0,atr_sell,-4.532163742690054,3902.157392
BIAF,2026-09-01T18:50:00+00:00,scale0.5@+5_rest@+10_floor+0_stop-15,-15.0,5.0,0.5,10.0,0.0,,2026-09-01T18:50:01.023077+00:00,6.84,,,0.0,2026-09-01T19:55:03.180469+00:00,6.53,1.0,atr_sell,-4.532163742690054,3902.157392
BIAF,2026-09-01T18:50:00+00:00,scale0.5@+5_rest@+10_floor+2_stop-15,-15.0,5.0,0.5,10.0,2.0,,2026-09-01T18:50:01.023077+00:00,6.84,,,0.0,2026-09-01T19:55:03.180469+00:00,6.53,1.0,atr_sell,-4.532163742690054,3902.157392
BIAF,2026-09-01T18:50:00+00:00,scale0.5@+5_trail2_floor+0_stop-15,-15.0,5.0,0.5,,0.0,2.0,2026-09-01T18:50:01.023077+00:00,6.84,,,0.0,2026-09-01T19:55:03.180469+00:00,6.53,1.0,atr_sell,-4.532163742690054,3902.157392
FLYE,2026-09-01T15:38:00+00:00,atr_sell_only,,,0.0,,,,2026-09-01T15:38:00.465272+00:00,1.89,,,0.0,2026-09-01T16:53:00.006092+00:00,2.0,1.0,atr_sell,5.820105820105836,4499.54082
FLYE,2026-09-01T15:38:00+00:00,hold_stop-8,-8.0,,0.0,,,,2026-09-01T15:38:00.465272+00:00,1.89,,,0.0,2026-09-01T16:53:00.006092+00:00,2.0,1.0,atr_sell,5.820105820105836,4499.54082
FLYE,2026-09-01T15:38:00+00:00,full_target+5_stop-8,-8.0,5.0,1.0,,,,2026-09-01T15:38:00.465272+00:00,1.89,2026-09-01T16:08:06.653482+00:00,1.9845,1.0,2026-09-01T16:08:06.653482+00:00,1.9845,0.0,target,5.0,1806.18821
FLYE,2026-09-01T15:38:00+00:00,full_target+8_stop-8,-8.0,8.0,1.0,,,,2026-09-01T15:38:00.465272+00:00,1.89,2026-09-01T16:09:12.754514+00:00,2.0412,1.0,2026-09-01T16:09:12.754514+00:00,2.0412,0.0,target,8.0,1872.289242
FLYE,2026-09-01T15:38:00+00:00,full_target+10_stop-8,-8.0,10.0,1.0,,,,2026-09-01T15:38:00.465272+00:00,1.89,2026-09-01T16:09:22.084929+00:00,2.079,1.0,2026-09-01T16:09:22.084929+00:00,2.079,0.0,target,10.0,1881.619657
FLYE,2026-09-01T15:38:00+00:00,scale0.4@+5_rest@+8_floor+0_stop-8,-8.0,5.0,0.4,8.0,0.0,,2026-09-01T15:38:00.465272+00:00,1.89,2026-09-01T16:08:06.653482+00:00,1.9845,0.4,2026-09-01T16:09:12.754514+00:00,2.0412,0.0,target,6.8,1872.289242
FLYE,2026-09-01T15:38:00+00:00,scale0.4@+5_rest@+8_floor+2_stop-8,-8.0,5.0,0.4,8.0,2.0,,2026-09-01T15:38:00.465272+00:00,1.89,2026-09-01T16:08:06.653482+00:00,1.9845,0.4,2026-09-01T16:09:12.754514+00:00,2.0412,0.0,target,6.8,1872.289242
FLYE,2026-09-01T15:38:00+00:00,scale0.4@+5_rest@+10_floor+0_stop-8,-8.0,5.0,0.4,10.0,0.0,,2026-09-01T15:38:00.465272+00:00,1.89,2026-09-01T16:08:06.653482+00:00,1.9845,0.4,2026-09-01T16:09:22.084929+00:00,2.079,0.0,target,8.0,1881.619657
FLYE,2026-09-01T15:38:00+00:00,scale0.4@+5_rest@+10_floor+2_stop-8,-8.0,5.0,0.4,10.0,2.0,,2026-09-01T15:38:00.465272+00:00,1.89,2026-09-01T16:08:06.653482+00:00,1.9845,0.4,2026-09-01T16:09:22.084929+00:00,2.079,0.0,target,8.0,1881.619657
FLYE,2026-09-01T15:38:00+00:00,scale0.5@+5_rest@+8_floor+0_stop-8,-8.0,5.0,0.5,8.0,0.0,,2026-09-01T15:38:00.465272+00:00,1.89,2026-09-01T16:08:06.653482+00:00,1.9845,0.5,2026-09-01T16:09:12.754514+00:00,2.0412,0.0,target,6.5,1872.289242
FLYE,2026-09-01T15:38:00+00:00,scale0.5@+5_rest@+8_floor+2_stop-8,-8.0,5.0,0.5,8.0,2.0,,2026-09-01T15:38:00.465272+00:00,1.89,2026-09-01T16:08:06.653482+00:00,1.9845,0.5,2026-09-01T16:09:12.754514+00:00,2.0412,0.0,target,6.5,1872.289242
FLYE,2026-09-01T15:38:00+00:00,scale0.5@+5_rest@+10_floor+0_stop-8,-8.0,5.0,0.5,10.0,0.0,,2026-09-01T15:38:00.465272+00:00,1.89,2026-09-01T16:08:06.653482+00:00,1.9845,0.5,2026-09-01T16:09:22.084929+00:00,2.079,0.0,target,7.5,1881.619657
FLYE,2026-09-01T15:38:00+00:00,scale0.5@+5_rest@+10_floor+2_stop-8,-8.0,5.0,0.5,10.0,2.0,,2026-09-01T15:38:00.465272+00:00,1.89,2026-09-01T16:08:06.653482+00:00,1.9845,0.5,2026-09-01T16:09:22.084929+00:00,2.079,0.0,target,7.5,1881.619657
FLYE,2026-09-01T15:38:00+00:00,scale0.5@+5_trail2_floor+0_stop-8,-8.0,5.0,0.5,,0.0,2.0,2026-09-01T15:38:00.465272+00:00,1.89,2026-09-01T16:08:06.653482+00:00,1.9845,0.5,2026-09-01T16:10:43.428960+00:00,2.11,0.5,trail,8.320105820105814,1962.963688
FLYE,2026-09-01T15:38:00+00:00,hold_stop-10,-10.0,,0.0,,,,2026-09-01T15:38:00.465272+00:00,1.89,,,0.0,2026-09-01T16:53:00.006092+00:00,2.0,1.0,atr_sell,5.820105820105836,4499.54082
FLYE,2026-09-01T15:38:00+00:00,full_target+5_stop-10,-10.0,5.0,1.0,,,,2026-09-01T15:38:00.465272+00:00,1.89,2026-09-01T16:08:06.653482+00:00,1.9845,1.0,2026-09-01T16:08:06.653482+00:00,1.9845,0.0,target,5.0,1806.18821
FLYE,2026-09-01T15:38:00+00:00,full_target+8_stop-10,-10.0,8.0,1.0,,,,2026-09-01T15:38:00.465272+00:00,1.89,2026-09-01T16:09:12.754514+00:00,2.0412,1.0,2026-09-01T16:09:12.754514+00:00,2.0412,0.0,target,8.0,1872.289242
FLYE,2026-09-01T15:38:00+00:00,full_target+10_stop-10,-10.0,10.0,1.0,,,,2026-09-01T15:38:00.465272+00:00,1.89,2026-09-01T16:09:22.084929+00:00,2.079,1.0,2026-09-01T16:09:22.084929+00:00,2.079,0.0,target,10.0,1881.619657
FLYE,2026-09-01T15:38:00+00:00,scale0.4@+5_rest@+8_floor+0_stop-10,-10.0,5.0,0.4,8.0,0.0,,2026-09-01T15:38:00.465272+00:00,1.89,2026-09-01T16:08:06.653482+00:00,1.9845,0.4,2026-09-01T16:09:12.754514+00:00,2.0412,0.0,target,6.8,1872.289242
FLYE,2026-09-01T15:38:00+00:00,scale0.4@+5_rest@+8_floor+2_stop-10,-10.0,5.0,0.4,8.0,2.0,,2026-09-01T15:38:00.465272+00:00,1.89,2026-09-01T16:08:06.653482+00:00,1.9845,0.4,2026-09-01T16:09:12.754514+00:00,2.0412,0.0,target,6.8,1872.289242
FLYE,2026-09-01T15:38:00+00:00,scale0.4@+5_rest@+10_floor+0_stop-10,-10.0,5.0,0.4,10.0,0.0,,2026-09-01T15:38:00.465272+00:00,1.89,2026-09-01T16:08:06.653482+00:00,1.9845,0.4,2026-09-01T16:09:22.084929+00:00,2.079,0.0,target,8.0,1881.619657
FLYE,2026-09-01T15:38:00+00:00,scale0.4@+5_rest@+10_floor+2_stop-10,-10.0,5.0,0.4,10.0,2.0,,2026-09-01T15:38:00.465272+00:00,1.89,2026-09-01T16:08:06.653482+00:00,1.9845,0.4,2026-09-01T16:09:22.084929+00:00,2.079,0.0,target,8.0,1881.619657
FLYE,2026-09-01T15:38:00+00:00,scale0.5@+5_rest@+8_floor+0_stop-10,-10.0,5.0,0.5,8.0,0.0,,2026-09-01T15:38:00.465272+00:00,1.89,2026-09-01T16:08:06.653482+00:00,1.9845,0.5,2026-09-01T16:09:12.754514+00:00,2.0412,0.0,target,6.5,1872.289242
FLYE,2026-09-01T15:38:00+00:00,scale0.5@+5_rest@+8_floor+2_stop-10,-10.0,5.0,0.5,8.0,2.0,,2026-09-01T15:38:00.465272+00:00,1.89,2026-09-01T16:08:06.653482+00:00,1.9845,0.5,2026-09-01T16:09:12.754514+00:00,2.0412,0.0,target,6.5,1872.289242
FLYE,2026-09-01T15:38:00+00:00,scale0.5@+5_rest@+10_floor+0_stop-10,-10.0,5.0,0.5,10.0,0.0,,2026-09-01T15:38:00.465272+00:00,1.89,2026-09-01T16:08:06.653482+00:00,1.9845,0.5,2026-09-01T16:09:22.084929+00:00,2.079,0.0,target,7.5,1881.619657
FLYE,2026-09-01T15:38:00+00:00,scale0.5@+5_rest@+10_floor+2_stop-10,-10.0,5.0,0.5,10.0,2.0,,2026-09-01T15:38:00.465272+00:00,1.89,2026-09-01T16:08:06.653482+00:00,1.9845,0.5,2026-09-01T16:09:22.084929+00:00,2.079,0.0,target,7.5,1881.619657
FLYE,2026-09-01T15:38:00+00:00,scale0.5@+5_trail2_floor+0_stop-10,-10.0,5.0,0.5,,0.0,2.0,2026-09-01T15:38:00.465272+00:00,1.89,2026-09-01T16:08:06.653482+00:00,1.9845,0.5,2026-09-01T16:10:43.428960+00:00,2.11,0.5,trail,8.320105820105814,1962.963688
FLYE,2026-09-01T15:38:00+00:00,hold_stop-12,-12.0,,0.0,,,,2026-09-01T15:38:00.465272+00:00,1.89,,,0.0,2026-09-01T16:53:00.006092+00:00,2.0,1.0,atr_sell,5.820105820105836,4499.54082
FLYE,2026-09-01T15:38:00+00:00,full_target+5_stop-12,-12.0,5.0,1.0,,,,2026-09-01T15:38:00.465272+00:00,1.89,2026-09-01T16:08:06.653482+00:00,1.9845,1.0,2026-09-01T16:08:06.653482+00:00,1.9845,0.0,target,5.0,1806.18821
FLYE,2026-09-01T15:38:00+00:00,full_target+8_stop-12,-12.0,8.0,1.0,,,,2026-09-01T15:38:00.465272+00:00,1.89,2026-09-01T16:09:12.754514+00:00,2.0412,1.0,2026-09-01T16:09:12.754514+00:00,2.0412,0.0,target,8.0,1872.289242
FLYE,2026-09-01T15:38:00+00:00,full_target+10_stop-12,-12.0,10.0,1.0,,,,2026-09-01T15:38:00.465272+00:00,1.89,2026-09-01T16:09:22.084929+00:00,2.079,1.0,2026-09-01T16:09:22.084929+00:00,2.079,0.0,target,10.0,1881.619657
FLYE,2026-09-01T15:38:00+00:00,scale0.4@+5_rest@+8_floor+0_stop-12,-12.0,5.0,0.4,8.0,0.0,,2026-09-01T15:38:00.465272+00:00,1.89,2026-09-01T16:08:06.653482+00:00,1.9845,0.4,2026-09-01T16:09:12.754514+00:00,2.0412,0.0,target,6.8,1872.289242
FLYE,2026-09-01T15:38:00+00:00,scale0.4@+5_rest@+8_floor+2_stop-12,-12.0,5.0,0.4,8.0,2.0,,2026-09-01T15:38:00.465272+00:00,1.89,2026-09-01T16:08:06.653482+00:00,1.9845,0.4,2026-09-01T16:09:12.754514+00:00,2.0412,0.0,target,6.8,1872.289242
FLYE,2026-09-01T15:38:00+00:00,scale0.4@+5_rest@+10_floor+0_stop-12,-12.0,5.0,0.4,10.0,0.0,,2026-09-01T15:38:00.465272+00:00,1.89,2026-09-01T16:08:06.653482+00:00,1.9845,0.4,2026-09-01T16:09:22.084929+00:00,2.079,0.0,target,8.0,1881.619657
FLYE,2026-09-01T15:38:00+00:00,scale0.4@+5_rest@+10_floor+2_stop-12,-12.0,5.0,0.4,10.0,2.0,,2026-09-01T15:38:00.465272+00:00,1.89,2026-09-01T16:08:06.653482+00:00,1.9845,0.4,2026-09-01T16:09:22.084929+00:00,2.079,0.0,target,8.0,1881.619657
FLYE,2026-09-01T15:38:00+00:00,scale0.5@+5_rest@+8_floor+0_stop-12,-12.0,5.0,0.5,8.0,0.0,,2026-09-01T15:38:00.465272+00:00,1.89,2026-09-01T16:08:06.653482+00:00,1.9845,0.5,2026-09-01T16:09:12.754514+00:00,2.0412,0.0,target,6.5,1872.289242
FLYE,2026-09-01T15:38:00+00:00,scale0.5@+5_rest@+8_floor+2_stop-12,-12.0,5.0,0.5,8.0,2.0,,2026-09-01T15:38:00.465272+00:00,1.89,2026-09-01T16:08:06.653482+00:00,1.9845,0.5,2026-09-01T16:09:12.754514+00:00,2.0412,0.0,target,6.5,1872.289242
FLYE,2026-09-01T15:38:00+00:00,scale0.5@+5_rest@+10_floor+0_stop-12,-12.0,5.0,0.5,10.0,0.0,,2026-09-01T15:38:00.465272+00:00,1.89,2026-09-01T16:08:06.653482+00:00,1.9845,0.5,2026-09-01T16:09:22.084929+00:00,2.079,0.0,target,7.5,1881.619657
FLYE,2026-09-01T15:38:00+00:00,scale0.5@+5_rest@+10_floor+2_stop-12,-12.0,5.0,0.5,10.0,2.0,,2026-09-01T15:38:00.465272+00:00,1.89,2026-09-01T16:08:06.653482+00:00,1.9845,0.5,2026-09-01T16:09:22.084929+00:00,2.079,0.0,target,7.5,1881.619657
FLYE,2026-09-01T15:38:00+00:00,scale0.5@+5_trail2_floor+0_stop-12,-12.0,5.0,0.5,,0.0,2.0,2026-09-01T15:38:00.465272+00:00,1.89,2026-09-01T16:08:06.653482+00:00,1.9845,0.5,2026-09-01T16:10:43.428960+00:00,2.11,0.5,trail,8.320105820105814,1962.963688
FLYE,2026-09-01T15:38:00+00:00,hold_stop-15,-15.0,,0.0,,,,2026-09-01T15:38:00.465272+00:00,1.89,,,0.0,2026-09-01T16:53:00.006092+00:00,2.0,1.0,atr_sell,5.820105820105836,4499.54082
FLYE,2026-09-01T15:38:00+00:00,full_target+5_stop-15,-15.0,5.0,1.0,,,,2026-09-01T15:38:00.465272+00:00,1.89,2026-09-01T16:08:06.653482+00:00,1.9845,1.0,2026-09-01T16:08:06.653482+00:00,1.9845,0.0,target,5.0,1806.18821
FLYE,2026-09-01T15:38:00+00:00,full_target+8_stop-15,-15.0,8.0,1.0,,,,2026-09-01T15:38:00.465272+00:00,1.89,2026-09-01T16:09:12.754514+00:00,2.0412,1.0,2026-09-01T16:09:12.754514+00:00,2.0412,0.0,target,8.0,1872.289242
FLYE,2026-09-01T15:38:00+00:00,full_target+10_stop-15,-15.0,10.0,1.0,,,,2026-09-01T15:38:00.465272+00:00,1.89,2026-09-01T16:09:22.084929+00:00,2.079,1.0,2026-09-01T16:09:22.084929+00:00,2.079,0.0,target,10.0,1881.619657
FLYE,2026-09-01T15:38:00+00:00,scale0.4@+5_rest@+8_floor+0_stop-15,-15.0,5.0,0.4,8.0,0.0,,2026-09-01T15:38:00.465272+00:00,1.89,2026-09-01T16:08:06.653482+00:00,1.9845,0.4,2026-09-01T16:09:12.754514+00:00,2.0412,0.0,target,6.8,1872.289242
FLYE,2026-09-01T15:38:00+00:00,scale0.4@+5_rest@+8_floor+2_stop-15,-15.0,5.0,0.4,8.0,2.0,,2026-09-01T15:38:00.465272+00:00,1.89,2026-09-01T16:08:06.653482+00:00,1.9845,0.4,2026-09-01T16:09:12.754514+00:00,2.0412,0.0,target,6.8,1872.289242
FLYE,2026-09-01T15:38:00+00:00,scale0.4@+5_rest@+10_floor+0_stop-15,-15.0,5.0,0.4,10.0,0.0,,2026-09-01T15:38:00.465272+00:00,1.89,2026-09-01T16:08:06.653482+00:00,1.9845,0.4,2026-09-01T16:09:22.084929+00:00,2.079,0.0,target,8.0,1881.619657
FLYE,2026-09-01T15:38:00+00:00,scale0.4@+5_rest@+10_floor+2_stop-15,-15.0,5.0,0.4,10.0,2.0,,2026-09-01T15:38:00.465272+00:00,1.89,2026-09-01T16:08:06.653482+00:00,1.9845,0.4,2026-09-01T16:09:22.084929+00:00,2.079,0.0,target,8.0,1881.619657
FLYE,2026-09-01T15:38:00+00:00,scale0.5@+5_rest@+8_floor+0_stop-15,-15.0,5.0,0.5,8.0,0.0,,2026-09-01T15:38:00.465272+00:00,1.89,2026-09-01T16:08:06.653482+00:00,1.9845,0.5,2026-09-01T16:09:12.754514+00:00,2.0412,0.0,target,6.5,1872.289242
FLYE,2026-09-01T15:38:00+00:00,scale0.5@+5_rest@+8_floor+2_stop-15,-15.0,5.0,0.5,8.0,2.0,,2026-09-01T15:38:00.465272+00:00,1.89,2026-09-01T16:08:06.653482+00:00,1.9845,0.5,2026-09-01T16:09:12.754514+00:00,2.0412,0.0,target,6.5,1872.289242
FLYE,2026-09-01T15:38:00+00:00,scale0.5@+5_rest@+10_floor+0_stop-15,-15.0,5.0,0.5,10.0,0.0,,2026-09-01T15:38:00.465272+00:00,1.89,2026-09-01T16:08:06.653482+00:00,1.9845,0.5,2026-09-01T16:09:22.084929+00:00,2.079,0.0,target,7.5,1881.619657
FLYE,2026-09-01T15:38:00+00:00,scale0.5@+5_rest@+10_floor+2_stop-15,-15.0,5.0,0.5,10.0,2.0,,2026-09-01T15:38:00.465272+00:00,1.89,2026-09-01T16:08:06.653482+00:00,1.9845,0.5,2026-09-01T16:09:22.084929+00:00,2.079,0.0,target,7.5,1881.619657
FLYE,2026-09-01T15:38:00+00:00,scale0.5@+5_trail2_floor+0_stop-15,-15.0,5.0,0.5,,0.0,2.0,2026-09-01T15:38:00.465272+00:00,1.89,2026-09-01T16:08:06.653482+00:00,1.9845,0.5,2026-09-01T16:10:43.428960+00:00,2.11,0.5,trail,8.320105820105814,1962.963688
FLYE,2026-09-01T17:49:00+00:00,atr_sell_only,,,0.0,,,,2026-09-01T17:49:01.716091+00:00,2.06,,,0.0,2026-09-01T19:18:00.058951+00:00,2.2,1.0,atr_sell,6.796116504854366,5338.34286
FLYE,2026-09-01T17:49:00+00:00,hold_stop-8,-8.0,,0.0,,,,2026-09-01T17:49:01.716091+00:00,2.06,,,0.0,2026-09-01T19:18:00.058951+00:00,2.2,1.0,atr_sell,6.796116504854366,5338.34286
FLYE,2026-09-01T17:49:00+00:00,full_target+5_stop-8,-8.0,5.0,1.0,,,,2026-09-01T17:49:01.716091+00:00,2.06,2026-09-01T18:11:06.111811+00:00,2.1630000000000003,1.0,2026-09-01T18:11:06.111811+00:00,2.1630000000000003,0.0,target,5.0,1324.39572
FLYE,2026-09-01T17:49:00+00:00,full_target+8_stop-8,-8.0,8.0,1.0,,,,2026-09-01T17:49:01.716091+00:00,2.06,2026-09-01T18:16:21.508788+00:00,2.2248,1.0,2026-09-01T18:16:21.508788+00:00,2.2248,0.0,target,8.0,1639.792697
FLYE,2026-09-01T17:49:00+00:00,full_target+10_stop-8,-8.0,10.0,1.0,,,,2026-09-01T17:49:01.716091+00:00,2.06,2026-09-01T18:17:48.558342+00:00,2.2660000000000005,1.0,2026-09-01T18:17:48.558342+00:00,2.2660000000000005,0.0,target,10.0,1726.842251
FLYE,2026-09-01T17:49:00+00:00,scale0.4@+5_rest@+8_floor+0_stop-8,-8.0,5.0,0.4,8.0,0.0,,2026-09-01T17:49:01.716091+00:00,2.06,2026-09-01T18:11:06.111811+00:00,2.1630000000000003,0.4,2026-09-01T18:16:21.508788+00:00,2.2248,0.0,target,6.8,1639.792697
FLYE,2026-09-01T17:49:00+00:00,scale0.4@+5_rest@+8_floor+2_stop-8,-8.0,5.0,0.4,8.0,2.0,,2026-09-01T17:49:01.716091+00:00,2.06,2026-09-01T18:11:06.111811+00:00,2.1630000000000003,0.4,2026-09-01T18:16:21.508788+00:00,2.2248,0.0,target,6.8,1639.792697
FLYE,2026-09-01T17:49:00+00:00,scale0.4@+5_rest@+10_floor+0_stop-8,-8.0,5.0,0.4,10.0,0.0,,2026-09-01T17:49:01.716091+00:00,2.06,2026-09-01T18:11:06.111811+00:00,2.1630000000000003,0.4,2026-09-01T18:17:48.558342+00:00,2.2660000000000005,0.0,target,8.0,1726.842251
FLYE,2026-09-01T17:49:00+00:00,scale0.4@+5_rest@+10_floor+2_stop-8,-8.0,5.0,0.4,10.0,2.0,,2026-09-01T17:49:01.716091+00:00,2.06,2026-09-01T18:11:06.111811+00:00,2.1630000000000003,0.4,2026-09-01T18:17:48.558342+00:00,2.2660000000000005,0.0,target,8.0,1726.842251
FLYE,2026-09-01T17:49:00+00:00,scale0.5@+5_rest@+8_floor+0_stop-8,-8.0,5.0,0.5,8.0,0.0,,2026-09-01T17:49:01.716091+00:00,2.06,2026-09-01T18:11:06.111811+00:00,2.1630000000000003,0.5,2026-09-01T18:16:21.508788+00:00,2.2248,0.0,target,6.5,1639.792697
FLYE,2026-09-01T17:49:00+00:00,scale0.5@+5_rest@+8_floor+2_stop-8,-8.0,5.0,0.5,8.0,2.0,,2026-09-01T17:49:01.716091+00:00,2.06,2026-09-01T18:11:06.111811+00:00,2.1630000000000003,0.5,2026-09-01T18:16:21.508788+00:00,2.2248,0.0,target,6.5,1639.792697
FLYE,2026-09-01T17:49:00+00:00,scale0.5@+5_rest@+10_floor+0_stop-8,-8.0,5.0,0.5,10.0,0.0,,2026-09-01T17:49:01.716091+00:00,2.06,2026-09-01T18:11:06.111811+00:00,2.1630000000000003,0.5,2026-09-01T18:17:48.558342+00:00,2.2660000000000005,0.0,target,7.5,1726.842251
FLYE,2026-09-01T17:49:00+00:00,scale0.5@+5_rest@+10_floor+2_stop-8,-8.0,5.0,0.5,10.0,2.0,,2026-09-01T17:49:01.716091+00:00,2.06,2026-09-01T18:11:06.111811+00:00,2.1630000000000003,0.5,2026-09-01T18:17:48.558342+00:00,2.2660000000000005,0.0,target,7.5,1726.842251
FLYE,2026-09-01T17:49:00+00:00,scale0.5@+5_trail2_floor+0_stop-8,-8.0,5.0,0.5,,0.0,2.0,2026-09-01T17:49:01.716091+00:00,2.06,2026-09-01T18:11:06.111811+00:00,2.1630000000000003,0.5,2026-09-01T18:12:06.516287+00:00,2.16,0.5,trail,4.927184466019416,1384.800196
FLYE,2026-09-01T17:49:00+00:00,hold_stop-10,-10.0,,0.0,,,,2026-09-01T17:49:01.716091+00:00,2.06,,,0.0,2026-09-01T19:18:00.058951+00:00,2.2,1.0,atr_sell,6.796116504854366,5338.34286
FLYE,2026-09-01T17:49:00+00:00,full_target+5_stop-10,-10.0,5.0,1.0,,,,2026-09-01T17:49:01.716091+00:00,2.06,2026-09-01T18:11:06.111811+00:00,2.1630000000000003,1.0,2026-09-01T18:11:06.111811+00:00,2.1630000000000003,0.0,target,5.0,1324.39572
FLYE,2026-09-01T17:49:00+00:00,full_target+8_stop-10,-10.0,8.0,1.0,,,,2026-09-01T17:49:01.716091+00:00,2.06,2026-09-01T18:16:21.508788+00:00,2.2248,1.0,2026-09-01T18:16:21.508788+00:00,2.2248,0.0,target,8.0,1639.792697
FLYE,2026-09-01T17:49:00+00:00,full_target+10_stop-10,-10.0,10.0,1.0,,,,2026-09-01T17:49:01.716091+00:00,2.06,2026-09-01T18:17:48.558342+00:00,2.2660000000000005,1.0,2026-09-01T18:17:48.558342+00:00,2.2660000000000005,0.0,target,10.0,1726.842251
FLYE,2026-09-01T17:49:00+00:00,scale0.4@+5_rest@+8_floor+0_stop-10,-10.0,5.0,0.4,8.0,0.0,,2026-09-01T17:49:01.716091+00:00,2.06,2026-09-01T18:11:06.111811+00:00,2.1630000000000003,0.4,2026-09-01T18:16:21.508788+00:00,2.2248,0.0,target,6.8,1639.792697
FLYE,2026-09-01T17:49:00+00:00,scale0.4@+5_rest@+8_floor+2_stop-10,-10.0,5.0,0.4,8.0,2.0,,2026-09-01T17:49:01.716091+00:00,2.06,2026-09-01T18:11:06.111811+00:00,2.1630000000000003,0.4,2026-09-01T18:16:21.508788+00:00,2.2248,0.0,target,6.8,1639.792697
FLYE,2026-09-01T17:49:00+00:00,scale0.4@+5_rest@+10_floor+0_stop-10,-10.0,5.0,0.4,10.0,0.0,,2026-09-01T17:49:01.716091+00:00,2.06,2026-09-01T18:11:06.111811+00:00,2.1630000000000003,0.4,2026-09-01T18:17:48.558342+00:00,2.2660000000000005,0.0,target,8.0,1726.842251
FLYE,2026-09-01T17:49:00+00:00,scale0.4@+5_rest@+10_floor+2_stop-10,-10.0,5.0,0.4,10.0,2.0,,2026-09-01T17:49:01.716091+00:00,2.06,2026-09-01T18:11:06.111811+00:00,2.1630000000000003,0.4,2026-09-01T18:17:48.558342+00:00,2.2660000000000005,0.0,target,8.0,1726.842251
FLYE,2026-09-01T17:49:00+00:00,scale0.5@+5_rest@+8_floor+0_stop-10,-10.0,5.0,0.5,8.0,0.0,,2026-09-01T17:49:01.716091+00:00,2.06,2026-09-01T18:11:06.111811+00:00,2.1630000000000003,0.5,2026-09-01T18:16:21.508788+00:00,2.2248,0.0,target,6.5,1639.792697
FLYE,2026-09-01T17:49:00+00:00,scale0.5@+5_rest@+8_floor+2_stop-10,-10.0,5.0,0.5,8.0,2.0,,2026-09-01T17:49:01.716091+00:00,2.06,2026-09-01T18:11:06.111811+00:00,2.1630000000000003,0.5,2026-09-01T18:16:21.508788+00:00,2.2248,0.0,target,6.5,1639.792697
FLYE,2026-09-01T17:49:00+00:00,scale0.5@+5_rest@+10_floor+0_stop-10,-10.0,5.0,0.5,10.0,0.0,,2026-09-01T17:49:01.716091+00:00,2.06,2026-09-01T18:11:06.111811+00:00,2.1630000000000003,0.5,2026-09-01T18:17:48.558342+00:00,2.2660000000000005,0.0,target,7.5,1726.842251
FLYE,2026-09-01T17:49:00+00:00,scale0.5@+5_rest@+10_floor+2_stop-10,-10.0,5.0,0.5,10.0,2.0,,2026-09-01T17:49:01.716091+00:00,2.06,2026-09-01T18:11:06.111811+00:00,2.1630000000000003,0.5,2026-09-01T18:17:48.558342+00:00,2.2660000000000005,0.0,target,7.5,1726.842251
FLYE,2026-09-01T17:49:00+00:00,scale0.5@+5_trail2_floor+0_stop-10,-10.0,5.0,0.5,,0.0,2.0,2026-09-01T17:49:01.716091+00:00,2.06,2026-09-01T18:11:06.111811+00:00,2.1630000000000003,0.5,2026-09-01T18:12:06.516287+00:00,2.16,0.5,trail,4.927184466019416,1384.800196
FLYE,2026-09-01T17:49:00+00:00,hold_stop-12,-12.0,,0.0,,,,2026-09-01T17:49:01.716091+00:00,2.06,,,0.0,2026-09-01T19:18:00.058951+00:00,2.2,1.0,atr_sell,6.796116504854366,5338.34286
FLYE,2026-09-01T17:49:00+00:00,full_target+5_stop-12,-12.0,5.0,1.0,,,,2026-09-01T17:49:01.716091+00:00,2.06,2026-09-01T18:11:06.111811+00:00,2.1630000000000003,1.0,2026-09-01T18:11:06.111811+00:00,2.1630000000000003,0.0,target,5.0,1324.39572
FLYE,2026-09-01T17:49:00+00:00,full_target+8_stop-12,-12.0,8.0,1.0,,,,2026-09-01T17:49:01.716091+00:00,2.06,2026-09-01T18:16:21.508788+00:00,2.2248,1.0,2026-09-01T18:16:21.508788+00:00,2.2248,0.0,target,8.0,1639.792697
FLYE,2026-09-01T17:49:00+00:00,full_target+10_stop-12,-12.0,10.0,1.0,,,,2026-09-01T17:49:01.716091+00:00,2.06,2026-09-01T18:17:48.558342+00:00,2.2660000000000005,1.0,2026-09-01T18:17:48.558342+00:00,2.2660000000000005,0.0,target,10.0,1726.842251
FLYE,2026-09-01T17:49:00+00:00,scale0.4@+5_rest@+8_floor+0_stop-12,-12.0,5.0,0.4,8.0,0.0,,2026-09-01T17:49:01.716091+00:00,2.06,2026-09-01T18:11:06.111811+00:00,2.1630000000000003,0.4,2026-09-01T18:16:21.508788+00:00,2.2248,0.0,target,6.8,1639.792697
FLYE,2026-09-01T17:49:00+00:00,scale0.4@+5_rest@+8_floor+2_stop-12,-12.0,5.0,0.4,8.0,2.0,,2026-09-01T17:49:01.716091+00:00,2.06,2026-09-01T18:11:06.111811+00:00,2.1630000000000003,0.4,2026-09-01T18:16:21.508788+00:00,2.2248,0.0,target,6.8,1639.792697
FLYE,2026-09-01T17:49:00+00:00,scale0.4@+5_rest@+10_floor+0_stop-12,-12.0,5.0,0.4,10.0,0.0,,2026-09-01T17:49:01.716091+00:00,2.06,2026-09-01T18:11:06.111811+00:00,2.1630000000000003,0.4,2026-09-01T18:17:48.558342+00:00,2.2660000000000005,0.0,target,8.0,1726.842251
FLYE,2026-09-01T17:49:00+00:00,scale0.4@+5_rest@+10_floor+2_stop-12,-12.0,5.0,0.4,10.0,2.0,,2026-09-01T17:49:01.716091+00:00,2.06,2026-09-01T18:11:06.111811+00:00,2.1630000000000003,0.4,2026-09-01T18:17:48.558342+00:00,2.2660000000000005,0.0,target,8.0,1726.842251
FLYE,2026-09-01T17:49:00+00:00,scale0.5@+5_rest@+8_floor+0_stop-12,-12.0,5.0,0.5,8.0,0.0,,2026-09-01T17:49:01.716091+00:00,2.06,2026-09-01T18:11:06.111811+00:00,2.1630000000000003,0.5,2026-09-01T18:16:21.508788+00:00,2.2248,0.0,target,6.5,1639.792697
FLYE,2026-09-01T17:49:00+00:00,scale0.5@+5_rest@+8_floor+2_stop-12,-12.0,5.0,0.5,8.0,2.0,,2026-09-01T17:49:01.716091+00:00,2.06,2026-09-01T18:11:06.111811+00:00,2.1630000000000003,0.5,2026-09-01T18:16:21.508788+00:00,2.2248,0.0,target,6.5,1639.792697
FLYE,2026-09-01T17:49:00+00:00,scale0.5@+5_rest@+10_floor+0_stop-12,-12.0,5.0,0.5,10.0,0.0,,2026-09-01T17:49:01.716091+00:00,2.06,2026-09-01T18:11:06.111811+00:00,2.1630000000000003,0.5,2026-09-01T18:17:48.558342+00:00,2.2660000000000005,0.0,target,7.5,1726.842251
FLYE,2026-09-01T17:49:00+00:00,scale0.5@+5_rest@+10_floor+2_stop-12,-12.0,5.0,0.5,10.0,2.0,,2026-09-01T17:49:01.716091+00:00,2.06,2026-09-01T18:11:06.111811+00:00,2.1630000000000003,0.5,2026-09-01T18:17:48.558342+00:00,2.2660000000000005,0.0,target,7.5,1726.842251
FLYE,2026-09-01T17:49:00+00:00,scale0.5@+5_trail2_floor+0_stop-12,-12.0,5.0,0.5,,0.0,2.0,2026-09-01T17:49:01.716091+00:00,2.06,2026-09-01T18:11:06.111811+00:00,2.1630000000000003,0.5,2026-09-01T18:12:06.516287+00:00,2.16,0.5,trail,4.927184466019416,1384.800196
FLYE,2026-09-01T17:49:00+00:00,hold_stop-15,-15.0,,0.0,,,,2026-09-01T17:49:01.716091+00:00,2.06,,,0.0,2026-09-01T19:18:00.058951+00:00,2.2,1.0,atr_sell,6.796116504854366,5338.34286
FLYE,2026-09-01T17:49:00+00:00,full_target+5_stop-15,-15.0,5.0,1.0,,,,2026-09-01T17:49:01.716091+00:00,2.06,2026-09-01T18:11:06.111811+00:00,2.1630000000000003,1.0,2026-09-01T18:11:06.111811+00:00,2.1630000000000003,0.0,target,5.0,1324.39572
FLYE,2026-09-01T17:49:00+00:00,full_target+8_stop-15,-15.0,8.0,1.0,,,,2026-09-01T17:49:01.716091+00:00,2.06,2026-09-01T18:16:21.508788+00:00,2.2248,1.0,2026-09-01T18:16:21.508788+00:00,2.2248,0.0,target,8.0,1639.792697
FLYE,2026-09-01T17:49:00+00:00,full_target+10_stop-15,-15.0,10.0,1.0,,,,2026-09-01T17:49:01.716091+00:00,2.06,2026-09-01T18:17:48.558342+00:00,2.2660000000000005,1.0,2026-09-01T18:17:48.558342+00:00,2.2660000000000005,0.0,target,10.0,1726.842251
FLYE,2026-09-01T17:49:00+00:00,scale0.4@+5_rest@+8_floor+0_stop-15,-15.0,5.0,0.4,8.0,0.0,,2026-09-01T17:49:01.716091+00:00,2.06,2026-09-01T18:11:06.111811+00:00,2.1630000000000003,0.4,2026-09-01T18:16:21.508788+00:00,2.2248,0.0,target,6.8,1639.792697
FLYE,2026-09-01T17:49:00+00:00,scale0.4@+5_rest@+8_floor+2_stop-15,-15.0,5.0,0.4,8.0,2.0,,2026-09-01T17:49:01.716091+00:00,2.06,2026-09-01T18:11:06.111811+00:00,2.1630000000000003,0.4,2026-09-01T18:16:21.508788+00:00,2.2248,0.0,target,6.8,1639.792697
FLYE,2026-09-01T17:49:00+00:00,scale0.4@+5_rest@+10_floor+0_stop-15,-15.0,5.0,0.4,10.0,0.0,,2026-09-01T17:49:01.716091+00:00,2.06,2026-09-01T18:11:06.111811+00:00,2.1630000000000003,0.4,2026-09-01T18:17:48.558342+00:00,2.2660000000000005,0.0,target,8.0,1726.842251
FLYE,2026-09-01T17:49:00+00:00,scale0.4@+5_rest@+10_floor+2_stop-15,-15.0,5.0,0.4,10.0,2.0,,2026-09-01T17:49:01.716091+00:00,2.06,2026-09-01T18:11:06.111811+00:00,2.1630000000000003,0.4,2026-09-01T18:17:48.558342+00:00,2.2660000000000005,0.0,target,8.0,1726.842251
FLYE,2026-09-01T17:49:00+00:00,scale0.5@+5_rest@+8_floor+0_stop-15,-15.0,5.0,0.5,8.0,0.0,,2026-09-01T17:49:01.716091+00:00,2.06,2026-09-01T18:11:06.111811+00:00,2.1630000000000003,0.5,2026-09-01T18:16:21.508788+00:00,2.2248,0.0,target,6.5,1639.792697
FLYE,2026-09-01T17:49:00+00:00,scale0.5@+5_rest@+8_floor+2_stop-15,-15.0,5.0,0.5,8.0,2.0,,2026-09-01T17:49:01.716091+00:00,2.06,2026-09-01T18:11:06.111811+00:00,2.1630000000000003,0.5,2026-09-01T18:16:21.508788+00:00,2.2248,0.0,target,6.5,1639.792697
FLYE,2026-09-01T17:49:00+00:00,scale0.5@+5_rest@+10_floor+0_stop-15,-15.0,5.0,0.5,10.0,0.0,,2026-09-01T17:49:01.716091+00:00,2.06,2026-09-01T18:11:06.111811+00:00,2.1630000000000003,0.5,2026-09-01T18:17:48.558342+00:00,2.2660000000000005,0.0,target,7.5,1726.842251
FLYE,2026-09-01T17:49:00+00:00,scale0.5@+5_rest@+10_floor+2_stop-15,-15.0,5.0,0.5,10.0,2.0,,2026-09-01T17:49:01.716091+00:00,2.06,2026-09-01T18:11:06.111811+00:00,2.1630000000000003,0.5,2026-09-01T18:17:48.558342+00:00,2.2660000000000005,0.0,target,7.5,1726.842251
FLYE,2026-09-01T17:49:00+00:00,scale0.5@+5_trail2_floor+0_stop-15,-15.0,5.0,0.5,,0.0,2.0,2026-09-01T17:49:01.716091+00:00,2.06,2026-09-01T18:11:06.111811+00:00,2.1630000000000003,0.5,2026-09-01T18:12:06.516287+00:00,2.16,0.5,trail,4.927184466019416,1384.800196
RDAC,2026-09-01T17:47:00+00:00,atr_sell_only,,,0.0,,,,2026-09-01T17:47:00.019615+00:00,6.41,,,0.0,2026-09-01T18:52:03.278703+00:00,6.15,1.0,atr_sell,-4.056162246489858,3903.259088
RDAC,2026-09-01T17:47:00+00:00,hold_stop-8,-8.0,,0.0,,,,2026-09-01T17:47:00.019615+00:00,6.41,,,0.0,2026-09-01T18:52:03.278703+00:00,6.15,1.0,atr_sell,-4.056162246489858,3903.259088
RDAC,2026-09-01T17:47:00+00:00,full_target+5_stop-8,-8.0,5.0,1.0,,,,2026-09-01T17:47:00.019615+00:00,6.41,2026-09-01T17:48:41.789069+00:00,6.7305,1.0,2026-09-01T17:48:41.789069+00:00,6.7305,0.0,target,5.0,101.769454
RDAC,2026-09-01T17:47:00+00:00,full_target+8_stop-8,-8.0,8.0,1.0,,,,2026-09-01T17:47:00.019615+00:00,6.41,2026-09-01T18:32:12.912344+00:00,6.9228000000000005,1.0,2026-09-01T18:32:12.912344+00:00,6.9228000000000005,0.0,target,8.0,2712.892729
RDAC,2026-09-01T17:47:00+00:00,full_target+10_stop-8,-8.0,10.0,1.0,,,,2026-09-01T17:47:00.019615+00:00,6.41,,,0.0,2026-09-01T18:52:03.278703+00:00,6.15,1.0,atr_sell,-4.056162246489858,3903.259088
RDAC,2026-09-01T17:47:00+00:00,scale0.4@+5_rest@+8_floor+0_stop-8,-8.0,5.0,0.4,8.0,0.0,,2026-09-01T17:47:00.019615+00:00,6.41,2026-09-01T17:48:41.789069+00:00,6.7305,0.4,2026-09-01T17:51:45.294109+00:00,6.42,0.6,earned_floor,2.093603744149764,285.274494
RDAC,2026-09-01T17:47:00+00:00,scale0.4@+5_rest@+8_floor+2_stop-8,-8.0,5.0,0.4,8.0,2.0,,2026-09-01T17:47:00.019615+00:00,6.41,2026-09-01T17:48:41.789069+00:00,6.7305,0.4,2026-09-01T17:49:10.388483+00:00,6.53,0.6,earned_floor,3.1232449297971936,130.368868
RDAC,2026-09-01T17:47:00+00:00,scale0.4@+5_rest@+10_floor+0_stop-8,-8.0,5.0,0.4,10.0,0.0,,2026-09-01T17:47:00.019615+00:00,6.41,2026-09-01T17:48:41.789069+00:00,6.7305,0.4,2026-09-01T17:51:45.294109+00:00,6.42,0.6,earned_floor,2.093603744149764,285.274494
RDAC,2026-09-01T17:47:00+00:00,scale0.4@+5_rest@+10_floor+2_stop-8,-8.0,5.0,0.4,10.0,2.0,,2026-09-01T17:47:00.019615+00:00,6.41,2026-09-01T17:48:41.789069+00:00,6.7305,0.4,2026-09-01T17:49:10.388483+00:00,6.53,0.6,earned_floor,3.1232449297971936,130.368868
RDAC,2026-09-01T17:47:00+00:00,scale0.5@+5_rest@+8_floor+0_stop-8,-8.0,5.0,0.5,8.0,0.0,,2026-09-01T17:47:00.019615+00:00,6.41,2026-09-01T17:48:41.789069+00:00,6.7305,0.5,2026-09-01T17:51:45.294109+00:00,6.42,0.5,earned_floor,2.5780031201248033,285.274494
RDAC,2026-09-01T17:47:00+00:00,scale0.5@+5_rest@+8_floor+2_stop-8,-8.0,5.0,0.5,8.0,2.0,,2026-09-01T17:47:00.019615+00:00,6.41,2026-09-01T17:48:41.789069+00:00,6.7305,0.5,2026-09-01T17:49:10.388483+00:00,6.53,0.5,earned_floor,3.4360374414976613,130.368868
RDAC,2026-09-01T17:47:00+00:00,scale0.5@+5_rest@+10_floor+0_stop-8,-8.0,5.0,0.5,10.0,0.0,,2026-09-01T17:47:00.019615+00:00,6.41,2026-09-01T17:48:41.789069+00:00,6.7305,0.5,2026-09-01T17:51:45.294109+00:00,6.42,0.5,earned_floor,2.5780031201248033,285.274494
RDAC,2026-09-01T17:47:00+00:00,scale0.5@+5_rest@+10_floor+2_stop-8,-8.0,5.0,0.5,10.0,2.0,,2026-09-01T17:47:00.019615+00:00,6.41,2026-09-01T17:48:41.789069+00:00,6.7305,0.5,2026-09-01T17:49:10.388483+00:00,6.53,0.5,earned_floor,3.4360374414976613,130.368868
RDAC,2026-09-01T17:47:00+00:00,scale0.5@+5_trail2_floor+0_stop-8,-8.0,5.0,0.5,,0.0,2.0,2026-09-01T17:47:00.019615+00:00,6.41,2026-09-01T17:48:41.789069+00:00,6.7305,0.5,2026-09-01T17:48:49.698724+00:00,6.62,0.5,trail,4.138065522620902,109.679109
RDAC,2026-09-01T17:47:00+00:00,hold_stop-10,-10.0,,0.0,,,,2026-09-01T17:47:00.019615+00:00,6.41,,,0.0,2026-09-01T18:52:03.278703+00:00,6.15,1.0,atr_sell,-4.056162246489858,3903.259088
RDAC,2026-09-01T17:47:00+00:00,full_target+5_stop-10,-10.0,5.0,1.0,,,,2026-09-01T17:47:00.019615+00:00,6.41,2026-09-01T17:48:41.789069+00:00,6.7305,1.0,2026-09-01T17:48:41.789069+00:00,6.7305,0.0,target,5.0,101.769454
RDAC,2026-09-01T17:47:00+00:00,full_target+8_stop-10,-10.0,8.0,1.0,,,,2026-09-01T17:47:00.019615+00:00,6.41,2026-09-01T18:32:12.912344+00:00,6.9228000000000005,1.0,2026-09-01T18:32:12.912344+00:00,6.9228000000000005,0.0,target,8.0,2712.892729
RDAC,2026-09-01T17:47:00+00:00,full_target+10_stop-10,-10.0,10.0,1.0,,,,2026-09-01T17:47:00.019615+00:00,6.41,,,0.0,2026-09-01T18:52:03.278703+00:00,6.15,1.0,atr_sell,-4.056162246489858,3903.259088
RDAC,2026-09-01T17:47:00+00:00,scale0.4@+5_rest@+8_floor+0_stop-10,-10.0,5.0,0.4,8.0,0.0,,2026-09-01T17:47:00.019615+00:00,6.41,2026-09-01T17:48:41.789069+00:00,6.7305,0.4,2026-09-01T17:51:45.294109+00:00,6.42,0.6,earned_floor,2.093603744149764,285.274494
RDAC,2026-09-01T17:47:00+00:00,scale0.4@+5_rest@+8_floor+2_stop-10,-10.0,5.0,0.4,8.0,2.0,,2026-09-01T17:47:00.019615+00:00,6.41,2026-09-01T17:48:41.789069+00:00,6.7305,0.4,2026-09-01T17:49:10.388483+00:00,6.53,0.6,earned_floor,3.1232449297971936,130.368868
RDAC,2026-09-01T17:47:00+00:00,scale0.4@+5_rest@+10_floor+0_stop-10,-10.0,5.0,0.4,10.0,0.0,,2026-09-01T17:47:00.019615+00:00,6.41,2026-09-01T17:48:41.789069+00:00,6.7305,0.4,2026-09-01T17:51:45.294109+00:00,6.42,0.6,earned_floor,2.093603744149764,285.274494
RDAC,2026-09-01T17:47:00+00:00,scale0.4@+5_rest@+10_floor+2_stop-10,-10.0,5.0,0.4,10.0,2.0,,2026-09-01T17:47:00.019615+00:00,6.41,2026-09-01T17:48:41.789069+00:00,6.7305,0.4,2026-09-01T17:49:10.388483+00:00,6.53,0.6,earned_floor,3.1232449297971936,130.368868
RDAC,2026-09-01T17:47:00+00:00,scale0.5@+5_rest@+8_floor+0_stop-10,-10.0,5.0,0.5,8.0,0.0,,2026-09-01T17:47:00.019615+00:00,6.41,2026-09-01T17:48:41.789069+00:00,6.7305,0.5,2026-09-01T17:51:45.294109+00:00,6.42,0.5,earned_floor,2.5780031201248033,285.274494
RDAC,2026-09-01T17:47:00+00:00,scale0.5@+5_rest@+8_floor+2_stop-10,-10.0,5.0,0.5,8.0,2.0,,2026-09-01T17:47:00.019615+00:00,6.41,2026-09-01T17:48:41.789069+00:00,6.7305,0.5,2026-09-01T17:49:10.388483+00:00,6.53,0.5,earned_floor,3.4360374414976613,130.368868
RDAC,2026-09-01T17:47:00+00:00,scale0.5@+5_rest@+10_floor+0_stop-10,-10.0,5.0,0.5,10.0,0.0,,2026-09-01T17:47:00.019615+00:00,6.41,2026-09-01T17:48:41.789069+00:00,6.7305,0.5,2026-09-01T17:51:45.294109+00:00,6.42,0.5,earned_floor,2.5780031201248033,285.274494
RDAC,2026-09-01T17:47:00+00:00,scale0.5@+5_rest@+10_floor+2_stop-10,-10.0,5.0,0.5,10.0,2.0,,2026-09-01T17:47:00.019615+00:00,6.41,2026-09-01T17:48:41.789069+00:00,6.7305,0.5,2026-09-01T17:49:10.388483+00:00,6.53,0.5,earned_floor,3.4360374414976613,130.368868
RDAC,2026-09-01T17:47:00+00:00,scale0.5@+5_trail2_floor+0_stop-10,-10.0,5.0,0.5,,0.0,2.0,2026-09-01T17:47:00.019615+00:00,6.41,2026-09-01T17:48:41.789069+00:00,6.7305,0.5,2026-09-01T17:48:49.698724+00:00,6.62,0.5,trail,4.138065522620902,109.679109
RDAC,2026-09-01T17:47:00+00:00,hold_stop-12,-12.0,,0.0,,,,2026-09-01T17:47:00.019615+00:00,6.41,,,0.0,2026-09-01T18:52:03.278703+00:00,6.15,1.0,atr_sell,-4.056162246489858,3903.259088
RDAC,2026-09-01T17:47:00+00:00,full_target+5_stop-12,-12.0,5.0,1.0,,,,2026-09-01T17:47:00.019615+00:00,6.41,2026-09-01T17:48:41.789069+00:00,6.7305,1.0,2026-09-01T17:48:41.789069+00:00,6.7305,0.0,target,5.0,101.769454
RDAC,2026-09-01T17:47:00+00:00,full_target+8_stop-12,-12.0,8.0,1.0,,,,2026-09-01T17:47:00.019615+00:00,6.41,2026-09-01T18:32:12.912344+00:00,6.9228000000000005,1.0,2026-09-01T18:32:12.912344+00:00,6.9228000000000005,0.0,target,8.0,2712.892729
RDAC,2026-09-01T17:47:00+00:00,full_target+10_stop-12,-12.0,10.0,1.0,,,,2026-09-01T17:47:00.019615+00:00,6.41,,,0.0,2026-09-01T18:52:03.278703+00:00,6.15,1.0,atr_sell,-4.056162246489858,3903.259088
RDAC,2026-09-01T17:47:00+00:00,scale0.4@+5_rest@+8_floor+0_stop-12,-12.0,5.0,0.4,8.0,0.0,,2026-09-01T17:47:00.019615+00:00,6.41,2026-09-01T17:48:41.789069+00:00,6.7305,0.4,2026-09-01T17:51:45.294109+00:00,6.42,0.6,earned_floor,2.093603744149764,285.274494
RDAC,2026-09-01T17:47:00+00:00,scale0.4@+5_rest@+8_floor+2_stop-12,-12.0,5.0,0.4,8.0,2.0,,2026-09-01T17:47:00.019615+00:00,6.41,2026-09-01T17:48:41.789069+00:00,6.7305,0.4,2026-09-01T17:49:10.388483+00:00,6.53,0.6,earned_floor,3.1232449297971936,130.368868
RDAC,2026-09-01T17:47:00+00:00,scale0.4@+5_rest@+10_floor+0_stop-12,-12.0,5.0,0.4,10.0,0.0,,2026-09-01T17:47:00.019615+00:00,6.41,2026-09-01T17:48:41.789069+00:00,6.7305,0.4,2026-09-01T17:51:45.294109+00:00,6.42,0.6,earned_floor,2.093603744149764,285.274494
RDAC,2026-09-01T17:47:00+00:00,scale0.4@+5_rest@+10_floor+2_stop-12,-12.0,5.0,0.4,10.0,2.0,,2026-09-01T17:47:00.019615+00:00,6.41,2026-09-01T17:48:41.789069+00:00,6.7305,0.4,2026-09-01T17:49:10.388483+00:00,6.53,0.6,earned_floor,3.1232449297971936,130.368868
RDAC,2026-09-01T17:47:00+00:00,scale0.5@+5_rest@+8_floor+0_stop-12,-12.0,5.0,0.5,8.0,0.0,,2026-09-01T17:47:00.019615+00:00,6.41,2026-09-01T17:48:41.789069+00:00,6.7305,0.5,2026-09-01T17:51:45.294109+00:00,6.42,0.5,earned_floor,2.5780031201248033,285.274494
RDAC,2026-09-01T17:47:00+00:00,scale0.5@+5_rest@+8_floor+2_stop-12,-12.0,5.0,0.5,8.0,2.0,,2026-09-01T17:47:00.019615+00:00,6.41,2026-09-01T17:48:41.789069+00:00,6.7305,0.5,2026-09-01T17:49:10.388483+00:00,6.53,0.5,earned_floor,3.4360374414976613,130.368868
RDAC,2026-09-01T17:47:00+00:00,scale0.5@+5_rest@+10_floor+0_stop-12,-12.0,5.0,0.5,10.0,0.0,,2026-09-01T17:47:00.019615+00:00,6.41,2026-09-01T17:48:41.789069+00:00,6.7305,0.5,2026-09-01T17:51:45.294109+00:00,6.42,0.5,earned_floor,2.5780031201248033,285.274494
RDAC,2026-09-01T17:47:00+00:00,scale0.5@+5_rest@+10_floor+2_stop-12,-12.0,5.0,0.5,10.0,2.0,,2026-09-01T17:47:00.019615+00:00,6.41,2026-09-01T17:48:41.789069+00:00,6.7305,0.5,2026-09-01T17:49:10.388483+00:00,6.53,0.5,earned_floor,3.4360374414976613,130.368868
RDAC,2026-09-01T17:47:00+00:00,scale0.5@+5_trail2_floor+0_stop-12,-12.0,5.0,0.5,,0.0,2.0,2026-09-01T17:47:00.019615+00:00,6.41,2026-09-01T17:48:41.789069+00:00,6.7305,0.5,2026-09-01T17:48:49.698724+00:00,6.62,0.5,trail,4.138065522620902,109.679109
RDAC,2026-09-01T17:47:00+00:00,hold_stop-15,-15.0,,0.0,,,,2026-09-01T17:47:00.019615+00:00,6.41,,,0.0,2026-09-01T18:52:03.278703+00:00,6.15,1.0,atr_sell,-4.056162246489858,3903.259088
RDAC,2026-09-01T17:47:00+00:00,full_target+5_stop-15,-15.0,5.0,1.0,,,,2026-09-01T17:47:00.019615+00:00,6.41,2026-09-01T17:48:41.789069+00:00,6.7305,1.0,2026-09-01T17:48:41.789069+00:00,6.7305,0.0,target,5.0,101.769454
RDAC,2026-09-01T17:47:00+00:00,full_target+8_stop-15,-15.0,8.0,1.0,,,,2026-09-01T17:47:00.019615+00:00,6.41,2026-09-01T18:32:12.912344+00:00,6.9228000000000005,1.0,2026-09-01T18:32:12.912344+00:00,6.9228000000000005,0.0,target,8.0,2712.892729
RDAC,2026-09-01T17:47:00+00:00,full_target+10_stop-15,-15.0,10.0,1.0,,,,2026-09-01T17:47:00.019615+00:00,6.41,,,0.0,2026-09-01T18:52:03.278703+00:00,6.15,1.0,atr_sell,-4.056162246489858,3903.259088
RDAC,2026-09-01T17:47:00+00:00,scale0.4@+5_rest@+8_floor+0_stop-15,-15.0,5.0,0.4,8.0,0.0,,2026-09-01T17:47:00.019615+00:00,6.41,2026-09-01T17:48:41.789069+00:00,6.7305,0.4,2026-09-01T17:51:45.294109+00:00,6.42,0.6,earned_floor,2.093603744149764,285.274494
RDAC,2026-09-01T17:47:00+00:00,scale0.4@+5_rest@+8_floor+2_stop-15,-15.0,5.0,0.4,8.0,2.0,,2026-09-01T17:47:00.019615+00:00,6.41,2026-09-01T17:48:41.789069+00:00,6.7305,0.4,2026-09-01T17:49:10.388483+00:00,6.53,0.6,earned_floor,3.1232449297971936,130.368868
RDAC,2026-09-01T17:47:00+00:00,scale0.4@+5_rest@+10_floor+0_stop-15,-15.0,5.0,0.4,10.0,0.0,,2026-09-01T17:47:00.019615+00:00,6.41,2026-09-01T17:48:41.789069+00:00,6.7305,0.4,2026-09-01T17:51:45.294109+00:00,6.42,0.6,earned_floor,2.093603744149764,285.274494
RDAC,2026-09-01T17:47:00+00:00,scale0.4@+5_rest@+10_floor+2_stop-15,-15.0,5.0,0.4,10.0,2.0,,2026-09-01T17:47:00.019615+00:00,6.41,2026-09-01T17:48:41.789069+00:00,6.7305,0.4,2026-09-01T17:49:10.388483+00:00,6.53,0.6,earned_floor,3.1232449297971936,130.368868
RDAC,2026-09-01T17:47:00+00:00,scale0.5@+5_rest@+8_floor+0_stop-15,-15.0,5.0,0.5,8.0,0.0,,2026-09-01T17:47:00.019615+00:00,6.41,2026-09-01T17:48:41.789069+00:00,6.7305,0.5,2026-09-01T17:51:45.294109+00:00,6.42,0.5,earned_floor,2.5780031201248033,285.274494
RDAC,2026-09-01T17:47:00+00:00,scale0.5@+5_rest@+8_floor+2_stop-15,-15.0,5.0,0.5,8.0,2.0,,2026-09-01T17:47:00.019615+00:00,6.41,2026-09-01T17:48:41.789069+00:00,6.7305,0.5,2026-09-01T17:49:10.388483+00:00,6.53,0.5,earned_floor,3.4360374414976613,130.368868
RDAC,2026-09-01T17:47:00+00:00,scale0.5@+5_rest@+10_floor+0_stop-15,-15.0,5.0,0.5,10.0,0.0,,2026-09-01T17:47:00.019615+00:00,6.41,2026-09-01T17:48:41.789069+00:00,6.7305,0.5,2026-09-01T17:51:45.294109+00:00,6.42,0.5,earned_floor,2.5780031201248033,285.274494
RDAC,2026-09-01T17:47:00+00:00,scale0.5@+5_rest@+10_floor+2_stop-15,-15.0,5.0,0.5,10.0,2.0,,2026-09-01T17:47:00.019615+00:00,6.41,2026-09-01T17:48:41.789069+00:00,6.7305,0.5,2026-09-01T17:49:10.388483+00:00,6.53,0.5,earned_floor,3.4360374414976613,130.368868
RDAC,2026-09-01T17:47:00+00:00,scale0.5@+5_trail2_floor+0_stop-15,-15.0,5.0,0.5,,0.0,2.0,2026-09-01T17:47:00.019615+00:00,6.41,2026-09-01T17:48:41.789069+00:00,6.7305,0.5,2026-09-01T17:48:49.698724+00:00,6.62,0.5,trail,4.138065522620902,109.679109
RDAC,2026-09-01T19:06:00+00:00,atr_sell_only,,,0.0,,,,2026-09-01T19:06:00.703983+00:00,6.58,,,0.0,2026-09-01T19:59:56.444847+00:00,6.55,1.0,session_close,-0.455927051671734,3235.740864
RDAC,2026-09-01T19:06:00+00:00,hold_stop-8,-8.0,,0.0,,,,2026-09-01T19:06:00.703983+00:00,6.58,,,0.0,2026-09-01T19:59:56.444847+00:00,6.55,1.0,session_close,-0.455927051671734,3235.740864
RDAC,2026-09-01T19:06:00+00:00,full_target+5_stop-8,-8.0,5.0,1.0,,,,2026-09-01T19:06:00.703983+00:00,6.58,,,0.0,2026-09-01T19:59:56.444847+00:00,6.55,1.0,session_close,-0.455927051671734,3235.740864
RDAC,2026-09-01T19:06:00+00:00,full_target+8_stop-8,-8.0,8.0,1.0,,,,2026-09-01T19:06:00.703983+00:00,6.58,,,0.0,2026-09-01T19:59:56.444847+00:00,6.55,1.0,session_close,-0.455927051671734,3235.740864
RDAC,2026-09-01T19:06:00+00:00,full_target+10_stop-8,-8.0,10.0,1.0,,,,2026-09-01T19:06:00.703983+00:00,6.58,,,0.0,2026-09-01T19:59:56.444847+00:00,6.55,1.0,session_close,-0.455927051671734,3235.740864
RDAC,2026-09-01T19:06:00+00:00,scale0.4@+5_rest@+8_floor+0_stop-8,-8.0,5.0,0.4,8.0,0.0,,2026-09-01T19:06:00.703983+00:00,6.58,,,0.0,2026-09-01T19:59:56.444847+00:00,6.55,1.0,session_close,-0.455927051671734,3235.740864
RDAC,2026-09-01T19:06:00+00:00,scale0.4@+5_rest@+8_floor+2_stop-8,-8.0,5.0,0.4,8.0,2.0,,2026-09-01T19:06:00.703983+00:00,6.58,,,0.0,2026-09-01T19:59:56.444847+00:00,6.55,1.0,session_close,-0.455927051671734,3235.740864
RDAC,2026-09-01T19:06:00+00:00,scale0.4@+5_rest@+10_floor+0_stop-8,-8.0,5.0,0.4,10.0,0.0,,2026-09-01T19:06:00.703983+00:00,6.58,,,0.0,2026-09-01T19:59:56.444847+00:00,6.55,1.0,session_close,-0.455927051671734,3235.740864
RDAC,2026-09-01T19:06:00+00:00,scale0.4@+5_rest@+10_floor+2_stop-8,-8.0,5.0,0.4,10.0,2.0,,2026-09-01T19:06:00.703983+00:00,6.58,,,0.0,2026-09-01T19:59:56.444847+00:00,6.55,1.0,session_close,-0.455927051671734,3235.740864
RDAC,2026-09-01T19:06:00+00:00,scale0.5@+5_rest@+8_floor+0_stop-8,-8.0,5.0,0.5,8.0,0.0,,2026-09-01T19:06:00.703983+00:00,6.58,,,0.0,2026-09-01T19:59:56.444847+00:00,6.55,1.0,session_close,-0.455927051671734,3235.740864
RDAC,2026-09-01T19:06:00+00:00,scale0.5@+5_rest@+8_floor+2_stop-8,-8.0,5.0,0.5,8.0,2.0,,2026-09-01T19:06:00.703983+00:00,6.58,,,0.0,2026-09-01T19:59:56.444847+00:00,6.55,1.0,session_close,-0.455927051671734,3235.740864
RDAC,2026-09-01T19:06:00+00:00,scale0.5@+5_rest@+10_floor+0_stop-8,-8.0,5.0,0.5,10.0,0.0,,2026-09-01T19:06:00.703983+00:00,6.58,,,0.0,2026-09-01T19:59:56.444847+00:00,6.55,1.0,session_close,-0.455927051671734,3235.740864
RDAC,2026-09-01T19:06:00+00:00,scale0.5@+5_rest@+10_floor+2_stop-8,-8.0,5.0,0.5,10.0,2.0,,2026-09-01T19:06:00.703983+00:00,6.58,,,0.0,2026-09-01T19:59:56.444847+00:00,6.55,1.0,session_close,-0.455927051671734,3235.740864
RDAC,2026-09-01T19:06:00+00:00,scale0.5@+5_trail2_floor+0_stop-8,-8.0,5.0,0.5,,0.0,2.0,2026-09-01T19:06:00.703983+00:00,6.58,,,0.0,2026-09-01T19:59:56.444847+00:00,6.55,1.0,session_close,-0.455927051671734,3235.740864
RDAC,2026-09-01T19:06:00+00:00,hold_stop-10,-10.0,,0.0,,,,2026-09-01T19:06:00.703983+00:00,6.58,,,0.0,2026-09-01T19:59:56.444847+00:00,6.55,1.0,session_close,-0.455927051671734,3235.740864
RDAC,2026-09-01T19:06:00+00:00,full_target+5_stop-10,-10.0,5.0,1.0,,,,2026-09-01T19:06:00.703983+00:00,6.58,,,0.0,2026-09-01T19:59:56.444847+00:00,6.55,1.0,session_close,-0.455927051671734,3235.740864
RDAC,2026-09-01T19:06:00+00:00,full_target+8_stop-10,-10.0,8.0,1.0,,,,2026-09-01T19:06:00.703983+00:00,6.58,,,0.0,2026-09-01T19:59:56.444847+00:00,6.55,1.0,session_close,-0.455927051671734,3235.740864
RDAC,2026-09-01T19:06:00+00:00,full_target+10_stop-10,-10.0,10.0,1.0,,,,2026-09-01T19:06:00.703983+00:00,6.58,,,0.0,2026-09-01T19:59:56.444847+00:00,6.55,1.0,session_close,-0.455927051671734,3235.740864
RDAC,2026-09-01T19:06:00+00:00,scale0.4@+5_rest@+8_floor+0_stop-10,-10.0,5.0,0.4,8.0,0.0,,2026-09-01T19:06:00.703983+00:00,6.58,,,0.0,2026-09-01T19:59:56.444847+00:00,6.55,1.0,session_close,-0.455927051671734,3235.740864
RDAC,2026-09-01T19:06:00+00:00,scale0.4@+5_rest@+8_floor+2_stop-10,-10.0,5.0,0.4,8.0,2.0,,2026-09-01T19:06:00.703983+00:00,6.58,,,0.0,2026-09-01T19:59:56.444847+00:00,6.55,1.0,session_close,-0.455927051671734,3235.740864
RDAC,2026-09-01T19:06:00+00:00,scale0.4@+5_rest@+10_floor+0_stop-10,-10.0,5.0,0.4,10.0,0.0,,2026-09-01T19:06:00.703983+00:00,6.58,,,0.0,2026-09-01T19:59:56.444847+00:00,6.55,1.0,session_close,-0.455927051671734,3235.740864
RDAC,2026-09-01T19:06:00+00:00,scale0.4@+5_rest@+10_floor+2_stop-10,-10.0,5.0,0.4,10.0,2.0,,2026-09-01T19:06:00.703983+00:00,6.58,,,0.0,2026-09-01T19:59:56.444847+00:00,6.55,1.0,session_close,-0.455927051671734,3235.740864
RDAC,2026-09-01T19:06:00+00:00,scale0.5@+5_rest@+8_floor+0_stop-10,-10.0,5.0,0.5,8.0,0.0,,2026-09-01T19:06:00.703983+00:00,6.58,,,0.0,2026-09-01T19:59:56.444847+00:00,6.55,1.0,session_close,-0.455927051671734,3235.740864
RDAC,2026-09-01T19:06:00+00:00,scale0.5@+5_rest@+8_floor+2_stop-10,-10.0,5.0,0.5,8.0,2.0,,2026-09-01T19:06:00.703983+00:00,6.58,,,0.0,2026-09-01T19:59:56.444847+00:00,6.55,1.0,session_close,-0.455927051671734,3235.740864
RDAC,2026-09-01T19:06:00+00:00,scale0.5@+5_rest@+10_floor+0_stop-10,-10.0,5.0,0.5,10.0,0.0,,2026-09-01T19:06:00.703983+00:00,6.58,,,0.0,2026-09-01T19:59:56.444847+00:00,6.55,1.0,session_close,-0.455927051671734,3235.740864
RDAC,2026-09-01T19:06:00+00:00,scale0.5@+5_rest@+10_floor+2_stop-10,-10.0,5.0,0.5,10.0,2.0,,2026-09-01T19:06:00.703983+00:00,6.58,,,0.0,2026-09-01T19:59:56.444847+00:00,6.55,1.0,session_close,-0.455927051671734,3235.740864
RDAC,2026-09-01T19:06:00+00:00,scale0.5@+5_trail2_floor+0_stop-10,-10.0,5.0,0.5,,0.0,2.0,2026-09-01T19:06:00.703983+00:00,6.58,,,0.0,2026-09-01T19:59:56.444847+00:00,6.55,1.0,session_close,-0.455927051671734,3235.740864
RDAC,2026-09-01T19:06:00+00:00,hold_stop-12,-12.0,,0.0,,,,2026-09-01T19:06:00.703983+00:00,6.58,,,0.0,2026-09-01T19:59:56.444847+00:00,6.55,1.0,session_close,-0.455927051671734,3235.740864
RDAC,2026-09-01T19:06:00+00:00,full_target+5_stop-12,-12.0,5.0,1.0,,,,2026-09-01T19:06:00.703983+00:00,6.58,,,0.0,2026-09-01T19:59:56.444847+00:00,6.55,1.0,session_close,-0.455927051671734,3235.740864
RDAC,2026-09-01T19:06:00+00:00,full_target+8_stop-12,-12.0,8.0,1.0,,,,2026-09-01T19:06:00.703983+00:00,6.58,,,0.0,2026-09-01T19:59:56.444847+00:00,6.55,1.0,session_close,-0.455927051671734,3235.740864
RDAC,2026-09-01T19:06:00+00:00,full_target+10_stop-12,-12.0,10.0,1.0,,,,2026-09-01T19:06:00.703983+00:00,6.58,,,0.0,2026-09-01T19:59:56.444847+00:00,6.55,1.0,session_close,-0.455927051671734,3235.740864
RDAC,2026-09-01T19:06:00+00:00,scale0.4@+5_rest@+8_floor+0_stop-12,-12.0,5.0,0.4,8.0,0.0,,2026-09-01T19:06:00.703983+00:00,6.58,,,0.0,2026-09-01T19:59:56.444847+00:00,6.55,1.0,session_close,-0.455927051671734,3235.740864
RDAC,2026-09-01T19:06:00+00:00,scale0.4@+5_rest@+8_floor+2_stop-12,-12.0,5.0,0.4,8.0,2.0,,2026-09-01T19:06:00.703983+00:00,6.58,,,0.0,2026-09-01T19:59:56.444847+00:00,6.55,1.0,session_close,-0.455927051671734,3235.740864
RDAC,2026-09-01T19:06:00+00:00,scale0.4@+5_rest@+10_floor+0_stop-12,-12.0,5.0,0.4,10.0,0.0,,2026-09-01T19:06:00.703983+00:00,6.58,,,0.0,2026-09-01T19:59:56.444847+00:00,6.55,1.0,session_close,-0.455927051671734,3235.740864
RDAC,2026-09-01T19:06:00+00:00,scale0.4@+5_rest@+10_floor+2_stop-12,-12.0,5.0,0.4,10.0,2.0,,2026-09-01T19:06:00.703983+00:00,6.58,,,0.0,2026-09-01T19:59:56.444847+00:00,6.55,1.0,session_close,-0.455927051671734,3235.740864
RDAC,2026-09-01T19:06:00+00:00,scale0.5@+5_rest@+8_floor+0_stop-12,-12.0,5.0,0.5,8.0,0.0,,2026-09-01T19:06:00.703983+00:00,6.58,,,0.0,2026-09-01T19:59:56.444847+00:00,6.55,1.0,session_close,-0.455927051671734,3235.740864
RDAC,2026-09-01T19:06:00+00:00,scale0.5@+5_rest@+8_floor+2_stop-12,-12.0,5.0,0.5,8.0,2.0,,2026-09-01T19:06:00.703983+00:00,6.58,,,0.0,2026-09-01T19:59:56.444847+00:00,6.55,1.0,session_close,-0.455927051671734,3235.740864
RDAC,2026-09-01T19:06:00+00:00,scale0.5@+5_rest@+10_floor+0_stop-12,-12.0,5.0,0.5,10.0,0.0,,2026-09-01T19:06:00.703983+00:00,6.58,,,0.0,2026-09-01T19:59:56.444847+00:00,6.55,1.0,session_close,-0.455927051671734,3235.740864
RDAC,2026-09-01T19:06:00+00:00,scale0.5@+5_rest@+10_floor+2_stop-12,-12.0,5.0,0.5,10.0,2.0,,2026-09-01T19:06:00.703983+00:00,6.58,,,0.0,2026-09-01T19:59:56.444847+00:00,6.55,1.0,session_close,-0.455927051671734,3235.740864
RDAC,2026-09-01T19:06:00+00:00,scale0.5@+5_trail2_floor+0_stop-12,-12.0,5.0,0.5,,0.0,2.0,2026-09-01T19:06:00.703983+00:00,6.58,,,0.0,2026-09-01T19:59:56.444847+00:00,6.55,1.0,session_close,-0.455927051671734,3235.740864
RDAC,2026-09-01T19:06:00+00:00,hold_stop-15,-15.0,,0.0,,,,2026-09-01T19:06:00.703983+00:00,6.58,,,0.0,2026-09-01T19:59:56.444847+00:00,6.55,1.0,session_close,-0.455927051671734,3235.740864
RDAC,2026-09-01T19:06:00+00:00,full_target+5_stop-15,-15.0,5.0,1.0,,,,2026-09-01T19:06:00.703983+00:00,6.58,,,0.0,2026-09-01T19:59:56.444847+00:00,6.55,1.0,session_close,-0.455927051671734,3235.740864
RDAC,2026-09-01T19:06:00+00:00,full_target+8_stop-15,-15.0,8.0,1.0,,,,2026-09-01T19:06:00.703983+00:00,6.58,,,0.0,2026-09-01T19:59:56.444847+00:00,6.55,1.0,session_close,-0.455927051671734,3235.740864
RDAC,2026-09-01T19:06:00+00:00,full_target+10_stop-15,-15.0,10.0,1.0,,,,2026-09-01T19:06:00.703983+00:00,6.58,,,0.0,2026-09-01T19:59:56.444847+00:00,6.55,1.0,session_close,-0.455927051671734,3235.740864
RDAC,2026-09-01T19:06:00+00:00,scale0.4@+5_rest@+8_floor+0_stop-15,-15.0,5.0,0.4,8.0,0.0,,2026-09-01T19:06:00.703983+00:00,6.58,,,0.0,2026-09-01T19:59:56.444847+00:00,6.55,1.0,session_close,-0.455927051671734,3235.740864
RDAC,2026-09-01T19:06:00+00:00,scale0.4@+5_rest@+8_floor+2_stop-15,-15.0,5.0,0.4,8.0,2.0,,2026-09-01T19:06:00.703983+00:00,6.58,,,0.0,2026-09-01T19:59:56.444847+00:00,6.55,1.0,session_close,-0.455927051671734,3235.740864
RDAC,2026-09-01T19:06:00+00:00,scale0.4@+5_rest@+10_floor+0_stop-15,-15.0,5.0,0.4,10.0,0.0,,2026-09-01T19:06:00.703983+00:00,6.58,,,0.0,2026-09-01T19:59:56.444847+00:00,6.55,1.0,session_close,-0.455927051671734,3235.740864
RDAC,2026-09-01T19:06:00+00:00,scale0.4@+5_rest@+10_floor+2_stop-15,-15.0,5.0,0.4,10.0,2.0,,2026-09-01T19:06:00.703983+00:00,6.58,,,0.0,2026-09-01T19:59:56.444847+00:00,6.55,1.0,session_close,-0.455927051671734,3235.740864
RDAC,2026-09-01T19:06:00+00:00,scale0.5@+5_rest@+8_floor+0_stop-15,-15.0,5.0,0.5,8.0,0.0,,2026-09-01T19:06:00.703983+00:00,6.58,,,0.0,2026-09-01T19:59:56.444847+00:00,6.55,1.0,session_close,-0.455927051671734,3235.740864
RDAC,2026-09-01T19:06:00+00:00,scale0.5@+5_rest@+8_floor+2_stop-15,-15.0,5.0,0.5,8.0,2.0,,2026-09-01T19:06:00.703983+00:00,6.58,,,0.0,2026-09-01T19:59:56.444847+00:00,6.55,1.0,session_close,-0.455927051671734,3235.740864
RDAC,2026-09-01T19:06:00+00:00,scale0.5@+5_rest@+10_floor+0_stop-15,-15.0,5.0,0.5,10.0,0.0,,2026-09-01T19:06:00.703983+00:00,6.58,,,0.0,2026-09-01T19:59:56.444847+00:00,6.55,1.0,session_close,-0.455927051671734,3235.740864
RDAC,2026-09-01T19:06:00+00:00,scale0.5@+5_rest@+10_floor+2_stop-15,-15.0,5.0,0.5,10.0,2.0,,2026-09-01T19:06:00.703983+00:00,6.58,,,0.0,2026-09-01T19:59:56.444847+00:00,6.55,1.0,session_close,-0.455927051671734,3235.740864
RDAC,2026-09-01T19:06:00+00:00,scale0.5@+5_trail2_floor+0_stop-15,-15.0,5.0,0.5,,0.0,2.0,2026-09-01T19:06:00.703983+00:00,6.58,,,0.0,2026-09-01T19:59:56.444847+00:00,6.55,1.0,session_close,-0.455927051671734,3235.740864
SSM,2026-09-01T12:52:00+00:00,atr_sell_only,,,0.0,,,,2026-09-01T12:52:00.103711+00:00,3.8,,,0.0,2026-09-01T13:31:00.338105+00:00,3.7,1.0,atr_sell,-2.631578947368407,2340.234394
SSM,2026-09-01T12:52:00+00:00,hold_stop-8,-8.0,,0.0,,,,2026-09-01T12:52:00.103711+00:00,3.8,,,0.0,2026-09-01T13:31:00.338105+00:00,3.7,1.0,atr_sell,-2.631578947368407,2340.234394
SSM,2026-09-01T12:52:00+00:00,full_target+5_stop-8,-8.0,5.0,1.0,,,,2026-09-01T12:52:00.103711+00:00,3.8,,,0.0,2026-09-01T13:31:00.338105+00:00,3.7,1.0,atr_sell,-2.631578947368407,2340.234394
SSM,2026-09-01T12:52:00+00:00,full_target+8_stop-8,-8.0,8.0,1.0,,,,2026-09-01T12:52:00.103711+00:00,3.8,,,0.0,2026-09-01T13:31:00.338105+00:00,3.7,1.0,atr_sell,-2.631578947368407,2340.234394
SSM,2026-09-01T12:52:00+00:00,full_target+10_stop-8,-8.0,10.0,1.0,,,,2026-09-01T12:52:00.103711+00:00,3.8,,,0.0,2026-09-01T13:31:00.338105+00:00,3.7,1.0,atr_sell,-2.631578947368407,2340.234394
SSM,2026-09-01T12:52:00+00:00,scale0.4@+5_rest@+8_floor+0_stop-8,-8.0,5.0,0.4,8.0,0.0,,2026-09-01T12:52:00.103711+00:00,3.8,,,0.0,2026-09-01T13:31:00.338105+00:00,3.7,1.0,atr_sell,-2.631578947368407,2340.234394
SSM,2026-09-01T12:52:00+00:00,scale0.4@+5_rest@+8_floor+2_stop-8,-8.0,5.0,0.4,8.0,2.0,,2026-09-01T12:52:00.103711+00:00,3.8,,,0.0,2026-09-01T13:31:00.338105+00:00,3.7,1.0,atr_sell,-2.631578947368407,2340.234394
SSM,2026-09-01T12:52:00+00:00,scale0.4@+5_rest@+10_floor+0_stop-8,-8.0,5.0,0.4,10.0,0.0,,2026-09-01T12:52:00.103711+00:00,3.8,,,0.0,2026-09-01T13:31:00.338105+00:00,3.7,1.0,atr_sell,-2.631578947368407,2340.234394
SSM,2026-09-01T12:52:00+00:00,scale0.4@+5_rest@+10_floor+2_stop-8,-8.0,5.0,0.4,10.0,2.0,,2026-09-01T12:52:00.103711+00:00,3.8,,,0.0,2026-09-01T13:31:00.338105+00:00,3.7,1.0,atr_sell,-2.631578947368407,2340.234394
SSM,2026-09-01T12:52:00+00:00,scale0.5@+5_rest@+8_floor+0_stop-8,-8.0,5.0,0.5,8.0,0.0,,2026-09-01T12:52:00.103711+00:00,3.8,,,0.0,2026-09-01T13:31:00.338105+00:00,3.7,1.0,atr_sell,-2.631578947368407,2340.234394
SSM,2026-09-01T12:52:00+00:00,scale0.5@+5_rest@+8_floor+2_stop-8,-8.0,5.0,0.5,8.0,2.0,,2026-09-01T12:52:00.103711+00:00,3.8,,,0.0,2026-09-01T13:31:00.338105+00:00,3.7,1.0,atr_sell,-2.631578947368407,2340.234394
SSM,2026-09-01T12:52:00+00:00,scale0.5@+5_rest@+10_floor+0_stop-8,-8.0,5.0,0.5,10.0,0.0,,2026-09-01T12:52:00.103711+00:00,3.8,,,0.0,2026-09-01T13:31:00.338105+00:00,3.7,1.0,atr_sell,-2.631578947368407,2340.234394
SSM,2026-09-01T12:52:00+00:00,scale0.5@+5_rest@+10_floor+2_stop-8,-8.0,5.0,0.5,10.0,2.0,,2026-09-01T12:52:00.103711+00:00,3.8,,,0.0,2026-09-01T13:31:00.338105+00:00,3.7,1.0,atr_sell,-2.631578947368407,2340.234394
SSM,2026-09-01T12:52:00+00:00,scale0.5@+5_trail2_floor+0_stop-8,-8.0,5.0,0.5,,0.0,2.0,2026-09-01T12:52:00.103711+00:00,3.8,,,0.0,2026-09-01T13:31:00.338105+00:00,3.7,1.0,atr_sell,-2.631578947368407,2340.234394
SSM,2026-09-01T12:52:00+00:00,hold_stop-10,-10.0,,0.0,,,,2026-09-01T12:52:00.103711+00:00,3.8,,,0.0,2026-09-01T13:31:00.338105+00:00,3.7,1.0,atr_sell,-2.631578947368407,2340.234394
SSM,2026-09-01T12:52:00+00:00,full_target+5_stop-10,-10.0,5.0,1.0,,,,2026-09-01T12:52:00.103711+00:00,3.8,,,0.0,2026-09-01T13:31:00.338105+00:00,3.7,1.0,atr_sell,-2.631578947368407,2340.234394
SSM,2026-09-01T12:52:00+00:00,full_target+8_stop-10,-10.0,8.0,1.0,,,,2026-09-01T12:52:00.103711+00:00,3.8,,,0.0,2026-09-01T13:31:00.338105+00:00,3.7,1.0,atr_sell,-2.631578947368407,2340.234394
SSM,2026-09-01T12:52:00+00:00,full_target+10_stop-10,-10.0,10.0,1.0,,,,2026-09-01T12:52:00.103711+00:00,3.8,,,0.0,2026-09-01T13:31:00.338105+00:00,3.7,1.0,atr_sell,-2.631578947368407,2340.234394
SSM,2026-09-01T12:52:00+00:00,scale0.4@+5_rest@+8_floor+0_stop-10,-10.0,5.0,0.4,8.0,0.0,,2026-09-01T12:52:00.103711+00:00,3.8,,,0.0,2026-09-01T13:31:00.338105+00:00,3.7,1.0,atr_sell,-2.631578947368407,2340.234394
SSM,2026-09-01T12:52:00+00:00,scale0.4@+5_rest@+8_floor+2_stop-10,-10.0,5.0,0.4,8.0,2.0,,2026-09-01T12:52:00.103711+00:00,3.8,,,0.0,2026-09-01T13:31:00.338105+00:00,3.7,1.0,atr_sell,-2.631578947368407,2340.234394
SSM,2026-09-01T12:52:00+00:00,scale0.4@+5_rest@+10_floor+0_stop-10,-10.0,5.0,0.4,10.0,0.0,,2026-09-01T12:52:00.103711+00:00,3.8,,,0.0,2026-09-01T13:31:00.338105+00:00,3.7,1.0,atr_sell,-2.631578947368407,2340.234394
SSM,2026-09-01T12:52:00+00:00,scale0.4@+5_rest@+10_floor+2_stop-10,-10.0,5.0,0.4,10.0,2.0,,2026-09-01T12:52:00.103711+00:00,3.8,,,0.0,2026-09-01T13:31:00.338105+00:00,3.7,1.0,atr_sell,-2.631578947368407,2340.234394
SSM,2026-09-01T12:52:00+00:00,scale0.5@+5_rest@+8_floor+0_stop-10,-10.0,5.0,0.5,8.0,0.0,,2026-09-01T12:52:00.103711+00:00,3.8,,,0.0,2026-09-01T13:31:00.338105+00:00,3.7,1.0,atr_sell,-2.631578947368407,2340.234394
SSM,2026-09-01T12:52:00+00:00,scale0.5@+5_rest@+8_floor+2_stop-10,-10.0,5.0,0.5,8.0,2.0,,2026-09-01T12:52:00.103711+00:00,3.8,,,0.0,2026-09-01T13:31:00.338105+00:00,3.7,1.0,atr_sell,-2.631578947368407,2340.234394
SSM,2026-09-01T12:52:00+00:00,scale0.5@+5_rest@+10_floor+0_stop-10,-10.0,5.0,0.5,10.0,0.0,,2026-09-01T12:52:00.103711+00:00,3.8,,,0.0,2026-09-01T13:31:00.338105+00:00,3.7,1.0,atr_sell,-2.631578947368407,2340.234394
SSM,2026-09-01T12:52:00+00:00,scale0.5@+5_rest@+10_floor+2_stop-10,-10.0,5.0,0.5,10.0,2.0,,2026-09-01T12:52:00.103711+00:00,3.8,,,0.0,2026-09-01T13:31:00.338105+00:00,3.7,1.0,atr_sell,-2.631578947368407,2340.234394
SSM,2026-09-01T12:52:00+00:00,scale0.5@+5_trail2_floor+0_stop-10,-10.0,5.0,0.5,,0.0,2.0,2026-09-01T12:52:00.103711+00:00,3.8,,,0.0,2026-09-01T13:31:00.338105+00:00,3.7,1.0,atr_sell,-2.631578947368407,2340.234394
SSM,2026-09-01T12:52:00+00:00,hold_stop-12,-12.0,,0.0,,,,2026-09-01T12:52:00.103711+00:00,3.8,,,0.0,2026-09-01T13:31:00.338105+00:00,3.7,1.0,atr_sell,-2.631578947368407,2340.234394
SSM,2026-09-01T12:52:00+00:00,full_target+5_stop-12,-12.0,5.0,1.0,,,,2026-09-01T12:52:00.103711+00:00,3.8,,,0.0,2026-09-01T13:31:00.338105+00:00,3.7,1.0,atr_sell,-2.631578947368407,2340.234394
SSM,2026-09-01T12:52:00+00:00,full_target+8_stop-12,-12.0,8.0,1.0,,,,2026-09-01T12:52:00.103711+00:00,3.8,,,0.0,2026-09-01T13:31:00.338105+00:00,3.7,1.0,atr_sell,-2.631578947368407,2340.234394
SSM,2026-09-01T12:52:00+00:00,full_target+10_stop-12,-12.0,10.0,1.0,,,,2026-09-01T12:52:00.103711+00:00,3.8,,,0.0,2026-09-01T13:31:00.338105+00:00,3.7,1.0,atr_sell,-2.631578947368407,2340.234394
SSM,2026-09-01T12:52:00+00:00,scale0.4@+5_rest@+8_floor+0_stop-12,-12.0,5.0,0.4,8.0,0.0,,2026-09-01T12:52:00.103711+00:00,3.8,,,0.0,2026-09-01T13:31:00.338105+00:00,3.7,1.0,atr_sell,-2.631578947368407,2340.234394
SSM,2026-09-01T12:52:00+00:00,scale0.4@+5_rest@+8_floor+2_stop-12,-12.0,5.0,0.4,8.0,2.0,,2026-09-01T12:52:00.103711+00:00,3.8,,,0.0,2026-09-01T13:31:00.338105+00:00,3.7,1.0,atr_sell,-2.631578947368407,2340.234394
SSM,2026-09-01T12:52:00+00:00,scale0.4@+5_rest@+10_floor+0_stop-12,-12.0,5.0,0.4,10.0,0.0,,2026-09-01T12:52:00.103711+00:00,3.8,,,0.0,2026-09-01T13:31:00.338105+00:00,3.7,1.0,atr_sell,-2.631578947368407,2340.234394
SSM,2026-09-01T12:52:00+00:00,scale0.4@+5_rest@+10_floor+2_stop-12,-12.0,5.0,0.4,10.0,2.0,,2026-09-01T12:52:00.103711+00:00,3.8,,,0.0,2026-09-01T13:31:00.338105+00:00,3.7,1.0,atr_sell,-2.631578947368407,2340.234394
SSM,2026-09-01T12:52:00+00:00,scale0.5@+5_rest@+8_floor+0_stop-12,-12.0,5.0,0.5,8.0,0.0,,2026-09-01T12:52:00.103711+00:00,3.8,,,0.0,2026-09-01T13:31:00.338105+00:00,3.7,1.0,atr_sell,-2.631578947368407,2340.234394
SSM,2026-09-01T12:52:00+00:00,scale0.5@+5_rest@+8_floor+2_stop-12,-12.0,5.0,0.5,8.0,2.0,,2026-09-01T12:52:00.103711+00:00,3.8,,,0.0,2026-09-01T13:31:00.338105+00:00,3.7,1.0,atr_sell,-2.631578947368407,2340.234394
SSM,2026-09-01T12:52:00+00:00,scale0.5@+5_rest@+10_floor+0_stop-12,-12.0,5.0,0.5,10.0,0.0,,2026-09-01T12:52:00.103711+00:00,3.8,,,0.0,2026-09-01T13:31:00.338105+00:00,3.7,1.0,atr_sell,-2.631578947368407,2340.234394
SSM,2026-09-01T12:52:00+00:00,scale0.5@+5_rest@+10_floor+2_stop-12,-12.0,5.0,0.5,10.0,2.0,,2026-09-01T12:52:00.103711+00:00,3.8,,,0.0,2026-09-01T13:31:00.338105+00:00,3.7,1.0,atr_sell,-2.631578947368407,2340.234394
SSM,2026-09-01T12:52:00+00:00,scale0.5@+5_trail2_floor+0_stop-12,-12.0,5.0,0.5,,0.0,2.0,2026-09-01T12:52:00.103711+00:00,3.8,,,0.0,2026-09-01T13:31:00.338105+00:00,3.7,1.0,atr_sell,-2.631578947368407,2340.234394
SSM,2026-09-01T12:52:00+00:00,hold_stop-15,-15.0,,0.0,,,,2026-09-01T12:52:00.103711+00:00,3.8,,,0.0,2026-09-01T13:31:00.338105+00:00,3.7,1.0,atr_sell,-2.631578947368407,2340.234394
SSM,2026-09-01T12:52:00+00:00,full_target+5_stop-15,-15.0,5.0,1.0,,,,2026-09-01T12:52:00.103711+00:00,3.8,,,0.0,2026-09-01T13:31:00.338105+00:00,3.7,1.0,atr_sell,-2.631578947368407,2340.234394
SSM,2026-09-01T12:52:00+00:00,full_target+8_stop-15,-15.0,8.0,1.0,,,,2026-09-01T12:52:00.103711+00:00,3.8,,,0.0,2026-09-01T13:31:00.338105+00:00,3.7,1.0,atr_sell,-2.631578947368407,2340.234394
SSM,2026-09-01T12:52:00+00:00,full_target+10_stop-15,-15.0,10.0,1.0,,,,2026-09-01T12:52:00.103711+00:00,3.8,,,0.0,2026-09-01T13:31:00.338105+00:00,3.7,1.0,atr_sell,-2.631578947368407,2340.234394
SSM,2026-09-01T12:52:00+00:00,scale0.4@+5_rest@+8_floor+0_stop-15,-15.0,5.0,0.4,8.0,0.0,,2026-09-01T12:52:00.103711+00:00,3.8,,,0.0,2026-09-01T13:31:00.338105+00:00,3.7,1.0,atr_sell,-2.631578947368407,2340.234394
SSM,2026-09-01T12:52:00+00:00,scale0.4@+5_rest@+8_floor+2_stop-15,-15.0,5.0,0.4,8.0,2.0,,2026-09-01T12:52:00.103711+00:00,3.8,,,0.0,2026-09-01T13:31:00.338105+00:00,3.7,1.0,atr_sell,-2.631578947368407,2340.234394
SSM,2026-09-01T12:52:00+00:00,scale0.4@+5_rest@+10_floor+0_stop-15,-15.0,5.0,0.4,10.0,0.0,,2026-09-01T12:52:00.103711+00:00,3.8,,,0.0,2026-09-01T13:31:00.338105+00:00,3.7,1.0,atr_sell,-2.631578947368407,2340.234394
SSM,2026-09-01T12:52:00+00:00,scale0.4@+5_rest@+10_floor+2_stop-15,-15.0,5.0,0.4,10.0,2.0,,2026-09-01T12:52:00.103711+00:00,3.8,,,0.0,2026-09-01T13:31:00.338105+00:00,3.7,1.0,atr_sell,-2.631578947368407,2340.234394
SSM,2026-09-01T12:52:00+00:00,scale0.5@+5_rest@+8_floor+0_stop-15,-15.0,5.0,0.5,8.0,0.0,,2026-09-01T12:52:00.103711+00:00,3.8,,,0.0,2026-09-01T13:31:00.338105+00:00,3.7,1.0,atr_sell,-2.631578947368407,2340.234394
SSM,2026-09-01T12:52:00+00:00,scale0.5@+5_rest@+8_floor+2_stop-15,-15.0,5.0,0.5,8.0,2.0,,2026-09-01T12:52:00.103711+00:00,3.8,,,0.0,2026-09-01T13:31:00.338105+00:00,3.7,1.0,atr_sell,-2.631578947368407,2340.234394
SSM,2026-09-01T12:52:00+00:00,scale0.5@+5_rest@+10_floor+0_stop-15,-15.0,5.0,0.5,10.0,0.0,,2026-09-01T12:52:00.103711+00:00,3.8,,,0.0,2026-09-01T13:31:00.338105+00:00,3.7,1.0,atr_sell,-2.631578947368407,2340.234394
SSM,2026-09-01T12:52:00+00:00,scale0.5@+5_rest@+10_floor+2_stop-15,-15.0,5.0,0.5,10.0,2.0,,2026-09-01T12:52:00.103711+00:00,3.8,,,0.0,2026-09-01T13:31:00.338105+00:00,3.7,1.0,atr_sell,-2.631578947368407,2340.234394
SSM,2026-09-01T12:52:00+00:00,scale0.5@+5_trail2_floor+0_stop-15,-15.0,5.0,0.5,,0.0,2.0,2026-09-01T12:52:00.103711+00:00,3.8,,,0.0,2026-09-01T13:31:00.338105+00:00,3.7,1.0,atr_sell,-2.631578947368407,2340.234394
SSM,2026-09-01T13:38:00+00:00,atr_sell_only,,,0.0,,,,2026-09-01T13:38:00.013530+00:00,4.0,,,0.0,2026-09-01T13:55:00.019950+00:00,3.71,1.0,atr_sell,-7.250000000000001,1020.00642
SSM,2026-09-01T13:38:00+00:00,hold_stop-8,-8.0,,0.0,,,,2026-09-01T13:38:00.013530+00:00,4.0,,,0.0,2026-09-01T13:54:31.389844+00:00,3.68,1.0,hard_stop,-7.9999999999999964,991.376314
SSM,2026-09-01T13:38:00+00:00,full_target+5_stop-8,-8.0,5.0,1.0,,,,2026-09-01T13:38:00.013530+00:00,4.0,2026-09-01T13:39:34.342909+00:00,4.2,1.0,2026-09-01T13:39:34.342909+00:00,4.2,0.0,target,5.0,94.329379
SSM,2026-09-01T13:38:00+00:00,full_target+8_stop-8,-8.0,8.0,1.0,,,,2026-09-01T13:38:00.013530+00:00,4.0,2026-09-01T13:47:52.985750+00:00,4.32,1.0,2026-09-01T13:47:52.985750+00:00,4.32,0.0,target,8.0,592.97222
SSM,2026-09-01T13:38:00+00:00,full_target+10_stop-8,-8.0,10.0,1.0,,,,2026-09-01T13:38:00.013530+00:00,4.0,,,0.0,2026-09-01T13:54:31.389844+00:00,3.68,1.0,hard_stop,-7.9999999999999964,991.376314
SSM,2026-09-01T13:38:00+00:00,scale0.4@+5_rest@+8_floor+0_stop-8,-8.0,5.0,0.4,8.0,0.0,,2026-09-01T13:38:00.013530+00:00,4.0,2026-09-01T13:39:34.342909+00:00,4.2,0.4,2026-09-01T13:39:52.022434+00:00,4.0,0.6,earned_floor,2.0,112.008904
SSM,2026-09-01T13:38:00+00:00,scale0.4@+5_rest@+8_floor+2_stop-8,-8.0,5.0,0.4,8.0,2.0,,2026-09-01T13:38:00.013530+00:00,4.0,2026-09-01T13:39:34.342909+00:00,4.2,0.4,2026-09-01T13:39:50.346088+00:00,4.08,0.6,earned_floor,3.200000000000001,110.332558
SSM,2026-09-01T13:38:00+00:00,scale0.4@+5_rest@+10_floor+0_stop-8,-8.0,5.0,0.4,10.0,0.0,,2026-09-01T13:38:00.013530+00:00,4.0,2026-09-01T13:39:34.342909+00:00,4.2,0.4,2026-09-01T13:39:52.022434+00:00,4.0,0.6,earned_floor,2.0,112.008904
SSM,2026-09-01T13:38:00+00:00,scale0.4@+5_rest@+10_floor+2_stop-8,-8.0,5.0,0.4,10.0,2.0,,2026-09-01T13:38:00.013530+00:00,4.0,2026-09-01T13:39:34.342909+00:00,4.2,0.4,2026-09-01T13:39:50.346088+00:00,4.08,0.6,earned_floor,3.200000000000001,110.332558
SSM,2026-09-01T13:38:00+00:00,scale0.5@+5_rest@+8_floor+0_stop-8,-8.0,5.0,0.5,8.0,0.0,,2026-09-01T13:38:00.013530+00:00,4.0,2026-09-01T13:39:34.342909+00:00,4.2,0.5,2026-09-01T13:39:52.022434+00:00,4.0,0.5,earned_floor,2.5,112.008904
SSM,2026-09-01T13:38:00+00:00,scale0.5@+5_rest@+8_floor+2_stop-8,-8.0,5.0,0.5,8.0,2.0,,2026-09-01T13:38:00.013530+00:00,4.0,2026-09-01T13:39:34.342909+00:00,4.2,0.5,2026-09-01T13:39:50.346088+00:00,4.08,0.5,earned_floor,3.500000000000001,110.332558
SSM,2026-09-01T13:38:00+00:00,scale0.5@+5_rest@+10_floor+0_stop-8,-8.0,5.0,0.5,10.0,0.0,,2026-09-01T13:38:00.013530+00:00,4.0,2026-09-01T13:39:34.342909+00:00,4.2,0.5,2026-09-01T13:39:52.022434+00:00,4.0,0.5,earned_floor,2.5,112.008904
SSM,2026-09-01T13:38:00+00:00,scale0.5@+5_rest@+10_floor+2_stop-8,-8.0,5.0,0.5,10.0,2.0,,2026-09-01T13:38:00.013530+00:00,4.0,2026-09-01T13:39:34.342909+00:00,4.2,0.5,2026-09-01T13:39:50.346088+00:00,4.08,0.5,earned_floor,3.500000000000001,110.332558
SSM,2026-09-01T13:38:00+00:00,scale0.5@+5_trail2_floor+0_stop-8,-8.0,5.0,0.5,,0.0,2.0,2026-09-01T13:38:00.013530+00:00,4.0,2026-09-01T13:39:34.342909+00:00,4.2,0.5,2026-09-01T13:39:41.300870+00:00,4.15,0.5,trail,4.375000000000004,101.28734
SSM,2026-09-01T13:38:00+00:00,hold_stop-10,-10.0,,0.0,,,,2026-09-01T13:38:00.013530+00:00,4.0,,,0.0,2026-09-01T13:55:00.019950+00:00,3.71,1.0,atr_sell,-7.250000000000001,1020.00642
SSM,2026-09-01T13:38:00+00:00,full_target+5_stop-10,-10.0,5.0,1.0,,,,2026-09-01T13:38:00.013530+00:00,4.0,2026-09-01T13:39:34.342909+00:00,4.2,1.0,2026-09-01T13:39:34.342909+00:00,4.2,0.0,target,5.0,94.329379
SSM,2026-09-01T13:38:00+00:00,full_target+8_stop-10,-10.0,8.0,1.0,,,,2026-09-01T13:38:00.013530+00:00,4.0,2026-09-01T13:47:52.985750+00:00,4.32,1.0,2026-09-01T13:47:52.985750+00:00,4.32,0.0,target,8.0,592.97222
SSM,2026-09-01T13:38:00+00:00,full_target+10_stop-10,-10.0,10.0,1.0,,,,2026-09-01T13:38:00.013530+00:00,4.0,,,0.0,2026-09-01T13:55:00.019950+00:00,3.71,1.0,atr_sell,-7.250000000000001,1020.00642
SSM,2026-09-01T13:38:00+00:00,scale0.4@+5_rest@+8_floor+0_stop-10,-10.0,5.0,0.4,8.0,0.0,,2026-09-01T13:38:00.013530+00:00,4.0,2026-09-01T13:39:34.342909+00:00,4.2,0.4,2026-09-01T13:39:52.022434+00:00,4.0,0.6,earned_floor,2.0,112.008904
SSM,2026-09-01T13:38:00+00:00,scale0.4@+5_rest@+8_floor+2_stop-10,-10.0,5.0,0.4,8.0,2.0,,2026-09-01T13:38:00.013530+00:00,4.0,2026-09-01T13:39:34.342909+00:00,4.2,0.4,2026-09-01T13:39:50.346088+00:00,4.08,0.6,earned_floor,3.200000000000001,110.332558
SSM,2026-09-01T13:38:00+00:00,scale0.4@+5_rest@+10_floor+0_stop-10,-10.0,5.0,0.4,10.0,0.0,,2026-09-01T13:38:00.013530+00:00,4.0,2026-09-01T13:39:34.342909+00:00,4.2,0.4,2026-09-01T13:39:52.022434+00:00,4.0,0.6,earned_floor,2.0,112.008904
SSM,2026-09-01T13:38:00+00:00,scale0.4@+5_rest@+10_floor+2_stop-10,-10.0,5.0,0.4,10.0,2.0,,2026-09-01T13:38:00.013530+00:00,4.0,2026-09-01T13:39:34.342909+00:00,4.2,0.4,2026-09-01T13:39:50.346088+00:00,4.08,0.6,earned_floor,3.200000000000001,110.332558
SSM,2026-09-01T13:38:00+00:00,scale0.5@+5_rest@+8_floor+0_stop-10,-10.0,5.0,0.5,8.0,0.0,,2026-09-01T13:38:00.013530+00:00,4.0,2026-09-01T13:39:34.342909+00:00,4.2,0.5,2026-09-01T13:39:52.022434+00:00,4.0,0.5,earned_floor,2.5,112.008904
SSM,2026-09-01T13:38:00+00:00,scale0.5@+5_rest@+8_floor+2_stop-10,-10.0,5.0,0.5,8.0,2.0,,2026-09-01T13:38:00.013530+00:00,4.0,2026-09-01T13:39:34.342909+00:00,4.2,0.5,2026-09-01T13:39:50.346088+00:00,4.08,0.5,earned_floor,3.500000000000001,110.332558
SSM,2026-09-01T13:38:00+00:00,scale0.5@+5_rest@+10_floor+0_stop-10,-10.0,5.0,0.5,10.0,0.0,,2026-09-01T13:38:00.013530+00:00,4.0,2026-09-01T13:39:34.342909+00:00,4.2,0.5,2026-09-01T13:39:52.022434+00:00,4.0,0.5,earned_floor,2.5,112.008904
SSM,2026-09-01T13:38:00+00:00,scale0.5@+5_rest@+10_floor+2_stop-10,-10.0,5.0,0.5,10.0,2.0,,2026-09-01T13:38:00.013530+00:00,4.0,2026-09-01T13:39:34.342909+00:00,4.2,0.5,2026-09-01T13:39:50.346088+00:00,4.08,0.5,earned_floor,3.500000000000001,110.332558
SSM,2026-09-01T13:38:00+00:00,scale0.5@+5_trail2_floor+0_stop-10,-10.0,5.0,0.5,,0.0,2.0,2026-09-01T13:38:00.013530+00:00,4.0,2026-09-01T13:39:34.342909+00:00,4.2,0.5,2026-09-01T13:39:41.300870+00:00,4.15,0.5,trail,4.375000000000004,101.28734
SSM,2026-09-01T13:38:00+00:00,hold_stop-12,-12.0,,0.0,,,,2026-09-01T13:38:00.013530+00:00,4.0,,,0.0,2026-09-01T13:55:00.019950+00:00,3.71,1.0,atr_sell,-7.250000000000001,1020.00642
SSM,2026-09-01T13:38:00+00:00,full_target+5_stop-12,-12.0,5.0,1.0,,,,2026-09-01T13:38:00.013530+00:00,4.0,2026-09-01T13:39:34.342909+00:00,4.2,1.0,2026-09-01T13:39:34.342909+00:00,4.2,0.0,target,5.0,94.329379
SSM,2026-09-01T13:38:00+00:00,full_target+8_stop-12,-12.0,8.0,1.0,,,,2026-09-01T13:38:00.013530+00:00,4.0,2026-09-01T13:47:52.985750+00:00,4.32,1.0,2026-09-01T13:47:52.985750+00:00,4.32,0.0,target,8.0,592.97222
SSM,2026-09-01T13:38:00+00:00,full_target+10_stop-12,-12.0,10.0,1.0,,,,2026-09-01T13:38:00.013530+00:00,4.0,,,0.0,2026-09-01T13:55:00.019950+00:00,3.71,1.0,atr_sell,-7.250000000000001,1020.00642
SSM,2026-09-01T13:38:00+00:00,scale0.4@+5_rest@+8_floor+0_stop-12,-12.0,5.0,0.4,8.0,0.0,,2026-09-01T13:38:00.013530+00:00,4.0,2026-09-01T13:39:34.342909+00:00,4.2,0.4,2026-09-01T13:39:52.022434+00:00,4.0,0.6,earned_floor,2.0,112.008904
SSM,2026-09-01T13:38:00+00:00,scale0.4@+5_rest@+8_floor+2_stop-12,-12.0,5.0,0.4,8.0,2.0,,2026-09-01T13:38:00.013530+00:00,4.0,2026-09-01T13:39:34.342909+00:00,4.2,0.4,2026-09-01T13:39:50.346088+00:00,4.08,0.6,earned_floor,3.200000000000001,110.332558
SSM,2026-09-01T13:38:00+00:00,scale0.4@+5_rest@+10_floor+0_stop-12,-12.0,5.0,0.4,10.0,0.0,,2026-09-01T13:38:00.013530+00:00,4.0,2026-09-01T13:39:34.342909+00:00,4.2,0.4,2026-09-01T13:39:52.022434+00:00,4.0,0.6,earned_floor,2.0,112.008904
SSM,2026-09-01T13:38:00+00:00,scale0.4@+5_rest@+10_floor+2_stop-12,-12.0,5.0,0.4,10.0,2.0,,2026-09-01T13:38:00.013530+00:00,4.0,2026-09-01T13:39:34.342909+00:00,4.2,0.4,2026-09-01T13:39:50.346088+00:00,4.08,0.6,earned_floor,3.200000000000001,110.332558
SSM,2026-09-01T13:38:00+00:00,scale0.5@+5_rest@+8_floor+0_stop-12,-12.0,5.0,0.5,8.0,0.0,,2026-09-01T13:38:00.013530+00:00,4.0,2026-09-01T13:39:34.342909+00:00,4.2,0.5,2026-09-01T13:39:52.022434+00:00,4.0,0.5,earned_floor,2.5,112.008904
SSM,2026-09-01T13:38:00+00:00,scale0.5@+5_rest@+8_floor+2_stop-12,-12.0,5.0,0.5,8.0,2.0,,2026-09-01T13:38:00.013530+00:00,4.0,2026-09-01T13:39:34.342909+00:00,4.2,0.5,2026-09-01T13:39:50.346088+00:00,4.08,0.5,earned_floor,3.500000000000001,110.332558
SSM,2026-09-01T13:38:00+00:00,scale0.5@+5_rest@+10_floor+0_stop-12,-12.0,5.0,0.5,10.0,0.0,,2026-09-01T13:38:00.013530+00:00,4.0,2026-09-01T13:39:34.342909+00:00,4.2,0.5,2026-09-01T13:39:52.022434+00:00,4.0,0.5,earned_floor,2.5,112.008904
SSM,2026-09-01T13:38:00+00:00,scale0.5@+5_rest@+10_floor+2_stop-12,-12.0,5.0,0.5,10.0,2.0,,2026-09-01T13:38:00.013530+00:00,4.0,2026-09-01T13:39:34.342909+00:00,4.2,0.5,2026-09-01T13:39:50.346088+00:00,4.08,0.5,earned_floor,3.500000000000001,110.332558
SSM,2026-09-01T13:38:00+00:00,scale0.5@+5_trail2_floor+0_stop-12,-12.0,5.0,0.5,,0.0,2.0,2026-09-01T13:38:00.013530+00:00,4.0,2026-09-01T13:39:34.342909+00:00,4.2,0.5,2026-09-01T13:39:41.300870+00:00,4.15,0.5,trail,4.375000000000004,101.28734
SSM,2026-09-01T13:38:00+00:00,hold_stop-15,-15.0,,0.0,,,,2026-09-01T13:38:00.013530+00:00,4.0,,,0.0,2026-09-01T13:55:00.019950+00:00,3.71,1.0,atr_sell,-7.250000000000001,1020.00642
SSM,2026-09-01T13:38:00+00:00,full_target+5_stop-15,-15.0,5.0,1.0,,,,2026-09-01T13:38:00.013530+00:00,4.0,2026-09-01T13:39:34.342909+00:00,4.2,1.0,2026-09-01T13:39:34.342909+00:00,4.2,0.0,target,5.0,94.329379
SSM,2026-09-01T13:38:00+00:00,full_target+8_stop-15,-15.0,8.0,1.0,,,,2026-09-01T13:38:00.013530+00:00,4.0,2026-09-01T13:47:52.985750+00:00,4.32,1.0,2026-09-01T13:47:52.985750+00:00,4.32,0.0,target,8.0,592.97222
SSM,2026-09-01T13:38:00+00:00,full_target+10_stop-15,-15.0,10.0,1.0,,,,2026-09-01T13:38:00.013530+00:00,4.0,,,0.0,2026-09-01T13:55:00.019950+00:00,3.71,1.0,atr_sell,-7.250000000000001,1020.00642
SSM,2026-09-01T13:38:00+00:00,scale0.4@+5_rest@+8_floor+0_stop-15,-15.0,5.0,0.4,8.0,0.0,,2026-09-01T13:38:00.013530+00:00,4.0,2026-09-01T13:39:34.342909+00:00,4.2,0.4,2026-09-01T13:39:52.022434+00:00,4.0,0.6,earned_floor,2.0,112.008904
SSM,2026-09-01T13:38:00+00:00,scale0.4@+5_rest@+8_floor+2_stop-15,-15.0,5.0,0.4,8.0,2.0,,2026-09-01T13:38:00.013530+00:00,4.0,2026-09-01T13:39:34.342909+00:00,4.2,0.4,2026-09-01T13:39:50.346088+00:00,4.08,0.6,earned_floor,3.200000000000001,110.332558
SSM,2026-09-01T13:38:00+00:00,scale0.4@+5_rest@+10_floor+0_stop-15,-15.0,5.0,0.4,10.0,0.0,,2026-09-01T13:38:00.013530+00:00,4.0,2026-09-01T13:39:34.342909+00:00,4.2,0.4,2026-09-01T13:39:52.022434+00:00,4.0,0.6,earned_floor,2.0,112.008904
SSM,2026-09-01T13:38:00+00:00,scale0.4@+5_rest@+10_floor+2_stop-15,-15.0,5.0,0.4,10.0,2.0,,2026-09-01T13:38:00.013530+00:00,4.0,2026-09-01T13:39:34.342909+00:00,4.2,0.4,2026-09-01T13:39:50.346088+00:00,4.08,0.6,earned_floor,3.200000000000001,110.332558
SSM,2026-09-01T13:38:00+00:00,scale0.5@+5_rest@+8_floor+0_stop-15,-15.0,5.0,0.5,8.0,0.0,,2026-09-01T13:38:00.013530+00:00,4.0,2026-09-01T13:39:34.342909+00:00,4.2,0.5,2026-09-01T13:39:52.022434+00:00,4.0,0.5,earned_floor,2.5,112.008904
SSM,2026-09-01T13:38:00+00:00,scale0.5@+5_rest@+8_floor+2_stop-15,-15.0,5.0,0.5,8.0,2.0,,2026-09-01T13:38:00.013530+00:00,4.0,2026-09-01T13:39:34.342909+00:00,4.2,0.5,2026-09-01T13:39:50.346088+00:00,4.08,0.5,earned_floor,3.500000000000001,110.332558
SSM,2026-09-01T13:38:00+00:00,scale0.5@+5_rest@+10_floor+0_stop-15,-15.0,5.0,0.5,10.0,0.0,,2026-09-01T13:38:00.013530+00:00,4.0,2026-09-01T13:39:34.342909+00:00,4.2,0.5,2026-09-01T13:39:52.022434+00:00,4.0,0.5,earned_floor,2.5,112.008904
SSM,2026-09-01T13:38:00+00:00,scale0.5@+5_rest@+10_floor+2_stop-15,-15.0,5.0,0.5,10.0,2.0,,2026-09-01T13:38:00.013530+00:00,4.0,2026-09-01T13:39:34.342909+00:00,4.2,0.5,2026-09-01T13:39:50.346088+00:00,4.08,0.5,earned_floor,3.500000000000001,110.332558
SSM,2026-09-01T13:38:00+00:00,scale0.5@+5_trail2_floor+0_stop-15,-15.0,5.0,0.5,,0.0,2.0,2026-09-01T13:38:00.013530+00:00,4.0,2026-09-01T13:39:34.342909+00:00,4.2,0.5,2026-09-01T13:39:41.300870+00:00,4.15,0.5,trail,4.375000000000004,101.28734
SSM,2026-09-01T14:44:00+00:00,atr_sell_only,,,0.0,,,,2026-09-01T14:44:00.349362+00:00,4.09,,,0.0,2026-09-01T14:49:00.637934+00:00,3.86,1.0,atr_sell,-5.623471882640585,300.288572
SSM,2026-09-01T14:44:00+00:00,hold_stop-8,-8.0,,0.0,,,,2026-09-01T14:44:00.349362+00:00,4.09,,,0.0,2026-09-01T14:49:00.637934+00:00,3.86,1.0,atr_sell,-5.623471882640585,300.288572
SSM,2026-09-01T14:44:00+00:00,full_target+5_stop-8,-8.0,5.0,1.0,,,,2026-09-01T14:44:00.349362+00:00,4.09,,,0.0,2026-09-01T14:49:00.637934+00:00,3.86,1.0,atr_sell,-5.623471882640585,300.288572
SSM,2026-09-01T14:44:00+00:00,full_target+8_stop-8,-8.0,8.0,1.0,,,,2026-09-01T14:44:00.349362+00:00,4.09,,,0.0,2026-09-01T14:49:00.637934+00:00,3.86,1.0,atr_sell,-5.623471882640585,300.288572
SSM,2026-09-01T14:44:00+00:00,full_target+10_stop-8,-8.0,10.0,1.0,,,,2026-09-01T14:44:00.349362+00:00,4.09,,,0.0,2026-09-01T14:49:00.637934+00:00,3.86,1.0,atr_sell,-5.623471882640585,300.288572
SSM,2026-09-01T14:44:00+00:00,scale0.4@+5_rest@+8_floor+0_stop-8,-8.0,5.0,0.4,8.0,0.0,,2026-09-01T14:44:00.349362+00:00,4.09,,,0.0,2026-09-01T14:49:00.637934+00:00,3.86,1.0,atr_sell,-5.623471882640585,300.288572
SSM,2026-09-01T14:44:00+00:00,scale0.4@+5_rest@+8_floor+2_stop-8,-8.0,5.0,0.4,8.0,2.0,,2026-09-01T14:44:00.349362+00:00,4.09,,,0.0,2026-09-01T14:49:00.637934+00:00,3.86,1.0,atr_sell,-5.623471882640585,300.288572
SSM,2026-09-01T14:44:00+00:00,scale0.4@+5_rest@+10_floor+0_stop-8,-8.0,5.0,0.4,10.0,0.0,,2026-09-01T14:44:00.349362+00:00,4.09,,,0.0,2026-09-01T14:49:00.637934+00:00,3.86,1.0,atr_sell,-5.623471882640585,300.288572
SSM,2026-09-01T14:44:00+00:00,scale0.4@+5_rest@+10_floor+2_stop-8,-8.0,5.0,0.4,10.0,2.0,,2026-09-01T14:44:00.349362+00:00,4.09,,,0.0,2026-09-01T14:49:00.637934+00:00,3.86,1.0,atr_sell,-5.623471882640585,300.288572
SSM,2026-09-01T14:44:00+00:00,scale0.5@+5_rest@+8_floor+0_stop-8,-8.0,5.0,0.5,8.0,0.0,,2026-09-01T14:44:00.349362+00:00,4.09,,,0.0,2026-09-01T14:49:00.637934+00:00,3.86,1.0,atr_sell,-5.623471882640585,300.288572
SSM,2026-09-01T14:44:00+00:00,scale0.5@+5_rest@+8_floor+2_stop-8,-8.0,5.0,0.5,8.0,2.0,,2026-09-01T14:44:00.349362+00:00,4.09,,,0.0,2026-09-01T14:49:00.637934+00:00,3.86,1.0,atr_sell,-5.623471882640585,300.288572
SSM,2026-09-01T14:44:00+00:00,scale0.5@+5_rest@+10_floor+0_stop-8,-8.0,5.0,0.5,10.0,0.0,,2026-09-01T14:44:00.349362+00:00,4.09,,,0.0,2026-09-01T14:49:00.637934+00:00,3.86,1.0,atr_sell,-5.623471882640585,300.288572
SSM,2026-09-01T14:44:00+00:00,scale0.5@+5_rest@+10_floor+2_stop-8,-8.0,5.0,0.5,10.0,2.0,,2026-09-01T14:44:00.349362+00:00,4.09,,,0.0,2026-09-01T14:49:00.637934+00:00,3.86,1.0,atr_sell,-5.623471882640585,300.288572
SSM,2026-09-01T14:44:00+00:00,scale0.5@+5_trail2_floor+0_stop-8,-8.0,5.0,0.5,,0.0,2.0,2026-09-01T14:44:00.349362+00:00,4.09,,,0.0,2026-09-01T14:49:00.637934+00:00,3.86,1.0,atr_sell,-5.623471882640585,300.288572
SSM,2026-09-01T14:44:00+00:00,hold_stop-10,-10.0,,0.0,,,,2026-09-01T14:44:00.349362+00:00,4.09,,,0.0,2026-09-01T14:49:00.637934+00:00,3.86,1.0,atr_sell,-5.623471882640585,300.288572
SSM,2026-09-01T14:44:00+00:00,full_target+5_stop-10,-10.0,5.0,1.0,,,,2026-09-01T14:44:00.349362+00:00,4.09,,,0.0,2026-09-01T14:49:00.637934+00:00,3.86,1.0,atr_sell,-5.623471882640585,300.288572
SSM,2026-09-01T14:44:00+00:00,full_target+8_stop-10,-10.0,8.0,1.0,,,,2026-09-01T14:44:00.349362+00:00,4.09,,,0.0,2026-09-01T14:49:00.637934+00:00,3.86,1.0,atr_sell,-5.623471882640585,300.288572
SSM,2026-09-01T14:44:00+00:00,full_target+10_stop-10,-10.0,10.0,1.0,,,,2026-09-01T14:44:00.349362+00:00,4.09,,,0.0,2026-09-01T14:49:00.637934+00:00,3.86,1.0,atr_sell,-5.623471882640585,300.288572
SSM,2026-09-01T14:44:00+00:00,scale0.4@+5_rest@+8_floor+0_stop-10,-10.0,5.0,0.4,8.0,0.0,,2026-09-01T14:44:00.349362+00:00,4.09,,,0.0,2026-09-01T14:49:00.637934+00:00,3.86,1.0,atr_sell,-5.623471882640585,300.288572
SSM,2026-09-01T14:44:00+00:00,scale0.4@+5_rest@+8_floor+2_stop-10,-10.0,5.0,0.4,8.0,2.0,,2026-09-01T14:44:00.349362+00:00,4.09,,,0.0,2026-09-01T14:49:00.637934+00:00,3.86,1.0,atr_sell,-5.623471882640585,300.288572
SSM,2026-09-01T14:44:00+00:00,scale0.4@+5_rest@+10_floor+0_stop-10,-10.0,5.0,0.4,10.0,0.0,,2026-09-01T14:44:00.349362+00:00,4.09,,,0.0,2026-09-01T14:49:00.637934+00:00,3.86,1.0,atr_sell,-5.623471882640585,300.288572
SSM,2026-09-01T14:44:00+00:00,scale0.4@+5_rest@+10_floor+2_stop-10,-10.0,5.0,0.4,10.0,2.0,,2026-09-01T14:44:00.349362+00:00,4.09,,,0.0,2026-09-01T14:49:00.637934+00:00,3.86,1.0,atr_sell,-5.623471882640585,300.288572
SSM,2026-09-01T14:44:00+00:00,scale0.5@+5_rest@+8_floor+0_stop-10,-10.0,5.0,0.5,8.0,0.0,,2026-09-01T14:44:00.349362+00:00,4.09,,,0.0,2026-09-01T14:49:00.637934+00:00,3.86,1.0,atr_sell,-5.623471882640585,300.288572
SSM,2026-09-01T14:44:00+00:00,scale0.5@+5_rest@+8_floor+2_stop-10,-10.0,5.0,0.5,8.0,2.0,,2026-09-01T14:44:00.349362+00:00,4.09,,,0.0,2026-09-01T14:49:00.637934+00:00,3.86,1.0,atr_sell,-5.623471882640585,300.288572
SSM,2026-09-01T14:44:00+00:00,scale0.5@+5_rest@+10_floor+0_stop-10,-10.0,5.0,0.5,10.0,0.0,,2026-09-01T14:44:00.349362+00:00,4.09,,,0.0,2026-09-01T14:49:00.637934+00:00,3.86,1.0,atr_sell,-5.623471882640585,300.288572
SSM,2026-09-01T14:44:00+00:00,scale0.5@+5_rest@+10_floor+2_stop-10,-10.0,5.0,0.5,10.0,2.0,,2026-09-01T14:44:00.349362+00:00,4.09,,,0.0,2026-09-01T14:49:00.637934+00:00,3.86,1.0,atr_sell,-5.623471882640585,300.288572
SSM,2026-09-01T14:44:00+00:00,scale0.5@+5_trail2_floor+0_stop-10,-10.0,5.0,0.5,,0.0,2.0,2026-09-01T14:44:00.349362+00:00,4.09,,,0.0,2026-09-01T14:49:00.637934+00:00,3.86,1.0,atr_sell,-5.623471882640585,300.288572
SSM,2026-09-01T14:44:00+00:00,hold_stop-12,-12.0,,0.0,,,,2026-09-01T14:44:00.349362+00:00,4.09,,,0.0,2026-09-01T14:49:00.637934+00:00,3.86,1.0,atr_sell,-5.623471882640585,300.288572
SSM,2026-09-01T14:44:00+00:00,full_target+5_stop-12,-12.0,5.0,1.0,,,,2026-09-01T14:44:00.349362+00:00,4.09,,,0.0,2026-09-01T14:49:00.637934+00:00,3.86,1.0,atr_sell,-5.623471882640585,300.288572
SSM,2026-09-01T14:44:00+00:00,full_target+8_stop-12,-12.0,8.0,1.0,,,,2026-09-01T14:44:00.349362+00:00,4.09,,,0.0,2026-09-01T14:49:00.637934+00:00,3.86,1.0,atr_sell,-5.623471882640585,300.288572
SSM,2026-09-01T14:44:00+00:00,full_target+10_stop-12,-12.0,10.0,1.0,,,,2026-09-01T14:44:00.349362+00:00,4.09,,,0.0,2026-09-01T14:49:00.637934+00:00,3.86,1.0,atr_sell,-5.623471882640585,300.288572
SSM,2026-09-01T14:44:00+00:00,scale0.4@+5_rest@+8_floor+0_stop-12,-12.0,5.0,0.4,8.0,0.0,,2026-09-01T14:44:00.349362+00:00,4.09,,,0.0,2026-09-01T14:49:00.637934+00:00,3.86,1.0,atr_sell,-5.623471882640585,300.288572
SSM,2026-09-01T14:44:00+00:00,scale0.4@+5_rest@+8_floor+2_stop-12,-12.0,5.0,0.4,8.0,2.0,,2026-09-01T14:44:00.349362+00:00,4.09,,,0.0,2026-09-01T14:49:00.637934+00:00,3.86,1.0,atr_sell,-5.623471882640585,300.288572
SSM,2026-09-01T14:44:00+00:00,scale0.4@+5_rest@+10_floor+0_stop-12,-12.0,5.0,0.4,10.0,0.0,,2026-09-01T14:44:00.349362+00:00,4.09,,,0.0,2026-09-01T14:49:00.637934+00:00,3.86,1.0,atr_sell,-5.623471882640585,300.288572
SSM,2026-09-01T14:44:00+00:00,scale0.4@+5_rest@+10_floor+2_stop-12,-12.0,5.0,0.4,10.0,2.0,,2026-09-01T14:44:00.349362+00:00,4.09,,,0.0,2026-09-01T14:49:00.637934+00:00,3.86,1.0,atr_sell,-5.623471882640585,300.288572
SSM,2026-09-01T14:44:00+00:00,scale0.5@+5_rest@+8_floor+0_stop-12,-12.0,5.0,0.5,8.0,0.0,,2026-09-01T14:44:00.349362+00:00,4.09,,,0.0,2026-09-01T14:49:00.637934+00:00,3.86,1.0,atr_sell,-5.623471882640585,300.288572
SSM,2026-09-01T14:44:00+00:00,scale0.5@+5_rest@+8_floor+2_stop-12,-12.0,5.0,0.5,8.0,2.0,,2026-09-01T14:44:00.349362+00:00,4.09,,,0.0,2026-09-01T14:49:00.637934+00:00,3.86,1.0,atr_sell,-5.623471882640585,300.288572
SSM,2026-09-01T14:44:00+00:00,scale0.5@+5_rest@+10_floor+0_stop-12,-12.0,5.0,0.5,10.0,0.0,,2026-09-01T14:44:00.349362+00:00,4.09,,,0.0,2026-09-01T14:49:00.637934+00:00,3.86,1.0,atr_sell,-5.623471882640585,300.288572
SSM,2026-09-01T14:44:00+00:00,scale0.5@+5_rest@+10_floor+2_stop-12,-12.0,5.0,0.5,10.0,2.0,,2026-09-01T14:44:00.349362+00:00,4.09,,,0.0,2026-09-01T14:49:00.637934+00:00,3.86,1.0,atr_sell,-5.623471882640585,300.288572
SSM,2026-09-01T14:44:00+00:00,scale0.5@+5_trail2_floor+0_stop-12,-12.0,5.0,0.5,,0.0,2.0,2026-09-01T14:44:00.349362+00:00,4.09,,,0.0,2026-09-01T14:49:00.637934+00:00,3.86,1.0,atr_sell,-5.623471882640585,300.288572
SSM,2026-09-01T14:44:00+00:00,hold_stop-15,-15.0,,0.0,,,,2026-09-01T14:44:00.349362+00:00,4.09,,,0.0,2026-09-01T14:49:00.637934+00:00,3.86,1.0,atr_sell,-5.623471882640585,300.288572
SSM,2026-09-01T14:44:00+00:00,full_target+5_stop-15,-15.0,5.0,1.0,,,,2026-09-01T14:44:00.349362+00:00,4.09,,,0.0,2026-09-01T14:49:00.637934+00:00,3.86,1.0,atr_sell,-5.623471882640585,300.288572
SSM,2026-09-01T14:44:00+00:00,full_target+8_stop-15,-15.0,8.0,1.0,,,,2026-09-01T14:44:00.349362+00:00,4.09,,,0.0,2026-09-01T14:49:00.637934+00:00,3.86,1.0,atr_sell,-5.623471882640585,300.288572
SSM,2026-09-01T14:44:00+00:00,full_target+10_stop-15,-15.0,10.0,1.0,,,,2026-09-01T14:44:00.349362+00:00,4.09,,,0.0,2026-09-01T14:49:00.637934+00:00,3.86,1.0,atr_sell,-5.623471882640585,300.288572
SSM,2026-09-01T14:44:00+00:00,scale0.4@+5_rest@+8_floor+0_stop-15,-15.0,5.0,0.4,8.0,0.0,,2026-09-01T14:44:00.349362+00:00,4.09,,,0.0,2026-09-01T14:49:00.637934+00:00,3.86,1.0,atr_sell,-5.623471882640585,300.288572
SSM,2026-09-01T14:44:00+00:00,scale0.4@+5_rest@+8_floor+2_stop-15,-15.0,5.0,0.4,8.0,2.0,,2026-09-01T14:44:00.349362+00:00,4.09,,,0.0,2026-09-01T14:49:00.637934+00:00,3.86,1.0,atr_sell,-5.623471882640585,300.288572
SSM,2026-09-01T14:44:00+00:00,scale0.4@+5_rest@+10_floor+0_stop-15,-15.0,5.0,0.4,10.0,0.0,,2026-09-01T14:44:00.349362+00:00,4.09,,,0.0,2026-09-01T14:49:00.637934+00:00,3.86,1.0,atr_sell,-5.623471882640585,300.288572
SSM,2026-09-01T14:44:00+00:00,scale0.4@+5_rest@+10_floor+2_stop-15,-15.0,5.0,0.4,10.0,2.0,,2026-09-01T14:44:00.349362+00:00,4.09,,,0.0,2026-09-01T14:49:00.637934+00:00,3.86,1.0,atr_sell,-5.623471882640585,300.288572
SSM,2026-09-01T14:44:00+00:00,scale0.5@+5_rest@+8_floor+0_stop-15,-15.0,5.0,0.5,8.0,0.0,,2026-09-01T14:44:00.349362+00:00,4.09,,,0.0,2026-09-01T14:49:00.637934+00:00,3.86,1.0,atr_sell,-5.623471882640585,300.288572
SSM,2026-09-01T14:44:00+00:00,scale0.5@+5_rest@+8_floor+2_stop-15,-15.0,5.0,0.5,8.0,2.0,,2026-09-01T14:44:00.349362+00:00,4.09,,,0.0,2026-09-01T14:49:00.637934+00:00,3.86,1.0,atr_sell,-5.623471882640585,300.288572
SSM,2026-09-01T14:44:00+00:00,scale0.5@+5_rest@+10_floor+0_stop-15,-15.0,5.0,0.5,10.0,0.0,,2026-09-01T14:44:00.349362+00:00,4.09,,,0.0,2026-09-01T14:49:00.637934+00:00,3.86,1.0,atr_sell,-5.623471882640585,300.288572
SSM,2026-09-01T14:44:00+00:00,scale0.5@+5_rest@+10_floor+2_stop-15,-15.0,5.0,0.5,10.0,2.0,,2026-09-01T14:44:00.349362+00:00,4.09,,,0.0,2026-09-01T14:49:00.637934+00:00,3.86,1.0,atr_sell,-5.623471882640585,300.288572
SSM,2026-09-01T14:44:00+00:00,scale0.5@+5_trail2_floor+0_stop-15,-15.0,5.0,0.5,,0.0,2.0,2026-09-01T14:44:00.349362+00:00,4.09,,,0.0,2026-09-01T14:49:00.637934+00:00,3.86,1.0,atr_sell,-5.623471882640585,300.288572
SSM,2026-09-01T15:27:00+00:00,atr_sell_only,,,0.0,,,,2026-09-01T15:27:02.246693+00:00,3.92,,,0.0,2026-09-01T16:46:02.465279+00:00,3.9,1.0,atr_sell,-0.5102040816326481,4740.218586
SSM,2026-09-01T15:27:00+00:00,hold_stop-8,-8.0,,0.0,,,,2026-09-01T15:27:02.246693+00:00,3.92,,,0.0,2026-09-01T16:46:02.465279+00:00,3.9,1.0,atr_sell,-0.5102040816326481,4740.218586
SSM,2026-09-01T15:27:00+00:00,full_target+5_stop-8,-8.0,5.0,1.0,,,,2026-09-01T15:27:02.246693+00:00,3.92,2026-09-01T15:57:56.104092+00:00,4.116,1.0,2026-09-01T15:57:56.104092+00:00,4.116,0.0,target,5.0,1853.857399
SSM,2026-09-01T15:27:00+00:00,full_target+8_stop-8,-8.0,8.0,1.0,,,,2026-09-01T15:27:02.246693+00:00,3.92,,,0.0,2026-09-01T16:46:02.465279+00:00,3.9,1.0,atr_sell,-0.5102040816326481,4740.218586
SSM,2026-09-01T15:27:00+00:00,full_target+10_stop-8,-8.0,10.0,1.0,,,,2026-09-01T15:27:02.246693+00:00,3.92,,,0.0,2026-09-01T16:46:02.465279+00:00,3.9,1.0,atr_sell,-0.5102040816326481,4740.218586
SSM,2026-09-01T15:27:00+00:00,scale0.4@+5_rest@+8_floor+0_stop-8,-8.0,5.0,0.4,8.0,0.0,,2026-09-01T15:27:02.246693+00:00,3.92,2026-09-01T15:57:56.104092+00:00,4.116,0.4,2026-09-01T15:59:00.540451+00:00,3.92,0.6,earned_floor,2.0,1918.293758
SSM,2026-09-01T15:27:00+00:00,scale0.4@+5_rest@+8_floor+2_stop-8,-8.0,5.0,0.4,8.0,2.0,,2026-09-01T15:27:02.246693+00:00,3.92,2026-09-01T15:57:56.104092+00:00,4.116,0.4,2026-09-01T15:59:00.263210+00:00,3.99,0.6,earned_floor,3.071428571428581,1918.016517
SSM,2026-09-01T15:27:00+00:00,scale0.4@+5_rest@+10_floor+0_stop-8,-8.0,5.0,0.4,10.0,0.0,,2026-09-01T15:27:02.246693+00:00,3.92,2026-09-01T15:57:56.104092+00:00,4.116,0.4,2026-09-01T15:59:00.540451+00:00,3.92,0.6,earned_floor,2.0,1918.293758
SSM,2026-09-01T15:27:00+00:00,scale0.4@+5_rest@+10_floor+2_stop-8,-8.0,5.0,0.4,10.0,2.0,,2026-09-01T15:27:02.246693+00:00,3.92,2026-09-01T15:57:56.104092+00:00,4.116,0.4,2026-09-01T15:59:00.263210+00:00,3.99,0.6,earned_floor,3.071428571428581,1918.016517
SSM,2026-09-01T15:27:00+00:00,scale0.5@+5_rest@+8_floor+0_stop-8,-8.0,5.0,0.5,8.0,0.0,,2026-09-01T15:27:02.246693+00:00,3.92,2026-09-01T15:57:56.104092+00:00,4.116,0.5,2026-09-01T15:59:00.540451+00:00,3.92,0.5,earned_floor,2.5,1918.293758
SSM,2026-09-01T15:27:00+00:00,scale0.5@+5_rest@+8_floor+2_stop-8,-8.0,5.0,0.5,8.0,2.0,,2026-09-01T15:27:02.246693+00:00,3.92,2026-09-01T15:57:56.104092+00:00,4.116,0.5,2026-09-01T15:59:00.263210+00:00,3.99,0.5,earned_floor,3.392857142857151,1918.016517
SSM,2026-09-01T15:27:00+00:00,scale0.5@+5_rest@+10_floor+0_stop-8,-8.0,5.0,0.5,10.0,0.0,,2026-09-01T15:27:02.246693+00:00,3.92,2026-09-01T15:57:56.104092+00:00,4.116,0.5,2026-09-01T15:59:00.540451+00:00,3.92,0.5,earned_floor,2.5,1918.293758
SSM,2026-09-01T15:27:00+00:00,scale0.5@+5_rest@+10_floor+2_stop-8,-8.0,5.0,0.5,10.0,2.0,,2026-09-01T15:27:02.246693+00:00,3.92,2026-09-01T15:57:56.104092+00:00,4.116,0.5,2026-09-01T15:59:00.263210+00:00,3.99,0.5,earned_floor,3.392857142857151,1918.016517
SSM,2026-09-01T15:27:00+00:00,scale0.5@+5_trail2_floor+0_stop-8,-8.0,5.0,0.5,,0.0,2.0,2026-09-01T15:27:02.246693+00:00,3.92,2026-09-01T15:57:56.104092+00:00,4.116,0.5,2026-09-01T15:59:00.250451+00:00,4.03,0.5,trail,3.903061224489799,1918.003758
SSM,2026-09-01T15:27:00+00:00,hold_stop-10,-10.0,,0.0,,,,2026-09-01T15:27:02.246693+00:00,3.92,,,0.0,2026-09-01T16:46:02.465279+00:00,3.9,1.0,atr_sell,-0.5102040816326481,4740.218586
SSM,2026-09-01T15:27:00+00:00,full_target+5_stop-10,-10.0,5.0,1.0,,,,2026-09-01T15:27:02.246693+00:00,3.92,2026-09-01T15:57:56.104092+00:00,4.116,1.0,2026-09-01T15:57:56.104092+00:00,4.116,0.0,target,5.0,1853.857399
SSM,2026-09-01T15:27:00+00:00,full_target+8_stop-10,-10.0,8.0,1.0,,,,2026-09-01T15:27:02.246693+00:00,3.92,,,0.0,2026-09-01T16:46:02.465279+00:00,3.9,1.0,atr_sell,-0.5102040816326481,4740.218586
SSM,2026-09-01T15:27:00+00:00,full_target+10_stop-10,-10.0,10.0,1.0,,,,2026-09-01T15:27:02.246693+00:00,3.92,,,0.0,2026-09-01T16:46:02.465279+00:00,3.9,1.0,atr_sell,-0.5102040816326481,4740.218586
SSM,2026-09-01T15:27:00+00:00,scale0.4@+5_rest@+8_floor+0_stop-10,-10.0,5.0,0.4,8.0,0.0,,2026-09-01T15:27:02.246693+00:00,3.92,2026-09-01T15:57:56.104092+00:00,4.116,0.4,2026-09-01T15:59:00.540451+00:00,3.92,0.6,earned_floor,2.0,1918.293758
SSM,2026-09-01T15:27:00+00:00,scale0.4@+5_rest@+8_floor+2_stop-10,-10.0,5.0,0.4,8.0,2.0,,2026-09-01T15:27:02.246693+00:00,3.92,2026-09-01T15:57:56.104092+00:00,4.116,0.4,2026-09-01T15:59:00.263210+00:00,3.99,0.6,earned_floor,3.071428571428581,1918.016517
SSM,2026-09-01T15:27:00+00:00,scale0.4@+5_rest@+10_floor+0_stop-10,-10.0,5.0,0.4,10.0,0.0,,2026-09-01T15:27:02.246693+00:00,3.92,2026-09-01T15:57:56.104092+00:00,4.116,0.4,2026-09-01T15:59:00.540451+00:00,3.92,0.6,earned_floor,2.0,1918.293758
SSM,2026-09-01T15:27:00+00:00,scale0.4@+5_rest@+10_floor+2_stop-10,-10.0,5.0,0.4,10.0,2.0,,2026-09-01T15:27:02.246693+00:00,3.92,2026-09-01T15:57:56.104092+00:00,4.116,0.4,2026-09-01T15:59:00.263210+00:00,3.99,0.6,earned_floor,3.071428571428581,1918.016517
SSM,2026-09-01T15:27:00+00:00,scale0.5@+5_rest@+8_floor+0_stop-10,-10.0,5.0,0.5,8.0,0.0,,2026-09-01T15:27:02.246693+00:00,3.92,2026-09-01T15:57:56.104092+00:00,4.116,0.5,2026-09-01T15:59:00.540451+00:00,3.92,0.5,earned_floor,2.5,1918.293758
SSM,2026-09-01T15:27:00+00:00,scale0.5@+5_rest@+8_floor+2_stop-10,-10.0,5.0,0.5,8.0,2.0,,2026-09-01T15:27:02.246693+00:00,3.92,2026-09-01T15:57:56.104092+00:00,4.116,0.5,2026-09-01T15:59:00.263210+00:00,3.99,0.5,earned_floor,3.392857142857151,1918.016517
SSM,2026-09-01T15:27:00+00:00,scale0.5@+5_rest@+10_floor+0_stop-10,-10.0,5.0,0.5,10.0,0.0,,2026-09-01T15:27:02.246693+00:00,3.92,2026-09-01T15:57:56.104092+00:00,4.116,0.5,2026-09-01T15:59:00.540451+00:00,3.92,0.5,earned_floor,2.5,1918.293758
SSM,2026-09-01T15:27:00+00:00,scale0.5@+5_rest@+10_floor+2_stop-10,-10.0,5.0,0.5,10.0,2.0,,2026-09-01T15:27:02.246693+00:00,3.92,2026-09-01T15:57:56.104092+00:00,4.116,0.5,2026-09-01T15:59:00.263210+00:00,3.99,0.5,earned_floor,3.392857142857151,1918.016517
SSM,2026-09-01T15:27:00+00:00,scale0.5@+5_trail2_floor+0_stop-10,-10.0,5.0,0.5,,0.0,2.0,2026-09-01T15:27:02.246693+00:00,3.92,2026-09-01T15:57:56.104092+00:00,4.116,0.5,2026-09-01T15:59:00.250451+00:00,4.03,0.5,trail,3.903061224489799,1918.003758
SSM,2026-09-01T15:27:00+00:00,hold_stop-12,-12.0,,0.0,,,,2026-09-01T15:27:02.246693+00:00,3.92,,,0.0,2026-09-01T16:46:02.465279+00:00,3.9,1.0,atr_sell,-0.5102040816326481,4740.218586
SSM,2026-09-01T15:27:00+00:00,full_target+5_stop-12,-12.0,5.0,1.0,,,,2026-09-01T15:27:02.246693+00:00,3.92,2026-09-01T15:57:56.104092+00:00,4.116,1.0,2026-09-01T15:57:56.104092+00:00,4.116,0.0,target,5.0,1853.857399
SSM,2026-09-01T15:27:00+00:00,full_target+8_stop-12,-12.0,8.0,1.0,,,,2026-09-01T15:27:02.246693+00:00,3.92,,,0.0,2026-09-01T16:46:02.465279+00:00,3.9,1.0,atr_sell,-0.5102040816326481,4740.218586
SSM,2026-09-01T15:27:00+00:00,full_target+10_stop-12,-12.0,10.0,1.0,,,,2026-09-01T15:27:02.246693+00:00,3.92,,,0.0,2026-09-01T16:46:02.465279+00:00,3.9,1.0,atr_sell,-0.5102040816326481,4740.218586
SSM,2026-09-01T15:27:00+00:00,scale0.4@+5_rest@+8_floor+0_stop-12,-12.0,5.0,0.4,8.0,0.0,,2026-09-01T15:27:02.246693+00:00,3.92,2026-09-01T15:57:56.104092+00:00,4.116,0.4,2026-09-01T15:59:00.540451+00:00,3.92,0.6,earned_floor,2.0,1918.293758
SSM,2026-09-01T15:27:00+00:00,scale0.4@+5_rest@+8_floor+2_stop-12,-12.0,5.0,0.4,8.0,2.0,,2026-09-01T15:27:02.246693+00:00,3.92,2026-09-01T15:57:56.104092+00:00,4.116,0.4,2026-09-01T15:59:00.263210+00:00,3.99,0.6,earned_floor,3.071428571428581,1918.016517
SSM,2026-09-01T15:27:00+00:00,scale0.4@+5_rest@+10_floor+0_stop-12,-12.0,5.0,0.4,10.0,0.0,,2026-09-01T15:27:02.246693+00:00,3.92,2026-09-01T15:57:56.104092+00:00,4.116,0.4,2026-09-01T15:59:00.540451+00:00,3.92,0.6,earned_floor,2.0,1918.293758
SSM,2026-09-01T15:27:00+00:00,scale0.4@+5_rest@+10_floor+2_stop-12,-12.0,5.0,0.4,10.0,2.0,,2026-09-01T15:27:02.246693+00:00,3.92,2026-09-01T15:57:56.104092+00:00,4.116,0.4,2026-09-01T15:59:00.263210+00:00,3.99,0.6,earned_floor,3.071428571428581,1918.016517
SSM,2026-09-01T15:27:00+00:00,scale0.5@+5_rest@+8_floor+0_stop-12,-12.0,5.0,0.5,8.0,0.0,,2026-09-01T15:27:02.246693+00:00,3.92,2026-09-01T15:57:56.104092+00:00,4.116,0.5,2026-09-01T15:59:00.540451+00:00,3.92,0.5,earned_floor,2.5,1918.293758
SSM,2026-09-01T15:27:00+00:00,scale0.5@+5_rest@+8_floor+2_stop-12,-12.0,5.0,0.5,8.0,2.0,,2026-09-01T15:27:02.246693+00:00,3.92,2026-09-01T15:57:56.104092+00:00,4.116,0.5,2026-09-01T15:59:00.263210+00:00,3.99,0.5,earned_floor,3.392857142857151,1918.016517
SSM,2026-09-01T15:27:00+00:00,scale0.5@+5_rest@+10_floor+0_stop-12,-12.0,5.0,0.5,10.0,0.0,,2026-09-01T15:27:02.246693+00:00,3.92,2026-09-01T15:57:56.104092+00:00,4.116,0.5,2026-09-01T15:59:00.540451+00:00,3.92,0.5,earned_floor,2.5,1918.293758
SSM,2026-09-01T15:27:00+00:00,scale0.5@+5_rest@+10_floor+2_stop-12,-12.0,5.0,0.5,10.0,2.0,,2026-09-01T15:27:02.246693+00:00,3.92,2026-09-01T15:57:56.104092+00:00,4.116,0.5,2026-09-01T15:59:00.263210+00:00,3.99,0.5,earned_floor,3.392857142857151,1918.016517
SSM,2026-09-01T15:27:00+00:00,scale0.5@+5_trail2_floor+0_stop-12,-12.0,5.0,0.5,,0.0,2.0,2026-09-01T15:27:02.246693+00:00,3.92,2026-09-01T15:57:56.104092+00:00,4.116,0.5,2026-09-01T15:59:00.250451+00:00,4.03,0.5,trail,3.903061224489799,1918.003758
SSM,2026-09-01T15:27:00+00:00,hold_stop-15,-15.0,,0.0,,,,2026-09-01T15:27:02.246693+00:00,3.92,,,0.0,2026-09-01T16:46:02.465279+00:00,3.9,1.0,atr_sell,-0.5102040816326481,4740.218586
SSM,2026-09-01T15:27:00+00:00,full_target+5_stop-15,-15.0,5.0,1.0,,,,2026-09-01T15:27:02.246693+00:00,3.92,2026-09-01T15:57:56.104092+00:00,4.116,1.0,2026-09-01T15:57:56.104092+00:00,4.116,0.0,target,5.0,1853.857399
SSM,2026-09-01T15:27:00+00:00,full_target+8_stop-15,-15.0,8.0,1.0,,,,2026-09-01T15:27:02.246693+00:00,3.92,,,0.0,2026-09-01T16:46:02.465279+00:00,3.9,1.0,atr_sell,-0.5102040816326481,4740.218586
SSM,2026-09-01T15:27:00+00:00,full_target+10_stop-15,-15.0,10.0,1.0,,,,2026-09-01T15:27:02.246693+00:00,3.92,,,0.0,2026-09-01T16:46:02.465279+00:00,3.9,1.0,atr_sell,-0.5102040816326481,4740.218586
SSM,2026-09-01T15:27:00+00:00,scale0.4@+5_rest@+8_floor+0_stop-15,-15.0,5.0,0.4,8.0,0.0,,2026-09-01T15:27:02.246693+00:00,3.92,2026-09-01T15:57:56.104092+00:00,4.116,0.4,2026-09-01T15:59:00.540451+00:00,3.92,0.6,earned_floor,2.0,1918.293758
SSM,2026-09-01T15:27:00+00:00,scale0.4@+5_rest@+8_floor+2_stop-15,-15.0,5.0,0.4,8.0,2.0,,2026-09-01T15:27:02.246693+00:00,3.92,2026-09-01T15:57:56.104092+00:00,4.116,0.4,2026-09-01T15:59:00.263210+00:00,3.99,0.6,earned_floor,3.071428571428581,1918.016517
SSM,2026-09-01T15:27:00+00:00,scale0.4@+5_rest@+10_floor+0_stop-15,-15.0,5.0,0.4,10.0,0.0,,2026-09-01T15:27:02.246693+00:00,3.92,2026-09-01T15:57:56.104092+00:00,4.116,0.4,2026-09-01T15:59:00.540451+00:00,3.92,0.6,earned_floor,2.0,1918.293758
SSM,2026-09-01T15:27:00+00:00,scale0.4@+5_rest@+10_floor+2_stop-15,-15.0,5.0,0.4,10.0,2.0,,2026-09-01T15:27:02.246693+00:00,3.92,2026-09-01T15:57:56.104092+00:00,4.116,0.4,2026-09-01T15:59:00.263210+00:00,3.99,0.6,earned_floor,3.071428571428581,1918.016517
SSM,2026-09-01T15:27:00+00:00,scale0.5@+5_rest@+8_floor+0_stop-15,-15.0,5.0,0.5,8.0,0.0,,2026-09-01T15:27:02.246693+00:00,3.92,2026-09-01T15:57:56.104092+00:00,4.116,0.5,2026-09-01T15:59:00.540451+00:00,3.92,0.5,earned_floor,2.5,1918.293758
SSM,2026-09-01T15:27:00+00:00,scale0.5@+5_rest@+8_floor+2_stop-15,-15.0,5.0,0.5,8.0,2.0,,2026-09-01T15:27:02.246693+00:00,3.92,2026-09-01T15:57:56.104092+00:00,4.116,0.5,2026-09-01T15:59:00.263210+00:00,3.99,0.5,earned_floor,3.392857142857151,1918.016517
SSM,2026-09-01T15:27:00+00:00,scale0.5@+5_rest@+10_floor+0_stop-15,-15.0,5.0,0.5,10.0,0.0,,2026-09-01T15:27:02.246693+00:00,3.92,2026-09-01T15:57:56.104092+00:00,4.116,0.5,2026-09-01T15:59:00.540451+00:00,3.92,0.5,earned_floor,2.5,1918.293758
SSM,2026-09-01T15:27:00+00:00,scale0.5@+5_rest@+10_floor+2_stop-15,-15.0,5.0,0.5,10.0,2.0,,2026-09-01T15:27:02.246693+00:00,3.92,2026-09-01T15:57:56.104092+00:00,4.116,0.5,2026-09-01T15:59:00.263210+00:00,3.99,0.5,earned_floor,3.392857142857151,1918.016517
SSM,2026-09-01T15:27:00+00:00,scale0.5@+5_trail2_floor+0_stop-15,-15.0,5.0,0.5,,0.0,2.0,2026-09-01T15:27:02.246693+00:00,3.92,2026-09-01T15:57:56.104092+00:00,4.116,0.5,2026-09-01T15:59:00.250451+00:00,4.03,0.5,trail,3.903061224489799,1918.003758
SSM,2026-09-01T17:38:00+00:00,atr_sell_only,,,0.0,,,,2026-09-01T17:38:08.983953+00:00,4.03,,,0.0,2026-09-01T17:55:05.504969+00:00,3.9,1.0,atr_sell,-3.2258064516129115,1016.521016
SSM,2026-09-01T17:38:00+00:00,hold_stop-8,-8.0,,0.0,,,,2026-09-01T17:38:08.983953+00:00,4.03,,,0.0,2026-09-01T17:55:05.504969+00:00,3.9,1.0,atr_sell,-3.2258064516129115,1016.521016
SSM,2026-09-01T17:38:00+00:00,full_target+5_stop-8,-8.0,5.0,1.0,,,,2026-09-01T17:38:08.983953+00:00,4.03,,,0.0,2026-09-01T17:55:05.504969+00:00,3.9,1.0,atr_sell,-3.2258064516129115,1016.521016
SSM,2026-09-01T17:38:00+00:00,full_target+8_stop-8,-8.0,8.0,1.0,,,,2026-09-01T17:38:08.983953+00:00,4.03,,,0.0,2026-09-01T17:55:05.504969+00:00,3.9,1.0,atr_sell,-3.2258064516129115,1016.521016
SSM,2026-09-01T17:38:00+00:00,full_target+10_stop-8,-8.0,10.0,1.0,,,,2026-09-01T17:38:08.983953+00:00,4.03,,,0.0,2026-09-01T17:55:05.504969+00:00,3.9,1.0,atr_sell,-3.2258064516129115,1016.521016
SSM,2026-09-01T17:38:00+00:00,scale0.4@+5_rest@+8_floor+0_stop-8,-8.0,5.0,0.4,8.0,0.0,,2026-09-01T17:38:08.983953+00:00,4.03,,,0.0,2026-09-01T17:55:05.504969+00:00,3.9,1.0,atr_sell,-3.2258064516129115,1016.521016
SSM,2026-09-01T17:38:00+00:00,scale0.4@+5_rest@+8_floor+2_stop-8,-8.0,5.0,0.4,8.0,2.0,,2026-09-01T17:38:08.983953+00:00,4.03,,,0.0,2026-09-01T17:55:05.504969+00:00,3.9,1.0,atr_sell,-3.2258064516129115,1016.521016
SSM,2026-09-01T17:38:00+00:00,scale0.4@+5_rest@+10_floor+0_stop-8,-8.0,5.0,0.4,10.0,0.0,,2026-09-01T17:38:08.983953+00:00,4.03,,,0.0,2026-09-01T17:55:05.504969+00:00,3.9,1.0,atr_sell,-3.2258064516129115,1016.521016
SSM,2026-09-01T17:38:00+00:00,scale0.4@+5_rest@+10_floor+2_stop-8,-8.0,5.0,0.4,10.0,2.0,,2026-09-01T17:38:08.983953+00:00,4.03,,,0.0,2026-09-01T17:55:05.504969+00:00,3.9,1.0,atr_sell,-3.2258064516129115,1016.521016
SSM,2026-09-01T17:38:00+00:00,scale0.5@+5_rest@+8_floor+0_stop-8,-8.0,5.0,0.5,8.0,0.0,,2026-09-01T17:38:08.983953+00:00,4.03,,,0.0,2026-09-01T17:55:05.504969+00:00,3.9,1.0,atr_sell,-3.2258064516129115,1016.521016
SSM,2026-09-01T17:38:00+00:00,scale0.5@+5_rest@+8_floor+2_stop-8,-8.0,5.0,0.5,8.0,2.0,,2026-09-01T17:38:08.983953+00:00,4.03,,,0.0,2026-09-01T17:55:05.504969+00:00,3.9,1.0,atr_sell,-3.2258064516129115,1016.521016
SSM,2026-09-01T17:38:00+00:00,scale0.5@+5_rest@+10_floor+0_stop-8,-8.0,5.0,0.5,10.0,0.0,,2026-09-01T17:38:08.983953+00:00,4.03,,,0.0,2026-09-01T17:55:05.504969+00:00,3.9,1.0,atr_sell,-3.2258064516129115,1016.521016
SSM,2026-09-01T17:38:00+00:00,scale0.5@+5_rest@+10_floor+2_stop-8,-8.0,5.0,0.5,10.0,2.0,,2026-09-01T17:38:08.983953+00:00,4.03,,,0.0,2026-09-01T17:55:05.504969+00:00,3.9,1.0,atr_sell,-3.2258064516129115,1016.521016
SSM,2026-09-01T17:38:00+00:00,scale0.5@+5_trail2_floor+0_stop-8,-8.0,5.0,0.5,,0.0,2.0,2026-09-01T17:38:08.983953+00:00,4.03,,,0.0,2026-09-01T17:55:05.504969+00:00,3.9,1.0,atr_sell,-3.2258064516129115,1016.521016
SSM,2026-09-01T17:38:00+00:00,hold_stop-10,-10.0,,0.0,,,,2026-09-01T17:38:08.983953+00:00,4.03,,,0.0,2026-09-01T17:55:05.504969+00:00,3.9,1.0,atr_sell,-3.2258064516129115,1016.521016
SSM,2026-09-01T17:38:00+00:00,full_target+5_stop-10,-10.0,5.0,1.0,,,,2026-09-01T17:38:08.983953+00:00,4.03,,,0.0,2026-09-01T17:55:05.504969+00:00,3.9,1.0,atr_sell,-3.2258064516129115,1016.521016
SSM,2026-09-01T17:38:00+00:00,full_target+8_stop-10,-10.0,8.0,1.0,,,,2026-09-01T17:38:08.983953+00:00,4.03,,,0.0,2026-09-01T17:55:05.504969+00:00,3.9,1.0,atr_sell,-3.2258064516129115,1016.521016
SSM,2026-09-01T17:38:00+00:00,full_target+10_stop-10,-10.0,10.0,1.0,,,,2026-09-01T17:38:08.983953+00:00,4.03,,,0.0,2026-09-01T17:55:05.504969+00:00,3.9,1.0,atr_sell,-3.2258064516129115,1016.521016
SSM,2026-09-01T17:38:00+00:00,scale0.4@+5_rest@+8_floor+0_stop-10,-10.0,5.0,0.4,8.0,0.0,,2026-09-01T17:38:08.983953+00:00,4.03,,,0.0,2026-09-01T17:55:05.504969+00:00,3.9,1.0,atr_sell,-3.2258064516129115,1016.521016
SSM,2026-09-01T17:38:00+00:00,scale0.4@+5_rest@+8_floor+2_stop-10,-10.0,5.0,0.4,8.0,2.0,,2026-09-01T17:38:08.983953+00:00,4.03,,,0.0,2026-09-01T17:55:05.504969+00:00,3.9,1.0,atr_sell,-3.2258064516129115,1016.521016
SSM,2026-09-01T17:38:00+00:00,scale0.4@+5_rest@+10_floor+0_stop-10,-10.0,5.0,0.4,10.0,0.0,,2026-09-01T17:38:08.983953+00:00,4.03,,,0.0,2026-09-01T17:55:05.504969+00:00,3.9,1.0,atr_sell,-3.2258064516129115,1016.521016
SSM,2026-09-01T17:38:00+00:00,scale0.4@+5_rest@+10_floor+2_stop-10,-10.0,5.0,0.4,10.0,2.0,,2026-09-01T17:38:08.983953+00:00,4.03,,,0.0,2026-09-01T17:55:05.504969+00:00,3.9,1.0,atr_sell,-3.2258064516129115,1016.521016
SSM,2026-09-01T17:38:00+00:00,scale0.5@+5_rest@+8_floor+0_stop-10,-10.0,5.0,0.5,8.0,0.0,,2026-09-01T17:38:08.983953+00:00,4.03,,,0.0,2026-09-01T17:55:05.504969+00:00,3.9,1.0,atr_sell,-3.2258064516129115,1016.521016
SSM,2026-09-01T17:38:00+00:00,scale0.5@+5_rest@+8_floor+2_stop-10,-10.0,5.0,0.5,8.0,2.0,,2026-09-01T17:38:08.983953+00:00,4.03,,,0.0,2026-09-01T17:55:05.504969+00:00,3.9,1.0,atr_sell,-3.2258064516129115,1016.521016
SSM,2026-09-01T17:38:00+00:00,scale0.5@+5_rest@+10_floor+0_stop-10,-10.0,5.0,0.5,10.0,0.0,,2026-09-01T17:38:08.983953+00:00,4.03,,,0.0,2026-09-01T17:55:05.504969+00:00,3.9,1.0,atr_sell,-3.2258064516129115,1016.521016
SSM,2026-09-01T17:38:00+00:00,scale0.5@+5_rest@+10_floor+2_stop-10,-10.0,5.0,0.5,10.0,2.0,,2026-09-01T17:38:08.983953+00:00,4.03,,,0.0,2026-09-01T17:55:05.504969+00:00,3.9,1.0,atr_sell,-3.2258064516129115,1016.521016
SSM,2026-09-01T17:38:00+00:00,scale0.5@+5_trail2_floor+0_stop-10,-10.0,5.0,0.5,,0.0,2.0,2026-09-01T17:38:08.983953+00:00,4.03,,,0.0,2026-09-01T17:55:05.504969+00:00,3.9,1.0,atr_sell,-3.2258064516129115,1016.521016
SSM,2026-09-01T17:38:00+00:00,hold_stop-12,-12.0,,0.0,,,,2026-09-01T17:38:08.983953+00:00,4.03,,,0.0,2026-09-01T17:55:05.504969+00:00,3.9,1.0,atr_sell,-3.2258064516129115,1016.521016
SSM,2026-09-01T17:38:00+00:00,full_target+5_stop-12,-12.0,5.0,1.0,,,,2026-09-01T17:38:08.983953+00:00,4.03,,,0.0,2026-09-01T17:55:05.504969+00:00,3.9,1.0,atr_sell,-3.2258064516129115,1016.521016
SSM,2026-09-01T17:38:00+00:00,full_target+8_stop-12,-12.0,8.0,1.0,,,,2026-09-01T17:38:08.983953+00:00,4.03,,,0.0,2026-09-01T17:55:05.504969+00:00,3.9,1.0,atr_sell,-3.2258064516129115,1016.521016
SSM,2026-09-01T17:38:00+00:00,full_target+10_stop-12,-12.0,10.0,1.0,,,,2026-09-01T17:38:08.983953+00:00,4.03,,,0.0,2026-09-01T17:55:05.504969+00:00,3.9,1.0,atr_sell,-3.2258064516129115,1016.521016
SSM,2026-09-01T17:38:00+00:00,scale0.4@+5_rest@+8_floor+0_stop-12,-12.0,5.0,0.4,8.0,0.0,,2026-09-01T17:38:08.983953+00:00,4.03,,,0.0,2026-09-01T17:55:05.504969+00:00,3.9,1.0,atr_sell,-3.2258064516129115,1016.521016
SSM,2026-09-01T17:38:00+00:00,scale0.4@+5_rest@+8_floor+2_stop-12,-12.0,5.0,0.4,8.0,2.0,,2026-09-01T17:38:08.983953+00:00,4.03,,,0.0,2026-09-01T17:55:05.504969+00:00,3.9,1.0,atr_sell,-3.2258064516129115,1016.521016
SSM,2026-09-01T17:38:00+00:00,scale0.4@+5_rest@+10_floor+0_stop-12,-12.0,5.0,0.4,10.0,0.0,,2026-09-01T17:38:08.983953+00:00,4.03,,,0.0,2026-09-01T17:55:05.504969+00:00,3.9,1.0,atr_sell,-3.2258064516129115,1016.521016
SSM,2026-09-01T17:38:00+00:00,scale0.4@+5_rest@+10_floor+2_stop-12,-12.0,5.0,0.4,10.0,2.0,,2026-09-01T17:38:08.983953+00:00,4.03,,,0.0,2026-09-01T17:55:05.504969+00:00,3.9,1.0,atr_sell,-3.2258064516129115,1016.521016
SSM,2026-09-01T17:38:00+00:00,scale0.5@+5_rest@+8_floor+0_stop-12,-12.0,5.0,0.5,8.0,0.0,,2026-09-01T17:38:08.983953+00:00,4.03,,,0.0,2026-09-01T17:55:05.504969+00:00,3.9,1.0,atr_sell,-3.2258064516129115,1016.521016
SSM,2026-09-01T17:38:00+00:00,scale0.5@+5_rest@+8_floor+2_stop-12,-12.0,5.0,0.5,8.0,2.0,,2026-09-01T17:38:08.983953+00:00,4.03,,,0.0,2026-09-01T17:55:05.504969+00:00,3.9,1.0,atr_sell,-3.2258064516129115,1016.521016
SSM,2026-09-01T17:38:00+00:00,scale0.5@+5_rest@+10_floor+0_stop-12,-12.0,5.0,0.5,10.0,0.0,,2026-09-01T17:38:08.983953+00:00,4.03,,,0.0,2026-09-01T17:55:05.504969+00:00,3.9,1.0,atr_sell,-3.2258064516129115,1016.521016
SSM,2026-09-01T17:38:00+00:00,scale0.5@+5_rest@+10_floor+2_stop-12,-12.0,5.0,0.5,10.0,2.0,,2026-09-01T17:38:08.983953+00:00,4.03,,,0.0,2026-09-01T17:55:05.504969+00:00,3.9,1.0,atr_sell,-3.2258064516129115,1016.521016
SSM,2026-09-01T17:38:00+00:00,scale0.5@+5_trail2_floor+0_stop-12,-12.0,5.0,0.5,,0.0,2.0,2026-09-01T17:38:08.983953+00:00,4.03,,,0.0,2026-09-01T17:55:05.504969+00:00,3.9,1.0,atr_sell,-3.2258064516129115,1016.521016
SSM,2026-09-01T17:38:00+00:00,hold_stop-15,-15.0,,0.0,,,,2026-09-01T17:38:08.983953+00:00,4.03,,,0.0,2026-09-01T17:55:05.504969+00:00,3.9,1.0,atr_sell,-3.2258064516129115,1016.521016
SSM,2026-09-01T17:38:00+00:00,full_target+5_stop-15,-15.0,5.0,1.0,,,,2026-09-01T17:38:08.983953+00:00,4.03,,,0.0,2026-09-01T17:55:05.504969+00:00,3.9,1.0,atr_sell,-3.2258064516129115,1016.521016
SSM,2026-09-01T17:38:00+00:00,full_target+8_stop-15,-15.0,8.0,1.0,,,,2026-09-01T17:38:08.983953+00:00,4.03,,,0.0,2026-09-01T17:55:05.504969+00:00,3.9,1.0,atr_sell,-3.2258064516129115,1016.521016
SSM,2026-09-01T17:38:00+00:00,full_target+10_stop-15,-15.0,10.0,1.0,,,,2026-09-01T17:38:08.983953+00:00,4.03,,,0.0,2026-09-01T17:55:05.504969+00:00,3.9,1.0,atr_sell,-3.2258064516129115,1016.521016
SSM,2026-09-01T17:38:00+00:00,scale0.4@+5_rest@+8_floor+0_stop-15,-15.0,5.0,0.4,8.0,0.0,,2026-09-01T17:38:08.983953+00:00,4.03,,,0.0,2026-09-01T17:55:05.504969+00:00,3.9,1.0,atr_sell,-3.2258064516129115,1016.521016
SSM,2026-09-01T17:38:00+00:00,scale0.4@+5_rest@+8_floor+2_stop-15,-15.0,5.0,0.4,8.0,2.0,,2026-09-01T17:38:08.983953+00:00,4.03,,,0.0,2026-09-01T17:55:05.504969+00:00,3.9,1.0,atr_sell,-3.2258064516129115,1016.521016
SSM,2026-09-01T17:38:00+00:00,scale0.4@+5_rest@+10_floor+0_stop-15,-15.0,5.0,0.4,10.0,0.0,,2026-09-01T17:38:08.983953+00:00,4.03,,,0.0,2026-09-01T17:55:05.504969+00:00,3.9,1.0,atr_sell,-3.2258064516129115,1016.521016
SSM,2026-09-01T17:38:00+00:00,scale0.4@+5_rest@+10_floor+2_stop-15,-15.0,5.0,0.4,10.0,2.0,,2026-09-01T17:38:08.983953+00:00,4.03,,,0.0,2026-09-01T17:55:05.504969+00:00,3.9,1.0,atr_sell,-3.2258064516129115,1016.521016
SSM,2026-09-01T17:38:00+00:00,scale0.5@+5_rest@+8_floor+0_stop-15,-15.0,5.0,0.5,8.0,0.0,,2026-09-01T17:38:08.983953+00:00,4.03,,,0.0,2026-09-01T17:55:05.504969+00:00,3.9,1.0,atr_sell,-3.2258064516129115,1016.521016
SSM,2026-09-01T17:38:00+00:00,scale0.5@+5_rest@+8_floor+2_stop-15,-15.0,5.0,0.5,8.0,2.0,,2026-09-01T17:38:08.983953+00:00,4.03,,,0.0,2026-09-01T17:55:05.504969+00:00,3.9,1.0,atr_sell,-3.2258064516129115,1016.521016
SSM,2026-09-01T17:38:00+00:00,scale0.5@+5_rest@+10_floor+0_stop-15,-15.0,5.0,0.5,10.0,0.0,,2026-09-01T17:38:08.983953+00:00,4.03,,,0.0,2026-09-01T17:55:05.504969+00:00,3.9,1.0,atr_sell,-3.2258064516129115,1016.521016
SSM,2026-09-01T17:38:00+00:00,scale0.5@+5_rest@+10_floor+2_stop-15,-15.0,5.0,0.5,10.0,2.0,,2026-09-01T17:38:08.983953+00:00,4.03,,,0.0,2026-09-01T17:55:05.504969+00:00,3.9,1.0,atr_sell,-3.2258064516129115,1016.521016
SSM,2026-09-01T17:38:00+00:00,scale0.5@+5_trail2_floor+0_stop-15,-15.0,5.0,0.5,,0.0,2.0,2026-09-01T17:38:08.983953+00:00,4.03,,,0.0,2026-09-01T17:55:05.504969+00:00,3.9,1.0,atr_sell,-3.2258064516129115,1016.521016
SSM,2026-09-01T18:32:00+00:00,atr_sell_only,,,0.0,,,,2026-09-01T18:32:09.909305+00:00,3.97,,,0.0,2026-09-01T19:59:59.377200+00:00,4.74,1.0,session_close,19.395465994962223,5269.467895
SSM,2026-09-01T18:32:00+00:00,hold_stop-8,-8.0,,0.0,,,,2026-09-01T18:32:09.909305+00:00,3.97,,,0.0,2026-09-01T19:59:59.377200+00:00,4.74,1.0,session_close,19.395465994962223,5269.467895
SSM,2026-09-01T18:32:00+00:00,full_target+5_stop-8,-8.0,5.0,1.0,,,,2026-09-01T18:32:09.909305+00:00,3.97,2026-09-01T19:12:22.055353+00:00,4.168500000000001,1.0,2026-09-01T19:12:22.055353+00:00,4.168500000000001,0.0,target,5.0,2412.146048
SSM,2026-09-01T18:32:00+00:00,full_target+8_stop-8,-8.0,8.0,1.0,,,,2026-09-01T18:32:09.909305+00:00,3.97,2026-09-01T19:17:29.210684+00:00,4.2876,1.0,2026-09-01T19:17:29.210684+00:00,4.2876,0.0,target,8.0,2719.301379
SSM,2026-09-01T18:32:00+00:00,full_target+10_stop-8,-8.0,10.0,1.0,,,,2026-09-01T18:32:09.909305+00:00,3.97,2026-09-01T19:17:39.260559+00:00,4.367000000000001,1.0,2026-09-01T19:17:39.260559+00:00,4.367000000000001,0.0,target,10.0,2729.351254
SSM,2026-09-01T18:32:00+00:00,scale0.4@+5_rest@+8_floor+0_stop-8,-8.0,5.0,0.4,8.0,0.0,,2026-09-01T18:32:09.909305+00:00,3.97,2026-09-01T19:12:22.055353+00:00,4.168500000000001,0.4,2026-09-01T19:17:29.210684+00:00,4.2876,0.0,target,6.8,2719.301379
SSM,2026-09-01T18:32:00+00:00,scale0.4@+5_rest@+8_floor+2_stop-8,-8.0,5.0,0.4,8.0,2.0,,2026-09-01T18:32:09.909305+00:00,3.97,2026-09-01T19:12:22.055353+00:00,4.168500000000001,0.4,2026-09-01T19:17:29.210684+00:00,4.2876,0.0,target,6.8,2719.301379
SSM,2026-09-01T18:32:00+00:00,scale0.4@+5_rest@+10_floor+0_stop-8,-8.0,5.0,0.4,10.0,0.0,,2026-09-01T18:32:09.909305+00:00,3.97,2026-09-01T19:12:22.055353+00:00,4.168500000000001,0.4,2026-09-01T19:17:39.260559+00:00,4.367000000000001,0.0,target,8.0,2729.351254
SSM,2026-09-01T18:32:00+00:00,scale0.4@+5_rest@+10_floor+2_stop-8,-8.0,5.0,0.4,10.0,2.0,,2026-09-01T18:32:09.909305+00:00,3.97,2026-09-01T19:12:22.055353+00:00,4.168500000000001,0.4,2026-09-01T19:17:39.260559+00:00,4.367000000000001,0.0,target,8.0,2729.351254
SSM,2026-09-01T18:32:00+00:00,scale0.5@+5_rest@+8_floor+0_stop-8,-8.0,5.0,0.5,8.0,0.0,,2026-09-01T18:32:09.909305+00:00,3.97,2026-09-01T19:12:22.055353+00:00,4.168500000000001,0.5,2026-09-01T19:17:29.210684+00:00,4.2876,0.0,target,6.5,2719.301379
SSM,2026-09-01T18:32:00+00:00,scale0.5@+5_rest@+8_floor+2_stop-8,-8.0,5.0,0.5,8.0,2.0,,2026-09-01T18:32:09.909305+00:00,3.97,2026-09-01T19:12:22.055353+00:00,4.168500000000001,0.5,2026-09-01T19:17:29.210684+00:00,4.2876,0.0,target,6.5,2719.301379
SSM,2026-09-01T18:32:00+00:00,scale0.5@+5_rest@+10_floor+0_stop-8,-8.0,5.0,0.5,10.0,0.0,,2026-09-01T18:32:09.909305+00:00,3.97,2026-09-01T19:12:22.055353+00:00,4.168500000000001,0.5,2026-09-01T19:17:39.260559+00:00,4.367000000000001,0.0,target,7.5,2729.351254
SSM,2026-09-01T18:32:00+00:00,scale0.5@+5_rest@+10_floor+2_stop-8,-8.0,5.0,0.5,10.0,2.0,,2026-09-01T18:32:09.909305+00:00,3.97,2026-09-01T19:12:22.055353+00:00,4.168500000000001,0.5,2026-09-01T19:17:39.260559+00:00,4.367000000000001,0.0,target,7.5,2729.351254
SSM,2026-09-01T18:32:00+00:00,scale0.5@+5_trail2_floor+0_stop-8,-8.0,5.0,0.5,,0.0,2.0,2026-09-01T18:32:09.909305+00:00,3.97,2026-09-01T19:12:22.055353+00:00,4.168500000000001,0.5,2026-09-01T19:17:43.214310+00:00,4.47,0.5,trail,8.797229219143574,2733.305005
SSM,2026-09-01T18:32:00+00:00,hold_stop-10,-10.0,,0.0,,,,2026-09-01T18:32:09.909305+00:00,3.97,,,0.0,2026-09-01T19:59:59.377200+00:00,4.74,1.0,session_close,19.395465994962223,5269.467895
SSM,2026-09-01T18:32:00+00:00,full_target+5_stop-10,-10.0,5.0,1.0,,,,2026-09-01T18:32:09.909305+00:00,3.97,2026-09-01T19:12:22.055353+00:00,4.168500000000001,1.0,2026-09-01T19:12:22.055353+00:00,4.168500000000001,0.0,target,5.0,2412.146048
SSM,2026-09-01T18:32:00+00:00,full_target+8_stop-10,-10.0,8.0,1.0,,,,2026-09-01T18:32:09.909305+00:00,3.97,2026-09-01T19:17:29.210684+00:00,4.2876,1.0,2026-09-01T19:17:29.210684+00:00,4.2876,0.0,target,8.0,2719.301379
SSM,2026-09-01T18:32:00+00:00,full_target+10_stop-10,-10.0,10.0,1.0,,,,2026-09-01T18:32:09.909305+00:00,3.97,2026-09-01T19:17:39.260559+00:00,4.367000000000001,1.0,2026-09-01T19:17:39.260559+00:00,4.367000000000001,0.0,target,10.0,2729.351254
SSM,2026-09-01T18:32:00+00:00,scale0.4@+5_rest@+8_floor+0_stop-10,-10.0,5.0,0.4,8.0,0.0,,2026-09-01T18:32:09.909305+00:00,3.97,2026-09-01T19:12:22.055353+00:00,4.168500000000001,0.4,2026-09-01T19:17:29.210684+00:00,4.2876,0.0,target,6.8,2719.301379
SSM,2026-09-01T18:32:00+00:00,scale0.4@+5_rest@+8_floor+2_stop-10,-10.0,5.0,0.4,8.0,2.0,,2026-09-01T18:32:09.909305+00:00,3.97,2026-09-01T19:12:22.055353+00:00,4.168500000000001,0.4,2026-09-01T19:17:29.210684+00:00,4.2876,0.0,target,6.8,2719.301379
SSM,2026-09-01T18:32:00+00:00,scale0.4@+5_rest@+10_floor+0_stop-10,-10.0,5.0,0.4,10.0,0.0,,2026-09-01T18:32:09.909305+00:00,3.97,2026-09-01T19:12:22.055353+00:00,4.168500000000001,0.4,2026-09-01T19:17:39.260559+00:00,4.367000000000001,0.0,target,8.0,2729.351254
SSM,2026-09-01T18:32:00+00:00,scale0.4@+5_rest@+10_floor+2_stop-10,-10.0,5.0,0.4,10.0,2.0,,2026-09-01T18:32:09.909305+00:00,3.97,2026-09-01T19:12:22.055353+00:00,4.168500000000001,0.4,2026-09-01T19:17:39.260559+00:00,4.367000000000001,0.0,target,8.0,2729.351254
SSM,2026-09-01T18:32:00+00:00,scale0.5@+5_rest@+8_floor+0_stop-10,-10.0,5.0,0.5,8.0,0.0,,2026-09-01T18:32:09.909305+00:00,3.97,2026-09-01T19:12:22.055353+00:00,4.168500000000001,0.5,2026-09-01T19:17:29.210684+00:00,4.2876,0.0,target,6.5,2719.301379
SSM,2026-09-01T18:32:00+00:00,scale0.5@+5_rest@+8_floor+2_stop-10,-10.0,5.0,0.5,8.0,2.0,,2026-09-01T18:32:09.909305+00:00,3.97,2026-09-01T19:12:22.055353+00:00,4.168500000000001,0.5,2026-09-01T19:17:29.210684+00:00,4.2876,0.0,target,6.5,2719.301379
SSM,2026-09-01T18:32:00+00:00,scale0.5@+5_rest@+10_floor+0_stop-10,-10.0,5.0,0.5,10.0,0.0,,2026-09-01T18:32:09.909305+00:00,3.97,2026-09-01T19:12:22.055353+00:00,4.168500000000001,0.5,2026-09-01T19:17:39.260559+00:00,4.367000000000001,0.0,target,7.5,2729.351254
SSM,2026-09-01T18:32:00+00:00,scale0.5@+5_rest@+10_floor+2_stop-10,-10.0,5.0,0.5,10.0,2.0,,2026-09-01T18:32:09.909305+00:00,3.97,2026-09-01T19:12:22.055353+00:00,4.168500000000001,0.5,2026-09-01T19:17:39.260559+00:00,4.367000000000001,0.0,target,7.5,2729.351254
SSM,2026-09-01T18:32:00+00:00,scale0.5@+5_trail2_floor+0_stop-10,-10.0,5.0,0.5,,0.0,2.0,2026-09-01T18:32:09.909305+00:00,3.97,2026-09-01T19:12:22.055353+00:00,4.168500000000001,0.5,2026-09-01T19:17:43.214310+00:00,4.47,0.5,trail,8.797229219143574,2733.305005
SSM,2026-09-01T18:32:00+00:00,hold_stop-12,-12.0,,0.0,,,,2026-09-01T18:32:09.909305+00:00,3.97,,,0.0,2026-09-01T19:59:59.377200+00:00,4.74,1.0,session_close,19.395465994962223,5269.467895
SSM,2026-09-01T18:32:00+00:00,full_target+5_stop-12,-12.0,5.0,1.0,,,,2026-09-01T18:32:09.909305+00:00,3.97,2026-09-01T19:12:22.055353+00:00,4.168500000000001,1.0,2026-09-01T19:12:22.055353+00:00,4.168500000000001,0.0,target,5.0,2412.146048
SSM,2026-09-01T18:32:00+00:00,full_target+8_stop-12,-12.0,8.0,1.0,,,,2026-09-01T18:32:09.909305+00:00,3.97,2026-09-01T19:17:29.210684+00:00,4.2876,1.0,2026-09-01T19:17:29.210684+00:00,4.2876,0.0,target,8.0,2719.301379
SSM,2026-09-01T18:32:00+00:00,full_target+10_stop-12,-12.0,10.0,1.0,,,,2026-09-01T18:32:09.909305+00:00,3.97,2026-09-01T19:17:39.260559+00:00,4.367000000000001,1.0,2026-09-01T19:17:39.260559+00:00,4.367000000000001,0.0,target,10.0,2729.351254
SSM,2026-09-01T18:32:00+00:00,scale0.4@+5_rest@+8_floor+0_stop-12,-12.0,5.0,0.4,8.0,0.0,,2026-09-01T18:32:09.909305+00:00,3.97,2026-09-01T19:12:22.055353+00:00,4.168500000000001,0.4,2026-09-01T19:17:29.210684+00:00,4.2876,0.0,target,6.8,2719.301379
SSM,2026-09-01T18:32:00+00:00,scale0.4@+5_rest@+8_floor+2_stop-12,-12.0,5.0,0.4,8.0,2.0,,2026-09-01T18:32:09.909305+00:00,3.97,2026-09-01T19:12:22.055353+00:00,4.168500000000001,0.4,2026-09-01T19:17:29.210684+00:00,4.2876,0.0,target,6.8,2719.301379
SSM,2026-09-01T18:32:00+00:00,scale0.4@+5_rest@+10_floor+0_stop-12,-12.0,5.0,0.4,10.0,0.0,,2026-09-01T18:32:09.909305+00:00,3.97,2026-09-01T19:12:22.055353+00:00,4.168500000000001,0.4,2026-09-01T19:17:39.260559+00:00,4.367000000000001,0.0,target,8.0,2729.351254
SSM,2026-09-01T18:32:00+00:00,scale0.4@+5_rest@+10_floor+2_stop-12,-12.0,5.0,0.4,10.0,2.0,,2026-09-01T18:32:09.909305+00:00,3.97,2026-09-01T19:12:22.055353+00:00,4.168500000000001,0.4,2026-09-01T19:17:39.260559+00:00,4.367000000000001,0.0,target,8.0,2729.351254
SSM,2026-09-01T18:32:00+00:00,scale0.5@+5_rest@+8_floor+0_stop-12,-12.0,5.0,0.5,8.0,0.0,,2026-09-01T18:32:09.909305+00:00,3.97,2026-09-01T19:12:22.055353+00:00,4.168500000000001,0.5,2026-09-01T19:17:29.210684+00:00,4.2876,0.0,target,6.5,2719.301379
SSM,2026-09-01T18:32:00+00:00,scale0.5@+5_rest@+8_floor+2_stop-12,-12.0,5.0,0.5,8.0,2.0,,2026-09-01T18:32:09.909305+00:00,3.97,2026-09-01T19:12:22.055353+00:00,4.168500000000001,0.5,2026-09-01T19:17:29.210684+00:00,4.2876,0.0,target,6.5,2719.301379
SSM,2026-09-01T18:32:00+00:00,scale0.5@+5_rest@+10_floor+0_stop-12,-12.0,5.0,0.5,10.0,0.0,,2026-09-01T18:32:09.909305+00:00,3.97,2026-09-01T19:12:22.055353+00:00,4.168500000000001,0.5,2026-09-01T19:17:39.260559+00:00,4.367000000000001,0.0,target,7.5,2729.351254
SSM,2026-09-01T18:32:00+00:00,scale0.5@+5_rest@+10_floor+2_stop-12,-12.0,5.0,0.5,10.0,2.0,,2026-09-01T18:32:09.909305+00:00,3.97,2026-09-01T19:12:22.055353+00:00,4.168500000000001,0.5,2026-09-01T19:17:39.260559+00:00,4.367000000000001,0.0,target,7.5,2729.351254
SSM,2026-09-01T18:32:00+00:00,scale0.5@+5_trail2_floor+0_stop-12,-12.0,5.0,0.5,,0.0,2.0,2026-09-01T18:32:09.909305+00:00,3.97,2026-09-01T19:12:22.055353+00:00,4.168500000000001,0.5,2026-09-01T19:17:43.214310+00:00,4.47,0.5,trail,8.797229219143574,2733.305005
SSM,2026-09-01T18:32:00+00:00,hold_stop-15,-15.0,,0.0,,,,2026-09-01T18:32:09.909305+00:00,3.97,,,0.0,2026-09-01T19:59:59.377200+00:00,4.74,1.0,session_close,19.395465994962223,5269.467895
SSM,2026-09-01T18:32:00+00:00,full_target+5_stop-15,-15.0,5.0,1.0,,,,2026-09-01T18:32:09.909305+00:00,3.97,2026-09-01T19:12:22.055353+00:00,4.168500000000001,1.0,2026-09-01T19:12:22.055353+00:00,4.168500000000001,0.0,target,5.0,2412.146048
SSM,2026-09-01T18:32:00+00:00,full_target+8_stop-15,-15.0,8.0,1.0,,,,2026-09-01T18:32:09.909305+00:00,3.97,2026-09-01T19:17:29.210684+00:00,4.2876,1.0,2026-09-01T19:17:29.210684+00:00,4.2876,0.0,target,8.0,2719.301379
SSM,2026-09-01T18:32:00+00:00,full_target+10_stop-15,-15.0,10.0,1.0,,,,2026-09-01T18:32:09.909305+00:00,3.97,2026-09-01T19:17:39.260559+00:00,4.367000000000001,1.0,2026-09-01T19:17:39.260559+00:00,4.367000000000001,0.0,target,10.0,2729.351254
SSM,2026-09-01T18:32:00+00:00,scale0.4@+5_rest@+8_floor+0_stop-15,-15.0,5.0,0.4,8.0,0.0,,2026-09-01T18:32:09.909305+00:00,3.97,2026-09-01T19:12:22.055353+00:00,4.168500000000001,0.4,2026-09-01T19:17:29.210684+00:00,4.2876,0.0,target,6.8,2719.301379
SSM,2026-09-01T18:32:00+00:00,scale0.4@+5_rest@+8_floor+2_stop-15,-15.0,5.0,0.4,8.0,2.0,,2026-09-01T18:32:09.909305+00:00,3.97,2026-09-01T19:12:22.055353+00:00,4.168500000000001,0.4,2026-09-01T19:17:29.210684+00:00,4.2876,0.0,target,6.8,2719.301379
SSM,2026-09-01T18:32:00+00:00,scale0.4@+5_rest@+10_floor+0_stop-15,-15.0,5.0,0.4,10.0,0.0,,2026-09-01T18:32:09.909305+00:00,3.97,2026-09-01T19:12:22.055353+00:00,4.168500000000001,0.4,2026-09-01T19:17:39.260559+00:00,4.367000000000001,0.0,target,8.0,2729.351254
SSM,2026-09-01T18:32:00+00:00,scale0.4@+5_rest@+10_floor+2_stop-15,-15.0,5.0,0.4,10.0,2.0,,2026-09-01T18:32:09.909305+00:00,3.97,2026-09-01T19:12:22.055353+00:00,4.168500000000001,0.4,2026-09-01T19:17:39.260559+00:00,4.367000000000001,0.0,target,8.0,2729.351254
SSM,2026-09-01T18:32:00+00:00,scale0.5@+5_rest@+8_floor+0_stop-15,-15.0,5.0,0.5,8.0,0.0,,2026-09-01T18:32:09.909305+00:00,3.97,2026-09-01T19:12:22.055353+00:00,4.168500000000001,0.5,2026-09-01T19:17:29.210684+00:00,4.2876,0.0,target,6.5,2719.301379
SSM,2026-09-01T18:32:00+00:00,scale0.5@+5_rest@+8_floor+2_stop-15,-15.0,5.0,0.5,8.0,2.0,,2026-09-01T18:32:09.909305+00:00,3.97,2026-09-01T19:12:22.055353+00:00,4.168500000000001,0.5,2026-09-01T19:17:29.210684+00:00,4.2876,0.0,target,6.5,2719.301379
SSM,2026-09-01T18:32:00+00:00,scale0.5@+5_rest@+10_floor+0_stop-15,-15.0,5.0,0.5,10.0,0.0,,2026-09-01T18:32:09.909305+00:00,3.97,2026-09-01T19:12:22.055353+00:00,4.168500000000001,0.5,2026-09-01T19:17:39.260559+00:00,4.367000000000001,0.0,target,7.5,2729.351254
SSM,2026-09-01T18:32:00+00:00,scale0.5@+5_rest@+10_floor+2_stop-15,-15.0,5.0,0.5,10.0,2.0,,2026-09-01T18:32:09.909305+00:00,3.97,2026-09-01T19:12:22.055353+00:00,4.168500000000001,0.5,2026-09-01T19:17:39.260559+00:00,4.367000000000001,0.0,target,7.5,2729.351254
SSM,2026-09-01T18:32:00+00:00,scale0.5@+5_trail2_floor+0_stop-15,-15.0,5.0,0.5,,0.0,2.0,2026-09-01T18:32:09.909305+00:00,3.97,2026-09-01T19:12:22.055353+00:00,4.168500000000001,0.5,2026-09-01T19:17:43.214310+00:00,4.47,0.5,trail,8.797229219143574,2733.305005
