session_day_et,symbol,policy,entry_slot,entry_mode,order_type,scanner_window_start,scanner_window_end,segment_id,arm_bar_ts_ms,signal_ts,entry_ts,entry_px,target_px,floor_px,trailing_activation_px,trailing_activation_ts,trailing_high_px,trailing_stop_px,exit_trigger_ts,exit_ts,exit_px,exit_reason,ret_pct,duration_seconds,mfe_pct,mae_pct,first_plus_1_ts,first_plus_2_ts,first_minus_1_ts,first_minus_2_ts,quotes_observed
2026-08-24,BTCT,trail_activate+1_lock+1_distance1_floor-1,first,resting,limit,2026-08-24T11:46:11+00:00,2026-08-24T13:42:34.628000+00:00,1787577900000,0,2026-08-24T13:26:57.301000+00:00,2026-08-24T13:26:57.301000+00:00,1.68,,1.6632,1.6967999999999999,,,,2026-08-24T13:28:38.272615+00:00,2026-08-24T13:28:38.273015+00:00,1.66,floor,-1.1904761904761916,100.972015,0.0,-1.1904761904761916,,,2026-08-24T13:28:38.272615+00:00,,621
2026-08-24,BTCT,trail_activate+1_lock+1_distance1_floor-1,first,resting,STOP_LIMIT,2026-08-24T13:49:29+00:00,,1787579400000,0,2026-08-24T13:51:00+00:00,2026-08-24T13:54:55.941000+00:00,1.63,,1.6137,1.6462999999999999,,,,2026-08-24T13:55:14.962964+00:00,2026-08-24T13:55:14.982250+00:00,1.61,floor,-1.2269938650306624,19.04125,0.0,-1.2269938650306624,,,2026-08-24T13:55:14.962964+00:00,,120
2026-08-24,BTCT,trail_activate+1_lock+1_distance1_floor-1,reclaim,resting,STOP_LIMIT,2026-08-24T13:49:29+00:00,,1787579400000,1787579640000,2026-08-24T13:57:00+00:00,2026-08-24T14:02:04.644000+00:00,1.67,,1.6533,1.6866999999999999,2026-08-24T14:03:14.348536+00:00,1.76,1.7424,2026-08-24T14:03:14.574036+00:00,2026-08-24T14:03:14.574170+00:00,1.74,trail,4.19161676646707,69.93017,5.389221556886232,-0.5988023952095813,2026-08-24T14:03:14.348536+00:00,2026-08-24T14:03:14.374971+00:00,,,1113
2026-08-24,BTCT,trail_activate+1_lock+1_distance1_floor-1,first,resting,STOP_LIMIT,2026-08-24T13:49:29+00:00,,1787584380000,0,2026-08-24T15:14:00+00:00,2026-08-24T15:17:42.456000+00:00,2.37,,2.3463000000000003,2.3937,,,,2026-08-24T15:18:11.247135+00:00,2026-08-24T15:18:11.247569+00:00,2.34,floor,-1.2658227848101369,28.791569,0.42194092827003316,-1.2658227848101369,,,2026-08-24T15:18:11.247135+00:00,,545
2026-08-24,BTCT,trail_activate+1_lock+1_distance1_floor-1,first,resting,STOP_LIMIT,2026-08-24T13:49:29+00:00,,1787585760000,0,2026-08-24T15:56:00+00:00,2026-08-24T15:59:00.938000+00:00,2.3,,2.2769999999999997,2.323,,,,2026-08-24T15:59:09.629278+00:00,2026-08-24T15:59:09.629973+00:00,2.27,floor,-1.304347826086948,8.691973,0.0,-1.304347826086948,,,2026-08-24T15:59:09.629278+00:00,,120
2026-08-24,BTCT,trail_activate+1_lock+1_distance1_floor-1,reclaim,resting,STOP_LIMIT,2026-08-24T13:49:29+00:00,,1787590980000,1787592480000,2026-08-24T17:31:00+00:00,2026-08-24T17:44:34.414000+00:00,2.13,,2.1087,2.1513,2026-08-24T17:44:57.253947+00:00,2.17,2.1513,2026-08-24T17:44:57.547018+00:00,2026-08-24T17:44:57.547267+00:00,2.15,trail,0.9389671361502356,23.133267,1.8779342723004713,-0.9389671361502356,2026-08-24T17:44:57.253947+00:00,,,,251
2026-08-24,BTCT,trail_activate+1_lock+1_distance1_floor-1,first,resting,STOP_LIMIT,2026-08-24T13:49:29+00:00,,1787594280000,0,2026-08-24T18:10:00+00:00,2026-08-24T18:11:02.196000+00:00,2.06,,2.0394,2.0806,,,,2026-08-24T18:11:23.702105+00:00,2026-08-24T18:11:23.702891+00:00,2.03,floor,-1.4563106796116625,21.506891,0.4854368932038731,-1.4563106796116625,,,2026-08-24T18:11:23.702105+00:00,,585
2026-08-24,BTCT,trail_activate+1_lock+1_distance1_floor-1,reclaim,resting,STOP_LIMIT,2026-08-24T13:49:29+00:00,,1787594280000,1787597220000,2026-08-24T18:50:00+00:00,2026-08-24T19:15:33.876000+00:00,1.97,,1.9503,1.9897,,,,2026-08-24T19:16:25.316883+00:00,2026-08-24T19:16:25.317123+00:00,1.95,floor,-1.0152284263959401,51.441123,0.0,-1.0152284263959401,,,2026-08-24T19:16:25.316883+00:00,,97
2026-08-24,BTCT,trail_activate+1_lock+1_distance1_floor-1,first,resting,STOP_LIMIT,2026-08-24T13:49:29+00:00,,1787599500000,0,2026-08-24T19:41:00+00:00,2026-08-24T19:43:51.469000+00:00,1.87,,1.8513000000000002,1.8887,,,,2026-08-24T19:44:06.881789+00:00,2026-08-24T19:44:06.882079+00:00,1.85,floor,-1.0695187165775408,15.413079,0.0,-1.0695187165775408,,,2026-08-24T19:44:06.881789+00:00,,70
2026-08-24,BTCT,trail_activate+1_lock+1_distance2_floor-1,first,resting,limit,2026-08-24T11:46:11+00:00,2026-08-24T13:42:34.628000+00:00,1787577900000,0,2026-08-24T13:26:57.301000+00:00,2026-08-24T13:26:57.301000+00:00,1.68,,1.6632,1.6967999999999999,,,,2026-08-24T13:28:38.272615+00:00,2026-08-24T13:28:38.273015+00:00,1.66,floor,-1.1904761904761916,100.972015,0.0,-1.1904761904761916,,,2026-08-24T13:28:38.272615+00:00,,621
2026-08-24,BTCT,trail_activate+1_lock+1_distance2_floor-1,first,resting,STOP_LIMIT,2026-08-24T13:49:29+00:00,,1787579400000,0,2026-08-24T13:51:00+00:00,2026-08-24T13:54:55.941000+00:00,1.63,,1.6137,1.6462999999999999,,,,2026-08-24T13:55:14.962964+00:00,2026-08-24T13:55:14.982250+00:00,1.61,floor,-1.2269938650306624,19.04125,0.0,-1.2269938650306624,,,2026-08-24T13:55:14.962964+00:00,,120
2026-08-24,BTCT,trail_activate+1_lock+1_distance2_floor-1,reclaim,resting,STOP_LIMIT,2026-08-24T13:49:29+00:00,,1787579400000,1787579640000,2026-08-24T13:57:00+00:00,2026-08-24T14:02:04.644000+00:00,1.67,,1.6533,1.6866999999999999,2026-08-24T14:03:14.348536+00:00,1.76,1.7247999999999999,2026-08-24T14:03:18.487052+00:00,2026-08-24T14:03:18.487478+00:00,1.72,trail,2.994011976047907,73.843478,5.389221556886232,-0.5988023952095813,2026-08-24T14:03:14.348536+00:00,2026-08-24T14:03:14.374971+00:00,,,1259
2026-08-24,BTCT,trail_activate+1_lock+1_distance2_floor-1,first,resting,STOP_LIMIT,2026-08-24T13:49:29+00:00,,1787584380000,0,2026-08-24T15:14:00+00:00,2026-08-24T15:17:42.456000+00:00,2.37,,2.3463000000000003,2.3937,,,,2026-08-24T15:18:11.247135+00:00,2026-08-24T15:18:11.247569+00:00,2.34,floor,-1.2658227848101369,28.791569,0.42194092827003316,-1.2658227848101369,,,2026-08-24T15:18:11.247135+00:00,,545
2026-08-24,BTCT,trail_activate+1_lock+1_distance2_floor-1,first,resting,STOP_LIMIT,2026-08-24T13:49:29+00:00,,1787585760000,0,2026-08-24T15:56:00+00:00,2026-08-24T15:59:00.938000+00:00,2.3,,2.2769999999999997,2.323,,,,2026-08-24T15:59:09.629278+00:00,2026-08-24T15:59:09.629973+00:00,2.27,floor,-1.304347826086948,8.691973,0.0,-1.304347826086948,,,2026-08-24T15:59:09.629278+00:00,,120
2026-08-24,BTCT,trail_activate+1_lock+1_distance2_floor-1,reclaim,resting,STOP_LIMIT,2026-08-24T13:49:29+00:00,,1787590980000,1787592480000,2026-08-24T17:31:00+00:00,2026-08-24T17:44:34.414000+00:00,2.13,,2.1087,2.1513,2026-08-24T17:44:57.253947+00:00,2.17,2.1513,2026-08-24T17:44:57.547018+00:00,2026-08-24T17:44:57.547267+00:00,2.15,trail,0.9389671361502356,23.133267,1.8779342723004713,-0.9389671361502356,2026-08-24T17:44:57.253947+00:00,,,,251
2026-08-24,BTCT,trail_activate+1_lock+1_distance2_floor-1,first,resting,STOP_LIMIT,2026-08-24T13:49:29+00:00,,1787594280000,0,2026-08-24T18:10:00+00:00,2026-08-24T18:11:02.196000+00:00,2.06,,2.0394,2.0806,,,,2026-08-24T18:11:23.702105+00:00,2026-08-24T18:11:23.702891+00:00,2.03,floor,-1.4563106796116625,21.506891,0.4854368932038731,-1.4563106796116625,,,2026-08-24T18:11:23.702105+00:00,,585
2026-08-24,BTCT,trail_activate+1_lock+1_distance2_floor-1,reclaim,resting,STOP_LIMIT,2026-08-24T13:49:29+00:00,,1787594280000,1787597220000,2026-08-24T18:50:00+00:00,2026-08-24T19:15:33.876000+00:00,1.97,,1.9503,1.9897,,,,2026-08-24T19:16:25.316883+00:00,2026-08-24T19:16:25.317123+00:00,1.95,floor,-1.0152284263959401,51.441123,0.0,-1.0152284263959401,,,2026-08-24T19:16:25.316883+00:00,,97
2026-08-24,BTCT,trail_activate+1_lock+1_distance2_floor-1,first,resting,STOP_LIMIT,2026-08-24T13:49:29+00:00,,1787599500000,0,2026-08-24T19:41:00+00:00,2026-08-24T19:43:51.469000+00:00,1.87,,1.8513000000000002,1.8887,,,,2026-08-24T19:44:06.881789+00:00,2026-08-24T19:44:06.882079+00:00,1.85,floor,-1.0695187165775408,15.413079,0.0,-1.0695187165775408,,,2026-08-24T19:44:06.881789+00:00,,70
2026-08-24,BTCT,trail_activate+2_lock+2_distance1_floor-1,first,resting,limit,2026-08-24T11:46:11+00:00,2026-08-24T13:42:34.628000+00:00,1787577900000,0,2026-08-24T13:26:57.301000+00:00,2026-08-24T13:26:57.301000+00:00,1.68,,1.6632,1.7136,,,,2026-08-24T13:28:38.272615+00:00,2026-08-24T13:28:38.273015+00:00,1.66,floor,-1.1904761904761916,100.972015,0.0,-1.1904761904761916,,,2026-08-24T13:28:38.272615+00:00,,621
2026-08-24,BTCT,trail_activate+2_lock+2_distance1_floor-1,first,resting,STOP_LIMIT,2026-08-24T13:49:29+00:00,,1787579400000,0,2026-08-24T13:51:00+00:00,2026-08-24T13:54:55.941000+00:00,1.63,,1.6137,1.6625999999999999,,,,2026-08-24T13:55:14.962964+00:00,2026-08-24T13:55:14.982250+00:00,1.61,floor,-1.2269938650306624,19.04125,0.0,-1.2269938650306624,,,2026-08-24T13:55:14.962964+00:00,,120
2026-08-24,BTCT,trail_activate+2_lock+2_distance1_floor-1,reclaim,resting,STOP_LIMIT,2026-08-24T13:49:29+00:00,,1787579400000,1787579640000,2026-08-24T13:57:00+00:00,2026-08-24T14:02:04.644000+00:00,1.67,,1.6533,1.7034,2026-08-24T14:03:14.374971+00:00,1.76,1.7424,2026-08-24T14:03:14.574036+00:00,2026-08-24T14:03:14.574170+00:00,1.74,trail,4.19161676646707,69.93017,5.389221556886232,-0.5988023952095813,2026-08-24T14:03:14.348536+00:00,2026-08-24T14:03:14.374971+00:00,,,1113
2026-08-24,BTCT,trail_activate+2_lock+2_distance1_floor-1,first,resting,STOP_LIMIT,2026-08-24T13:49:29+00:00,,1787584380000,0,2026-08-24T15:14:00+00:00,2026-08-24T15:17:42.456000+00:00,2.37,,2.3463000000000003,2.4174,,,,2026-08-24T15:18:11.247135+00:00,2026-08-24T15:18:11.247569+00:00,2.34,floor,-1.2658227848101369,28.791569,0.42194092827003316,-1.2658227848101369,,,2026-08-24T15:18:11.247135+00:00,,545
2026-08-24,BTCT,trail_activate+2_lock+2_distance1_floor-1,first,resting,STOP_LIMIT,2026-08-24T13:49:29+00:00,,1787585760000,0,2026-08-24T15:56:00+00:00,2026-08-24T15:59:00.938000+00:00,2.3,,2.2769999999999997,2.3459999999999996,,,,2026-08-24T15:59:09.629278+00:00,2026-08-24T15:59:09.629973+00:00,2.27,floor,-1.304347826086948,8.691973,0.0,-1.304347826086948,,,2026-08-24T15:59:09.629278+00:00,,120
2026-08-24,BTCT,trail_activate+2_lock+2_distance1_floor-1,reclaim,resting,STOP_LIMIT,2026-08-24T13:49:29+00:00,,1787590980000,1787592480000,2026-08-24T17:31:00+00:00,2026-08-24T17:44:34.414000+00:00,2.13,,2.1087,2.1726,2026-08-24T17:45:10.114679+00:00,2.19,2.1726,2026-08-24T17:45:10.739954+00:00,2026-08-24T17:45:10.742249+00:00,2.17,trail,1.8779342723004713,36.328249,2.8169014084507067,-0.9389671361502356,2026-08-24T17:44:57.253947+00:00,2026-08-24T17:45:10.114679+00:00,,,442
2026-08-24,BTCT,trail_activate+2_lock+2_distance1_floor-1,first,resting,STOP_LIMIT,2026-08-24T13:49:29+00:00,,1787594280000,0,2026-08-24T18:10:00+00:00,2026-08-24T18:11:02.196000+00:00,2.06,,2.0394,2.1012,,,,2026-08-24T18:11:23.702105+00:00,2026-08-24T18:11:23.702891+00:00,2.03,floor,-1.4563106796116625,21.506891,0.4854368932038731,-1.4563106796116625,,,2026-08-24T18:11:23.702105+00:00,,585
2026-08-24,BTCT,trail_activate+2_lock+2_distance1_floor-1,reclaim,resting,STOP_LIMIT,2026-08-24T13:49:29+00:00,,1787594280000,1787597220000,2026-08-24T18:50:00+00:00,2026-08-24T19:15:33.876000+00:00,1.97,,1.9503,2.0094,,,,2026-08-24T19:16:25.316883+00:00,2026-08-24T19:16:25.317123+00:00,1.95,floor,-1.0152284263959401,51.441123,0.0,-1.0152284263959401,,,2026-08-24T19:16:25.316883+00:00,,97
2026-08-24,BTCT,trail_activate+2_lock+2_distance1_floor-1,first,resting,STOP_LIMIT,2026-08-24T13:49:29+00:00,,1787599500000,0,2026-08-24T19:41:00+00:00,2026-08-24T19:43:51.469000+00:00,1.87,,1.8513000000000002,1.9074000000000002,,,,2026-08-24T19:44:06.881789+00:00,2026-08-24T19:44:06.882079+00:00,1.85,floor,-1.0695187165775408,15.413079,0.0,-1.0695187165775408,,,2026-08-24T19:44:06.881789+00:00,,70
2026-08-24,BTCT,trail_activate+2_lock+2_distance2_floor-1,first,resting,limit,2026-08-24T11:46:11+00:00,2026-08-24T13:42:34.628000+00:00,1787577900000,0,2026-08-24T13:26:57.301000+00:00,2026-08-24T13:26:57.301000+00:00,1.68,,1.6632,1.7136,,,,2026-08-24T13:28:38.272615+00:00,2026-08-24T13:28:38.273015+00:00,1.66,floor,-1.1904761904761916,100.972015,0.0,-1.1904761904761916,,,2026-08-24T13:28:38.272615+00:00,,621
2026-08-24,BTCT,trail_activate+2_lock+2_distance2_floor-1,first,resting,STOP_LIMIT,2026-08-24T13:49:29+00:00,,1787579400000,0,2026-08-24T13:51:00+00:00,2026-08-24T13:54:55.941000+00:00,1.63,,1.6137,1.6625999999999999,,,,2026-08-24T13:55:14.962964+00:00,2026-08-24T13:55:14.982250+00:00,1.61,floor,-1.2269938650306624,19.04125,0.0,-1.2269938650306624,,,2026-08-24T13:55:14.962964+00:00,,120
2026-08-24,BTCT,trail_activate+2_lock+2_distance2_floor-1,reclaim,resting,STOP_LIMIT,2026-08-24T13:49:29+00:00,,1787579400000,1787579640000,2026-08-24T13:57:00+00:00,2026-08-24T14:02:04.644000+00:00,1.67,,1.6533,1.7034,2026-08-24T14:03:14.374971+00:00,1.76,1.7247999999999999,2026-08-24T14:03:18.487052+00:00,2026-08-24T14:03:18.487478+00:00,1.72,trail,2.994011976047907,73.843478,5.389221556886232,-0.5988023952095813,2026-08-24T14:03:14.348536+00:00,2026-08-24T14:03:14.374971+00:00,,,1259
2026-08-24,BTCT,trail_activate+2_lock+2_distance2_floor-1,first,resting,STOP_LIMIT,2026-08-24T13:49:29+00:00,,1787584380000,0,2026-08-24T15:14:00+00:00,2026-08-24T15:17:42.456000+00:00,2.37,,2.3463000000000003,2.4174,,,,2026-08-24T15:18:11.247135+00:00,2026-08-24T15:18:11.247569+00:00,2.34,floor,-1.2658227848101369,28.791569,0.42194092827003316,-1.2658227848101369,,,2026-08-24T15:18:11.247135+00:00,,545
2026-08-24,BTCT,trail_activate+2_lock+2_distance2_floor-1,first,resting,STOP_LIMIT,2026-08-24T13:49:29+00:00,,1787585760000,0,2026-08-24T15:56:00+00:00,2026-08-24T15:59:00.938000+00:00,2.3,,2.2769999999999997,2.3459999999999996,,,,2026-08-24T15:59:09.629278+00:00,2026-08-24T15:59:09.629973+00:00,2.27,floor,-1.304347826086948,8.691973,0.0,-1.304347826086948,,,2026-08-24T15:59:09.629278+00:00,,120
2026-08-24,BTCT,trail_activate+2_lock+2_distance2_floor-1,reclaim,resting,STOP_LIMIT,2026-08-24T13:49:29+00:00,,1787590980000,1787592480000,2026-08-24T17:31:00+00:00,2026-08-24T17:44:34.414000+00:00,2.13,,2.1087,2.1726,2026-08-24T17:45:10.114679+00:00,2.19,2.1726,2026-08-24T17:45:10.739954+00:00,2026-08-24T17:45:10.742249+00:00,2.17,trail,1.8779342723004713,36.328249,2.8169014084507067,-0.9389671361502356,2026-08-24T17:44:57.253947+00:00,2026-08-24T17:45:10.114679+00:00,,,442
2026-08-24,BTCT,trail_activate+2_lock+2_distance2_floor-1,first,resting,STOP_LIMIT,2026-08-24T13:49:29+00:00,,1787594280000,0,2026-08-24T18:10:00+00:00,2026-08-24T18:11:02.196000+00:00,2.06,,2.0394,2.1012,,,,2026-08-24T18:11:23.702105+00:00,2026-08-24T18:11:23.702891+00:00,2.03,floor,-1.4563106796116625,21.506891,0.4854368932038731,-1.4563106796116625,,,2026-08-24T18:11:23.702105+00:00,,585
2026-08-24,BTCT,trail_activate+2_lock+2_distance2_floor-1,reclaim,resting,STOP_LIMIT,2026-08-24T13:49:29+00:00,,1787594280000,1787597220000,2026-08-24T18:50:00+00:00,2026-08-24T19:15:33.876000+00:00,1.97,,1.9503,2.0094,,,,2026-08-24T19:16:25.316883+00:00,2026-08-24T19:16:25.317123+00:00,1.95,floor,-1.0152284263959401,51.441123,0.0,-1.0152284263959401,,,2026-08-24T19:16:25.316883+00:00,,97
2026-08-24,BTCT,trail_activate+2_lock+2_distance2_floor-1,first,resting,STOP_LIMIT,2026-08-24T13:49:29+00:00,,1787599500000,0,2026-08-24T19:41:00+00:00,2026-08-24T19:43:51.469000+00:00,1.87,,1.8513000000000002,1.9074000000000002,,,,2026-08-24T19:44:06.881789+00:00,2026-08-24T19:44:06.882079+00:00,1.85,floor,-1.0695187165775408,15.413079,0.0,-1.0695187165775408,,,2026-08-24T19:44:06.881789+00:00,,70
2026-08-24,BTCT,trail_activate+1_lock+1_distance1_floor+0,first,resting,limit,2026-08-24T11:46:11+00:00,2026-08-24T13:42:34.628000+00:00,1787577900000,0,2026-08-24T13:26:57.301000+00:00,2026-08-24T13:26:57.301000+00:00,1.68,,1.68,1.6967999999999999,,,,2026-08-24T13:26:57.381664+00:00,2026-08-24T13:26:57.382128+00:00,1.68,floor,0.0,0.081128,0.0,0.0,,,,,2
2026-08-24,BTCT,trail_activate+1_lock+1_distance1_floor+0,first,resting,STOP_LIMIT,2026-08-24T13:49:29+00:00,,1787579400000,0,2026-08-24T13:51:00+00:00,2026-08-24T13:54:55.941000+00:00,1.63,,1.63,1.6462999999999999,,,,2026-08-24T13:54:56.078843+00:00,2026-08-24T13:54:56.079343+00:00,1.62,floor,-0.6134969325153244,0.138343,0.0,-0.6134969325153244,,,,,2
2026-08-24,BTCT,trail_activate+1_lock+1_distance1_floor+0,reclaim,resting,STOP_LIMIT,2026-08-24T13:49:29+00:00,,1787579400000,1787579640000,2026-08-24T13:57:00+00:00,2026-08-24T14:02:04.644000+00:00,1.67,,1.67,1.6866999999999999,,,,2026-08-24T14:02:04.644235+00:00,2026-08-24T14:02:04.644577+00:00,1.67,floor,0.0,0.000577,0.0,0.0,,,,,2
2026-08-24,BTCT,trail_activate+1_lock+1_distance1_floor+0,first,resting,STOP_LIMIT,2026-08-24T13:49:29+00:00,,1787584380000,0,2026-08-24T15:14:00+00:00,2026-08-24T15:17:42.456000+00:00,2.37,,2.37,2.3937,,,,2026-08-24T15:17:43.187207+00:00,2026-08-24T15:17:43.205582+00:00,2.35,floor,-0.8438818565400852,0.749582,0.0,-0.8438818565400852,,,,,2
2026-08-24,BTCT,trail_activate+1_lock+1_distance1_floor+0,first,resting,STOP_LIMIT,2026-08-24T13:49:29+00:00,,1787585760000,0,2026-08-24T15:56:00+00:00,2026-08-24T15:59:00.938000+00:00,2.3,,2.3,2.323,,,,2026-08-24T15:59:01.168357+00:00,2026-08-24T15:59:01.170525+00:00,2.29,floor,-0.4347826086956429,0.232525,0.0,-0.4347826086956429,,,,,2
2026-08-24,BTCT,trail_activate+1_lock+1_distance1_floor+0,reclaim,resting,STOP_LIMIT,2026-08-24T13:49:29+00:00,,1787590980000,1787592480000,2026-08-24T17:31:00+00:00,2026-08-24T17:44:34.414000+00:00,2.13,,2.13,2.1513,,,,2026-08-24T17:44:34.618033+00:00,2026-08-24T17:44:34.632830+00:00,2.11,floor,-0.9389671361502356,0.21883,0.0,-0.9389671361502356,,,,,2
2026-08-24,BTCT,trail_activate+1_lock+1_distance1_floor+0,first,resting,STOP_LIMIT,2026-08-24T13:49:29+00:00,,1787594280000,0,2026-08-24T18:10:00+00:00,2026-08-24T18:11:02.196000+00:00,2.06,,2.06,2.0806,,,,2026-08-24T18:11:02.291914+00:00,2026-08-24T18:11:02.292758+00:00,2.05,floor,-0.4854368932038947,0.096758,0.0,-0.4854368932038947,,,,,2
2026-08-24,BTCT,trail_activate+1_lock+1_distance1_floor+0,reclaim,resting,STOP_LIMIT,2026-08-24T13:49:29+00:00,,1787594280000,1787597220000,2026-08-24T18:50:00+00:00,2026-08-24T19:15:33.876000+00:00,1.97,,1.97,1.9897,,,,2026-08-24T19:15:33.897238+00:00,2026-08-24T19:15:33.903225+00:00,1.96,floor,-0.5076142131979701,0.027225,0.0,-0.5076142131979701,,,,,2
2026-08-24,BTCT,trail_activate+1_lock+1_distance1_floor+0,first,resting,STOP_LIMIT,2026-08-24T13:49:29+00:00,,1787599500000,0,2026-08-24T19:41:00+00:00,2026-08-24T19:43:51.469000+00:00,1.87,,1.87,1.8887,,,,2026-08-24T19:43:51.531454+00:00,2026-08-24T19:43:52.113878+00:00,1.86,floor,-0.5347593582887704,0.644878,0.0,-0.5347593582887704,,,,,2
2026-08-24,BTCT,trail_activate+1_lock+1_distance2_floor+0,first,resting,limit,2026-08-24T11:46:11+00:00,2026-08-24T13:42:34.628000+00:00,1787577900000,0,2026-08-24T13:26:57.301000+00:00,2026-08-24T13:26:57.301000+00:00,1.68,,1.68,1.6967999999999999,,,,2026-08-24T13:26:57.381664+00:00,2026-08-24T13:26:57.382128+00:00,1.68,floor,0.0,0.081128,0.0,0.0,,,,,2
2026-08-24,BTCT,trail_activate+1_lock+1_distance2_floor+0,first,resting,STOP_LIMIT,2026-08-24T13:49:29+00:00,,1787579400000,0,2026-08-24T13:51:00+00:00,2026-08-24T13:54:55.941000+00:00,1.63,,1.63,1.6462999999999999,,,,2026-08-24T13:54:56.078843+00:00,2026-08-24T13:54:56.079343+00:00,1.62,floor,-0.6134969325153244,0.138343,0.0,-0.6134969325153244,,,,,2
2026-08-24,BTCT,trail_activate+1_lock+1_distance2_floor+0,reclaim,resting,STOP_LIMIT,2026-08-24T13:49:29+00:00,,1787579400000,1787579640000,2026-08-24T13:57:00+00:00,2026-08-24T14:02:04.644000+00:00,1.67,,1.67,1.6866999999999999,,,,2026-08-24T14:02:04.644235+00:00,2026-08-24T14:02:04.644577+00:00,1.67,floor,0.0,0.000577,0.0,0.0,,,,,2
2026-08-24,BTCT,trail_activate+1_lock+1_distance2_floor+0,first,resting,STOP_LIMIT,2026-08-24T13:49:29+00:00,,1787584380000,0,2026-08-24T15:14:00+00:00,2026-08-24T15:17:42.456000+00:00,2.37,,2.37,2.3937,,,,2026-08-24T15:17:43.187207+00:00,2026-08-24T15:17:43.205582+00:00,2.35,floor,-0.8438818565400852,0.749582,0.0,-0.8438818565400852,,,,,2
2026-08-24,BTCT,trail_activate+1_lock+1_distance2_floor+0,first,resting,STOP_LIMIT,2026-08-24T13:49:29+00:00,,1787585760000,0,2026-08-24T15:56:00+00:00,2026-08-24T15:59:00.938000+00:00,2.3,,2.3,2.323,,,,2026-08-24T15:59:01.168357+00:00,2026-08-24T15:59:01.170525+00:00,2.29,floor,-0.4347826086956429,0.232525,0.0,-0.4347826086956429,,,,,2
2026-08-24,BTCT,trail_activate+1_lock+1_distance2_floor+0,reclaim,resting,STOP_LIMIT,2026-08-24T13:49:29+00:00,,1787590980000,1787592480000,2026-08-24T17:31:00+00:00,2026-08-24T17:44:34.414000+00:00,2.13,,2.13,2.1513,,,,2026-08-24T17:44:34.618033+00:00,2026-08-24T17:44:34.632830+00:00,2.11,floor,-0.9389671361502356,0.21883,0.0,-0.9389671361502356,,,,,2
2026-08-24,BTCT,trail_activate+1_lock+1_distance2_floor+0,first,resting,STOP_LIMIT,2026-08-24T13:49:29+00:00,,1787594280000,0,2026-08-24T18:10:00+00:00,2026-08-24T18:11:02.196000+00:00,2.06,,2.06,2.0806,,,,2026-08-24T18:11:02.291914+00:00,2026-08-24T18:11:02.292758+00:00,2.05,floor,-0.4854368932038947,0.096758,0.0,-0.4854368932038947,,,,,2
2026-08-24,BTCT,trail_activate+1_lock+1_distance2_floor+0,reclaim,resting,STOP_LIMIT,2026-08-24T13:49:29+00:00,,1787594280000,1787597220000,2026-08-24T18:50:00+00:00,2026-08-24T19:15:33.876000+00:00,1.97,,1.97,1.9897,,,,2026-08-24T19:15:33.897238+00:00,2026-08-24T19:15:33.903225+00:00,1.96,floor,-0.5076142131979701,0.027225,0.0,-0.5076142131979701,,,,,2
2026-08-24,BTCT,trail_activate+1_lock+1_distance2_floor+0,first,resting,STOP_LIMIT,2026-08-24T13:49:29+00:00,,1787599500000,0,2026-08-24T19:41:00+00:00,2026-08-24T19:43:51.469000+00:00,1.87,,1.87,1.8887,,,,2026-08-24T19:43:51.531454+00:00,2026-08-24T19:43:52.113878+00:00,1.86,floor,-0.5347593582887704,0.644878,0.0,-0.5347593582887704,,,,,2
2026-08-24,BTCT,trail_activate+2_lock+2_distance1_floor+0,first,resting,limit,2026-08-24T11:46:11+00:00,2026-08-24T13:42:34.628000+00:00,1787577900000,0,2026-08-24T13:26:57.301000+00:00,2026-08-24T13:26:57.301000+00:00,1.68,,1.68,1.7136,,,,2026-08-24T13:26:57.381664+00:00,2026-08-24T13:26:57.382128+00:00,1.68,floor,0.0,0.081128,0.0,0.0,,,,,2
2026-08-24,BTCT,trail_activate+2_lock+2_distance1_floor+0,first,resting,STOP_LIMIT,2026-08-24T13:49:29+00:00,,1787579400000,0,2026-08-24T13:51:00+00:00,2026-08-24T13:54:55.941000+00:00,1.63,,1.63,1.6625999999999999,,,,2026-08-24T13:54:56.078843+00:00,2026-08-24T13:54:56.079343+00:00,1.62,floor,-0.6134969325153244,0.138343,0.0,-0.6134969325153244,,,,,2
2026-08-24,BTCT,trail_activate+2_lock+2_distance1_floor+0,reclaim,resting,STOP_LIMIT,2026-08-24T13:49:29+00:00,,1787579400000,1787579640000,2026-08-24T13:57:00+00:00,2026-08-24T14:02:04.644000+00:00,1.67,,1.67,1.7034,,,,2026-08-24T14:02:04.644235+00:00,2026-08-24T14:02:04.644577+00:00,1.67,floor,0.0,0.000577,0.0,0.0,,,,,2
2026-08-24,BTCT,trail_activate+2_lock+2_distance1_floor+0,first,resting,STOP_LIMIT,2026-08-24T13:49:29+00:00,,1787584380000,0,2026-08-24T15:14:00+00:00,2026-08-24T15:17:42.456000+00:00,2.37,,2.37,2.4174,,,,2026-08-24T15:17:43.187207+00:00,2026-08-24T15:17:43.205582+00:00,2.35,floor,-0.8438818565400852,0.749582,0.0,-0.8438818565400852,,,,,2
2026-08-24,BTCT,trail_activate+2_lock+2_distance1_floor+0,first,resting,STOP_LIMIT,2026-08-24T13:49:29+00:00,,1787585760000,0,2026-08-24T15:56:00+00:00,2026-08-24T15:59:00.938000+00:00,2.3,,2.3,2.3459999999999996,,,,2026-08-24T15:59:01.168357+00:00,2026-08-24T15:59:01.170525+00:00,2.29,floor,-0.4347826086956429,0.232525,0.0,-0.4347826086956429,,,,,2
2026-08-24,BTCT,trail_activate+2_lock+2_distance1_floor+0,reclaim,resting,STOP_LIMIT,2026-08-24T13:49:29+00:00,,1787590980000,1787592480000,2026-08-24T17:31:00+00:00,2026-08-24T17:44:34.414000+00:00,2.13,,2.13,2.1726,,,,2026-08-24T17:44:34.618033+00:00,2026-08-24T17:44:34.632830+00:00,2.11,floor,-0.9389671361502356,0.21883,0.0,-0.9389671361502356,,,,,2
2026-08-24,BTCT,trail_activate+2_lock+2_distance1_floor+0,first,resting,STOP_LIMIT,2026-08-24T13:49:29+00:00,,1787594280000,0,2026-08-24T18:10:00+00:00,2026-08-24T18:11:02.196000+00:00,2.06,,2.06,2.1012,,,,2026-08-24T18:11:02.291914+00:00,2026-08-24T18:11:02.292758+00:00,2.05,floor,-0.4854368932038947,0.096758,0.0,-0.4854368932038947,,,,,2
2026-08-24,BTCT,trail_activate+2_lock+2_distance1_floor+0,reclaim,resting,STOP_LIMIT,2026-08-24T13:49:29+00:00,,1787594280000,1787597220000,2026-08-24T18:50:00+00:00,2026-08-24T19:15:33.876000+00:00,1.97,,1.97,2.0094,,,,2026-08-24T19:15:33.897238+00:00,2026-08-24T19:15:33.903225+00:00,1.96,floor,-0.5076142131979701,0.027225,0.0,-0.5076142131979701,,,,,2
2026-08-24,BTCT,trail_activate+2_lock+2_distance1_floor+0,first,resting,STOP_LIMIT,2026-08-24T13:49:29+00:00,,1787599500000,0,2026-08-24T19:41:00+00:00,2026-08-24T19:43:51.469000+00:00,1.87,,1.87,1.9074000000000002,,,,2026-08-24T19:43:51.531454+00:00,2026-08-24T19:43:52.113878+00:00,1.86,floor,-0.5347593582887704,0.644878,0.0,-0.5347593582887704,,,,,2
2026-08-24,BTCT,trail_activate+2_lock+2_distance2_floor+0,first,resting,limit,2026-08-24T11:46:11+00:00,2026-08-24T13:42:34.628000+00:00,1787577900000,0,2026-08-24T13:26:57.301000+00:00,2026-08-24T13:26:57.301000+00:00,1.68,,1.68,1.7136,,,,2026-08-24T13:26:57.381664+00:00,2026-08-24T13:26:57.382128+00:00,1.68,floor,0.0,0.081128,0.0,0.0,,,,,2
2026-08-24,BTCT,trail_activate+2_lock+2_distance2_floor+0,first,resting,STOP_LIMIT,2026-08-24T13:49:29+00:00,,1787579400000,0,2026-08-24T13:51:00+00:00,2026-08-24T13:54:55.941000+00:00,1.63,,1.63,1.6625999999999999,,,,2026-08-24T13:54:56.078843+00:00,2026-08-24T13:54:56.079343+00:00,1.62,floor,-0.6134969325153244,0.138343,0.0,-0.6134969325153244,,,,,2
2026-08-24,BTCT,trail_activate+2_lock+2_distance2_floor+0,reclaim,resting,STOP_LIMIT,2026-08-24T13:49:29+00:00,,1787579400000,1787579640000,2026-08-24T13:57:00+00:00,2026-08-24T14:02:04.644000+00:00,1.67,,1.67,1.7034,,,,2026-08-24T14:02:04.644235+00:00,2026-08-24T14:02:04.644577+00:00,1.67,floor,0.0,0.000577,0.0,0.0,,,,,2
2026-08-24,BTCT,trail_activate+2_lock+2_distance2_floor+0,first,resting,STOP_LIMIT,2026-08-24T13:49:29+00:00,,1787584380000,0,2026-08-24T15:14:00+00:00,2026-08-24T15:17:42.456000+00:00,2.37,,2.37,2.4174,,,,2026-08-24T15:17:43.187207+00:00,2026-08-24T15:17:43.205582+00:00,2.35,floor,-0.8438818565400852,0.749582,0.0,-0.8438818565400852,,,,,2
2026-08-24,BTCT,trail_activate+2_lock+2_distance2_floor+0,first,resting,STOP_LIMIT,2026-08-24T13:49:29+00:00,,1787585760000,0,2026-08-24T15:56:00+00:00,2026-08-24T15:59:00.938000+00:00,2.3,,2.3,2.3459999999999996,,,,2026-08-24T15:59:01.168357+00:00,2026-08-24T15:59:01.170525+00:00,2.29,floor,-0.4347826086956429,0.232525,0.0,-0.4347826086956429,,,,,2
2026-08-24,BTCT,trail_activate+2_lock+2_distance2_floor+0,reclaim,resting,STOP_LIMIT,2026-08-24T13:49:29+00:00,,1787590980000,1787592480000,2026-08-24T17:31:00+00:00,2026-08-24T17:44:34.414000+00:00,2.13,,2.13,2.1726,,,,2026-08-24T17:44:34.618033+00:00,2026-08-24T17:44:34.632830+00:00,2.11,floor,-0.9389671361502356,0.21883,0.0,-0.9389671361502356,,,,,2
2026-08-24,BTCT,trail_activate+2_lock+2_distance2_floor+0,first,resting,STOP_LIMIT,2026-08-24T13:49:29+00:00,,1787594280000,0,2026-08-24T18:10:00+00:00,2026-08-24T18:11:02.196000+00:00,2.06,,2.06,2.1012,,,,2026-08-24T18:11:02.291914+00:00,2026-08-24T18:11:02.292758+00:00,2.05,floor,-0.4854368932038947,0.096758,0.0,-0.4854368932038947,,,,,2
2026-08-24,BTCT,trail_activate+2_lock+2_distance2_floor+0,reclaim,resting,STOP_LIMIT,2026-08-24T13:49:29+00:00,,1787594280000,1787597220000,2026-08-24T18:50:00+00:00,2026-08-24T19:15:33.876000+00:00,1.97,,1.97,2.0094,,,,2026-08-24T19:15:33.897238+00:00,2026-08-24T19:15:33.903225+00:00,1.96,floor,-0.5076142131979701,0.027225,0.0,-0.5076142131979701,,,,,2
2026-08-24,BTCT,trail_activate+2_lock+2_distance2_floor+0,first,resting,STOP_LIMIT,2026-08-24T13:49:29+00:00,,1787599500000,0,2026-08-24T19:41:00+00:00,2026-08-24T19:43:51.469000+00:00,1.87,,1.87,1.9074000000000002,,,,2026-08-24T19:43:51.531454+00:00,2026-08-24T19:43:52.113878+00:00,1.86,floor,-0.5347593582887704,0.644878,0.0,-0.5347593582887704,,,,,2
2026-08-24,DAIC,trail_activate+1_lock+1_distance1_floor-1,first,resting,STOP_LIMIT,2026-08-24T13:44:37+00:00,,1787586420000,0,2026-08-24T15:48:00+00:00,2026-08-24T15:54:34.573000+00:00,2.25,,2.2275,2.2725,,,,2026-08-24T15:54:37.396238+00:00,2026-08-24T15:54:37.396746+00:00,2.22,floor,-1.3333333333333246,2.823746,0.0,-1.3333333333333246,,,2026-08-24T15:54:37.396238+00:00,,78
2026-08-24,DAIC,trail_activate+1_lock+1_distance1_floor-1,reclaim,reactive,market,2026-08-24T13:44:37+00:00,,1787589840000,1787590560000,2026-08-24T17:07:42.376000+00:00,2026-08-24T17:07:42.376000+00:00,2.98,,2.9502,3.0098,,,,2026-08-24T17:07:43.402737+00:00,2026-08-24T17:07:43.402918+00:00,2.95,floor,-1.0067114093959666,1.026918,0.0,-1.0067114093959666,,,2026-08-24T17:07:43.402737+00:00,,7
2026-08-24,DAIC,trail_activate+1_lock+1_distance2_floor-1,first,resting,STOP_LIMIT,2026-08-24T13:44:37+00:00,,1787586420000,0,2026-08-24T15:48:00+00:00,2026-08-24T15:54:34.573000+00:00,2.25,,2.2275,2.2725,,,,2026-08-24T15:54:37.396238+00:00,2026-08-24T15:54:37.396746+00:00,2.22,floor,-1.3333333333333246,2.823746,0.0,-1.3333333333333246,,,2026-08-24T15:54:37.396238+00:00,,78
2026-08-24,DAIC,trail_activate+1_lock+1_distance2_floor-1,reclaim,reactive,market,2026-08-24T13:44:37+00:00,,1787589840000,1787590560000,2026-08-24T17:07:42.376000+00:00,2026-08-24T17:07:42.376000+00:00,2.98,,2.9502,3.0098,,,,2026-08-24T17:07:43.402737+00:00,2026-08-24T17:07:43.402918+00:00,2.95,floor,-1.0067114093959666,1.026918,0.0,-1.0067114093959666,,,2026-08-24T17:07:43.402737+00:00,,7
2026-08-24,DAIC,trail_activate+2_lock+2_distance1_floor-1,first,resting,STOP_LIMIT,2026-08-24T13:44:37+00:00,,1787586420000,0,2026-08-24T15:48:00+00:00,2026-08-24T15:54:34.573000+00:00,2.25,,2.2275,2.295,,,,2026-08-24T15:54:37.396238+00:00,2026-08-24T15:54:37.396746+00:00,2.22,floor,-1.3333333333333246,2.823746,0.0,-1.3333333333333246,,,2026-08-24T15:54:37.396238+00:00,,78
2026-08-24,DAIC,trail_activate+2_lock+2_distance1_floor-1,reclaim,reactive,market,2026-08-24T13:44:37+00:00,,1787589840000,1787590560000,2026-08-24T17:07:42.376000+00:00,2026-08-24T17:07:42.376000+00:00,2.98,,2.9502,3.0396,,,,2026-08-24T17:07:43.402737+00:00,2026-08-24T17:07:43.402918+00:00,2.95,floor,-1.0067114093959666,1.026918,0.0,-1.0067114093959666,,,2026-08-24T17:07:43.402737+00:00,,7
2026-08-24,DAIC,trail_activate+2_lock+2_distance2_floor-1,first,resting,STOP_LIMIT,2026-08-24T13:44:37+00:00,,1787586420000,0,2026-08-24T15:48:00+00:00,2026-08-24T15:54:34.573000+00:00,2.25,,2.2275,2.295,,,,2026-08-24T15:54:37.396238+00:00,2026-08-24T15:54:37.396746+00:00,2.22,floor,-1.3333333333333246,2.823746,0.0,-1.3333333333333246,,,2026-08-24T15:54:37.396238+00:00,,78
2026-08-24,DAIC,trail_activate+2_lock+2_distance2_floor-1,reclaim,reactive,market,2026-08-24T13:44:37+00:00,,1787589840000,1787590560000,2026-08-24T17:07:42.376000+00:00,2026-08-24T17:07:42.376000+00:00,2.98,,2.9502,3.0396,,,,2026-08-24T17:07:43.402737+00:00,2026-08-24T17:07:43.402918+00:00,2.95,floor,-1.0067114093959666,1.026918,0.0,-1.0067114093959666,,,2026-08-24T17:07:43.402737+00:00,,7
2026-08-24,DAIC,trail_activate+1_lock+1_distance1_floor+0,first,resting,STOP_LIMIT,2026-08-24T13:44:37+00:00,,1787586420000,0,2026-08-24T15:48:00+00:00,2026-08-24T15:54:34.573000+00:00,2.25,,2.25,2.2725,,,,2026-08-24T15:54:34.622824+00:00,2026-08-24T15:54:34.946376+00:00,2.23,floor,-0.8888888888888897,0.373376,0.0,-0.8888888888888897,,,,,2
2026-08-24,DAIC,trail_activate+1_lock+1_distance1_floor+0,reclaim,reactive,market,2026-08-24T13:44:37+00:00,,1787589840000,1787590560000,2026-08-24T17:07:42.376000+00:00,2026-08-24T17:07:42.376000+00:00,2.98,,2.98,3.0098,,,,2026-08-24T17:07:43.366287+00:00,2026-08-24T17:07:43.398809+00:00,2.97,floor,-0.3355704697986506,1.022809,0.0,-0.3355704697986506,,,,,2
2026-08-24,DAIC,trail_activate+1_lock+1_distance2_floor+0,first,resting,STOP_LIMIT,2026-08-24T13:44:37+00:00,,1787586420000,0,2026-08-24T15:48:00+00:00,2026-08-24T15:54:34.573000+00:00,2.25,,2.25,2.2725,,,,2026-08-24T15:54:34.622824+00:00,2026-08-24T15:54:34.946376+00:00,2.23,floor,-0.8888888888888897,0.373376,0.0,-0.8888888888888897,,,,,2
2026-08-24,DAIC,trail_activate+1_lock+1_distance2_floor+0,reclaim,reactive,market,2026-08-24T13:44:37+00:00,,1787589840000,1787590560000,2026-08-24T17:07:42.376000+00:00,2026-08-24T17:07:42.376000+00:00,2.98,,2.98,3.0098,,,,2026-08-24T17:07:43.366287+00:00,2026-08-24T17:07:43.398809+00:00,2.97,floor,-0.3355704697986506,1.022809,0.0,-0.3355704697986506,,,,,2
2026-08-24,DAIC,trail_activate+2_lock+2_distance1_floor+0,first,resting,STOP_LIMIT,2026-08-24T13:44:37+00:00,,1787586420000,0,2026-08-24T15:48:00+00:00,2026-08-24T15:54:34.573000+00:00,2.25,,2.25,2.295,,,,2026-08-24T15:54:34.622824+00:00,2026-08-24T15:54:34.946376+00:00,2.23,floor,-0.8888888888888897,0.373376,0.0,-0.8888888888888897,,,,,2
2026-08-24,DAIC,trail_activate+2_lock+2_distance1_floor+0,reclaim,reactive,market,2026-08-24T13:44:37+00:00,,1787589840000,1787590560000,2026-08-24T17:07:42.376000+00:00,2026-08-24T17:07:42.376000+00:00,2.98,,2.98,3.0396,,,,2026-08-24T17:07:43.366287+00:00,2026-08-24T17:07:43.398809+00:00,2.97,floor,-0.3355704697986506,1.022809,0.0,-0.3355704697986506,,,,,2
2026-08-24,DAIC,trail_activate+2_lock+2_distance2_floor+0,first,resting,STOP_LIMIT,2026-08-24T13:44:37+00:00,,1787586420000,0,2026-08-24T15:48:00+00:00,2026-08-24T15:54:34.573000+00:00,2.25,,2.25,2.295,,,,2026-08-24T15:54:34.622824+00:00,2026-08-24T15:54:34.946376+00:00,2.23,floor,-0.8888888888888897,0.373376,0.0,-0.8888888888888897,,,,,2
2026-08-24,DAIC,trail_activate+2_lock+2_distance2_floor+0,reclaim,reactive,market,2026-08-24T13:44:37+00:00,,1787589840000,1787590560000,2026-08-24T17:07:42.376000+00:00,2026-08-24T17:07:42.376000+00:00,2.98,,2.98,3.0396,,,,2026-08-24T17:07:43.366287+00:00,2026-08-24T17:07:43.398809+00:00,2.97,floor,-0.3355704697986506,1.022809,0.0,-0.3355704697986506,,,,,2
2026-08-24,LUCY,trail_activate+1_lock+1_distance1_floor-1,reclaim,resting,STOP_LIMIT,2026-08-24T13:36:58+00:00,,1787600460000,1787601300000,2026-08-24T19:58:00+00:00,2026-08-24T19:59:30.749000+00:00,1.13,,1.1186999999999998,1.1413,,,,2026-08-24T19:59:31.011643+00:00,2026-08-24T19:59:31.012366+00:00,1.11,floor,-1.7699115044247606,0.263366,0.0,-1.7699115044247606,,,2026-08-24T19:59:31.011643+00:00,,2
2026-08-24,LUCY,trail_activate+1_lock+1_distance2_floor-1,reclaim,resting,STOP_LIMIT,2026-08-24T13:36:58+00:00,,1787600460000,1787601300000,2026-08-24T19:58:00+00:00,2026-08-24T19:59:30.749000+00:00,1.13,,1.1186999999999998,1.1413,,,,2026-08-24T19:59:31.011643+00:00,2026-08-24T19:59:31.012366+00:00,1.11,floor,-1.7699115044247606,0.263366,0.0,-1.7699115044247606,,,2026-08-24T19:59:31.011643+00:00,,2
2026-08-24,LUCY,trail_activate+2_lock+2_distance1_floor-1,reclaim,resting,STOP_LIMIT,2026-08-24T13:36:58+00:00,,1787600460000,1787601300000,2026-08-24T19:58:00+00:00,2026-08-24T19:59:30.749000+00:00,1.13,,1.1186999999999998,1.1525999999999998,,,,2026-08-24T19:59:31.011643+00:00,2026-08-24T19:59:31.012366+00:00,1.11,floor,-1.7699115044247606,0.263366,0.0,-1.7699115044247606,,,2026-08-24T19:59:31.011643+00:00,,2
2026-08-24,LUCY,trail_activate+2_lock+2_distance2_floor-1,reclaim,resting,STOP_LIMIT,2026-08-24T13:36:58+00:00,,1787600460000,1787601300000,2026-08-24T19:58:00+00:00,2026-08-24T19:59:30.749000+00:00,1.13,,1.1186999999999998,1.1525999999999998,,,,2026-08-24T19:59:31.011643+00:00,2026-08-24T19:59:31.012366+00:00,1.11,floor,-1.7699115044247606,0.263366,0.0,-1.7699115044247606,,,2026-08-24T19:59:31.011643+00:00,,2
2026-08-24,LUCY,trail_activate+1_lock+1_distance1_floor+0,reclaim,resting,STOP_LIMIT,2026-08-24T13:36:58+00:00,,1787600460000,1787601300000,2026-08-24T19:58:00+00:00,2026-08-24T19:59:30.749000+00:00,1.13,,1.13,1.1413,,,,2026-08-24T19:59:31.011643+00:00,2026-08-24T19:59:31.012366+00:00,1.11,floor,-1.7699115044247606,0.263366,0.0,-1.7699115044247606,,,2026-08-24T19:59:31.011643+00:00,,2
2026-08-24,LUCY,trail_activate+1_lock+1_distance2_floor+0,reclaim,resting,STOP_LIMIT,2026-08-24T13:36:58+00:00,,1787600460000,1787601300000,2026-08-24T19:58:00+00:00,2026-08-24T19:59:30.749000+00:00,1.13,,1.13,1.1413,,,,2026-08-24T19:59:31.011643+00:00,2026-08-24T19:59:31.012366+00:00,1.11,floor,-1.7699115044247606,0.263366,0.0,-1.7699115044247606,,,2026-08-24T19:59:31.011643+00:00,,2
2026-08-24,LUCY,trail_activate+2_lock+2_distance1_floor+0,reclaim,resting,STOP_LIMIT,2026-08-24T13:36:58+00:00,,1787600460000,1787601300000,2026-08-24T19:58:00+00:00,2026-08-24T19:59:30.749000+00:00,1.13,,1.13,1.1525999999999998,,,,2026-08-24T19:59:31.011643+00:00,2026-08-24T19:59:31.012366+00:00,1.11,floor,-1.7699115044247606,0.263366,0.0,-1.7699115044247606,,,2026-08-24T19:59:31.011643+00:00,,2
2026-08-24,LUCY,trail_activate+2_lock+2_distance2_floor+0,reclaim,resting,STOP_LIMIT,2026-08-24T13:36:58+00:00,,1787600460000,1787601300000,2026-08-24T19:58:00+00:00,2026-08-24T19:59:30.749000+00:00,1.13,,1.13,1.1525999999999998,,,,2026-08-24T19:59:31.011643+00:00,2026-08-24T19:59:31.012366+00:00,1.11,floor,-1.7699115044247606,0.263366,0.0,-1.7699115044247606,,,2026-08-24T19:59:31.011643+00:00,,2
2026-08-24,PMI,trail_activate+1_lock+1_distance1_floor-1,first,resting,limit,2026-08-24T08:16:49+00:00,2026-08-24T13:32:44.106000+00:00,1787571120000,0,2026-08-24T11:33:49.292000+00:00,2026-08-24T11:33:49.292000+00:00,4.37,,4.3263,4.4137,,,,2026-08-24T11:44:06.229082+00:00,2026-08-24T11:44:06.235088+00:00,4.32,floor,-1.1441647597253963,616.943088,0.2288329519450752,-1.1441647597253963,,,2026-08-24T11:44:06.229082+00:00,,252
2026-08-24,PMI,trail_activate+1_lock+1_distance1_floor-1,reclaim,reactive,limit,2026-08-24T08:16:49+00:00,2026-08-24T13:32:44.106000+00:00,1787572860000,1787572860000,2026-08-24T12:11:34.390000+00:00,2026-08-24T12:11:34.390000+00:00,4.4,,4.356,4.444000000000001,,,,2026-08-24T12:18:01.852811+00:00,2026-08-24T12:18:01.853881+00:00,4.35,floor,-1.1363636363636525,387.463881,0.9090909090909097,-1.1363636363636525,,,2026-08-24T12:18:01.852811+00:00,,232
2026-08-24,PMI,trail_activate+1_lock+1_distance1_floor-1,reclaim,reactive,limit,2026-08-24T08:16:49+00:00,2026-08-24T13:32:44.106000+00:00,1787577360000,1787577360000,2026-08-24T13:24:27.770000+00:00,2026-08-24T13:24:27.770000+00:00,4.48,,4.4352,4.524800000000001,2026-08-24T13:27:59.292471+00:00,4.56,4.524800000000001,2026-08-24T13:28:44.221624+00:00,2026-08-24T13:28:44.222451+00:00,4.52,trail,0.8928571428571237,256.452451,1.7857142857142672,-0.8928571428571435,2026-08-24T13:27:59.292471+00:00,,,,518
2026-08-24,PMI,trail_activate+1_lock+1_distance1_floor-1,reclaim,resting,STOP_LIMIT,2026-08-24T14:00:57+00:00,,1787583540000,1787587020000,2026-08-24T16:15:00+00:00,2026-08-24T16:15:50.517000+00:00,4.39,,4.3461,4.4338999999999995,,,,2026-08-24T16:17:32.147962+00:00,2026-08-24T16:17:32.148130+00:00,4.33,floor,-1.366742596810925,101.63113,0.0,-1.366742596810925,,,2026-08-24T16:17:32.147962+00:00,,76
2026-08-24,PMI,trail_activate+1_lock+1_distance1_floor-1,reclaim,resting,STOP_LIMIT,2026-08-24T14:00:57+00:00,,1787590980000,1787593260000,2026-08-24T17:44:00+00:00,2026-08-24T17:45:59.823000+00:00,4.64,,4.5935999999999995,4.6864,,,,2026-08-24T17:45:59.998395+00:00,2026-08-24T17:45:59.999334+00:00,4.59,floor,-1.077586206896548,0.176334,0.0,-1.077586206896548,,,2026-08-24T17:45:59.998395+00:00,,2
2026-08-24,PMI,trail_activate+1_lock+1_distance1_floor-1,first,resting,STOP_LIMIT,2026-08-24T14:00:57+00:00,,1787598180000,0,2026-08-24T19:13:00+00:00,2026-08-24T19:14:30.630000+00:00,4.66,,4.6134,4.7066,2026-08-24T19:15:23.414305+00:00,4.71,4.7066,2026-08-24T19:15:37.548754+00:00,2026-08-24T19:15:37.551444+00:00,4.7,trail,0.858369098712447,66.921444,1.072961373390554,-0.858369098712447,2026-08-24T19:15:23.414305+00:00,,,,58
2026-08-24,PMI,trail_activate+1_lock+1_distance1_floor-1,reclaim,resting,STOP_LIMIT,2026-08-24T14:00:57+00:00,,1787598180000,1787598780000,2026-08-24T19:17:00+00:00,2026-08-24T19:18:50.818000+00:00,4.77,,4.7223,4.817699999999999,,,,2026-08-24T19:19:41.041666+00:00,2026-08-24T19:19:41.042006+00:00,4.7,floor,-1.4675052410901341,50.224006,0.8385744234800846,-1.4675052410901341,,,2026-08-24T19:19:41.041666+00:00,,117
2026-08-24,PMI,trail_activate+1_lock+1_distance2_floor-1,first,resting,limit,2026-08-24T08:16:49+00:00,2026-08-24T13:32:44.106000+00:00,1787571120000,0,2026-08-24T11:33:49.292000+00:00,2026-08-24T11:33:49.292000+00:00,4.37,,4.3263,4.4137,,,,2026-08-24T11:44:06.229082+00:00,2026-08-24T11:44:06.235088+00:00,4.32,floor,-1.1441647597253963,616.943088,0.2288329519450752,-1.1441647597253963,,,2026-08-24T11:44:06.229082+00:00,,252
2026-08-24,PMI,trail_activate+1_lock+1_distance2_floor-1,reclaim,reactive,limit,2026-08-24T08:16:49+00:00,2026-08-24T13:32:44.106000+00:00,1787572860000,1787572860000,2026-08-24T12:11:34.390000+00:00,2026-08-24T12:11:34.390000+00:00,4.4,,4.356,4.444000000000001,,,,2026-08-24T12:18:01.852811+00:00,2026-08-24T12:18:01.853881+00:00,4.35,floor,-1.1363636363636525,387.463881,0.9090909090909097,-1.1363636363636525,,,2026-08-24T12:18:01.852811+00:00,,232
2026-08-24,PMI,trail_activate+1_lock+1_distance2_floor-1,reclaim,reactive,limit,2026-08-24T08:16:49+00:00,2026-08-24T13:32:44.106000+00:00,1787577360000,1787577360000,2026-08-24T13:24:27.770000+00:00,2026-08-24T13:24:27.770000+00:00,4.48,,4.4352,4.524800000000001,2026-08-24T13:27:59.292471+00:00,4.56,4.524800000000001,2026-08-24T13:28:44.221624+00:00,2026-08-24T13:28:44.222451+00:00,4.52,trail,0.8928571428571237,256.452451,1.7857142857142672,-0.8928571428571435,2026-08-24T13:27:59.292471+00:00,,,,518
2026-08-24,PMI,trail_activate+1_lock+1_distance2_floor-1,reclaim,resting,STOP_LIMIT,2026-08-24T14:00:57+00:00,,1787583540000,1787587020000,2026-08-24T16:15:00+00:00,2026-08-24T16:15:50.517000+00:00,4.39,,4.3461,4.4338999999999995,,,,2026-08-24T16:17:32.147962+00:00,2026-08-24T16:17:32.148130+00:00,4.33,floor,-1.366742596810925,101.63113,0.0,-1.366742596810925,,,2026-08-24T16:17:32.147962+00:00,,76
2026-08-24,PMI,trail_activate+1_lock+1_distance2_floor-1,reclaim,resting,STOP_LIMIT,2026-08-24T14:00:57+00:00,,1787590980000,1787593260000,2026-08-24T17:44:00+00:00,2026-08-24T17:45:59.823000+00:00,4.64,,4.5935999999999995,4.6864,,,,2026-08-24T17:45:59.998395+00:00,2026-08-24T17:45:59.999334+00:00,4.59,floor,-1.077586206896548,0.176334,0.0,-1.077586206896548,,,2026-08-24T17:45:59.998395+00:00,,2
2026-08-24,PMI,trail_activate+1_lock+1_distance2_floor-1,first,resting,STOP_LIMIT,2026-08-24T14:00:57+00:00,,1787598180000,0,2026-08-24T19:13:00+00:00,2026-08-24T19:14:30.630000+00:00,4.66,,4.6134,4.7066,2026-08-24T19:15:23.414305+00:00,4.71,4.7066,2026-08-24T19:15:37.548754+00:00,2026-08-24T19:15:37.551444+00:00,4.7,trail,0.858369098712447,66.921444,1.072961373390554,-0.858369098712447,2026-08-24T19:15:23.414305+00:00,,,,58
2026-08-24,PMI,trail_activate+1_lock+1_distance2_floor-1,reclaim,resting,STOP_LIMIT,2026-08-24T14:00:57+00:00,,1787598180000,1787598780000,2026-08-24T19:17:00+00:00,2026-08-24T19:18:50.818000+00:00,4.77,,4.7223,4.817699999999999,,,,2026-08-24T19:19:41.041666+00:00,2026-08-24T19:19:41.042006+00:00,4.7,floor,-1.4675052410901341,50.224006,0.8385744234800846,-1.4675052410901341,,,2026-08-24T19:19:41.041666+00:00,,117
2026-08-24,PMI,trail_activate+2_lock+2_distance1_floor-1,first,resting,limit,2026-08-24T08:16:49+00:00,2026-08-24T13:32:44.106000+00:00,1787571120000,0,2026-08-24T11:33:49.292000+00:00,2026-08-24T11:33:49.292000+00:00,4.37,,4.3263,4.4574,,,,2026-08-24T11:44:06.229082+00:00,2026-08-24T11:44:06.235088+00:00,4.32,floor,-1.1441647597253963,616.943088,0.2288329519450752,-1.1441647597253963,,,2026-08-24T11:44:06.229082+00:00,,252
2026-08-24,PMI,trail_activate+2_lock+2_distance1_floor-1,reclaim,reactive,limit,2026-08-24T08:16:49+00:00,2026-08-24T13:32:44.106000+00:00,1787572860000,1787572860000,2026-08-24T12:11:34.390000+00:00,2026-08-24T12:11:34.390000+00:00,4.4,,4.356,4.488,,,,2026-08-24T12:18:01.852811+00:00,2026-08-24T12:18:01.853881+00:00,4.35,floor,-1.1363636363636525,387.463881,0.9090909090909097,-1.1363636363636525,,,2026-08-24T12:18:01.852811+00:00,,232
2026-08-24,PMI,trail_activate+2_lock+2_distance1_floor-1,reclaim,reactive,limit,2026-08-24T08:16:49+00:00,2026-08-24T13:32:44.106000+00:00,1787577360000,1787577360000,2026-08-24T13:24:27.770000+00:00,2026-08-24T13:24:27.770000+00:00,4.48,,4.4352,4.5696,,,,2026-08-24T13:30:33.828866+00:00,2026-08-24T13:30:33.829995+00:00,4.43,floor,-1.1160714285714444,366.059995,1.7857142857142672,-1.1160714285714444,2026-08-24T13:27:59.292471+00:00,,2026-08-24T13:30:33.828866+00:00,,720
2026-08-24,PMI,trail_activate+2_lock+2_distance1_floor-1,reclaim,resting,STOP_LIMIT,2026-08-24T14:00:57+00:00,,1787583540000,1787587020000,2026-08-24T16:15:00+00:00,2026-08-24T16:15:50.517000+00:00,4.39,,4.3461,4.477799999999999,,,,2026-08-24T16:17:32.147962+00:00,2026-08-24T16:17:32.148130+00:00,4.33,floor,-1.366742596810925,101.63113,0.0,-1.366742596810925,,,2026-08-24T16:17:32.147962+00:00,,76
2026-08-24,PMI,trail_activate+2_lock+2_distance1_floor-1,reclaim,resting,STOP_LIMIT,2026-08-24T14:00:57+00:00,,1787590980000,1787593260000,2026-08-24T17:44:00+00:00,2026-08-24T17:45:59.823000+00:00,4.64,,4.5935999999999995,4.7328,,,,2026-08-24T17:45:59.998395+00:00,2026-08-24T17:45:59.999334+00:00,4.59,floor,-1.077586206896548,0.176334,0.0,-1.077586206896548,,,2026-08-24T17:45:59.998395+00:00,,2
2026-08-24,PMI,trail_activate+2_lock+2_distance1_floor-1,first,resting,STOP_LIMIT,2026-08-24T14:00:57+00:00,,1787598180000,0,2026-08-24T19:13:00+00:00,2026-08-24T19:14:30.630000+00:00,4.66,,4.6134,4.7532000000000005,2026-08-24T19:16:03.291835+00:00,4.77,4.7532000000000005,2026-08-24T19:16:03.473890+00:00,2026-08-24T19:16:03.486495+00:00,4.77,trail,2.360515021459215,92.856495,2.360515021459215,-0.858369098712447,2026-08-24T19:15:23.414305+00:00,2026-08-24T19:16:03.291835+00:00,,,122
2026-08-24,PMI,trail_activate+2_lock+2_distance1_floor-1,reclaim,resting,STOP_LIMIT,2026-08-24T14:00:57+00:00,,1787598180000,1787598780000,2026-08-24T19:17:00+00:00,2026-08-24T19:18:50.818000+00:00,4.77,,4.7223,4.865399999999999,,,,2026-08-24T19:19:41.041666+00:00,2026-08-24T19:19:41.042006+00:00,4.7,floor,-1.4675052410901341,50.224006,0.8385744234800846,-1.4675052410901341,,,2026-08-24T19:19:41.041666+00:00,,117
2026-08-24,PMI,trail_activate+2_lock+2_distance2_floor-1,first,resting,limit,2026-08-24T08:16:49+00:00,2026-08-24T13:32:44.106000+00:00,1787571120000,0,2026-08-24T11:33:49.292000+00:00,2026-08-24T11:33:49.292000+00:00,4.37,,4.3263,4.4574,,,,2026-08-24T11:44:06.229082+00:00,2026-08-24T11:44:06.235088+00:00,4.32,floor,-1.1441647597253963,616.943088,0.2288329519450752,-1.1441647597253963,,,2026-08-24T11:44:06.229082+00:00,,252
2026-08-24,PMI,trail_activate+2_lock+2_distance2_floor-1,reclaim,reactive,limit,2026-08-24T08:16:49+00:00,2026-08-24T13:32:44.106000+00:00,1787572860000,1787572860000,2026-08-24T12:11:34.390000+00:00,2026-08-24T12:11:34.390000+00:00,4.4,,4.356,4.488,,,,2026-08-24T12:18:01.852811+00:00,2026-08-24T12:18:01.853881+00:00,4.35,floor,-1.1363636363636525,387.463881,0.9090909090909097,-1.1363636363636525,,,2026-08-24T12:18:01.852811+00:00,,232
2026-08-24,PMI,trail_activate+2_lock+2_distance2_floor-1,reclaim,reactive,limit,2026-08-24T08:16:49+00:00,2026-08-24T13:32:44.106000+00:00,1787577360000,1787577360000,2026-08-24T13:24:27.770000+00:00,2026-08-24T13:24:27.770000+00:00,4.48,,4.4352,4.5696,,,,2026-08-24T13:30:33.828866+00:00,2026-08-24T13:30:33.829995+00:00,4.43,floor,-1.1160714285714444,366.059995,1.7857142857142672,-1.1160714285714444,2026-08-24T13:27:59.292471+00:00,,2026-08-24T13:30:33.828866+00:00,,720
2026-08-24,PMI,trail_activate+2_lock+2_distance2_floor-1,reclaim,resting,STOP_LIMIT,2026-08-24T14:00:57+00:00,,1787583540000,1787587020000,2026-08-24T16:15:00+00:00,2026-08-24T16:15:50.517000+00:00,4.39,,4.3461,4.477799999999999,,,,2026-08-24T16:17:32.147962+00:00,2026-08-24T16:17:32.148130+00:00,4.33,floor,-1.366742596810925,101.63113,0.0,-1.366742596810925,,,2026-08-24T16:17:32.147962+00:00,,76
2026-08-24,PMI,trail_activate+2_lock+2_distance2_floor-1,reclaim,resting,STOP_LIMIT,2026-08-24T14:00:57+00:00,,1787590980000,1787593260000,2026-08-24T17:44:00+00:00,2026-08-24T17:45:59.823000+00:00,4.64,,4.5935999999999995,4.7328,,,,2026-08-24T17:45:59.998395+00:00,2026-08-24T17:45:59.999334+00:00,4.59,floor,-1.077586206896548,0.176334,0.0,-1.077586206896548,,,2026-08-24T17:45:59.998395+00:00,,2
2026-08-24,PMI,trail_activate+2_lock+2_distance2_floor-1,first,resting,STOP_LIMIT,2026-08-24T14:00:57+00:00,,1787598180000,0,2026-08-24T19:13:00+00:00,2026-08-24T19:14:30.630000+00:00,4.66,,4.6134,4.7532000000000005,2026-08-24T19:16:03.291835+00:00,4.77,4.7532000000000005,2026-08-24T19:16:03.473890+00:00,2026-08-24T19:16:03.486495+00:00,4.77,trail,2.360515021459215,92.856495,2.360515021459215,-0.858369098712447,2026-08-24T19:15:23.414305+00:00,2026-08-24T19:16:03.291835+00:00,,,122
2026-08-24,PMI,trail_activate+2_lock+2_distance2_floor-1,reclaim,resting,STOP_LIMIT,2026-08-24T14:00:57+00:00,,1787598180000,1787598780000,2026-08-24T19:17:00+00:00,2026-08-24T19:18:50.818000+00:00,4.77,,4.7223,4.865399999999999,,,,2026-08-24T19:19:41.041666+00:00,2026-08-24T19:19:41.042006+00:00,4.7,floor,-1.4675052410901341,50.224006,0.8385744234800846,-1.4675052410901341,,,2026-08-24T19:19:41.041666+00:00,,117
2026-08-24,PMI,trail_activate+1_lock+1_distance1_floor+0,first,resting,limit,2026-08-24T08:16:49+00:00,2026-08-24T13:32:44.106000+00:00,1787571120000,0,2026-08-24T11:33:49.292000+00:00,2026-08-24T11:33:49.292000+00:00,4.37,,4.37,4.4137,,,,2026-08-24T11:33:51.692604+00:00,2026-08-24T11:33:55.197218+00:00,4.36,floor,-0.2288329519450752,5.905218,0.0,-0.2288329519450752,,,,,2
2026-08-24,PMI,trail_activate+1_lock+1_distance1_floor+0,reclaim,reactive,limit,2026-08-24T08:16:49+00:00,2026-08-24T13:32:44.106000+00:00,1787571120000,1787571180000,2026-08-24T11:39:27.242000+00:00,2026-08-24T11:39:27.242000+00:00,4.39,,4.39,4.4338999999999995,,,,2026-08-24T11:39:28.126795+00:00,2026-08-24T11:39:29.354010+00:00,4.38,floor,-0.2277904328018175,2.11201,0.0,-0.6833712984054525,,,,,2
2026-08-24,PMI,trail_activate+1_lock+1_distance1_floor+0,reclaim,reactive,limit,2026-08-24T08:16:49+00:00,2026-08-24T13:32:44.106000+00:00,1787572860000,1787572860000,2026-08-24T12:11:34.390000+00:00,2026-08-24T12:11:34.390000+00:00,4.4,,4.4,4.444000000000001,,,,2026-08-24T12:11:34.646339+00:00,2026-08-24T12:11:34.646922+00:00,4.39,floor,-0.22727272727274261,0.256922,0.0,-0.22727272727274261,,,,,2
2026-08-24,PMI,trail_activate+1_lock+1_distance1_floor+0,reclaim,reactive,limit,2026-08-24T08:16:49+00:00,2026-08-24T13:32:44.106000+00:00,1787577360000,1787577360000,2026-08-24T13:24:27.770000+00:00,2026-08-24T13:24:27.770000+00:00,4.48,,4.48,4.524800000000001,,,,2026-08-24T13:24:29.407874+00:00,2026-08-24T13:24:30.798512+00:00,4.47,floor,-0.22321428571430074,3.028512,0.0,-0.4464285714285817,,,,,2
2026-08-24,PMI,trail_activate+1_lock+1_distance1_floor+0,reclaim,resting,STOP_LIMIT,2026-08-24T14:00:57+00:00,,1787583540000,1787587020000,2026-08-24T16:15:00+00:00,2026-08-24T16:15:50.517000+00:00,4.39,,4.39,4.4338999999999995,,,,2026-08-24T16:15:51.705926+00:00,2026-08-24T16:15:52.889981+00:00,4.37,floor,-0.455580865603635,2.372981,0.0,-0.9111617312072902,,,,,2
2026-08-24,PMI,trail_activate+1_lock+1_distance1_floor+0,reclaim,resting,STOP_LIMIT,2026-08-24T14:00:57+00:00,,1787590980000,1787593260000,2026-08-24T17:44:00+00:00,2026-08-24T17:45:59.823000+00:00,4.64,,4.64,4.6864,,,,2026-08-24T17:45:59.998395+00:00,2026-08-24T17:45:59.999334+00:00,4.59,floor,-1.077586206896548,0.176334,0.0,-1.077586206896548,,,2026-08-24T17:45:59.998395+00:00,,2
2026-08-24,PMI,trail_activate+1_lock+1_distance1_floor+0,first,resting,STOP_LIMIT,2026-08-24T14:00:57+00:00,,1787598180000,0,2026-08-24T19:13:00+00:00,2026-08-24T19:14:30.630000+00:00,4.66,,4.66,4.7066,,,,2026-08-24T19:14:39.349480+00:00,2026-08-24T19:14:49.291412+00:00,4.65,floor,-0.214592274678107,18.661412,0.0,-0.214592274678107,,,,,2
2026-08-24,PMI,trail_activate+1_lock+1_distance1_floor+0,reclaim,resting,STOP_LIMIT,2026-08-24T14:00:57+00:00,,1787598180000,1787598780000,2026-08-24T19:17:00+00:00,2026-08-24T19:18:50.818000+00:00,4.77,,4.77,4.817699999999999,,,,2026-08-24T19:18:55.739530+00:00,2026-08-24T19:19:00.110303+00:00,4.73,floor,-0.8385744234800661,9.292303,0.0,-0.8385744234800661,,,,,2
2026-08-24,PMI,trail_activate+1_lock+1_distance2_floor+0,first,resting,limit,2026-08-24T08:16:49+00:00,2026-08-24T13:32:44.106000+00:00,1787571120000,0,2026-08-24T11:33:49.292000+00:00,2026-08-24T11:33:49.292000+00:00,4.37,,4.37,4.4137,,,,2026-08-24T11:33:51.692604+00:00,2026-08-24T11:33:55.197218+00:00,4.36,floor,-0.2288329519450752,5.905218,0.0,-0.2288329519450752,,,,,2
2026-08-24,PMI,trail_activate+1_lock+1_distance2_floor+0,reclaim,reactive,limit,2026-08-24T08:16:49+00:00,2026-08-24T13:32:44.106000+00:00,1787571120000,1787571180000,2026-08-24T11:39:27.242000+00:00,2026-08-24T11:39:27.242000+00:00,4.39,,4.39,4.4338999999999995,,,,2026-08-24T11:39:28.126795+00:00,2026-08-24T11:39:29.354010+00:00,4.38,floor,-0.2277904328018175,2.11201,0.0,-0.6833712984054525,,,,,2
2026-08-24,PMI,trail_activate+1_lock+1_distance2_floor+0,reclaim,reactive,limit,2026-08-24T08:16:49+00:00,2026-08-24T13:32:44.106000+00:00,1787572860000,1787572860000,2026-08-24T12:11:34.390000+00:00,2026-08-24T12:11:34.390000+00:00,4.4,,4.4,4.444000000000001,,,,2026-08-24T12:11:34.646339+00:00,2026-08-24T12:11:34.646922+00:00,4.39,floor,-0.22727272727274261,0.256922,0.0,-0.22727272727274261,,,,,2
2026-08-24,PMI,trail_activate+1_lock+1_distance2_floor+0,reclaim,reactive,limit,2026-08-24T08:16:49+00:00,2026-08-24T13:32:44.106000+00:00,1787577360000,1787577360000,2026-08-24T13:24:27.770000+00:00,2026-08-24T13:24:27.770000+00:00,4.48,,4.48,4.524800000000001,,,,2026-08-24T13:24:29.407874+00:00,2026-08-24T13:24:30.798512+00:00,4.47,floor,-0.22321428571430074,3.028512,0.0,-0.4464285714285817,,,,,2
2026-08-24,PMI,trail_activate+1_lock+1_distance2_floor+0,reclaim,resting,STOP_LIMIT,2026-08-24T14:00:57+00:00,,1787583540000,1787587020000,2026-08-24T16:15:00+00:00,2026-08-24T16:15:50.517000+00:00,4.39,,4.39,4.4338999999999995,,,,2026-08-24T16:15:51.705926+00:00,2026-08-24T16:15:52.889981+00:00,4.37,floor,-0.455580865603635,2.372981,0.0,-0.9111617312072902,,,,,2
2026-08-24,PMI,trail_activate+1_lock+1_distance2_floor+0,reclaim,resting,STOP_LIMIT,2026-08-24T14:00:57+00:00,,1787590980000,1787593260000,2026-08-24T17:44:00+00:00,2026-08-24T17:45:59.823000+00:00,4.64,,4.64,4.6864,,,,2026-08-24T17:45:59.998395+00:00,2026-08-24T17:45:59.999334+00:00,4.59,floor,-1.077586206896548,0.176334,0.0,-1.077586206896548,,,2026-08-24T17:45:59.998395+00:00,,2
2026-08-24,PMI,trail_activate+1_lock+1_distance2_floor+0,first,resting,STOP_LIMIT,2026-08-24T14:00:57+00:00,,1787598180000,0,2026-08-24T19:13:00+00:00,2026-08-24T19:14:30.630000+00:00,4.66,,4.66,4.7066,,,,2026-08-24T19:14:39.349480+00:00,2026-08-24T19:14:49.291412+00:00,4.65,floor,-0.214592274678107,18.661412,0.0,-0.214592274678107,,,,,2
2026-08-24,PMI,trail_activate+1_lock+1_distance2_floor+0,reclaim,resting,STOP_LIMIT,2026-08-24T14:00:57+00:00,,1787598180000,1787598780000,2026-08-24T19:17:00+00:00,2026-08-24T19:18:50.818000+00:00,4.77,,4.77,4.817699999999999,,,,2026-08-24T19:18:55.739530+00:00,2026-08-24T19:19:00.110303+00:00,4.73,floor,-0.8385744234800661,9.292303,0.0,-0.8385744234800661,,,,,2
2026-08-24,PMI,trail_activate+2_lock+2_distance1_floor+0,first,resting,limit,2026-08-24T08:16:49+00:00,2026-08-24T13:32:44.106000+00:00,1787571120000,0,2026-08-24T11:33:49.292000+00:00,2026-08-24T11:33:49.292000+00:00,4.37,,4.37,4.4574,,,,2026-08-24T11:33:51.692604+00:00,2026-08-24T11:33:55.197218+00:00,4.36,floor,-0.2288329519450752,5.905218,0.0,-0.2288329519450752,,,,,2
2026-08-24,PMI,trail_activate+2_lock+2_distance1_floor+0,reclaim,reactive,limit,2026-08-24T08:16:49+00:00,2026-08-24T13:32:44.106000+00:00,1787571120000,1787571180000,2026-08-24T11:39:27.242000+00:00,2026-08-24T11:39:27.242000+00:00,4.39,,4.39,4.477799999999999,,,,2026-08-24T11:39:28.126795+00:00,2026-08-24T11:39:29.354010+00:00,4.38,floor,-0.2277904328018175,2.11201,0.0,-0.6833712984054525,,,,,2
2026-08-24,PMI,trail_activate+2_lock+2_distance1_floor+0,reclaim,reactive,limit,2026-08-24T08:16:49+00:00,2026-08-24T13:32:44.106000+00:00,1787572860000,1787572860000,2026-08-24T12:11:34.390000+00:00,2026-08-24T12:11:34.390000+00:00,4.4,,4.4,4.488,,,,2026-08-24T12:11:34.646339+00:00,2026-08-24T12:11:34.646922+00:00,4.39,floor,-0.22727272727274261,0.256922,0.0,-0.22727272727274261,,,,,2
2026-08-24,PMI,trail_activate+2_lock+2_distance1_floor+0,reclaim,reactive,limit,2026-08-24T08:16:49+00:00,2026-08-24T13:32:44.106000+00:00,1787577360000,1787577360000,2026-08-24T13:24:27.770000+00:00,2026-08-24T13:24:27.770000+00:00,4.48,,4.48,4.5696,,,,2026-08-24T13:24:29.407874+00:00,2026-08-24T13:24:30.798512+00:00,4.47,floor,-0.22321428571430074,3.028512,0.0,-0.4464285714285817,,,,,2
2026-08-24,PMI,trail_activate+2_lock+2_distance1_floor+0,reclaim,resting,STOP_LIMIT,2026-08-24T14:00:57+00:00,,1787583540000,1787587020000,2026-08-24T16:15:00+00:00,2026-08-24T16:15:50.517000+00:00,4.39,,4.39,4.477799999999999,,,,2026-08-24T16:15:51.705926+00:00,2026-08-24T16:15:52.889981+00:00,4.37,floor,-0.455580865603635,2.372981,0.0,-0.9111617312072902,,,,,2
2026-08-24,PMI,trail_activate+2_lock+2_distance1_floor+0,reclaim,resting,STOP_LIMIT,2026-08-24T14:00:57+00:00,,1787590980000,1787593260000,2026-08-24T17:44:00+00:00,2026-08-24T17:45:59.823000+00:00,4.64,,4.64,4.7328,,,,2026-08-24T17:45:59.998395+00:00,2026-08-24T17:45:59.999334+00:00,4.59,floor,-1.077586206896548,0.176334,0.0,-1.077586206896548,,,2026-08-24T17:45:59.998395+00:00,,2
2026-08-24,PMI,trail_activate+2_lock+2_distance1_floor+0,first,resting,STOP_LIMIT,2026-08-24T14:00:57+00:00,,1787598180000,0,2026-08-24T19:13:00+00:00,2026-08-24T19:14:30.630000+00:00,4.66,,4.66,4.7532000000000005,,,,2026-08-24T19:14:39.349480+00:00,2026-08-24T19:14:49.291412+00:00,4.65,floor,-0.214592274678107,18.661412,0.0,-0.214592274678107,,,,,2
2026-08-24,PMI,trail_activate+2_lock+2_distance1_floor+0,reclaim,resting,STOP_LIMIT,2026-08-24T14:00:57+00:00,,1787598180000,1787598780000,2026-08-24T19:17:00+00:00,2026-08-24T19:18:50.818000+00:00,4.77,,4.77,4.865399999999999,,,,2026-08-24T19:18:55.739530+00:00,2026-08-24T19:19:00.110303+00:00,4.73,floor,-0.8385744234800661,9.292303,0.0,-0.8385744234800661,,,,,2
2026-08-24,PMI,trail_activate+2_lock+2_distance2_floor+0,first,resting,limit,2026-08-24T08:16:49+00:00,2026-08-24T13:32:44.106000+00:00,1787571120000,0,2026-08-24T11:33:49.292000+00:00,2026-08-24T11:33:49.292000+00:00,4.37,,4.37,4.4574,,,,2026-08-24T11:33:51.692604+00:00,2026-08-24T11:33:55.197218+00:00,4.36,floor,-0.2288329519450752,5.905218,0.0,-0.2288329519450752,,,,,2
2026-08-24,PMI,trail_activate+2_lock+2_distance2_floor+0,reclaim,reactive,limit,2026-08-24T08:16:49+00:00,2026-08-24T13:32:44.106000+00:00,1787571120000,1787571180000,2026-08-24T11:39:27.242000+00:00,2026-08-24T11:39:27.242000+00:00,4.39,,4.39,4.477799999999999,,,,2026-08-24T11:39:28.126795+00:00,2026-08-24T11:39:29.354010+00:00,4.38,floor,-0.2277904328018175,2.11201,0.0,-0.6833712984054525,,,,,2
2026-08-24,PMI,trail_activate+2_lock+2_distance2_floor+0,reclaim,reactive,limit,2026-08-24T08:16:49+00:00,2026-08-24T13:32:44.106000+00:00,1787572860000,1787572860000,2026-08-24T12:11:34.390000+00:00,2026-08-24T12:11:34.390000+00:00,4.4,,4.4,4.488,,,,2026-08-24T12:11:34.646339+00:00,2026-08-24T12:11:34.646922+00:00,4.39,floor,-0.22727272727274261,0.256922,0.0,-0.22727272727274261,,,,,2
2026-08-24,PMI,trail_activate+2_lock+2_distance2_floor+0,reclaim,reactive,limit,2026-08-24T08:16:49+00:00,2026-08-24T13:32:44.106000+00:00,1787577360000,1787577360000,2026-08-24T13:24:27.770000+00:00,2026-08-24T13:24:27.770000+00:00,4.48,,4.48,4.5696,,,,2026-08-24T13:24:29.407874+00:00,2026-08-24T13:24:30.798512+00:00,4.47,floor,-0.22321428571430074,3.028512,0.0,-0.4464285714285817,,,,,2
2026-08-24,PMI,trail_activate+2_lock+2_distance2_floor+0,reclaim,resting,STOP_LIMIT,2026-08-24T14:00:57+00:00,,1787583540000,1787587020000,2026-08-24T16:15:00+00:00,2026-08-24T16:15:50.517000+00:00,4.39,,4.39,4.477799999999999,,,,2026-08-24T16:15:51.705926+00:00,2026-08-24T16:15:52.889981+00:00,4.37,floor,-0.455580865603635,2.372981,0.0,-0.9111617312072902,,,,,2
2026-08-24,PMI,trail_activate+2_lock+2_distance2_floor+0,reclaim,resting,STOP_LIMIT,2026-08-24T14:00:57+00:00,,1787590980000,1787593260000,2026-08-24T17:44:00+00:00,2026-08-24T17:45:59.823000+00:00,4.64,,4.64,4.7328,,,,2026-08-24T17:45:59.998395+00:00,2026-08-24T17:45:59.999334+00:00,4.59,floor,-1.077586206896548,0.176334,0.0,-1.077586206896548,,,2026-08-24T17:45:59.998395+00:00,,2
2026-08-24,PMI,trail_activate+2_lock+2_distance2_floor+0,first,resting,STOP_LIMIT,2026-08-24T14:00:57+00:00,,1787598180000,0,2026-08-24T19:13:00+00:00,2026-08-24T19:14:30.630000+00:00,4.66,,4.66,4.7532000000000005,,,,2026-08-24T19:14:39.349480+00:00,2026-08-24T19:14:49.291412+00:00,4.65,floor,-0.214592274678107,18.661412,0.0,-0.214592274678107,,,,,2
2026-08-24,PMI,trail_activate+2_lock+2_distance2_floor+0,reclaim,resting,STOP_LIMIT,2026-08-24T14:00:57+00:00,,1787598180000,1787598780000,2026-08-24T19:17:00+00:00,2026-08-24T19:18:50.818000+00:00,4.77,,4.77,4.865399999999999,,,,2026-08-24T19:18:55.739530+00:00,2026-08-24T19:19:00.110303+00:00,4.73,floor,-0.8385744234800661,9.292303,0.0,-0.8385744234800661,,,,,2
2026-08-24,XPON,trail_activate+1_lock+1_distance1_floor-1,first,resting,STOP_LIMIT,2026-08-24T12:34:07+00:00,,1787578320000,0,2026-08-24T13:33:00+00:00,2026-08-24T13:33:26.763000+00:00,8.73,,8.6427,8.817300000000001,,,,2026-08-24T13:33:26.855906+00:00,2026-08-24T13:33:26.856234+00:00,8.64,floor,-1.0309278350515447,0.093234,0.0,-1.0309278350515447,,,2026-08-24T13:33:26.855906+00:00,,27
2026-08-24,XPON,trail_activate+1_lock+1_distance1_floor-1,first,resting,STOP_LIMIT,2026-08-24T12:34:07+00:00,,1787580660000,0,2026-08-24T14:29:00+00:00,2026-08-24T14:54:06.629000+00:00,7.13,,7.0587,7.2013,,,,2026-08-24T14:54:08.319750+00:00,2026-08-24T14:54:08.320053+00:00,7.05,floor,-1.1220196353436196,1.691053,0.0,-1.1220196353436196,,,2026-08-24T14:54:08.319750+00:00,,55
2026-08-24,XPON,trail_activate+1_lock+1_distance1_floor-1,reclaim,resting,STOP_LIMIT,2026-08-24T12:34:07+00:00,,1787580660000,1787583300000,2026-08-24T14:58:00+00:00,2026-08-24T15:01:19.240000+00:00,7.3,,7.226999999999999,7.373,,,,2026-08-24T15:01:24.699758+00:00,2026-08-24T15:01:24.700245+00:00,7.22,floor,-1.0958904109589052,5.460245,0.0,-1.0958904109589052,,,2026-08-24T15:01:24.699758+00:00,,82
2026-08-24,XPON,trail_activate+1_lock+1_distance1_floor-1,first,resting,STOP_LIMIT,2026-08-24T12:34:07+00:00,,1787588820000,0,2026-08-24T16:49:00+00:00,2026-08-24T17:03:07.843000+00:00,7.65,,7.5735,7.726500000000001,,,,2026-08-24T17:03:08.565098+00:00,2026-08-24T17:03:08.697147+00:00,7.58,floor,-0.9150326797385657,0.854147,0.0,-1.0457516339869288,,,2026-08-24T17:03:08.565098+00:00,,9
2026-08-24,XPON,trail_activate+1_lock+1_distance1_floor-1,reclaim,resting,STOP_LIMIT,2026-08-24T12:34:07+00:00,,1787588820000,1787592660000,2026-08-24T17:35:00+00:00,2026-08-24T18:06:35.580000+00:00,7.52,,7.4448,7.595199999999999,,,,2026-08-24T18:06:44.104586+00:00,2026-08-24T18:06:44.104829+00:00,7.44,floor,-1.0638297872340319,8.524829,0.0,-1.0638297872340319,,,2026-08-24T18:06:44.104586+00:00,,68
2026-08-24,XPON,trail_activate+1_lock+1_distance1_floor-1,first,resting,STOP_LIMIT,2026-08-24T12:34:07+00:00,,1787595660000,0,2026-08-24T18:36:00+00:00,2026-08-24T18:38:43.267000+00:00,7.38,,7.3062,7.4538,,,,2026-08-24T18:38:43.738048+00:00,2026-08-24T18:38:43.738558+00:00,7.28,floor,-1.3550135501354965,0.471558,0.0,-1.3550135501354965,,,2026-08-24T18:38:43.738048+00:00,,4
2026-08-24,XPON,trail_activate+1_lock+1_distance1_floor-1,reclaim,resting,STOP_LIMIT,2026-08-24T12:34:07+00:00,,1787595660000,1787597460000,2026-08-24T18:54:00+00:00,2026-08-24T18:55:09.410000+00:00,7.74,,7.6626,7.8174,,,,2026-08-24T18:55:09.961368+00:00,2026-08-24T18:55:10.060245+00:00,7.67,floor,-0.9043927648578847,0.650245,0.0,-1.0335917312661507,,,2026-08-24T18:55:09.961368+00:00,,4
2026-08-24,XPON,trail_activate+1_lock+1_distance2_floor-1,first,resting,STOP_LIMIT,2026-08-24T12:34:07+00:00,,1787578320000,0,2026-08-24T13:33:00+00:00,2026-08-24T13:33:26.763000+00:00,8.73,,8.6427,8.817300000000001,,,,2026-08-24T13:33:26.855906+00:00,2026-08-24T13:33:26.856234+00:00,8.64,floor,-1.0309278350515447,0.093234,0.0,-1.0309278350515447,,,2026-08-24T13:33:26.855906+00:00,,27
2026-08-24,XPON,trail_activate+1_lock+1_distance2_floor-1,first,resting,STOP_LIMIT,2026-08-24T12:34:07+00:00,,1787580660000,0,2026-08-24T14:29:00+00:00,2026-08-24T14:54:06.629000+00:00,7.13,,7.0587,7.2013,,,,2026-08-24T14:54:08.319750+00:00,2026-08-24T14:54:08.320053+00:00,7.05,floor,-1.1220196353436196,1.691053,0.0,-1.1220196353436196,,,2026-08-24T14:54:08.319750+00:00,,55
2026-08-24,XPON,trail_activate+1_lock+1_distance2_floor-1,reclaim,resting,STOP_LIMIT,2026-08-24T12:34:07+00:00,,1787580660000,1787583300000,2026-08-24T14:58:00+00:00,2026-08-24T15:01:19.240000+00:00,7.3,,7.226999999999999,7.373,,,,2026-08-24T15:01:24.699758+00:00,2026-08-24T15:01:24.700245+00:00,7.22,floor,-1.0958904109589052,5.460245,0.0,-1.0958904109589052,,,2026-08-24T15:01:24.699758+00:00,,82
2026-08-24,XPON,trail_activate+1_lock+1_distance2_floor-1,first,resting,STOP_LIMIT,2026-08-24T12:34:07+00:00,,1787588820000,0,2026-08-24T16:49:00+00:00,2026-08-24T17:03:07.843000+00:00,7.65,,7.5735,7.726500000000001,,,,2026-08-24T17:03:08.565098+00:00,2026-08-24T17:03:08.697147+00:00,7.58,floor,-0.9150326797385657,0.854147,0.0,-1.0457516339869288,,,2026-08-24T17:03:08.565098+00:00,,9
2026-08-24,XPON,trail_activate+1_lock+1_distance2_floor-1,reclaim,resting,STOP_LIMIT,2026-08-24T12:34:07+00:00,,1787588820000,1787592660000,2026-08-24T17:35:00+00:00,2026-08-24T18:06:35.580000+00:00,7.52,,7.4448,7.595199999999999,,,,2026-08-24T18:06:44.104586+00:00,2026-08-24T18:06:44.104829+00:00,7.44,floor,-1.0638297872340319,8.524829,0.0,-1.0638297872340319,,,2026-08-24T18:06:44.104586+00:00,,68
2026-08-24,XPON,trail_activate+1_lock+1_distance2_floor-1,first,resting,STOP_LIMIT,2026-08-24T12:34:07+00:00,,1787595660000,0,2026-08-24T18:36:00+00:00,2026-08-24T18:38:43.267000+00:00,7.38,,7.3062,7.4538,,,,2026-08-24T18:38:43.738048+00:00,2026-08-24T18:38:43.738558+00:00,7.28,floor,-1.3550135501354965,0.471558,0.0,-1.3550135501354965,,,2026-08-24T18:38:43.738048+00:00,,4
2026-08-24,XPON,trail_activate+1_lock+1_distance2_floor-1,reclaim,resting,STOP_LIMIT,2026-08-24T12:34:07+00:00,,1787595660000,1787597460000,2026-08-24T18:54:00+00:00,2026-08-24T18:55:09.410000+00:00,7.74,,7.6626,7.8174,,,,2026-08-24T18:55:09.961368+00:00,2026-08-24T18:55:10.060245+00:00,7.67,floor,-0.9043927648578847,0.650245,0.0,-1.0335917312661507,,,2026-08-24T18:55:09.961368+00:00,,4
2026-08-24,XPON,trail_activate+2_lock+2_distance1_floor-1,first,resting,STOP_LIMIT,2026-08-24T12:34:07+00:00,,1787578320000,0,2026-08-24T13:33:00+00:00,2026-08-24T13:33:26.763000+00:00,8.73,,8.6427,8.9046,,,,2026-08-24T13:33:26.855906+00:00,2026-08-24T13:33:26.856234+00:00,8.64,floor,-1.0309278350515447,0.093234,0.0,-1.0309278350515447,,,2026-08-24T13:33:26.855906+00:00,,27
2026-08-24,XPON,trail_activate+2_lock+2_distance1_floor-1,first,resting,STOP_LIMIT,2026-08-24T12:34:07+00:00,,1787580660000,0,2026-08-24T14:29:00+00:00,2026-08-24T14:54:06.629000+00:00,7.13,,7.0587,7.2726,,,,2026-08-24T14:54:08.319750+00:00,2026-08-24T14:54:08.320053+00:00,7.05,floor,-1.1220196353436196,1.691053,0.0,-1.1220196353436196,,,2026-08-24T14:54:08.319750+00:00,,55
2026-08-24,XPON,trail_activate+2_lock+2_distance1_floor-1,reclaim,resting,STOP_LIMIT,2026-08-24T12:34:07+00:00,,1787580660000,1787583300000,2026-08-24T14:58:00+00:00,2026-08-24T15:01:19.240000+00:00,7.3,,7.226999999999999,7.446,,,,2026-08-24T15:01:24.699758+00:00,2026-08-24T15:01:24.700245+00:00,7.22,floor,-1.0958904109589052,5.460245,0.0,-1.0958904109589052,,,2026-08-24T15:01:24.699758+00:00,,82
2026-08-24,XPON,trail_activate+2_lock+2_distance1_floor-1,first,resting,STOP_LIMIT,2026-08-24T12:34:07+00:00,,1787588820000,0,2026-08-24T16:49:00+00:00,2026-08-24T17:03:07.843000+00:00,7.65,,7.5735,7.803000000000001,,,,2026-08-24T17:03:08.565098+00:00,2026-08-24T17:03:08.697147+00:00,7.58,floor,-0.9150326797385657,0.854147,0.0,-1.0457516339869288,,,2026-08-24T17:03:08.565098+00:00,,9
2026-08-24,XPON,trail_activate+2_lock+2_distance1_floor-1,reclaim,resting,STOP_LIMIT,2026-08-24T12:34:07+00:00,,1787588820000,1787592660000,2026-08-24T17:35:00+00:00,2026-08-24T18:06:35.580000+00:00,7.52,,7.4448,7.6704,,,,2026-08-24T18:06:44.104586+00:00,2026-08-24T18:06:44.104829+00:00,7.44,floor,-1.0638297872340319,8.524829,0.0,-1.0638297872340319,,,2026-08-24T18:06:44.104586+00:00,,68
2026-08-24,XPON,trail_activate+2_lock+2_distance1_floor-1,first,resting,STOP_LIMIT,2026-08-24T12:34:07+00:00,,1787595660000,0,2026-08-24T18:36:00+00:00,2026-08-24T18:38:43.267000+00:00,7.38,,7.3062,7.5276,,,,2026-08-24T18:38:43.738048+00:00,2026-08-24T18:38:43.738558+00:00,7.28,floor,-1.3550135501354965,0.471558,0.0,-1.3550135501354965,,,2026-08-24T18:38:43.738048+00:00,,4
2026-08-24,XPON,trail_activate+2_lock+2_distance1_floor-1,reclaim,resting,STOP_LIMIT,2026-08-24T12:34:07+00:00,,1787595660000,1787597460000,2026-08-24T18:54:00+00:00,2026-08-24T18:55:09.410000+00:00,7.74,,7.6626,7.8948,,,,2026-08-24T18:55:09.961368+00:00,2026-08-24T18:55:10.060245+00:00,7.67,floor,-0.9043927648578847,0.650245,0.0,-1.0335917312661507,,,2026-08-24T18:55:09.961368+00:00,,4
2026-08-24,XPON,trail_activate+2_lock+2_distance2_floor-1,first,resting,STOP_LIMIT,2026-08-24T12:34:07+00:00,,1787578320000,0,2026-08-24T13:33:00+00:00,2026-08-24T13:33:26.763000+00:00,8.73,,8.6427,8.9046,,,,2026-08-24T13:33:26.855906+00:00,2026-08-24T13:33:26.856234+00:00,8.64,floor,-1.0309278350515447,0.093234,0.0,-1.0309278350515447,,,2026-08-24T13:33:26.855906+00:00,,27
2026-08-24,XPON,trail_activate+2_lock+2_distance2_floor-1,first,resting,STOP_LIMIT,2026-08-24T12:34:07+00:00,,1787580660000,0,2026-08-24T14:29:00+00:00,2026-08-24T14:54:06.629000+00:00,7.13,,7.0587,7.2726,,,,2026-08-24T14:54:08.319750+00:00,2026-08-24T14:54:08.320053+00:00,7.05,floor,-1.1220196353436196,1.691053,0.0,-1.1220196353436196,,,2026-08-24T14:54:08.319750+00:00,,55
2026-08-24,XPON,trail_activate+2_lock+2_distance2_floor-1,reclaim,resting,STOP_LIMIT,2026-08-24T12:34:07+00:00,,1787580660000,1787583300000,2026-08-24T14:58:00+00:00,2026-08-24T15:01:19.240000+00:00,7.3,,7.226999999999999,7.446,,,,2026-08-24T15:01:24.699758+00:00,2026-08-24T15:01:24.700245+00:00,7.22,floor,-1.0958904109589052,5.460245,0.0,-1.0958904109589052,,,2026-08-24T15:01:24.699758+00:00,,82
2026-08-24,XPON,trail_activate+2_lock+2_distance2_floor-1,first,resting,STOP_LIMIT,2026-08-24T12:34:07+00:00,,1787588820000,0,2026-08-24T16:49:00+00:00,2026-08-24T17:03:07.843000+00:00,7.65,,7.5735,7.803000000000001,,,,2026-08-24T17:03:08.565098+00:00,2026-08-24T17:03:08.697147+00:00,7.58,floor,-0.9150326797385657,0.854147,0.0,-1.0457516339869288,,,2026-08-24T17:03:08.565098+00:00,,9
2026-08-24,XPON,trail_activate+2_lock+2_distance2_floor-1,reclaim,resting,STOP_LIMIT,2026-08-24T12:34:07+00:00,,1787588820000,1787592660000,2026-08-24T17:35:00+00:00,2026-08-24T18:06:35.580000+00:00,7.52,,7.4448,7.6704,,,,2026-08-24T18:06:44.104586+00:00,2026-08-24T18:06:44.104829+00:00,7.44,floor,-1.0638297872340319,8.524829,0.0,-1.0638297872340319,,,2026-08-24T18:06:44.104586+00:00,,68
2026-08-24,XPON,trail_activate+2_lock+2_distance2_floor-1,first,resting,STOP_LIMIT,2026-08-24T12:34:07+00:00,,1787595660000,0,2026-08-24T18:36:00+00:00,2026-08-24T18:38:43.267000+00:00,7.38,,7.3062,7.5276,,,,2026-08-24T18:38:43.738048+00:00,2026-08-24T18:38:43.738558+00:00,7.28,floor,-1.3550135501354965,0.471558,0.0,-1.3550135501354965,,,2026-08-24T18:38:43.738048+00:00,,4
2026-08-24,XPON,trail_activate+2_lock+2_distance2_floor-1,reclaim,resting,STOP_LIMIT,2026-08-24T12:34:07+00:00,,1787595660000,1787597460000,2026-08-24T18:54:00+00:00,2026-08-24T18:55:09.410000+00:00,7.74,,7.6626,7.8948,,,,2026-08-24T18:55:09.961368+00:00,2026-08-24T18:55:10.060245+00:00,7.67,floor,-0.9043927648578847,0.650245,0.0,-1.0335917312661507,,,2026-08-24T18:55:09.961368+00:00,,4
2026-08-24,XPON,trail_activate+1_lock+1_distance1_floor+0,first,resting,STOP_LIMIT,2026-08-24T12:34:07+00:00,,1787578320000,0,2026-08-24T13:33:00+00:00,2026-08-24T13:33:26.763000+00:00,8.73,,8.73,8.817300000000001,,,,2026-08-24T13:33:26.848327+00:00,2026-08-24T13:33:26.849295+00:00,8.65,floor,-0.9163802978235975,0.086295,0.0,-0.9163802978235975,,,,,2
2026-08-24,XPON,trail_activate+1_lock+1_distance1_floor+0,first,resting,STOP_LIMIT,2026-08-24T12:34:07+00:00,,1787580660000,0,2026-08-24T14:29:00+00:00,2026-08-24T14:54:06.629000+00:00,7.13,,7.13,7.2013,,,,2026-08-24T14:54:06.943903+00:00,2026-08-24T14:54:06.944978+00:00,7.07,floor,-0.8415147265077085,0.315978,0.0,-0.8415147265077085,,,,,2
2026-08-24,XPON,trail_activate+1_lock+1_distance1_floor+0,reclaim,resting,STOP_LIMIT,2026-08-24T12:34:07+00:00,,1787580660000,1787583300000,2026-08-24T14:58:00+00:00,2026-08-24T15:01:19.240000+00:00,7.3,,7.3,7.373,,,,2026-08-24T15:01:19.879080+00:00,2026-08-24T15:01:19.879577+00:00,7.27,floor,-0.41095890410959246,0.639577,0.0,-0.41095890410959246,,,,,2
2026-08-24,XPON,trail_activate+1_lock+1_distance1_floor+0,first,resting,STOP_LIMIT,2026-08-24T12:34:07+00:00,,1787588820000,0,2026-08-24T16:49:00+00:00,2026-08-24T17:03:07.843000+00:00,7.65,,7.65,7.726500000000001,,,,2026-08-24T17:03:07.864326+00:00,2026-08-24T17:03:07.864689+00:00,7.59,floor,-0.7843137254902025,0.021689,0.0,-0.7843137254902025,,,,,2
2026-08-24,XPON,trail_activate+1_lock+1_distance1_floor+0,reclaim,resting,STOP_LIMIT,2026-08-24T12:34:07+00:00,,1787588820000,1787592660000,2026-08-24T17:35:00+00:00,2026-08-24T18:06:35.580000+00:00,7.52,,7.52,7.595199999999999,,,,2026-08-24T18:06:35.921490+00:00,2026-08-24T18:06:37.373547+00:00,7.48,floor,-0.5319148936170099,1.793547,0.0,-0.5319148936170099,,,,,2
2026-08-24,XPON,trail_activate+1_lock+1_distance1_floor+0,first,resting,STOP_LIMIT,2026-08-24T12:34:07+00:00,,1787595660000,0,2026-08-24T18:36:00+00:00,2026-08-24T18:38:43.267000+00:00,7.38,,7.38,7.4538,,,,2026-08-24T18:38:43.736496+00:00,2026-08-24T18:38:43.736923+00:00,7.31,floor,-0.9485094850948549,0.469923,0.0,-0.9485094850948549,,,,,2
2026-08-24,XPON,trail_activate+1_lock+1_distance1_floor+0,reclaim,resting,STOP_LIMIT,2026-08-24T12:34:07+00:00,,1787595660000,1787597460000,2026-08-24T18:54:00+00:00,2026-08-24T18:55:09.410000+00:00,7.74,,7.74,7.8174,,,,2026-08-24T18:55:09.591959+00:00,2026-08-24T18:55:09.960484+00:00,7.67,floor,-0.9043927648578847,0.550484,0.0,-0.9043927648578847,,,,,2
2026-08-24,XPON,trail_activate+1_lock+1_distance2_floor+0,first,resting,STOP_LIMIT,2026-08-24T12:34:07+00:00,,1787578320000,0,2026-08-24T13:33:00+00:00,2026-08-24T13:33:26.763000+00:00,8.73,,8.73,8.817300000000001,,,,2026-08-24T13:33:26.848327+00:00,2026-08-24T13:33:26.849295+00:00,8.65,floor,-0.9163802978235975,0.086295,0.0,-0.9163802978235975,,,,,2
2026-08-24,XPON,trail_activate+1_lock+1_distance2_floor+0,first,resting,STOP_LIMIT,2026-08-24T12:34:07+00:00,,1787580660000,0,2026-08-24T14:29:00+00:00,2026-08-24T14:54:06.629000+00:00,7.13,,7.13,7.2013,,,,2026-08-24T14:54:06.943903+00:00,2026-08-24T14:54:06.944978+00:00,7.07,floor,-0.8415147265077085,0.315978,0.0,-0.8415147265077085,,,,,2
2026-08-24,XPON,trail_activate+1_lock+1_distance2_floor+0,reclaim,resting,STOP_LIMIT,2026-08-24T12:34:07+00:00,,1787580660000,1787583300000,2026-08-24T14:58:00+00:00,2026-08-24T15:01:19.240000+00:00,7.3,,7.3,7.373,,,,2026-08-24T15:01:19.879080+00:00,2026-08-24T15:01:19.879577+00:00,7.27,floor,-0.41095890410959246,0.639577,0.0,-0.41095890410959246,,,,,2
2026-08-24,XPON,trail_activate+1_lock+1_distance2_floor+0,first,resting,STOP_LIMIT,2026-08-24T12:34:07+00:00,,1787588820000,0,2026-08-24T16:49:00+00:00,2026-08-24T17:03:07.843000+00:00,7.65,,7.65,7.726500000000001,,,,2026-08-24T17:03:07.864326+00:00,2026-08-24T17:03:07.864689+00:00,7.59,floor,-0.7843137254902025,0.021689,0.0,-0.7843137254902025,,,,,2
2026-08-24,XPON,trail_activate+1_lock+1_distance2_floor+0,reclaim,resting,STOP_LIMIT,2026-08-24T12:34:07+00:00,,1787588820000,1787592660000,2026-08-24T17:35:00+00:00,2026-08-24T18:06:35.580000+00:00,7.52,,7.52,7.595199999999999,,,,2026-08-24T18:06:35.921490+00:00,2026-08-24T18:06:37.373547+00:00,7.48,floor,-0.5319148936170099,1.793547,0.0,-0.5319148936170099,,,,,2
2026-08-24,XPON,trail_activate+1_lock+1_distance2_floor+0,first,resting,STOP_LIMIT,2026-08-24T12:34:07+00:00,,1787595660000,0,2026-08-24T18:36:00+00:00,2026-08-24T18:38:43.267000+00:00,7.38,,7.38,7.4538,,,,2026-08-24T18:38:43.736496+00:00,2026-08-24T18:38:43.736923+00:00,7.31,floor,-0.9485094850948549,0.469923,0.0,-0.9485094850948549,,,,,2
2026-08-24,XPON,trail_activate+1_lock+1_distance2_floor+0,reclaim,resting,STOP_LIMIT,2026-08-24T12:34:07+00:00,,1787595660000,1787597460000,2026-08-24T18:54:00+00:00,2026-08-24T18:55:09.410000+00:00,7.74,,7.74,7.8174,,,,2026-08-24T18:55:09.591959+00:00,2026-08-24T18:55:09.960484+00:00,7.67,floor,-0.9043927648578847,0.550484,0.0,-0.9043927648578847,,,,,2
2026-08-24,XPON,trail_activate+2_lock+2_distance1_floor+0,first,resting,STOP_LIMIT,2026-08-24T12:34:07+00:00,,1787578320000,0,2026-08-24T13:33:00+00:00,2026-08-24T13:33:26.763000+00:00,8.73,,8.73,8.9046,,,,2026-08-24T13:33:26.848327+00:00,2026-08-24T13:33:26.849295+00:00,8.65,floor,-0.9163802978235975,0.086295,0.0,-0.9163802978235975,,,,,2
2026-08-24,XPON,trail_activate+2_lock+2_distance1_floor+0,first,resting,STOP_LIMIT,2026-08-24T12:34:07+00:00,,1787580660000,0,2026-08-24T14:29:00+00:00,2026-08-24T14:54:06.629000+00:00,7.13,,7.13,7.2726,,,,2026-08-24T14:54:06.943903+00:00,2026-08-24T14:54:06.944978+00:00,7.07,floor,-0.8415147265077085,0.315978,0.0,-0.8415147265077085,,,,,2
2026-08-24,XPON,trail_activate+2_lock+2_distance1_floor+0,reclaim,resting,STOP_LIMIT,2026-08-24T12:34:07+00:00,,1787580660000,1787583300000,2026-08-24T14:58:00+00:00,2026-08-24T15:01:19.240000+00:00,7.3,,7.3,7.446,,,,2026-08-24T15:01:19.879080+00:00,2026-08-24T15:01:19.879577+00:00,7.27,floor,-0.41095890410959246,0.639577,0.0,-0.41095890410959246,,,,,2
2026-08-24,XPON,trail_activate+2_lock+2_distance1_floor+0,first,resting,STOP_LIMIT,2026-08-24T12:34:07+00:00,,1787588820000,0,2026-08-24T16:49:00+00:00,2026-08-24T17:03:07.843000+00:00,7.65,,7.65,7.803000000000001,,,,2026-08-24T17:03:07.864326+00:00,2026-08-24T17:03:07.864689+00:00,7.59,floor,-0.7843137254902025,0.021689,0.0,-0.7843137254902025,,,,,2
2026-08-24,XPON,trail_activate+2_lock+2_distance1_floor+0,reclaim,resting,STOP_LIMIT,2026-08-24T12:34:07+00:00,,1787588820000,1787592660000,2026-08-24T17:35:00+00:00,2026-08-24T18:06:35.580000+00:00,7.52,,7.52,7.6704,,,,2026-08-24T18:06:35.921490+00:00,2026-08-24T18:06:37.373547+00:00,7.48,floor,-0.5319148936170099,1.793547,0.0,-0.5319148936170099,,,,,2
2026-08-24,XPON,trail_activate+2_lock+2_distance1_floor+0,first,resting,STOP_LIMIT,2026-08-24T12:34:07+00:00,,1787595660000,0,2026-08-24T18:36:00+00:00,2026-08-24T18:38:43.267000+00:00,7.38,,7.38,7.5276,,,,2026-08-24T18:38:43.736496+00:00,2026-08-24T18:38:43.736923+00:00,7.31,floor,-0.9485094850948549,0.469923,0.0,-0.9485094850948549,,,,,2
2026-08-24,XPON,trail_activate+2_lock+2_distance1_floor+0,reclaim,resting,STOP_LIMIT,2026-08-24T12:34:07+00:00,,1787595660000,1787597460000,2026-08-24T18:54:00+00:00,2026-08-24T18:55:09.410000+00:00,7.74,,7.74,7.8948,,,,2026-08-24T18:55:09.591959+00:00,2026-08-24T18:55:09.960484+00:00,7.67,floor,-0.9043927648578847,0.550484,0.0,-0.9043927648578847,,,,,2
2026-08-24,XPON,trail_activate+2_lock+2_distance2_floor+0,first,resting,STOP_LIMIT,2026-08-24T12:34:07+00:00,,1787578320000,0,2026-08-24T13:33:00+00:00,2026-08-24T13:33:26.763000+00:00,8.73,,8.73,8.9046,,,,2026-08-24T13:33:26.848327+00:00,2026-08-24T13:33:26.849295+00:00,8.65,floor,-0.9163802978235975,0.086295,0.0,-0.9163802978235975,,,,,2
2026-08-24,XPON,trail_activate+2_lock+2_distance2_floor+0,first,resting,STOP_LIMIT,2026-08-24T12:34:07+00:00,,1787580660000,0,2026-08-24T14:29:00+00:00,2026-08-24T14:54:06.629000+00:00,7.13,,7.13,7.2726,,,,2026-08-24T14:54:06.943903+00:00,2026-08-24T14:54:06.944978+00:00,7.07,floor,-0.8415147265077085,0.315978,0.0,-0.8415147265077085,,,,,2
2026-08-24,XPON,trail_activate+2_lock+2_distance2_floor+0,reclaim,resting,STOP_LIMIT,2026-08-24T12:34:07+00:00,,1787580660000,1787583300000,2026-08-24T14:58:00+00:00,2026-08-24T15:01:19.240000+00:00,7.3,,7.3,7.446,,,,2026-08-24T15:01:19.879080+00:00,2026-08-24T15:01:19.879577+00:00,7.27,floor,-0.41095890410959246,0.639577,0.0,-0.41095890410959246,,,,,2
2026-08-24,XPON,trail_activate+2_lock+2_distance2_floor+0,first,resting,STOP_LIMIT,2026-08-24T12:34:07+00:00,,1787588820000,0,2026-08-24T16:49:00+00:00,2026-08-24T17:03:07.843000+00:00,7.65,,7.65,7.803000000000001,,,,2026-08-24T17:03:07.864326+00:00,2026-08-24T17:03:07.864689+00:00,7.59,floor,-0.7843137254902025,0.021689,0.0,-0.7843137254902025,,,,,2
2026-08-24,XPON,trail_activate+2_lock+2_distance2_floor+0,reclaim,resting,STOP_LIMIT,2026-08-24T12:34:07+00:00,,1787588820000,1787592660000,2026-08-24T17:35:00+00:00,2026-08-24T18:06:35.580000+00:00,7.52,,7.52,7.6704,,,,2026-08-24T18:06:35.921490+00:00,2026-08-24T18:06:37.373547+00:00,7.48,floor,-0.5319148936170099,1.793547,0.0,-0.5319148936170099,,,,,2
2026-08-24,XPON,trail_activate+2_lock+2_distance2_floor+0,first,resting,STOP_LIMIT,2026-08-24T12:34:07+00:00,,1787595660000,0,2026-08-24T18:36:00+00:00,2026-08-24T18:38:43.267000+00:00,7.38,,7.38,7.5276,,,,2026-08-24T18:38:43.736496+00:00,2026-08-24T18:38:43.736923+00:00,7.31,floor,-0.9485094850948549,0.469923,0.0,-0.9485094850948549,,,,,2
2026-08-24,XPON,trail_activate+2_lock+2_distance2_floor+0,reclaim,resting,STOP_LIMIT,2026-08-24T12:34:07+00:00,,1787595660000,1787597460000,2026-08-24T18:54:00+00:00,2026-08-24T18:55:09.410000+00:00,7.74,,7.74,7.8948,,,,2026-08-24T18:55:09.591959+00:00,2026-08-24T18:55:09.960484+00:00,7.67,floor,-0.9043927648578847,0.550484,0.0,-0.9043927648578847,,,,,2
2026-08-25,AIXI,trail_activate+1_lock+1_distance1_floor-1,first,resting,STOP_LIMIT,2026-08-25T13:53:46+00:00,,1787670420000,0,2026-08-25T16:14:00+00:00,2026-08-25T16:22:56.155000+00:00,1.16,,1.1483999999999999,1.1716,,,,2026-08-25T16:24:54.410416+00:00,2026-08-25T16:24:54.410654+00:00,1.14,floor,-1.7241379310344844,118.255654,0.0,-1.7241379310344844,,,2026-08-25T16:24:54.410416+00:00,,167
2026-08-25,AIXI,trail_activate+1_lock+1_distance1_floor-1,reclaim,resting,STOP_LIMIT,2026-08-25T13:53:46+00:00,,1787670420000,1787674980000,2026-08-25T16:26:00+00:00,2026-08-25T16:29:11.222000+00:00,1.17,,1.1582999999999999,1.1817,2026-08-25T16:29:28.501750+00:00,1.22,1.2078,2026-08-25T16:30:37.631312+00:00,2026-08-25T16:30:37.634300+00:00,1.2,trail,2.5641025641025665,86.4123,4.273504273504278,-0.8547008547008554,2026-08-25T16:29:28.501750+00:00,2026-08-25T16:29:30.981119+00:00,,,382
2026-08-25,AIXI,trail_activate+1_lock+1_distance1_floor-1,reclaim,resting,STOP_LIMIT,2026-08-25T13:53:46+00:00,,1787677080000,1787679300000,2026-08-25T17:38:00+00:00,2026-08-25T17:38:30.138000+00:00,1.29,,1.2771000000000001,1.3029,,,,2026-08-25T17:38:55.996552+00:00,2026-08-25T17:38:55.997373+00:00,1.27,floor,-1.5503875968992262,25.859373,0.0,-1.5503875968992262,,,2026-08-25T17:38:55.996552+00:00,,54
2026-08-25,AIXI,trail_activate+1_lock+1_distance1_floor-1,first,resting,STOP_LIMIT,2026-08-25T13:53:46+00:00,,1787680560000,0,2026-08-25T17:57:00+00:00,2026-08-25T18:12:09.641000+00:00,1.24,,1.2276,1.2524,,,,2026-08-25T18:12:11.262039+00:00,2026-08-25T18:12:11.262330+00:00,1.22,floor,-1.6129032258064528,1.62133,0.0,-1.6129032258064528,,,2026-08-25T18:12:11.262039+00:00,,5
2026-08-25,AIXI,trail_activate+1_lock+1_distance1_floor-1,first,resting,STOP_LIMIT,2026-08-25T13:53:46+00:00,,1787685480000,0,2026-08-25T19:28:00+00:00,2026-08-25T19:44:25.800000+00:00,1.25,,1.2375,1.2625,2026-08-25T19:44:34.979353+00:00,1.27,1.2625,2026-08-25T19:44:40.737079+00:00,2026-08-25T19:44:40.737368+00:00,1.26,trail,0.8000000000000007,14.937368,1.6000000000000014,-0.8000000000000007,2026-08-25T19:44:34.979353+00:00,,,,112
2026-08-25,AIXI,trail_activate+1_lock+1_distance1_floor-1,reclaim,resting,STOP_LIMIT,2026-08-25T13:53:46+00:00,,1787685480000,1787687040000,2026-08-25T19:52:00+00:00,2026-08-25T19:53:58.736000+00:00,1.3,,1.287,1.3130000000000002,,,,2026-08-25T19:54:07.756007+00:00,2026-08-25T19:54:07.828860+00:00,1.28,floor,-1.5384615384615397,9.09286,0.0,-1.5384615384615397,,,2026-08-25T19:54:07.756007+00:00,,38
2026-08-25,AIXI,trail_activate+1_lock+1_distance2_floor-1,first,resting,STOP_LIMIT,2026-08-25T13:53:46+00:00,,1787670420000,0,2026-08-25T16:14:00+00:00,2026-08-25T16:22:56.155000+00:00,1.16,,1.1483999999999999,1.1716,,,,2026-08-25T16:24:54.410416+00:00,2026-08-25T16:24:54.410654+00:00,1.14,floor,-1.7241379310344844,118.255654,0.0,-1.7241379310344844,,,2026-08-25T16:24:54.410416+00:00,,167
2026-08-25,AIXI,trail_activate+1_lock+1_distance2_floor-1,reclaim,resting,STOP_LIMIT,2026-08-25T13:53:46+00:00,,1787670420000,1787674980000,2026-08-25T16:26:00+00:00,2026-08-25T16:29:11.222000+00:00,1.17,,1.1582999999999999,1.1817,2026-08-25T16:29:28.501750+00:00,1.22,1.1956,2026-08-25T16:30:37.644850+00:00,2026-08-25T16:30:37.646145+00:00,1.19,trail,1.7094017094017109,86.424145,4.273504273504278,-0.8547008547008554,2026-08-25T16:29:28.501750+00:00,2026-08-25T16:29:30.981119+00:00,,,393
2026-08-25,AIXI,trail_activate+1_lock+1_distance2_floor-1,reclaim,resting,STOP_LIMIT,2026-08-25T13:53:46+00:00,,1787677080000,1787679300000,2026-08-25T17:38:00+00:00,2026-08-25T17:38:30.138000+00:00,1.29,,1.2771000000000001,1.3029,,,,2026-08-25T17:38:55.996552+00:00,2026-08-25T17:38:55.997373+00:00,1.27,floor,-1.5503875968992262,25.859373,0.0,-1.5503875968992262,,,2026-08-25T17:38:55.996552+00:00,,54
2026-08-25,AIXI,trail_activate+1_lock+1_distance2_floor-1,first,resting,STOP_LIMIT,2026-08-25T13:53:46+00:00,,1787680560000,0,2026-08-25T17:57:00+00:00,2026-08-25T18:12:09.641000+00:00,1.24,,1.2276,1.2524,,,,2026-08-25T18:12:11.262039+00:00,2026-08-25T18:12:11.262330+00:00,1.22,floor,-1.6129032258064528,1.62133,0.0,-1.6129032258064528,,,2026-08-25T18:12:11.262039+00:00,,5
2026-08-25,AIXI,trail_activate+1_lock+1_distance2_floor-1,first,resting,STOP_LIMIT,2026-08-25T13:53:46+00:00,,1787685480000,0,2026-08-25T19:28:00+00:00,2026-08-25T19:44:25.800000+00:00,1.25,,1.2375,1.2625,2026-08-25T19:44:34.979353+00:00,1.27,1.2625,2026-08-25T19:44:40.737079+00:00,2026-08-25T19:44:40.737368+00:00,1.26,trail,0.8000000000000007,14.937368,1.6000000000000014,-0.8000000000000007,2026-08-25T19:44:34.979353+00:00,,,,112
2026-08-25,AIXI,trail_activate+1_lock+1_distance2_floor-1,reclaim,resting,STOP_LIMIT,2026-08-25T13:53:46+00:00,,1787685480000,1787687040000,2026-08-25T19:52:00+00:00,2026-08-25T19:53:58.736000+00:00,1.3,,1.287,1.3130000000000002,,,,2026-08-25T19:54:07.756007+00:00,2026-08-25T19:54:07.828860+00:00,1.28,floor,-1.5384615384615397,9.09286,0.0,-1.5384615384615397,,,2026-08-25T19:54:07.756007+00:00,,38
2026-08-25,AIXI,trail_activate+2_lock+2_distance1_floor-1,first,resting,STOP_LIMIT,2026-08-25T13:53:46+00:00,,1787670420000,0,2026-08-25T16:14:00+00:00,2026-08-25T16:22:56.155000+00:00,1.16,,1.1483999999999999,1.1832,,,,2026-08-25T16:24:54.410416+00:00,2026-08-25T16:24:54.410654+00:00,1.14,floor,-1.7241379310344844,118.255654,0.0,-1.7241379310344844,,,2026-08-25T16:24:54.410416+00:00,,167
2026-08-25,AIXI,trail_activate+2_lock+2_distance1_floor-1,reclaim,resting,STOP_LIMIT,2026-08-25T13:53:46+00:00,,1787670420000,1787674980000,2026-08-25T16:26:00+00:00,2026-08-25T16:29:11.222000+00:00,1.17,,1.1582999999999999,1.1934,2026-08-25T16:29:30.981119+00:00,1.2,1.1934,2026-08-25T16:29:31.982633+00:00,2026-08-25T16:29:31.983958+00:00,1.19,trail,1.7094017094017109,20.761958,2.5641025641025665,-0.8547008547008554,2026-08-25T16:29:28.501750+00:00,2026-08-25T16:29:30.981119+00:00,,,94
2026-08-25,AIXI,trail_activate+2_lock+2_distance1_floor-1,reclaim,resting,STOP_LIMIT,2026-08-25T13:53:46+00:00,,1787677080000,1787679300000,2026-08-25T17:38:00+00:00,2026-08-25T17:38:30.138000+00:00,1.29,,1.2771000000000001,1.3158,,,,2026-08-25T17:38:55.996552+00:00,2026-08-25T17:38:55.997373+00:00,1.27,floor,-1.5503875968992262,25.859373,0.0,-1.5503875968992262,,,2026-08-25T17:38:55.996552+00:00,,54
2026-08-25,AIXI,trail_activate+2_lock+2_distance1_floor-1,first,resting,STOP_LIMIT,2026-08-25T13:53:46+00:00,,1787680560000,0,2026-08-25T17:57:00+00:00,2026-08-25T18:12:09.641000+00:00,1.24,,1.2276,1.2648,,,,2026-08-25T18:12:11.262039+00:00,2026-08-25T18:12:11.262330+00:00,1.22,floor,-1.6129032258064528,1.62133,0.0,-1.6129032258064528,,,2026-08-25T18:12:11.262039+00:00,,5
2026-08-25,AIXI,trail_activate+2_lock+2_distance1_floor-1,first,resting,STOP_LIMIT,2026-08-25T13:53:46+00:00,,1787685480000,0,2026-08-25T19:28:00+00:00,2026-08-25T19:44:25.800000+00:00,1.25,,1.2375,1.275,2026-08-25T19:45:52.158186+00:00,1.28,1.275,2026-08-25T19:45:56.812352+00:00,2026-08-25T19:45:56.812563+00:00,1.27,trail,1.6000000000000014,91.012563,2.400000000000002,-0.8000000000000007,2026-08-25T19:44:34.979353+00:00,2026-08-25T19:45:52.158186+00:00,,,500
2026-08-25,AIXI,trail_activate+2_lock+2_distance1_floor-1,reclaim,resting,STOP_LIMIT,2026-08-25T13:53:46+00:00,,1787685480000,1787687040000,2026-08-25T19:52:00+00:00,2026-08-25T19:53:58.736000+00:00,1.3,,1.287,1.326,,,,2026-08-25T19:54:07.756007+00:00,2026-08-25T19:54:07.828860+00:00,1.28,floor,-1.5384615384615397,9.09286,0.0,-1.5384615384615397,,,2026-08-25T19:54:07.756007+00:00,,38
2026-08-25,AIXI,trail_activate+2_lock+2_distance2_floor-1,first,resting,STOP_LIMIT,2026-08-25T13:53:46+00:00,,1787670420000,0,2026-08-25T16:14:00+00:00,2026-08-25T16:22:56.155000+00:00,1.16,,1.1483999999999999,1.1832,,,,2026-08-25T16:24:54.410416+00:00,2026-08-25T16:24:54.410654+00:00,1.14,floor,-1.7241379310344844,118.255654,0.0,-1.7241379310344844,,,2026-08-25T16:24:54.410416+00:00,,167
2026-08-25,AIXI,trail_activate+2_lock+2_distance2_floor-1,reclaim,resting,STOP_LIMIT,2026-08-25T13:53:46+00:00,,1787670420000,1787674980000,2026-08-25T16:26:00+00:00,2026-08-25T16:29:11.222000+00:00,1.17,,1.1582999999999999,1.1934,2026-08-25T16:29:30.981119+00:00,1.2,1.1934,2026-08-25T16:29:31.982633+00:00,2026-08-25T16:29:31.983958+00:00,1.19,trail,1.7094017094017109,20.761958,2.5641025641025665,-0.8547008547008554,2026-08-25T16:29:28.501750+00:00,2026-08-25T16:29:30.981119+00:00,,,94
2026-08-25,AIXI,trail_activate+2_lock+2_distance2_floor-1,reclaim,resting,STOP_LIMIT,2026-08-25T13:53:46+00:00,,1787677080000,1787679300000,2026-08-25T17:38:00+00:00,2026-08-25T17:38:30.138000+00:00,1.29,,1.2771000000000001,1.3158,,,,2026-08-25T17:38:55.996552+00:00,2026-08-25T17:38:55.997373+00:00,1.27,floor,-1.5503875968992262,25.859373,0.0,-1.5503875968992262,,,2026-08-25T17:38:55.996552+00:00,,54
2026-08-25,AIXI,trail_activate+2_lock+2_distance2_floor-1,first,resting,STOP_LIMIT,2026-08-25T13:53:46+00:00,,1787680560000,0,2026-08-25T17:57:00+00:00,2026-08-25T18:12:09.641000+00:00,1.24,,1.2276,1.2648,,,,2026-08-25T18:12:11.262039+00:00,2026-08-25T18:12:11.262330+00:00,1.22,floor,-1.6129032258064528,1.62133,0.0,-1.6129032258064528,,,2026-08-25T18:12:11.262039+00:00,,5
2026-08-25,AIXI,trail_activate+2_lock+2_distance2_floor-1,first,resting,STOP_LIMIT,2026-08-25T13:53:46+00:00,,1787685480000,0,2026-08-25T19:28:00+00:00,2026-08-25T19:44:25.800000+00:00,1.25,,1.2375,1.275,2026-08-25T19:45:52.158186+00:00,1.28,1.275,2026-08-25T19:45:56.812352+00:00,2026-08-25T19:45:56.812563+00:00,1.27,trail,1.6000000000000014,91.012563,2.400000000000002,-0.8000000000000007,2026-08-25T19:44:34.979353+00:00,2026-08-25T19:45:52.158186+00:00,,,500
2026-08-25,AIXI,trail_activate+2_lock+2_distance2_floor-1,reclaim,resting,STOP_LIMIT,2026-08-25T13:53:46+00:00,,1787685480000,1787687040000,2026-08-25T19:52:00+00:00,2026-08-25T19:53:58.736000+00:00,1.3,,1.287,1.326,,,,2026-08-25T19:54:07.756007+00:00,2026-08-25T19:54:07.828860+00:00,1.28,floor,-1.5384615384615397,9.09286,0.0,-1.5384615384615397,,,2026-08-25T19:54:07.756007+00:00,,38
2026-08-25,AIXI,trail_activate+1_lock+1_distance1_floor+0,first,resting,STOP_LIMIT,2026-08-25T13:53:46+00:00,,1787670420000,0,2026-08-25T16:14:00+00:00,2026-08-25T16:22:56.155000+00:00,1.16,,1.16,1.1716,,,,2026-08-25T16:22:56.399889+00:00,2026-08-25T16:22:57.155717+00:00,1.15,floor,-0.8620689655172422,1.000717,0.0,-0.8620689655172422,,,,,2
2026-08-25,AIXI,trail_activate+1_lock+1_distance1_floor+0,reclaim,resting,STOP_LIMIT,2026-08-25T13:53:46+00:00,,1787670420000,1787674980000,2026-08-25T16:26:00+00:00,2026-08-25T16:29:11.222000+00:00,1.17,,1.17,1.1817,,,,2026-08-25T16:29:11.470501+00:00,2026-08-25T16:29:12.061074+00:00,1.16,floor,-0.8547008547008554,0.839074,0.0,-0.8547008547008554,,,,,2
2026-08-25,AIXI,trail_activate+1_lock+1_distance1_floor+0,reclaim,resting,STOP_LIMIT,2026-08-25T13:53:46+00:00,,1787677080000,1787679300000,2026-08-25T17:38:00+00:00,2026-08-25T17:38:30.138000+00:00,1.29,,1.29,1.3029,,,,2026-08-25T17:38:30.440969+00:00,2026-08-25T17:38:31.287693+00:00,1.28,floor,-0.7751937984496131,1.149693,0.0,-0.7751937984496131,,,,,2
2026-08-25,AIXI,trail_activate+1_lock+1_distance1_floor+0,first,resting,STOP_LIMIT,2026-08-25T13:53:46+00:00,,1787680560000,0,2026-08-25T17:57:00+00:00,2026-08-25T18:12:09.641000+00:00,1.24,,1.24,1.2524,,,,2026-08-25T18:12:10.353728+00:00,2026-08-25T18:12:11.260411+00:00,1.23,floor,-0.8064516129032264,1.619411,0.0,-0.8064516129032264,,,,,2
2026-08-25,AIXI,trail_activate+1_lock+1_distance1_floor+0,first,resting,STOP_LIMIT,2026-08-25T13:53:46+00:00,,1787685480000,0,2026-08-25T19:28:00+00:00,2026-08-25T19:44:25.800000+00:00,1.25,,1.25,1.2625,,,,2026-08-25T19:44:25.908240+00:00,2026-08-25T19:44:25.908553+00:00,1.24,floor,-0.8000000000000007,0.108553,0.0,-0.8000000000000007,,,,,2
2026-08-25,AIXI,trail_activate+1_lock+1_distance1_floor+0,reclaim,resting,STOP_LIMIT,2026-08-25T13:53:46+00:00,,1787685480000,1787687040000,2026-08-25T19:52:00+00:00,2026-08-25T19:53:58.736000+00:00,1.3,,1.3,1.3130000000000002,,,,2026-08-25T19:53:59.009043+00:00,2026-08-25T19:53:59.175860+00:00,1.29,floor,-0.7692307692307698,0.43986,0.0,-0.7692307692307698,,,,,2
2026-08-25,AIXI,trail_activate+1_lock+1_distance2_floor+0,first,resting,STOP_LIMIT,2026-08-25T13:53:46+00:00,,1787670420000,0,2026-08-25T16:14:00+00:00,2026-08-25T16:22:56.155000+00:00,1.16,,1.16,1.1716,,,,2026-08-25T16:22:56.399889+00:00,2026-08-25T16:22:57.155717+00:00,1.15,floor,-0.8620689655172422,1.000717,0.0,-0.8620689655172422,,,,,2
2026-08-25,AIXI,trail_activate+1_lock+1_distance2_floor+0,reclaim,resting,STOP_LIMIT,2026-08-25T13:53:46+00:00,,1787670420000,1787674980000,2026-08-25T16:26:00+00:00,2026-08-25T16:29:11.222000+00:00,1.17,,1.17,1.1817,,,,2026-08-25T16:29:11.470501+00:00,2026-08-25T16:29:12.061074+00:00,1.16,floor,-0.8547008547008554,0.839074,0.0,-0.8547008547008554,,,,,2
2026-08-25,AIXI,trail_activate+1_lock+1_distance2_floor+0,reclaim,resting,STOP_LIMIT,2026-08-25T13:53:46+00:00,,1787677080000,1787679300000,2026-08-25T17:38:00+00:00,2026-08-25T17:38:30.138000+00:00,1.29,,1.29,1.3029,,,,2026-08-25T17:38:30.440969+00:00,2026-08-25T17:38:31.287693+00:00,1.28,floor,-0.7751937984496131,1.149693,0.0,-0.7751937984496131,,,,,2
2026-08-25,AIXI,trail_activate+1_lock+1_distance2_floor+0,first,resting,STOP_LIMIT,2026-08-25T13:53:46+00:00,,1787680560000,0,2026-08-25T17:57:00+00:00,2026-08-25T18:12:09.641000+00:00,1.24,,1.24,1.2524,,,,2026-08-25T18:12:10.353728+00:00,2026-08-25T18:12:11.260411+00:00,1.23,floor,-0.8064516129032264,1.619411,0.0,-0.8064516129032264,,,,,2
2026-08-25,AIXI,trail_activate+1_lock+1_distance2_floor+0,first,resting,STOP_LIMIT,2026-08-25T13:53:46+00:00,,1787685480000,0,2026-08-25T19:28:00+00:00,2026-08-25T19:44:25.800000+00:00,1.25,,1.25,1.2625,,,,2026-08-25T19:44:25.908240+00:00,2026-08-25T19:44:25.908553+00:00,1.24,floor,-0.8000000000000007,0.108553,0.0,-0.8000000000000007,,,,,2
2026-08-25,AIXI,trail_activate+1_lock+1_distance2_floor+0,reclaim,resting,STOP_LIMIT,2026-08-25T13:53:46+00:00,,1787685480000,1787687040000,2026-08-25T19:52:00+00:00,2026-08-25T19:53:58.736000+00:00,1.3,,1.3,1.3130000000000002,,,,2026-08-25T19:53:59.009043+00:00,2026-08-25T19:53:59.175860+00:00,1.29,floor,-0.7692307692307698,0.43986,0.0,-0.7692307692307698,,,,,2
2026-08-25,AIXI,trail_activate+2_lock+2_distance1_floor+0,first,resting,STOP_LIMIT,2026-08-25T13:53:46+00:00,,1787670420000,0,2026-08-25T16:14:00+00:00,2026-08-25T16:22:56.155000+00:00,1.16,,1.16,1.1832,,,,2026-08-25T16:22:56.399889+00:00,2026-08-25T16:22:57.155717+00:00,1.15,floor,-0.8620689655172422,1.000717,0.0,-0.8620689655172422,,,,,2
2026-08-25,AIXI,trail_activate+2_lock+2_distance1_floor+0,reclaim,resting,STOP_LIMIT,2026-08-25T13:53:46+00:00,,1787670420000,1787674980000,2026-08-25T16:26:00+00:00,2026-08-25T16:29:11.222000+00:00,1.17,,1.17,1.1934,,,,2026-08-25T16:29:11.470501+00:00,2026-08-25T16:29:12.061074+00:00,1.16,floor,-0.8547008547008554,0.839074,0.0,-0.8547008547008554,,,,,2
2026-08-25,AIXI,trail_activate+2_lock+2_distance1_floor+0,reclaim,resting,STOP_LIMIT,2026-08-25T13:53:46+00:00,,1787677080000,1787679300000,2026-08-25T17:38:00+00:00,2026-08-25T17:38:30.138000+00:00,1.29,,1.29,1.3158,,,,2026-08-25T17:38:30.440969+00:00,2026-08-25T17:38:31.287693+00:00,1.28,floor,-0.7751937984496131,1.149693,0.0,-0.7751937984496131,,,,,2
2026-08-25,AIXI,trail_activate+2_lock+2_distance1_floor+0,first,resting,STOP_LIMIT,2026-08-25T13:53:46+00:00,,1787680560000,0,2026-08-25T17:57:00+00:00,2026-08-25T18:12:09.641000+00:00,1.24,,1.24,1.2648,,,,2026-08-25T18:12:10.353728+00:00,2026-08-25T18:12:11.260411+00:00,1.23,floor,-0.8064516129032264,1.619411,0.0,-0.8064516129032264,,,,,2
2026-08-25,AIXI,trail_activate+2_lock+2_distance1_floor+0,first,resting,STOP_LIMIT,2026-08-25T13:53:46+00:00,,1787685480000,0,2026-08-25T19:28:00+00:00,2026-08-25T19:44:25.800000+00:00,1.25,,1.25,1.275,,,,2026-08-25T19:44:25.908240+00:00,2026-08-25T19:44:25.908553+00:00,1.24,floor,-0.8000000000000007,0.108553,0.0,-0.8000000000000007,,,,,2
2026-08-25,AIXI,trail_activate+2_lock+2_distance1_floor+0,reclaim,resting,STOP_LIMIT,2026-08-25T13:53:46+00:00,,1787685480000,1787687040000,2026-08-25T19:52:00+00:00,2026-08-25T19:53:58.736000+00:00,1.3,,1.3,1.326,,,,2026-08-25T19:53:59.009043+00:00,2026-08-25T19:53:59.175860+00:00,1.29,floor,-0.7692307692307698,0.43986,0.0,-0.7692307692307698,,,,,2
2026-08-25,AIXI,trail_activate+2_lock+2_distance2_floor+0,first,resting,STOP_LIMIT,2026-08-25T13:53:46+00:00,,1787670420000,0,2026-08-25T16:14:00+00:00,2026-08-25T16:22:56.155000+00:00,1.16,,1.16,1.1832,,,,2026-08-25T16:22:56.399889+00:00,2026-08-25T16:22:57.155717+00:00,1.15,floor,-0.8620689655172422,1.000717,0.0,-0.8620689655172422,,,,,2
2026-08-25,AIXI,trail_activate+2_lock+2_distance2_floor+0,reclaim,resting,STOP_LIMIT,2026-08-25T13:53:46+00:00,,1787670420000,1787674980000,2026-08-25T16:26:00+00:00,2026-08-25T16:29:11.222000+00:00,1.17,,1.17,1.1934,,,,2026-08-25T16:29:11.470501+00:00,2026-08-25T16:29:12.061074+00:00,1.16,floor,-0.8547008547008554,0.839074,0.0,-0.8547008547008554,,,,,2
2026-08-25,AIXI,trail_activate+2_lock+2_distance2_floor+0,reclaim,resting,STOP_LIMIT,2026-08-25T13:53:46+00:00,,1787677080000,1787679300000,2026-08-25T17:38:00+00:00,2026-08-25T17:38:30.138000+00:00,1.29,,1.29,1.3158,,,,2026-08-25T17:38:30.440969+00:00,2026-08-25T17:38:31.287693+00:00,1.28,floor,-0.7751937984496131,1.149693,0.0,-0.7751937984496131,,,,,2
2026-08-25,AIXI,trail_activate+2_lock+2_distance2_floor+0,first,resting,STOP_LIMIT,2026-08-25T13:53:46+00:00,,1787680560000,0,2026-08-25T17:57:00+00:00,2026-08-25T18:12:09.641000+00:00,1.24,,1.24,1.2648,,,,2026-08-25T18:12:10.353728+00:00,2026-08-25T18:12:11.260411+00:00,1.23,floor,-0.8064516129032264,1.619411,0.0,-0.8064516129032264,,,,,2
2026-08-25,AIXI,trail_activate+2_lock+2_distance2_floor+0,first,resting,STOP_LIMIT,2026-08-25T13:53:46+00:00,,1787685480000,0,2026-08-25T19:28:00+00:00,2026-08-25T19:44:25.800000+00:00,1.25,,1.25,1.275,,,,2026-08-25T19:44:25.908240+00:00,2026-08-25T19:44:25.908553+00:00,1.24,floor,-0.8000000000000007,0.108553,0.0,-0.8000000000000007,,,,,2
2026-08-25,AIXI,trail_activate+2_lock+2_distance2_floor+0,reclaim,resting,STOP_LIMIT,2026-08-25T13:53:46+00:00,,1787685480000,1787687040000,2026-08-25T19:52:00+00:00,2026-08-25T19:53:58.736000+00:00,1.3,,1.3,1.326,,,,2026-08-25T19:53:59.009043+00:00,2026-08-25T19:53:59.175860+00:00,1.29,floor,-0.7692307692307698,0.43986,0.0,-0.7692307692307698,,,,,2
2026-08-25,DAIC,trail_activate+1_lock+1_distance1_floor-1,first,resting,STOP_LIMIT,2026-08-25T08:14:09+00:00,,1787667780000,0,2026-08-25T15:25:00+00:00,2026-08-25T15:36:53.044000+00:00,3.2,,3.168,3.232,,,,2026-08-25T15:36:53.698035+00:00,2026-08-25T15:36:53.698422+00:00,3.16,floor,-1.250000000000001,0.654422,0.0,-1.250000000000001,,,2026-08-25T15:36:53.698035+00:00,,3
2026-08-25,DAIC,trail_activate+1_lock+1_distance1_floor-1,reclaim,resting,STOP_LIMIT,2026-08-25T08:14:09+00:00,,1787667780000,1787673900000,2026-08-25T16:08:00+00:00,2026-08-25T16:10:54.265000+00:00,3.52,,3.4848,3.5552,,,,2026-08-25T16:11:01.185293+00:00,2026-08-25T16:11:01.185562+00:00,3.48,floor,-1.1363636363636374,6.920562,0.0,-1.1363636363636374,,,2026-08-25T16:11:01.185293+00:00,,58
2026-08-25,DAIC,trail_activate+1_lock+1_distance1_floor-1,reclaim,resting,STOP_LIMIT,2026-08-25T08:14:09+00:00,,1787678160000,1787680920000,2026-08-25T18:07:00+00:00,2026-08-25T18:10:24.827000+00:00,3.78,,3.7422,3.8177999999999996,,,,2026-08-25T18:10:29.845559+00:00,2026-08-25T18:10:31.278188+00:00,3.74,floor,-1.0582010582010475,6.451188,0.0,-1.0582010582010475,,,2026-08-25T18:10:29.845559+00:00,,80
2026-08-25,DAIC,trail_activate+1_lock+1_distance1_floor-1,reclaim,resting,STOP_LIMIT,2026-08-25T08:14:09+00:00,,1787685240000,1787687040000,2026-08-25T19:47:00+00:00,2026-08-25T19:48:31.394000+00:00,3.94,,3.9006,3.9794,,,,2026-08-25T19:48:34.422683+00:00,2026-08-25T19:48:34.423044+00:00,3.9,floor,-1.0152284263959401,3.029044,0.0,-1.0152284263959401,,,2026-08-25T19:48:34.422683+00:00,,31
2026-08-25,DAIC,trail_activate+1_lock+1_distance2_floor-1,first,resting,STOP_LIMIT,2026-08-25T08:14:09+00:00,,1787667780000,0,2026-08-25T15:25:00+00:00,2026-08-25T15:36:53.044000+00:00,3.2,,3.168,3.232,,,,2026-08-25T15:36:53.698035+00:00,2026-08-25T15:36:53.698422+00:00,3.16,floor,-1.250000000000001,0.654422,0.0,-1.250000000000001,,,2026-08-25T15:36:53.698035+00:00,,3
2026-08-25,DAIC,trail_activate+1_lock+1_distance2_floor-1,reclaim,resting,STOP_LIMIT,2026-08-25T08:14:09+00:00,,1787667780000,1787673900000,2026-08-25T16:08:00+00:00,2026-08-25T16:10:54.265000+00:00,3.52,,3.4848,3.5552,,,,2026-08-25T16:11:01.185293+00:00,2026-08-25T16:11:01.185562+00:00,3.48,floor,-1.1363636363636374,6.920562,0.0,-1.1363636363636374,,,2026-08-25T16:11:01.185293+00:00,,58
2026-08-25,DAIC,trail_activate+1_lock+1_distance2_floor-1,reclaim,resting,STOP_LIMIT,2026-08-25T08:14:09+00:00,,1787678160000,1787680920000,2026-08-25T18:07:00+00:00,2026-08-25T18:10:24.827000+00:00,3.78,,3.7422,3.8177999999999996,,,,2026-08-25T18:10:29.845559+00:00,2026-08-25T18:10:31.278188+00:00,3.74,floor,-1.0582010582010475,6.451188,0.0,-1.0582010582010475,,,2026-08-25T18:10:29.845559+00:00,,80
2026-08-25,DAIC,trail_activate+1_lock+1_distance2_floor-1,reclaim,resting,STOP_LIMIT,2026-08-25T08:14:09+00:00,,1787685240000,1787687040000,2026-08-25T19:47:00+00:00,2026-08-25T19:48:31.394000+00:00,3.94,,3.9006,3.9794,,,,2026-08-25T19:48:34.422683+00:00,2026-08-25T19:48:34.423044+00:00,3.9,floor,-1.0152284263959401,3.029044,0.0,-1.0152284263959401,,,2026-08-25T19:48:34.422683+00:00,,31
2026-08-25,DAIC,trail_activate+2_lock+2_distance1_floor-1,first,resting,STOP_LIMIT,2026-08-25T08:14:09+00:00,,1787667780000,0,2026-08-25T15:25:00+00:00,2026-08-25T15:36:53.044000+00:00,3.2,,3.168,3.2640000000000002,,,,2026-08-25T15:36:53.698035+00:00,2026-08-25T15:36:53.698422+00:00,3.16,floor,-1.250000000000001,0.654422,0.0,-1.250000000000001,,,2026-08-25T15:36:53.698035+00:00,,3
2026-08-25,DAIC,trail_activate+2_lock+2_distance1_floor-1,reclaim,resting,STOP_LIMIT,2026-08-25T08:14:09+00:00,,1787667780000,1787673900000,2026-08-25T16:08:00+00:00,2026-08-25T16:10:54.265000+00:00,3.52,,3.4848,3.5904000000000003,,,,2026-08-25T16:11:01.185293+00:00,2026-08-25T16:11:01.185562+00:00,3.48,floor,-1.1363636363636374,6.920562,0.0,-1.1363636363636374,,,2026-08-25T16:11:01.185293+00:00,,58
2026-08-25,DAIC,trail_activate+2_lock+2_distance1_floor-1,reclaim,resting,STOP_LIMIT,2026-08-25T08:14:09+00:00,,1787678160000,1787680920000,2026-08-25T18:07:00+00:00,2026-08-25T18:10:24.827000+00:00,3.78,,3.7422,3.8556,,,,2026-08-25T18:10:29.845559+00:00,2026-08-25T18:10:31.278188+00:00,3.74,floor,-1.0582010582010475,6.451188,0.0,-1.0582010582010475,,,2026-08-25T18:10:29.845559+00:00,,80
2026-08-25,DAIC,trail_activate+2_lock+2_distance1_floor-1,reclaim,resting,STOP_LIMIT,2026-08-25T08:14:09+00:00,,1787685240000,1787687040000,2026-08-25T19:47:00+00:00,2026-08-25T19:48:31.394000+00:00,3.94,,3.9006,4.0188,,,,2026-08-25T19:48:34.422683+00:00,2026-08-25T19:48:34.423044+00:00,3.9,floor,-1.0152284263959401,3.029044,0.0,-1.0152284263959401,,,2026-08-25T19:48:34.422683+00:00,,31
2026-08-25,DAIC,trail_activate+2_lock+2_distance2_floor-1,first,resting,STOP_LIMIT,2026-08-25T08:14:09+00:00,,1787667780000,0,2026-08-25T15:25:00+00:00,2026-08-25T15:36:53.044000+00:00,3.2,,3.168,3.2640000000000002,,,,2026-08-25T15:36:53.698035+00:00,2026-08-25T15:36:53.698422+00:00,3.16,floor,-1.250000000000001,0.654422,0.0,-1.250000000000001,,,2026-08-25T15:36:53.698035+00:00,,3
2026-08-25,DAIC,trail_activate+2_lock+2_distance2_floor-1,reclaim,resting,STOP_LIMIT,2026-08-25T08:14:09+00:00,,1787667780000,1787673900000,2026-08-25T16:08:00+00:00,2026-08-25T16:10:54.265000+00:00,3.52,,3.4848,3.5904000000000003,,,,2026-08-25T16:11:01.185293+00:00,2026-08-25T16:11:01.185562+00:00,3.48,floor,-1.1363636363636374,6.920562,0.0,-1.1363636363636374,,,2026-08-25T16:11:01.185293+00:00,,58
2026-08-25,DAIC,trail_activate+2_lock+2_distance2_floor-1,reclaim,resting,STOP_LIMIT,2026-08-25T08:14:09+00:00,,1787678160000,1787680920000,2026-08-25T18:07:00+00:00,2026-08-25T18:10:24.827000+00:00,3.78,,3.7422,3.8556,,,,2026-08-25T18:10:29.845559+00:00,2026-08-25T18:10:31.278188+00:00,3.74,floor,-1.0582010582010475,6.451188,0.0,-1.0582010582010475,,,2026-08-25T18:10:29.845559+00:00,,80
2026-08-25,DAIC,trail_activate+2_lock+2_distance2_floor-1,reclaim,resting,STOP_LIMIT,2026-08-25T08:14:09+00:00,,1787685240000,1787687040000,2026-08-25T19:47:00+00:00,2026-08-25T19:48:31.394000+00:00,3.94,,3.9006,4.0188,,,,2026-08-25T19:48:34.422683+00:00,2026-08-25T19:48:34.423044+00:00,3.9,floor,-1.0152284263959401,3.029044,0.0,-1.0152284263959401,,,2026-08-25T19:48:34.422683+00:00,,31
2026-08-25,DAIC,trail_activate+1_lock+1_distance1_floor+0,first,resting,STOP_LIMIT,2026-08-25T08:14:09+00:00,,1787667780000,0,2026-08-25T15:25:00+00:00,2026-08-25T15:36:53.044000+00:00,3.2,,3.2,3.232,,,,2026-08-25T15:36:53.149013+00:00,2026-08-25T15:36:53.698035+00:00,3.16,floor,-1.250000000000001,0.654035,0.0,-1.250000000000001,,,2026-08-25T15:36:53.698035+00:00,,2
2026-08-25,DAIC,trail_activate+1_lock+1_distance1_floor+0,reclaim,resting,STOP_LIMIT,2026-08-25T08:14:09+00:00,,1787667780000,1787673900000,2026-08-25T16:08:00+00:00,2026-08-25T16:10:54.265000+00:00,3.52,,3.52,3.5552,,,,2026-08-25T16:10:54.359117+00:00,2026-08-25T16:10:54.997504+00:00,3.5,floor,-0.5681818181818187,0.732504,0.0,-0.5681818181818187,,,,,2
2026-08-25,DAIC,trail_activate+1_lock+1_distance1_floor+0,reclaim,resting,STOP_LIMIT,2026-08-25T08:14:09+00:00,,1787678160000,1787680920000,2026-08-25T18:07:00+00:00,2026-08-25T18:10:24.827000+00:00,3.78,,3.78,3.8177999999999996,,,,2026-08-25T18:10:24.833521+00:00,2026-08-25T18:10:24.839704+00:00,3.75,floor,-0.7936507936507886,0.012704,0.0,-0.7936507936507886,,,,,2
2026-08-25,DAIC,trail_activate+1_lock+1_distance1_floor+0,reclaim,resting,STOP_LIMIT,2026-08-25T08:14:09+00:00,,1787685240000,1787687040000,2026-08-25T19:47:00+00:00,2026-08-25T19:48:31.394000+00:00,3.94,,3.94,3.9794,,,,2026-08-25T19:48:31.493808+00:00,2026-08-25T19:48:31.495241+00:00,3.93,floor,-0.25380710659897937,0.101241,0.0,-0.25380710659897937,,,,,2
2026-08-25,DAIC,trail_activate+1_lock+1_distance2_floor+0,first,resting,STOP_LIMIT,2026-08-25T08:14:09+00:00,,1787667780000,0,2026-08-25T15:25:00+00:00,2026-08-25T15:36:53.044000+00:00,3.2,,3.2,3.232,,,,2026-08-25T15:36:53.149013+00:00,2026-08-25T15:36:53.698035+00:00,3.16,floor,-1.250000000000001,0.654035,0.0,-1.250000000000001,,,2026-08-25T15:36:53.698035+00:00,,2
2026-08-25,DAIC,trail_activate+1_lock+1_distance2_floor+0,reclaim,resting,STOP_LIMIT,2026-08-25T08:14:09+00:00,,1787667780000,1787673900000,2026-08-25T16:08:00+00:00,2026-08-25T16:10:54.265000+00:00,3.52,,3.52,3.5552,,,,2026-08-25T16:10:54.359117+00:00,2026-08-25T16:10:54.997504+00:00,3.5,floor,-0.5681818181818187,0.732504,0.0,-0.5681818181818187,,,,,2
2026-08-25,DAIC,trail_activate+1_lock+1_distance2_floor+0,reclaim,resting,STOP_LIMIT,2026-08-25T08:14:09+00:00,,1787678160000,1787680920000,2026-08-25T18:07:00+00:00,2026-08-25T18:10:24.827000+00:00,3.78,,3.78,3.8177999999999996,,,,2026-08-25T18:10:24.833521+00:00,2026-08-25T18:10:24.839704+00:00,3.75,floor,-0.7936507936507886,0.012704,0.0,-0.7936507936507886,,,,,2
2026-08-25,DAIC,trail_activate+1_lock+1_distance2_floor+0,reclaim,resting,STOP_LIMIT,2026-08-25T08:14:09+00:00,,1787685240000,1787687040000,2026-08-25T19:47:00+00:00,2026-08-25T19:48:31.394000+00:00,3.94,,3.94,3.9794,,,,2026-08-25T19:48:31.493808+00:00,2026-08-25T19:48:31.495241+00:00,3.93,floor,-0.25380710659897937,0.101241,0.0,-0.25380710659897937,,,,,2
2026-08-25,DAIC,trail_activate+2_lock+2_distance1_floor+0,first,resting,STOP_LIMIT,2026-08-25T08:14:09+00:00,,1787667780000,0,2026-08-25T15:25:00+00:00,2026-08-25T15:36:53.044000+00:00,3.2,,3.2,3.2640000000000002,,,,2026-08-25T15:36:53.149013+00:00,2026-08-25T15:36:53.698035+00:00,3.16,floor,-1.250000000000001,0.654035,0.0,-1.250000000000001,,,2026-08-25T15:36:53.698035+00:00,,2
2026-08-25,DAIC,trail_activate+2_lock+2_distance1_floor+0,reclaim,resting,STOP_LIMIT,2026-08-25T08:14:09+00:00,,1787667780000,1787673900000,2026-08-25T16:08:00+00:00,2026-08-25T16:10:54.265000+00:00,3.52,,3.52,3.5904000000000003,,,,2026-08-25T16:10:54.359117+00:00,2026-08-25T16:10:54.997504+00:00,3.5,floor,-0.5681818181818187,0.732504,0.0,-0.5681818181818187,,,,,2
2026-08-25,DAIC,trail_activate+2_lock+2_distance1_floor+0,reclaim,resting,STOP_LIMIT,2026-08-25T08:14:09+00:00,,1787678160000,1787680920000,2026-08-25T18:07:00+00:00,2026-08-25T18:10:24.827000+00:00,3.78,,3.78,3.8556,,,,2026-08-25T18:10:24.833521+00:00,2026-08-25T18:10:24.839704+00:00,3.75,floor,-0.7936507936507886,0.012704,0.0,-0.7936507936507886,,,,,2
2026-08-25,DAIC,trail_activate+2_lock+2_distance1_floor+0,reclaim,resting,STOP_LIMIT,2026-08-25T08:14:09+00:00,,1787685240000,1787687040000,2026-08-25T19:47:00+00:00,2026-08-25T19:48:31.394000+00:00,3.94,,3.94,4.0188,,,,2026-08-25T19:48:31.493808+00:00,2026-08-25T19:48:31.495241+00:00,3.93,floor,-0.25380710659897937,0.101241,0.0,-0.25380710659897937,,,,,2
2026-08-25,DAIC,trail_activate+2_lock+2_distance2_floor+0,first,resting,STOP_LIMIT,2026-08-25T08:14:09+00:00,,1787667780000,0,2026-08-25T15:25:00+00:00,2026-08-25T15:36:53.044000+00:00,3.2,,3.2,3.2640000000000002,,,,2026-08-25T15:36:53.149013+00:00,2026-08-25T15:36:53.698035+00:00,3.16,floor,-1.250000000000001,0.654035,0.0,-1.250000000000001,,,2026-08-25T15:36:53.698035+00:00,,2
2026-08-25,DAIC,trail_activate+2_lock+2_distance2_floor+0,reclaim,resting,STOP_LIMIT,2026-08-25T08:14:09+00:00,,1787667780000,1787673900000,2026-08-25T16:08:00+00:00,2026-08-25T16:10:54.265000+00:00,3.52,,3.52,3.5904000000000003,,,,2026-08-25T16:10:54.359117+00:00,2026-08-25T16:10:54.997504+00:00,3.5,floor,-0.5681818181818187,0.732504,0.0,-0.5681818181818187,,,,,2
2026-08-25,DAIC,trail_activate+2_lock+2_distance2_floor+0,reclaim,resting,STOP_LIMIT,2026-08-25T08:14:09+00:00,,1787678160000,1787680920000,2026-08-25T18:07:00+00:00,2026-08-25T18:10:24.827000+00:00,3.78,,3.78,3.8556,,,,2026-08-25T18:10:24.833521+00:00,2026-08-25T18:10:24.839704+00:00,3.75,floor,-0.7936507936507886,0.012704,0.0,-0.7936507936507886,,,,,2
2026-08-25,DAIC,trail_activate+2_lock+2_distance2_floor+0,reclaim,resting,STOP_LIMIT,2026-08-25T08:14:09+00:00,,1787685240000,1787687040000,2026-08-25T19:47:00+00:00,2026-08-25T19:48:31.394000+00:00,3.94,,3.94,4.0188,,,,2026-08-25T19:48:31.493808+00:00,2026-08-25T19:48:31.495241+00:00,3.93,floor,-0.25380710659897937,0.101241,0.0,-0.25380710659897937,,,,,2
2026-08-25,PMI,trail_activate+1_lock+1_distance1_floor-1,first,resting,STOP_LIMIT,2026-08-25T13:55:55+00:00,,1787670240000,0,2026-08-25T16:18:00+00:00,2026-08-25T16:19:28.916000+00:00,7.69,,7.6131,7.766900000000001,,,,2026-08-25T16:19:51.647504+00:00,2026-08-25T16:19:56.173443+00:00,7.6,floor,-1.1703511053316091,27.257443,0.0,-1.1703511053316091,,,2026-08-25T16:19:51.647504+00:00,,36
2026-08-25,PMI,trail_activate+1_lock+1_distance1_floor-1,reclaim,resting,STOP_LIMIT,2026-08-25T13:55:55+00:00,,1787670240000,1787674800000,2026-08-25T16:23:00+00:00,2026-08-25T16:23:19.287000+00:00,7.86,,7.7814000000000005,7.9386,,,,2026-08-25T16:23:19.290820+00:00,2026-08-25T16:23:19.302568+00:00,7.76,floor,-1.2722646310432637,0.015568,0.0,-1.2722646310432637,,,2026-08-25T16:23:19.290820+00:00,,2
2026-08-25,PMI,trail_activate+1_lock+1_distance1_floor-1,first,resting,STOP_LIMIT,2026-08-25T13:55:55+00:00,,1787681880000,0,2026-08-25T18:25:00+00:00,2026-08-25T18:39:19.411000+00:00,9.7,,9.603,9.796999999999999,,,,2026-08-25T18:39:43.366847+00:00,2026-08-25T18:39:43.367094+00:00,9.6,floor,-1.0309278350515427,23.956094,0.0,-1.0309278350515427,,,2026-08-25T18:39:43.366847+00:00,,69
2026-08-25,PMI,trail_activate+1_lock+1_distance1_floor-1,reclaim,resting,STOP_LIMIT,2026-08-25T13:55:55+00:00,,1787681880000,1787683200000,2026-08-25T18:43:00+00:00,2026-08-25T18:49:43.081000+00:00,9.9,,9.801,9.999,,,,2026-08-25T18:49:47.487303+00:00,2026-08-25T18:49:47.493247+00:00,9.79,floor,-1.1111111111111234,4.412247,0.0,-1.1111111111111234,,,2026-08-25T18:49:47.487303+00:00,,11
2026-08-25,PMI,trail_activate+1_lock+1_distance2_floor-1,first,resting,STOP_LIMIT,2026-08-25T13:55:55+00:00,,1787670240000,0,2026-08-25T16:18:00+00:00,2026-08-25T16:19:28.916000+00:00,7.69,,7.6131,7.766900000000001,,,,2026-08-25T16:19:51.647504+00:00,2026-08-25T16:19:56.173443+00:00,7.6,floor,-1.1703511053316091,27.257443,0.0,-1.1703511053316091,,,2026-08-25T16:19:51.647504+00:00,,36
2026-08-25,PMI,trail_activate+1_lock+1_distance2_floor-1,reclaim,resting,STOP_LIMIT,2026-08-25T13:55:55+00:00,,1787670240000,1787674800000,2026-08-25T16:23:00+00:00,2026-08-25T16:23:19.287000+00:00,7.86,,7.7814000000000005,7.9386,,,,2026-08-25T16:23:19.290820+00:00,2026-08-25T16:23:19.302568+00:00,7.76,floor,-1.2722646310432637,0.015568,0.0,-1.2722646310432637,,,2026-08-25T16:23:19.290820+00:00,,2
2026-08-25,PMI,trail_activate+1_lock+1_distance2_floor-1,first,resting,STOP_LIMIT,2026-08-25T13:55:55+00:00,,1787681880000,0,2026-08-25T18:25:00+00:00,2026-08-25T18:39:19.411000+00:00,9.7,,9.603,9.796999999999999,,,,2026-08-25T18:39:43.366847+00:00,2026-08-25T18:39:43.367094+00:00,9.6,floor,-1.0309278350515427,23.956094,0.0,-1.0309278350515427,,,2026-08-25T18:39:43.366847+00:00,,69
2026-08-25,PMI,trail_activate+1_lock+1_distance2_floor-1,reclaim,resting,STOP_LIMIT,2026-08-25T13:55:55+00:00,,1787681880000,1787683200000,2026-08-25T18:43:00+00:00,2026-08-25T18:49:43.081000+00:00,9.9,,9.801,9.999,,,,2026-08-25T18:49:47.487303+00:00,2026-08-25T18:49:47.493247+00:00,9.79,floor,-1.1111111111111234,4.412247,0.0,-1.1111111111111234,,,2026-08-25T18:49:47.487303+00:00,,11
2026-08-25,PMI,trail_activate+2_lock+2_distance1_floor-1,first,resting,STOP_LIMIT,2026-08-25T13:55:55+00:00,,1787670240000,0,2026-08-25T16:18:00+00:00,2026-08-25T16:19:28.916000+00:00,7.69,,7.6131,7.843800000000001,,,,2026-08-25T16:19:51.647504+00:00,2026-08-25T16:19:56.173443+00:00,7.6,floor,-1.1703511053316091,27.257443,0.0,-1.1703511053316091,,,2026-08-25T16:19:51.647504+00:00,,36
2026-08-25,PMI,trail_activate+2_lock+2_distance1_floor-1,reclaim,resting,STOP_LIMIT,2026-08-25T13:55:55+00:00,,1787670240000,1787674800000,2026-08-25T16:23:00+00:00,2026-08-25T16:23:19.287000+00:00,7.86,,7.7814000000000005,8.0172,,,,2026-08-25T16:23:19.290820+00:00,2026-08-25T16:23:19.302568+00:00,7.76,floor,-1.2722646310432637,0.015568,0.0,-1.2722646310432637,,,2026-08-25T16:23:19.290820+00:00,,2
2026-08-25,PMI,trail_activate+2_lock+2_distance1_floor-1,first,resting,STOP_LIMIT,2026-08-25T13:55:55+00:00,,1787681880000,0,2026-08-25T18:25:00+00:00,2026-08-25T18:39:19.411000+00:00,9.7,,9.603,9.894,,,,2026-08-25T18:39:43.366847+00:00,2026-08-25T18:39:43.367094+00:00,9.6,floor,-1.0309278350515427,23.956094,0.0,-1.0309278350515427,,,2026-08-25T18:39:43.366847+00:00,,69
2026-08-25,PMI,trail_activate+2_lock+2_distance1_floor-1,reclaim,resting,STOP_LIMIT,2026-08-25T13:55:55+00:00,,1787681880000,1787683200000,2026-08-25T18:43:00+00:00,2026-08-25T18:49:43.081000+00:00,9.9,,9.801,10.098,,,,2026-08-25T18:49:47.487303+00:00,2026-08-25T18:49:47.493247+00:00,9.79,floor,-1.1111111111111234,4.412247,0.0,-1.1111111111111234,,,2026-08-25T18:49:47.487303+00:00,,11
2026-08-25,PMI,trail_activate+2_lock+2_distance2_floor-1,first,resting,STOP_LIMIT,2026-08-25T13:55:55+00:00,,1787670240000,0,2026-08-25T16:18:00+00:00,2026-08-25T16:19:28.916000+00:00,7.69,,7.6131,7.843800000000001,,,,2026-08-25T16:19:51.647504+00:00,2026-08-25T16:19:56.173443+00:00,7.6,floor,-1.1703511053316091,27.257443,0.0,-1.1703511053316091,,,2026-08-25T16:19:51.647504+00:00,,36
2026-08-25,PMI,trail_activate+2_lock+2_distance2_floor-1,reclaim,resting,STOP_LIMIT,2026-08-25T13:55:55+00:00,,1787670240000,1787674800000,2026-08-25T16:23:00+00:00,2026-08-25T16:23:19.287000+00:00,7.86,,7.7814000000000005,8.0172,,,,2026-08-25T16:23:19.290820+00:00,2026-08-25T16:23:19.302568+00:00,7.76,floor,-1.2722646310432637,0.015568,0.0,-1.2722646310432637,,,2026-08-25T16:23:19.290820+00:00,,2
2026-08-25,PMI,trail_activate+2_lock+2_distance2_floor-1,first,resting,STOP_LIMIT,2026-08-25T13:55:55+00:00,,1787681880000,0,2026-08-25T18:25:00+00:00,2026-08-25T18:39:19.411000+00:00,9.7,,9.603,9.894,,,,2026-08-25T18:39:43.366847+00:00,2026-08-25T18:39:43.367094+00:00,9.6,floor,-1.0309278350515427,23.956094,0.0,-1.0309278350515427,,,2026-08-25T18:39:43.366847+00:00,,69
2026-08-25,PMI,trail_activate+2_lock+2_distance2_floor-1,reclaim,resting,STOP_LIMIT,2026-08-25T13:55:55+00:00,,1787681880000,1787683200000,2026-08-25T18:43:00+00:00,2026-08-25T18:49:43.081000+00:00,9.9,,9.801,10.098,,,,2026-08-25T18:49:47.487303+00:00,2026-08-25T18:49:47.493247+00:00,9.79,floor,-1.1111111111111234,4.412247,0.0,-1.1111111111111234,,,2026-08-25T18:49:47.487303+00:00,,11
2026-08-25,PMI,trail_activate+1_lock+1_distance1_floor+0,first,resting,STOP_LIMIT,2026-08-25T13:55:55+00:00,,1787670240000,0,2026-08-25T16:18:00+00:00,2026-08-25T16:19:28.916000+00:00,7.69,,7.69,7.766900000000001,,,,2026-08-25T16:19:30.506279+00:00,2026-08-25T16:19:30.520624+00:00,7.62,floor,-0.910273081924581,1.604624,0.0,-0.910273081924581,,,,,2
2026-08-25,PMI,trail_activate+1_lock+1_distance1_floor+0,reclaim,resting,STOP_LIMIT,2026-08-25T13:55:55+00:00,,1787670240000,1787674800000,2026-08-25T16:23:00+00:00,2026-08-25T16:23:19.287000+00:00,7.86,,7.86,7.9386,,,,2026-08-25T16:23:19.290820+00:00,2026-08-25T16:23:19.302568+00:00,7.76,floor,-1.2722646310432637,0.015568,0.0,-1.2722646310432637,,,2026-08-25T16:23:19.290820+00:00,,2
2026-08-25,PMI,trail_activate+1_lock+1_distance1_floor+0,first,resting,STOP_LIMIT,2026-08-25T13:55:55+00:00,,1787681880000,0,2026-08-25T18:25:00+00:00,2026-08-25T18:39:19.411000+00:00,9.7,,9.7,9.796999999999999,,,,2026-08-25T18:39:19.435185+00:00,2026-08-25T18:39:19.436178+00:00,9.62,floor,-0.8247422680412378,0.025178,0.0,-0.8247422680412378,,,,,2
2026-08-25,PMI,trail_activate+1_lock+1_distance1_floor+0,reclaim,resting,STOP_LIMIT,2026-08-25T13:55:55+00:00,,1787681880000,1787683200000,2026-08-25T18:43:00+00:00,2026-08-25T18:49:43.081000+00:00,9.9,,9.9,9.999,,,,2026-08-25T18:49:43.101789+00:00,2026-08-25T18:49:43.995843+00:00,9.85,floor,-0.5050505050505122,0.914843,0.0,-0.5050505050505122,,,,,2
2026-08-25,PMI,trail_activate+1_lock+1_distance2_floor+0,first,resting,STOP_LIMIT,2026-08-25T13:55:55+00:00,,1787670240000,0,2026-08-25T16:18:00+00:00,2026-08-25T16:19:28.916000+00:00,7.69,,7.69,7.766900000000001,,,,2026-08-25T16:19:30.506279+00:00,2026-08-25T16:19:30.520624+00:00,7.62,floor,-0.910273081924581,1.604624,0.0,-0.910273081924581,,,,,2
2026-08-25,PMI,trail_activate+1_lock+1_distance2_floor+0,reclaim,resting,STOP_LIMIT,2026-08-25T13:55:55+00:00,,1787670240000,1787674800000,2026-08-25T16:23:00+00:00,2026-08-25T16:23:19.287000+00:00,7.86,,7.86,7.9386,,,,2026-08-25T16:23:19.290820+00:00,2026-08-25T16:23:19.302568+00:00,7.76,floor,-1.2722646310432637,0.015568,0.0,-1.2722646310432637,,,2026-08-25T16:23:19.290820+00:00,,2
2026-08-25,PMI,trail_activate+1_lock+1_distance2_floor+0,first,resting,STOP_LIMIT,2026-08-25T13:55:55+00:00,,1787681880000,0,2026-08-25T18:25:00+00:00,2026-08-25T18:39:19.411000+00:00,9.7,,9.7,9.796999999999999,,,,2026-08-25T18:39:19.435185+00:00,2026-08-25T18:39:19.436178+00:00,9.62,floor,-0.8247422680412378,0.025178,0.0,-0.8247422680412378,,,,,2
2026-08-25,PMI,trail_activate+1_lock+1_distance2_floor+0,reclaim,resting,STOP_LIMIT,2026-08-25T13:55:55+00:00,,1787681880000,1787683200000,2026-08-25T18:43:00+00:00,2026-08-25T18:49:43.081000+00:00,9.9,,9.9,9.999,,,,2026-08-25T18:49:43.101789+00:00,2026-08-25T18:49:43.995843+00:00,9.85,floor,-0.5050505050505122,0.914843,0.0,-0.5050505050505122,,,,,2
2026-08-25,PMI,trail_activate+2_lock+2_distance1_floor+0,first,resting,STOP_LIMIT,2026-08-25T13:55:55+00:00,,1787670240000,0,2026-08-25T16:18:00+00:00,2026-08-25T16:19:28.916000+00:00,7.69,,7.69,7.843800000000001,,,,2026-08-25T16:19:30.506279+00:00,2026-08-25T16:19:30.520624+00:00,7.62,floor,-0.910273081924581,1.604624,0.0,-0.910273081924581,,,,,2
2026-08-25,PMI,trail_activate+2_lock+2_distance1_floor+0,reclaim,resting,STOP_LIMIT,2026-08-25T13:55:55+00:00,,1787670240000,1787674800000,2026-08-25T16:23:00+00:00,2026-08-25T16:23:19.287000+00:00,7.86,,7.86,8.0172,,,,2026-08-25T16:23:19.290820+00:00,2026-08-25T16:23:19.302568+00:00,7.76,floor,-1.2722646310432637,0.015568,0.0,-1.2722646310432637,,,2026-08-25T16:23:19.290820+00:00,,2
2026-08-25,PMI,trail_activate+2_lock+2_distance1_floor+0,first,resting,STOP_LIMIT,2026-08-25T13:55:55+00:00,,1787681880000,0,2026-08-25T18:25:00+00:00,2026-08-25T18:39:19.411000+00:00,9.7,,9.7,9.894,,,,2026-08-25T18:39:19.435185+00:00,2026-08-25T18:39:19.436178+00:00,9.62,floor,-0.8247422680412378,0.025178,0.0,-0.8247422680412378,,,,,2
2026-08-25,PMI,trail_activate+2_lock+2_distance1_floor+0,reclaim,resting,STOP_LIMIT,2026-08-25T13:55:55+00:00,,1787681880000,1787683200000,2026-08-25T18:43:00+00:00,2026-08-25T18:49:43.081000+00:00,9.9,,9.9,10.098,,,,2026-08-25T18:49:43.101789+00:00,2026-08-25T18:49:43.995843+00:00,9.85,floor,-0.5050505050505122,0.914843,0.0,-0.5050505050505122,,,,,2
2026-08-25,PMI,trail_activate+2_lock+2_distance2_floor+0,first,resting,STOP_LIMIT,2026-08-25T13:55:55+00:00,,1787670240000,0,2026-08-25T16:18:00+00:00,2026-08-25T16:19:28.916000+00:00,7.69,,7.69,7.843800000000001,,,,2026-08-25T16:19:30.506279+00:00,2026-08-25T16:19:30.520624+00:00,7.62,floor,-0.910273081924581,1.604624,0.0,-0.910273081924581,,,,,2
2026-08-25,PMI,trail_activate+2_lock+2_distance2_floor+0,reclaim,resting,STOP_LIMIT,2026-08-25T13:55:55+00:00,,1787670240000,1787674800000,2026-08-25T16:23:00+00:00,2026-08-25T16:23:19.287000+00:00,7.86,,7.86,8.0172,,,,2026-08-25T16:23:19.290820+00:00,2026-08-25T16:23:19.302568+00:00,7.76,floor,-1.2722646310432637,0.015568,0.0,-1.2722646310432637,,,2026-08-25T16:23:19.290820+00:00,,2
2026-08-25,PMI,trail_activate+2_lock+2_distance2_floor+0,first,resting,STOP_LIMIT,2026-08-25T13:55:55+00:00,,1787681880000,0,2026-08-25T18:25:00+00:00,2026-08-25T18:39:19.411000+00:00,9.7,,9.7,9.894,,,,2026-08-25T18:39:19.435185+00:00,2026-08-25T18:39:19.436178+00:00,9.62,floor,-0.8247422680412378,0.025178,0.0,-0.8247422680412378,,,,,2
2026-08-25,PMI,trail_activate+2_lock+2_distance2_floor+0,reclaim,resting,STOP_LIMIT,2026-08-25T13:55:55+00:00,,1787681880000,1787683200000,2026-08-25T18:43:00+00:00,2026-08-25T18:49:43.081000+00:00,9.9,,9.9,10.098,,,,2026-08-25T18:49:43.101789+00:00,2026-08-25T18:49:43.995843+00:00,9.85,floor,-0.5050505050505122,0.914843,0.0,-0.5050505050505122,,,,,2
2026-08-25,WVVIP,trail_activate+1_lock+1_distance1_floor-1,reclaim,resting,STOP_LIMIT,2026-08-25T13:42:51+00:00,2026-08-25T18:24:39.041000+00:00,1787667360000,1787673240000,2026-08-25T15:59:00+00:00,2026-08-25T15:59:03.415000+00:00,6.0,,5.9399999999999995,6.0600000000000005,,,,2026-08-25T15:59:13.416318+00:00,2026-08-25T15:59:14.458824+00:00,5.93,floor,-1.1666666666666714,11.043824,0.0,-1.1666666666666714,,,2026-08-25T15:59:13.416318+00:00,,25
2026-08-25,WVVIP,trail_activate+1_lock+1_distance2_floor-1,reclaim,resting,STOP_LIMIT,2026-08-25T13:42:51+00:00,2026-08-25T18:24:39.041000+00:00,1787667360000,1787673240000,2026-08-25T15:59:00+00:00,2026-08-25T15:59:03.415000+00:00,6.0,,5.9399999999999995,6.0600000000000005,,,,2026-08-25T15:59:13.416318+00:00,2026-08-25T15:59:14.458824+00:00,5.93,floor,-1.1666666666666714,11.043824,0.0,-1.1666666666666714,,,2026-08-25T15:59:13.416318+00:00,,25
2026-08-25,WVVIP,trail_activate+2_lock+2_distance1_floor-1,reclaim,resting,STOP_LIMIT,2026-08-25T13:42:51+00:00,2026-08-25T18:24:39.041000+00:00,1787667360000,1787673240000,2026-08-25T15:59:00+00:00,2026-08-25T15:59:03.415000+00:00,6.0,,5.9399999999999995,6.12,,,,2026-08-25T15:59:13.416318+00:00,2026-08-25T15:59:14.458824+00:00,5.93,floor,-1.1666666666666714,11.043824,0.0,-1.1666666666666714,,,2026-08-25T15:59:13.416318+00:00,,25
2026-08-25,WVVIP,trail_activate+2_lock+2_distance2_floor-1,reclaim,resting,STOP_LIMIT,2026-08-25T13:42:51+00:00,2026-08-25T18:24:39.041000+00:00,1787667360000,1787673240000,2026-08-25T15:59:00+00:00,2026-08-25T15:59:03.415000+00:00,6.0,,5.9399999999999995,6.12,,,,2026-08-25T15:59:13.416318+00:00,2026-08-25T15:59:14.458824+00:00,5.93,floor,-1.1666666666666714,11.043824,0.0,-1.1666666666666714,,,2026-08-25T15:59:13.416318+00:00,,25
2026-08-25,WVVIP,trail_activate+1_lock+1_distance1_floor+0,reclaim,resting,STOP_LIMIT,2026-08-25T13:42:51+00:00,2026-08-25T18:24:39.041000+00:00,1787667360000,1787673240000,2026-08-25T15:59:00+00:00,2026-08-25T15:59:03.415000+00:00,6.0,,6.0,6.0600000000000005,,,,2026-08-25T15:59:04.669335+00:00,2026-08-25T15:59:04.889374+00:00,5.96,floor,-0.6666666666666672,1.474374,0.0,-0.6666666666666672,,,,,2
2026-08-25,WVVIP,trail_activate+1_lock+1_distance2_floor+0,reclaim,resting,STOP_LIMIT,2026-08-25T13:42:51+00:00,2026-08-25T18:24:39.041000+00:00,1787667360000,1787673240000,2026-08-25T15:59:00+00:00,2026-08-25T15:59:03.415000+00:00,6.0,,6.0,6.0600000000000005,,,,2026-08-25T15:59:04.669335+00:00,2026-08-25T15:59:04.889374+00:00,5.96,floor,-0.6666666666666672,1.474374,0.0,-0.6666666666666672,,,,,2
2026-08-25,WVVIP,trail_activate+2_lock+2_distance1_floor+0,reclaim,resting,STOP_LIMIT,2026-08-25T13:42:51+00:00,2026-08-25T18:24:39.041000+00:00,1787667360000,1787673240000,2026-08-25T15:59:00+00:00,2026-08-25T15:59:03.415000+00:00,6.0,,6.0,6.12,,,,2026-08-25T15:59:04.669335+00:00,2026-08-25T15:59:04.889374+00:00,5.96,floor,-0.6666666666666672,1.474374,0.0,-0.6666666666666672,,,,,2
2026-08-25,WVVIP,trail_activate+2_lock+2_distance2_floor+0,reclaim,resting,STOP_LIMIT,2026-08-25T13:42:51+00:00,2026-08-25T18:24:39.041000+00:00,1787667360000,1787673240000,2026-08-25T15:59:00+00:00,2026-08-25T15:59:03.415000+00:00,6.0,,6.0,6.12,,,,2026-08-25T15:59:04.669335+00:00,2026-08-25T15:59:04.889374+00:00,5.96,floor,-0.6666666666666672,1.474374,0.0,-0.6666666666666672,,,,,2
2026-08-26,CRE,trail_activate+1_lock+1_distance1_floor-1,reclaim,resting,STOP_LIMIT,2026-08-26T11:46:40+00:00,,1787751000000,1787751000000,2026-08-26T13:33:00+00:00,2026-08-26T13:36:59.147000+00:00,7.39,,7.3161,7.4639,,,,2026-08-26T13:37:00.488640+00:00,2026-08-26T13:37:00.488884+00:00,7.31,floor,-1.0825439783491213,1.341884,0.0,-1.0825439783491213,,,2026-08-26T13:37:00.488640+00:00,,44
2026-08-26,CRE,trail_activate+1_lock+1_distance1_floor-1,first,resting,STOP_LIMIT,2026-08-26T11:46:40+00:00,,1787756640000,0,2026-08-26T16:18:00+00:00,2026-08-26T16:18:21.719000+00:00,6.29,,6.2271,6.3529,,,,2026-08-26T16:18:49.321758+00:00,2026-08-26T16:18:50.178847+00:00,6.22,floor,-1.112877583465823,28.459847,0.31796502384737,-1.112877583465823,,,2026-08-26T16:18:49.321758+00:00,,162
2026-08-26,CRE,trail_activate+1_lock+1_distance1_floor-1,reclaim,resting,STOP_LIMIT,2026-08-26T11:46:40+00:00,,1787756640000,1787761140000,2026-08-26T16:22:00+00:00,2026-08-26T16:22:01.545000+00:00,6.33,,6.2667,6.3933,2026-08-26T16:23:30.819061+00:00,6.41,6.3933,2026-08-26T16:23:30.821426+00:00,2026-08-26T16:23:30.822971+00:00,6.39,trail,0.9478672985781929,89.277971,1.263823064770933,-0.7898894154818297,2026-08-26T16:23:30.819061+00:00,,,,298
2026-08-26,CRE,trail_activate+1_lock+1_distance1_floor-1,first,resting,STOP_LIMIT,2026-08-26T11:46:40+00:00,,1787762100000,0,2026-08-26T16:47:00+00:00,2026-08-26T16:49:01.231000+00:00,6.23,,6.1677,6.292300000000001,,,,2026-08-26T16:51:22.307439+00:00,2026-08-26T16:51:22.307789+00:00,6.16,floor,-1.123595505617982,141.076789,0.6420545746388306,-1.123595505617982,,,2026-08-26T16:51:22.307439+00:00,,286
2026-08-26,CRE,trail_activate+1_lock+1_distance1_floor-1,reclaim,resting,STOP_LIMIT,2026-08-26T11:46:40+00:00,,1787762100000,1787762940000,2026-08-26T16:52:00+00:00,2026-08-26T16:54:16.223000+00:00,6.32,,6.2568,6.3832,,,,2026-08-26T16:54:18.160877+00:00,2026-08-26T16:54:18.162421+00:00,6.25,floor,-1.1075949367088653,1.939421,0.0,-1.2658227848101276,,,2026-08-26T16:54:18.160877+00:00,,12
2026-08-26,CRE,trail_activate+1_lock+1_distance1_floor-1,reclaim,resting,STOP_LIMIT,2026-08-26T11:46:40+00:00,,1787770140000,1787772240000,2026-08-26T19:27:00+00:00,2026-08-26T19:53:40.584000+00:00,6.35,,6.286499999999999,6.4135,,,,2026-08-26T19:54:11.885451+00:00,2026-08-26T19:54:11.886218+00:00,6.26,floor,-1.4173228346456672,31.302218,0.0,-1.4173228346456672,,,2026-08-26T19:54:11.885451+00:00,,63
2026-08-26,CRE,trail_activate+1_lock+1_distance2_floor-1,reclaim,resting,STOP_LIMIT,2026-08-26T11:46:40+00:00,,1787751000000,1787751000000,2026-08-26T13:33:00+00:00,2026-08-26T13:36:59.147000+00:00,7.39,,7.3161,7.4639,,,,2026-08-26T13:37:00.488640+00:00,2026-08-26T13:37:00.488884+00:00,7.31,floor,-1.0825439783491213,1.341884,0.0,-1.0825439783491213,,,2026-08-26T13:37:00.488640+00:00,,44
2026-08-26,CRE,trail_activate+1_lock+1_distance2_floor-1,first,resting,STOP_LIMIT,2026-08-26T11:46:40+00:00,,1787756640000,0,2026-08-26T16:18:00+00:00,2026-08-26T16:18:21.719000+00:00,6.29,,6.2271,6.3529,,,,2026-08-26T16:18:49.321758+00:00,2026-08-26T16:18:50.178847+00:00,6.22,floor,-1.112877583465823,28.459847,0.31796502384737,-1.112877583465823,,,2026-08-26T16:18:49.321758+00:00,,162
2026-08-26,CRE,trail_activate+1_lock+1_distance2_floor-1,reclaim,resting,STOP_LIMIT,2026-08-26T11:46:40+00:00,,1787756640000,1787761140000,2026-08-26T16:22:00+00:00,2026-08-26T16:22:01.545000+00:00,6.33,,6.2667,6.3933,2026-08-26T16:23:30.819061+00:00,6.41,6.3933,2026-08-26T16:23:30.821426+00:00,2026-08-26T16:23:30.822971+00:00,6.39,trail,0.9478672985781929,89.277971,1.263823064770933,-0.7898894154818297,2026-08-26T16:23:30.819061+00:00,,,,298
2026-08-26,CRE,trail_activate+1_lock+1_distance2_floor-1,first,resting,STOP_LIMIT,2026-08-26T11:46:40+00:00,,1787762100000,0,2026-08-26T16:47:00+00:00,2026-08-26T16:49:01.231000+00:00,6.23,,6.1677,6.292300000000001,,,,2026-08-26T16:51:22.307439+00:00,2026-08-26T16:51:22.307789+00:00,6.16,floor,-1.123595505617982,141.076789,0.6420545746388306,-1.123595505617982,,,2026-08-26T16:51:22.307439+00:00,,286
2026-08-26,CRE,trail_activate+1_lock+1_distance2_floor-1,reclaim,resting,STOP_LIMIT,2026-08-26T11:46:40+00:00,,1787762100000,1787762940000,2026-08-26T16:52:00+00:00,2026-08-26T16:54:16.223000+00:00,6.32,,6.2568,6.3832,,,,2026-08-26T16:54:18.160877+00:00,2026-08-26T16:54:18.162421+00:00,6.25,floor,-1.1075949367088653,1.939421,0.0,-1.2658227848101276,,,2026-08-26T16:54:18.160877+00:00,,12
2026-08-26,CRE,trail_activate+1_lock+1_distance2_floor-1,reclaim,resting,STOP_LIMIT,2026-08-26T11:46:40+00:00,,1787770140000,1787772240000,2026-08-26T19:27:00+00:00,2026-08-26T19:53:40.584000+00:00,6.35,,6.286499999999999,6.4135,,,,2026-08-26T19:54:11.885451+00:00,2026-08-26T19:54:11.886218+00:00,6.26,floor,-1.4173228346456672,31.302218,0.0,-1.4173228346456672,,,2026-08-26T19:54:11.885451+00:00,,63
2026-08-26,CRE,trail_activate+2_lock+2_distance1_floor-1,reclaim,resting,STOP_LIMIT,2026-08-26T11:46:40+00:00,,1787751000000,1787751000000,2026-08-26T13:33:00+00:00,2026-08-26T13:36:59.147000+00:00,7.39,,7.3161,7.5378,,,,2026-08-26T13:37:00.488640+00:00,2026-08-26T13:37:00.488884+00:00,7.31,floor,-1.0825439783491213,1.341884,0.0,-1.0825439783491213,,,2026-08-26T13:37:00.488640+00:00,,44
2026-08-26,CRE,trail_activate+2_lock+2_distance1_floor-1,first,resting,STOP_LIMIT,2026-08-26T11:46:40+00:00,,1787756640000,0,2026-08-26T16:18:00+00:00,2026-08-26T16:18:21.719000+00:00,6.29,,6.2271,6.4158,,,,2026-08-26T16:18:49.321758+00:00,2026-08-26T16:18:50.178847+00:00,6.22,floor,-1.112877583465823,28.459847,0.31796502384737,-1.112877583465823,,,2026-08-26T16:18:49.321758+00:00,,162
2026-08-26,CRE,trail_activate+2_lock+2_distance1_floor-1,reclaim,resting,STOP_LIMIT,2026-08-26T11:46:40+00:00,,1787756640000,1787761140000,2026-08-26T16:22:00+00:00,2026-08-26T16:22:01.545000+00:00,6.33,,6.2667,6.4566,,,,2026-08-26T16:25:35.461493+00:00,2026-08-26T16:25:35.461660+00:00,6.26,floor,-1.10584518167457,213.91666,1.263823064770933,-1.10584518167457,2026-08-26T16:23:30.819061+00:00,,2026-08-26T16:25:35.461493+00:00,,517
2026-08-26,CRE,trail_activate+2_lock+2_distance1_floor-1,first,resting,STOP_LIMIT,2026-08-26T11:46:40+00:00,,1787762100000,0,2026-08-26T16:47:00+00:00,2026-08-26T16:49:01.231000+00:00,6.23,,6.1677,6.3546000000000005,,,,2026-08-26T16:51:22.307439+00:00,2026-08-26T16:51:22.307789+00:00,6.16,floor,-1.123595505617982,141.076789,0.6420545746388306,-1.123595505617982,,,2026-08-26T16:51:22.307439+00:00,,286
2026-08-26,CRE,trail_activate+2_lock+2_distance1_floor-1,reclaim,resting,STOP_LIMIT,2026-08-26T11:46:40+00:00,,1787762100000,1787762940000,2026-08-26T16:52:00+00:00,2026-08-26T16:54:16.223000+00:00,6.32,,6.2568,6.446400000000001,,,,2026-08-26T16:54:18.160877+00:00,2026-08-26T16:54:18.162421+00:00,6.25,floor,-1.1075949367088653,1.939421,0.0,-1.2658227848101276,,,2026-08-26T16:54:18.160877+00:00,,12
2026-08-26,CRE,trail_activate+2_lock+2_distance1_floor-1,reclaim,resting,STOP_LIMIT,2026-08-26T11:46:40+00:00,,1787770140000,1787772240000,2026-08-26T19:27:00+00:00,2026-08-26T19:53:40.584000+00:00,6.35,,6.286499999999999,6.476999999999999,,,,2026-08-26T19:54:11.885451+00:00,2026-08-26T19:54:11.886218+00:00,6.26,floor,-1.4173228346456672,31.302218,0.0,-1.4173228346456672,,,2026-08-26T19:54:11.885451+00:00,,63
2026-08-26,CRE,trail_activate+2_lock+2_distance2_floor-1,reclaim,resting,STOP_LIMIT,2026-08-26T11:46:40+00:00,,1787751000000,1787751000000,2026-08-26T13:33:00+00:00,2026-08-26T13:36:59.147000+00:00,7.39,,7.3161,7.5378,,,,2026-08-26T13:37:00.488640+00:00,2026-08-26T13:37:00.488884+00:00,7.31,floor,-1.0825439783491213,1.341884,0.0,-1.0825439783491213,,,2026-08-26T13:37:00.488640+00:00,,44
2026-08-26,CRE,trail_activate+2_lock+2_distance2_floor-1,first,resting,STOP_LIMIT,2026-08-26T11:46:40+00:00,,1787756640000,0,2026-08-26T16:18:00+00:00,2026-08-26T16:18:21.719000+00:00,6.29,,6.2271,6.4158,,,,2026-08-26T16:18:49.321758+00:00,2026-08-26T16:18:50.178847+00:00,6.22,floor,-1.112877583465823,28.459847,0.31796502384737,-1.112877583465823,,,2026-08-26T16:18:49.321758+00:00,,162
2026-08-26,CRE,trail_activate+2_lock+2_distance2_floor-1,reclaim,resting,STOP_LIMIT,2026-08-26T11:46:40+00:00,,1787756640000,1787761140000,2026-08-26T16:22:00+00:00,2026-08-26T16:22:01.545000+00:00,6.33,,6.2667,6.4566,,,,2026-08-26T16:25:35.461493+00:00,2026-08-26T16:25:35.461660+00:00,6.26,floor,-1.10584518167457,213.91666,1.263823064770933,-1.10584518167457,2026-08-26T16:23:30.819061+00:00,,2026-08-26T16:25:35.461493+00:00,,517
2026-08-26,CRE,trail_activate+2_lock+2_distance2_floor-1,first,resting,STOP_LIMIT,2026-08-26T11:46:40+00:00,,1787762100000,0,2026-08-26T16:47:00+00:00,2026-08-26T16:49:01.231000+00:00,6.23,,6.1677,6.3546000000000005,,,,2026-08-26T16:51:22.307439+00:00,2026-08-26T16:51:22.307789+00:00,6.16,floor,-1.123595505617982,141.076789,0.6420545746388306,-1.123595505617982,,,2026-08-26T16:51:22.307439+00:00,,286
2026-08-26,CRE,trail_activate+2_lock+2_distance2_floor-1,reclaim,resting,STOP_LIMIT,2026-08-26T11:46:40+00:00,,1787762100000,1787762940000,2026-08-26T16:52:00+00:00,2026-08-26T16:54:16.223000+00:00,6.32,,6.2568,6.446400000000001,,,,2026-08-26T16:54:18.160877+00:00,2026-08-26T16:54:18.162421+00:00,6.25,floor,-1.1075949367088653,1.939421,0.0,-1.2658227848101276,,,2026-08-26T16:54:18.160877+00:00,,12
2026-08-26,CRE,trail_activate+2_lock+2_distance2_floor-1,reclaim,resting,STOP_LIMIT,2026-08-26T11:46:40+00:00,,1787770140000,1787772240000,2026-08-26T19:27:00+00:00,2026-08-26T19:53:40.584000+00:00,6.35,,6.286499999999999,6.476999999999999,,,,2026-08-26T19:54:11.885451+00:00,2026-08-26T19:54:11.886218+00:00,6.26,floor,-1.4173228346456672,31.302218,0.0,-1.4173228346456672,,,2026-08-26T19:54:11.885451+00:00,,63
2026-08-26,CRE,trail_activate+1_lock+1_distance1_floor+0,reclaim,resting,STOP_LIMIT,2026-08-26T11:46:40+00:00,,1787751000000,1787751000000,2026-08-26T13:33:00+00:00,2026-08-26T13:36:59.147000+00:00,7.39,,7.39,7.4639,,,,2026-08-26T13:37:00.463013+00:00,2026-08-26T13:37:00.463151+00:00,7.34,floor,-0.6765899864681979,1.316151,0.0,-0.6765899864681979,,,,,2
2026-08-26,CRE,trail_activate+1_lock+1_distance1_floor+0,first,resting,STOP_LIMIT,2026-08-26T11:46:40+00:00,,1787756640000,0,2026-08-26T16:18:00+00:00,2026-08-26T16:18:21.719000+00:00,6.29,,6.29,6.3529,,,,2026-08-26T16:18:21.963480+00:00,2026-08-26T16:18:21.964035+00:00,6.27,floor,-0.3179650238473841,0.245035,0.0,-0.3179650238473841,,,,,2
2026-08-26,CRE,trail_activate+1_lock+1_distance1_floor+0,reclaim,resting,STOP_LIMIT,2026-08-26T11:46:40+00:00,,1787756640000,1787761140000,2026-08-26T16:22:00+00:00,2026-08-26T16:22:01.545000+00:00,6.33,,6.33,6.3933,,,,2026-08-26T16:22:01.572387+00:00,2026-08-26T16:22:01.994679+00:00,6.29,floor,-0.6319115323854665,0.449679,0.0,-0.6319115323854665,,,,,2
2026-08-26,CRE,trail_activate+1_lock+1_distance1_floor+0,first,resting,STOP_LIMIT,2026-08-26T11:46:40+00:00,,1787762100000,0,2026-08-26T16:47:00+00:00,2026-08-26T16:49:01.231000+00:00,6.23,,6.23,6.292300000000001,,,,2026-08-26T16:49:01.325671+00:00,2026-08-26T16:49:01.360310+00:00,6.19,floor,-0.6420545746388449,0.12931,0.0,-0.8025682182985667,,,,,2
2026-08-26,CRE,trail_activate+1_lock+1_distance1_floor+0,reclaim,resting,STOP_LIMIT,2026-08-26T11:46:40+00:00,,1787762100000,1787762940000,2026-08-26T16:52:00+00:00,2026-08-26T16:54:16.223000+00:00,6.32,,6.32,6.3832,,,,2026-08-26T16:54:17.166036+00:00,2026-08-26T16:54:17.182701+00:00,6.26,floor,-0.9493670886076028,0.959701,0.0,-0.9493670886076028,,,,,2
2026-08-26,CRE,trail_activate+1_lock+1_distance1_floor+0,reclaim,resting,STOP_LIMIT,2026-08-26T11:46:40+00:00,,1787770140000,1787772240000,2026-08-26T19:27:00+00:00,2026-08-26T19:53:40.584000+00:00,6.35,,6.35,6.4135,,,,2026-08-26T19:53:40.584057+00:00,2026-08-26T19:53:40.584725+00:00,6.31,floor,-0.6299212598425202,0.000725,0.0,-0.6299212598425202,,,,,2
2026-08-26,CRE,trail_activate+1_lock+1_distance2_floor+0,reclaim,resting,STOP_LIMIT,2026-08-26T11:46:40+00:00,,1787751000000,1787751000000,2026-08-26T13:33:00+00:00,2026-08-26T13:36:59.147000+00:00,7.39,,7.39,7.4639,,,,2026-08-26T13:37:00.463013+00:00,2026-08-26T13:37:00.463151+00:00,7.34,floor,-0.6765899864681979,1.316151,0.0,-0.6765899864681979,,,,,2
2026-08-26,CRE,trail_activate+1_lock+1_distance2_floor+0,first,resting,STOP_LIMIT,2026-08-26T11:46:40+00:00,,1787756640000,0,2026-08-26T16:18:00+00:00,2026-08-26T16:18:21.719000+00:00,6.29,,6.29,6.3529,,,,2026-08-26T16:18:21.963480+00:00,2026-08-26T16:18:21.964035+00:00,6.27,floor,-0.3179650238473841,0.245035,0.0,-0.3179650238473841,,,,,2
2026-08-26,CRE,trail_activate+1_lock+1_distance2_floor+0,reclaim,resting,STOP_LIMIT,2026-08-26T11:46:40+00:00,,1787756640000,1787761140000,2026-08-26T16:22:00+00:00,2026-08-26T16:22:01.545000+00:00,6.33,,6.33,6.3933,,,,2026-08-26T16:22:01.572387+00:00,2026-08-26T16:22:01.994679+00:00,6.29,floor,-0.6319115323854665,0.449679,0.0,-0.6319115323854665,,,,,2
2026-08-26,CRE,trail_activate+1_lock+1_distance2_floor+0,first,resting,STOP_LIMIT,2026-08-26T11:46:40+00:00,,1787762100000,0,2026-08-26T16:47:00+00:00,2026-08-26T16:49:01.231000+00:00,6.23,,6.23,6.292300000000001,,,,2026-08-26T16:49:01.325671+00:00,2026-08-26T16:49:01.360310+00:00,6.19,floor,-0.6420545746388449,0.12931,0.0,-0.8025682182985667,,,,,2
2026-08-26,CRE,trail_activate+1_lock+1_distance2_floor+0,reclaim,resting,STOP_LIMIT,2026-08-26T11:46:40+00:00,,1787762100000,1787762940000,2026-08-26T16:52:00+00:00,2026-08-26T16:54:16.223000+00:00,6.32,,6.32,6.3832,,,,2026-08-26T16:54:17.166036+00:00,2026-08-26T16:54:17.182701+00:00,6.26,floor,-0.9493670886076028,0.959701,0.0,-0.9493670886076028,,,,,2
2026-08-26,CRE,trail_activate+1_lock+1_distance2_floor+0,reclaim,resting,STOP_LIMIT,2026-08-26T11:46:40+00:00,,1787770140000,1787772240000,2026-08-26T19:27:00+00:00,2026-08-26T19:53:40.584000+00:00,6.35,,6.35,6.4135,,,,2026-08-26T19:53:40.584057+00:00,2026-08-26T19:53:40.584725+00:00,6.31,floor,-0.6299212598425202,0.000725,0.0,-0.6299212598425202,,,,,2
2026-08-26,CRE,trail_activate+2_lock+2_distance1_floor+0,reclaim,resting,STOP_LIMIT,2026-08-26T11:46:40+00:00,,1787751000000,1787751000000,2026-08-26T13:33:00+00:00,2026-08-26T13:36:59.147000+00:00,7.39,,7.39,7.5378,,,,2026-08-26T13:37:00.463013+00:00,2026-08-26T13:37:00.463151+00:00,7.34,floor,-0.6765899864681979,1.316151,0.0,-0.6765899864681979,,,,,2
2026-08-26,CRE,trail_activate+2_lock+2_distance1_floor+0,first,resting,STOP_LIMIT,2026-08-26T11:46:40+00:00,,1787756640000,0,2026-08-26T16:18:00+00:00,2026-08-26T16:18:21.719000+00:00,6.29,,6.29,6.4158,,,,2026-08-26T16:18:21.963480+00:00,2026-08-26T16:18:21.964035+00:00,6.27,floor,-0.3179650238473841,0.245035,0.0,-0.3179650238473841,,,,,2
2026-08-26,CRE,trail_activate+2_lock+2_distance1_floor+0,reclaim,resting,STOP_LIMIT,2026-08-26T11:46:40+00:00,,1787756640000,1787761140000,2026-08-26T16:22:00+00:00,2026-08-26T16:22:01.545000+00:00,6.33,,6.33,6.4566,,,,2026-08-26T16:22:01.572387+00:00,2026-08-26T16:22:01.994679+00:00,6.29,floor,-0.6319115323854665,0.449679,0.0,-0.6319115323854665,,,,,2
2026-08-26,CRE,trail_activate+2_lock+2_distance1_floor+0,first,resting,STOP_LIMIT,2026-08-26T11:46:40+00:00,,1787762100000,0,2026-08-26T16:47:00+00:00,2026-08-26T16:49:01.231000+00:00,6.23,,6.23,6.3546000000000005,,,,2026-08-26T16:49:01.325671+00:00,2026-08-26T16:49:01.360310+00:00,6.19,floor,-0.6420545746388449,0.12931,0.0,-0.8025682182985667,,,,,2
2026-08-26,CRE,trail_activate+2_lock+2_distance1_floor+0,reclaim,resting,STOP_LIMIT,2026-08-26T11:46:40+00:00,,1787762100000,1787762940000,2026-08-26T16:52:00+00:00,2026-08-26T16:54:16.223000+00:00,6.32,,6.32,6.446400000000001,,,,2026-08-26T16:54:17.166036+00:00,2026-08-26T16:54:17.182701+00:00,6.26,floor,-0.9493670886076028,0.959701,0.0,-0.9493670886076028,,,,,2
2026-08-26,CRE,trail_activate+2_lock+2_distance1_floor+0,reclaim,resting,STOP_LIMIT,2026-08-26T11:46:40+00:00,,1787770140000,1787772240000,2026-08-26T19:27:00+00:00,2026-08-26T19:53:40.584000+00:00,6.35,,6.35,6.476999999999999,,,,2026-08-26T19:53:40.584057+00:00,2026-08-26T19:53:40.584725+00:00,6.31,floor,-0.6299212598425202,0.000725,0.0,-0.6299212598425202,,,,,2
2026-08-26,CRE,trail_activate+2_lock+2_distance2_floor+0,reclaim,resting,STOP_LIMIT,2026-08-26T11:46:40+00:00,,1787751000000,1787751000000,2026-08-26T13:33:00+00:00,2026-08-26T13:36:59.147000+00:00,7.39,,7.39,7.5378,,,,2026-08-26T13:37:00.463013+00:00,2026-08-26T13:37:00.463151+00:00,7.34,floor,-0.6765899864681979,1.316151,0.0,-0.6765899864681979,,,,,2
2026-08-26,CRE,trail_activate+2_lock+2_distance2_floor+0,first,resting,STOP_LIMIT,2026-08-26T11:46:40+00:00,,1787756640000,0,2026-08-26T16:18:00+00:00,2026-08-26T16:18:21.719000+00:00,6.29,,6.29,6.4158,,,,2026-08-26T16:18:21.963480+00:00,2026-08-26T16:18:21.964035+00:00,6.27,floor,-0.3179650238473841,0.245035,0.0,-0.3179650238473841,,,,,2
2026-08-26,CRE,trail_activate+2_lock+2_distance2_floor+0,reclaim,resting,STOP_LIMIT,2026-08-26T11:46:40+00:00,,1787756640000,1787761140000,2026-08-26T16:22:00+00:00,2026-08-26T16:22:01.545000+00:00,6.33,,6.33,6.4566,,,,2026-08-26T16:22:01.572387+00:00,2026-08-26T16:22:01.994679+00:00,6.29,floor,-0.6319115323854665,0.449679,0.0,-0.6319115323854665,,,,,2
2026-08-26,CRE,trail_activate+2_lock+2_distance2_floor+0,first,resting,STOP_LIMIT,2026-08-26T11:46:40+00:00,,1787762100000,0,2026-08-26T16:47:00+00:00,2026-08-26T16:49:01.231000+00:00,6.23,,6.23,6.3546000000000005,,,,2026-08-26T16:49:01.325671+00:00,2026-08-26T16:49:01.360310+00:00,6.19,floor,-0.6420545746388449,0.12931,0.0,-0.8025682182985667,,,,,2
2026-08-26,CRE,trail_activate+2_lock+2_distance2_floor+0,reclaim,resting,STOP_LIMIT,2026-08-26T11:46:40+00:00,,1787762100000,1787762940000,2026-08-26T16:52:00+00:00,2026-08-26T16:54:16.223000+00:00,6.32,,6.32,6.446400000000001,,,,2026-08-26T16:54:17.166036+00:00,2026-08-26T16:54:17.182701+00:00,6.26,floor,-0.9493670886076028,0.959701,0.0,-0.9493670886076028,,,,,2
2026-08-26,CRE,trail_activate+2_lock+2_distance2_floor+0,reclaim,resting,STOP_LIMIT,2026-08-26T11:46:40+00:00,,1787770140000,1787772240000,2026-08-26T19:27:00+00:00,2026-08-26T19:53:40.584000+00:00,6.35,,6.35,6.476999999999999,,,,2026-08-26T19:53:40.584057+00:00,2026-08-26T19:53:40.584725+00:00,6.31,floor,-0.6299212598425202,0.000725,0.0,-0.6299212598425202,,,,,2
2026-08-26,DAIC,trail_activate+1_lock+1_distance1_floor-1,first,resting,limit,2026-08-26T08:06:36+00:00,2026-08-26T14:07:14.243000+00:00,1787747580000,0,2026-08-26T12:34:27.627000+00:00,2026-08-26T12:34:27.627000+00:00,5.88,,5.8212,5.9388,2026-08-26T12:35:24.585549+00:00,5.94,5.9388,2026-08-26T12:35:24.586130+00:00,2026-08-26T12:35:24.586514+00:00,5.93,trail,0.8503401360544187,56.959514,1.0204081632653146,-0.680272108843538,2026-08-26T12:35:24.585549+00:00,,,,650
2026-08-26,DAIC,trail_activate+1_lock+1_distance1_floor-1,reclaim,reactive,limit,2026-08-26T08:06:36+00:00,2026-08-26T14:07:14.243000+00:00,1787747580000,1787747640000,2026-08-26T12:38:25.799000+00:00,2026-08-26T12:38:25.799000+00:00,5.96,,5.9004,6.0196,,,,2026-08-26T12:38:49.943231+00:00,2026-08-26T12:38:49.943611+00:00,5.9,floor,-1.0067114093959666,24.144611,0.0,-1.0067114093959666,,,2026-08-26T12:38:49.943231+00:00,,75
2026-08-26,DAIC,trail_activate+1_lock+1_distance2_floor-1,first,resting,limit,2026-08-26T08:06:36+00:00,2026-08-26T14:07:14.243000+00:00,1787747580000,0,2026-08-26T12:34:27.627000+00:00,2026-08-26T12:34:27.627000+00:00,5.88,,5.8212,5.9388,2026-08-26T12:35:24.585549+00:00,5.94,5.9388,2026-08-26T12:35:24.586130+00:00,2026-08-26T12:35:24.586514+00:00,5.93,trail,0.8503401360544187,56.959514,1.0204081632653146,-0.680272108843538,2026-08-26T12:35:24.585549+00:00,,,,650
2026-08-26,DAIC,trail_activate+1_lock+1_distance2_floor-1,reclaim,reactive,limit,2026-08-26T08:06:36+00:00,2026-08-26T14:07:14.243000+00:00,1787747580000,1787747640000,2026-08-26T12:38:25.799000+00:00,2026-08-26T12:38:25.799000+00:00,5.96,,5.9004,6.0196,,,,2026-08-26T12:38:49.943231+00:00,2026-08-26T12:38:49.943611+00:00,5.9,floor,-1.0067114093959666,24.144611,0.0,-1.0067114093959666,,,2026-08-26T12:38:49.943231+00:00,,75
2026-08-26,DAIC,trail_activate+2_lock+2_distance1_floor-1,first,resting,limit,2026-08-26T08:06:36+00:00,2026-08-26T14:07:14.243000+00:00,1787747580000,0,2026-08-26T12:34:27.627000+00:00,2026-08-26T12:34:27.627000+00:00,5.88,,5.8212,5.9976,,,,2026-08-26T12:40:29.070105+00:00,2026-08-26T12:40:29.070536+00:00,5.82,floor,-1.0204081632652995,361.443536,1.360544217687076,-1.0204081632652995,2026-08-26T12:35:24.585549+00:00,,2026-08-26T12:40:29.070105+00:00,,1994
2026-08-26,DAIC,trail_activate+2_lock+2_distance1_floor-1,reclaim,reactive,limit,2026-08-26T08:06:36+00:00,2026-08-26T14:07:14.243000+00:00,1787747580000,1787747640000,2026-08-26T12:47:13.007000+00:00,2026-08-26T12:47:13.007000+00:00,6.05,,5.9895,6.171,,,,2026-08-26T12:47:26.655295+00:00,2026-08-26T12:47:26.655600+00:00,5.97,floor,-1.322314049586778,13.6486,0.0,-1.322314049586778,,,2026-08-26T12:47:26.655295+00:00,,79
2026-08-26,DAIC,trail_activate+2_lock+2_distance2_floor-1,first,resting,limit,2026-08-26T08:06:36+00:00,2026-08-26T14:07:14.243000+00:00,1787747580000,0,2026-08-26T12:34:27.627000+00:00,2026-08-26T12:34:27.627000+00:00,5.88,,5.8212,5.9976,,,,2026-08-26T12:40:29.070105+00:00,2026-08-26T12:40:29.070536+00:00,5.82,floor,-1.0204081632652995,361.443536,1.360544217687076,-1.0204081632652995,2026-08-26T12:35:24.585549+00:00,,2026-08-26T12:40:29.070105+00:00,,1994
2026-08-26,DAIC,trail_activate+2_lock+2_distance2_floor-1,reclaim,reactive,limit,2026-08-26T08:06:36+00:00,2026-08-26T14:07:14.243000+00:00,1787747580000,1787747640000,2026-08-26T12:47:13.007000+00:00,2026-08-26T12:47:13.007000+00:00,6.05,,5.9895,6.171,,,,2026-08-26T12:47:26.655295+00:00,2026-08-26T12:47:26.655600+00:00,5.97,floor,-1.322314049586778,13.6486,0.0,-1.322314049586778,,,2026-08-26T12:47:26.655295+00:00,,79
2026-08-26,DAIC,trail_activate+1_lock+1_distance1_floor+0,first,resting,limit,2026-08-26T08:06:36+00:00,2026-08-26T14:07:14.243000+00:00,1787747580000,0,2026-08-26T12:34:27.627000+00:00,2026-08-26T12:34:27.627000+00:00,5.88,,5.88,5.9388,,,,2026-08-26T12:34:28.260852+00:00,2026-08-26T12:34:28.299647+00:00,5.86,floor,-0.3401360544217614,0.672647,0.0,-0.3401360544217614,,,,,2
2026-08-26,DAIC,trail_activate+1_lock+1_distance1_floor+0,reclaim,reactive,limit,2026-08-26T08:06:36+00:00,2026-08-26T14:07:14.243000+00:00,1787747580000,1787747640000,2026-08-26T12:38:25.799000+00:00,2026-08-26T12:38:25.799000+00:00,5.96,,5.96,6.0196,,,,2026-08-26T12:38:25.919678+00:00,2026-08-26T12:38:26.309705+00:00,5.94,floor,-0.3355704697986506,0.510705,0.0,-0.3355704697986506,,,,,2
2026-08-26,DAIC,trail_activate+1_lock+1_distance2_floor+0,first,resting,limit,2026-08-26T08:06:36+00:00,2026-08-26T14:07:14.243000+00:00,1787747580000,0,2026-08-26T12:34:27.627000+00:00,2026-08-26T12:34:27.627000+00:00,5.88,,5.88,5.9388,,,,2026-08-26T12:34:28.260852+00:00,2026-08-26T12:34:28.299647+00:00,5.86,floor,-0.3401360544217614,0.672647,0.0,-0.3401360544217614,,,,,2
2026-08-26,DAIC,trail_activate+1_lock+1_distance2_floor+0,reclaim,reactive,limit,2026-08-26T08:06:36+00:00,2026-08-26T14:07:14.243000+00:00,1787747580000,1787747640000,2026-08-26T12:38:25.799000+00:00,2026-08-26T12:38:25.799000+00:00,5.96,,5.96,6.0196,,,,2026-08-26T12:38:25.919678+00:00,2026-08-26T12:38:26.309705+00:00,5.94,floor,-0.3355704697986506,0.510705,0.0,-0.3355704697986506,,,,,2
2026-08-26,DAIC,trail_activate+2_lock+2_distance1_floor+0,first,resting,limit,2026-08-26T08:06:36+00:00,2026-08-26T14:07:14.243000+00:00,1787747580000,0,2026-08-26T12:34:27.627000+00:00,2026-08-26T12:34:27.627000+00:00,5.88,,5.88,5.9976,,,,2026-08-26T12:34:28.260852+00:00,2026-08-26T12:34:28.299647+00:00,5.86,floor,-0.3401360544217614,0.672647,0.0,-0.3401360544217614,,,,,2
2026-08-26,DAIC,trail_activate+2_lock+2_distance1_floor+0,reclaim,reactive,limit,2026-08-26T08:06:36+00:00,2026-08-26T14:07:14.243000+00:00,1787747580000,1787747640000,2026-08-26T12:38:25.799000+00:00,2026-08-26T12:38:25.799000+00:00,5.96,,5.96,6.0792,,,,2026-08-26T12:38:25.919678+00:00,2026-08-26T12:38:26.309705+00:00,5.94,floor,-0.3355704697986506,0.510705,0.0,-0.3355704697986506,,,,,2
2026-08-26,DAIC,trail_activate+2_lock+2_distance2_floor+0,first,resting,limit,2026-08-26T08:06:36+00:00,2026-08-26T14:07:14.243000+00:00,1787747580000,0,2026-08-26T12:34:27.627000+00:00,2026-08-26T12:34:27.627000+00:00,5.88,,5.88,5.9976,,,,2026-08-26T12:34:28.260852+00:00,2026-08-26T12:34:28.299647+00:00,5.86,floor,-0.3401360544217614,0.672647,0.0,-0.3401360544217614,,,,,2
2026-08-26,DAIC,trail_activate+2_lock+2_distance2_floor+0,reclaim,reactive,limit,2026-08-26T08:06:36+00:00,2026-08-26T14:07:14.243000+00:00,1787747580000,1787747640000,2026-08-26T12:38:25.799000+00:00,2026-08-26T12:38:25.799000+00:00,5.96,,5.96,6.0792,,,,2026-08-26T12:38:25.919678+00:00,2026-08-26T12:38:26.309705+00:00,5.94,floor,-0.3355704697986506,0.510705,0.0,-0.3355704697986506,,,,,2
2026-08-26,XPON,trail_activate+1_lock+1_distance1_floor-1,first,resting,STOP_LIMIT,2026-08-26T13:45:07+00:00,,1787757840000,0,2026-08-26T15:25:00+00:00,2026-08-26T15:36:09.608000+00:00,9.42,,9.3258,9.5142,2026-08-26T15:36:40.011354+00:00,9.52,9.5142,2026-08-26T15:36:40.011741+00:00,2026-08-26T15:36:40.011944+00:00,9.49,trail,0.743099787685778,30.403944,1.061571125265389,-0.8492569002123149,2026-08-26T15:36:40.011354+00:00,,,,204
2026-08-26,XPON,trail_activate+1_lock+1_distance1_floor-1,first,resting,STOP_LIMIT,2026-08-26T13:45:07+00:00,,1787760960000,0,2026-08-26T17:28:00+00:00,2026-08-26T17:29:09.550000+00:00,8.24,,8.1576,8.3224,,,,2026-08-26T17:29:09.991111+00:00,2026-08-26T17:29:09.991633+00:00,8.17,floor,-0.8495145631067995,0.441633,0.0,-1.0922330097087363,,,2026-08-26T17:29:09.991111+00:00,,2
2026-08-26,XPON,trail_activate+1_lock+1_distance1_floor-1,first,resting,STOP_LIMIT,2026-08-26T13:45:07+00:00,,1787767500000,0,2026-08-26T18:46:00+00:00,2026-08-26T18:47:15.525000+00:00,8.25,,8.1675,8.3325,,,,2026-08-26T18:47:24.901006+00:00,2026-08-26T18:47:28.433504+00:00,8.16,floor,-1.0909090909090893,12.908504,0.0,-1.0909090909090893,,,2026-08-26T18:47:24.901006+00:00,,2
2026-08-26,XPON,trail_activate+1_lock+1_distance1_floor-1,reclaim,resting,STOP_LIMIT,2026-08-26T13:45:07+00:00,,1787767500000,1787770020000,2026-08-26T18:50:00+00:00,2026-08-26T19:14:12.990000+00:00,8.88,,8.7912,8.968800000000002,2026-08-26T19:14:29.259558+00:00,8.97,8.968800000000002,2026-08-26T19:14:29.260022+00:00,2026-08-26T19:14:29.477233+00:00,8.9,trail,0.2252252252252204,16.487233,1.0135135135135118,-0.9009009009009016,2026-08-26T19:14:29.259558+00:00,,,,116
2026-08-26,XPON,trail_activate+1_lock+1_distance1_floor-1,first,resting,STOP_LIMIT,2026-08-26T13:45:07+00:00,,1787773080000,0,2026-08-26T19:50:00+00:00,2026-08-26T19:51:28.616000+00:00,8.73,,8.6427,8.817300000000001,2026-08-26T19:51:35.112115+00:00,8.82,8.817300000000001,2026-08-26T19:51:35.112333+00:00,2026-08-26T19:51:35.112681+00:00,8.81,trail,0.9163802978235975,6.496681,1.0309278350515447,-0.6872852233677033,2026-08-26T19:51:35.112115+00:00,,,,34
2026-08-26,XPON,trail_activate+1_lock+1_distance1_floor-1,reclaim,resting,STOP_LIMIT,2026-08-26T13:45:07+00:00,,1787773080000,1787773860000,2026-08-26T19:54:00+00:00,2026-08-26T19:55:01.111000+00:00,8.88,,8.7912,8.968800000000002,,,,2026-08-26T19:55:03.050807+00:00,2026-08-26T19:55:03.051244+00:00,8.63,floor,-2.815315315315315,1.940244,0.0,-2.815315315315315,,,2026-08-26T19:55:03.050807+00:00,2026-08-26T19:55:03.050807+00:00,2
2026-08-26,XPON,trail_activate+1_lock+1_distance2_floor-1,first,resting,STOP_LIMIT,2026-08-26T13:45:07+00:00,,1787757840000,0,2026-08-26T15:25:00+00:00,2026-08-26T15:36:09.608000+00:00,9.42,,9.3258,9.5142,2026-08-26T15:36:40.011354+00:00,9.52,9.5142,2026-08-26T15:36:40.011741+00:00,2026-08-26T15:36:40.011944+00:00,9.49,trail,0.743099787685778,30.403944,1.061571125265389,-0.8492569002123149,2026-08-26T15:36:40.011354+00:00,,,,204
2026-08-26,XPON,trail_activate+1_lock+1_distance2_floor-1,first,resting,STOP_LIMIT,2026-08-26T13:45:07+00:00,,1787760960000,0,2026-08-26T17:28:00+00:00,2026-08-26T17:29:09.550000+00:00,8.24,,8.1576,8.3224,,,,2026-08-26T17:29:09.991111+00:00,2026-08-26T17:29:09.991633+00:00,8.17,floor,-0.8495145631067995,0.441633,0.0,-1.0922330097087363,,,2026-08-26T17:29:09.991111+00:00,,2
2026-08-26,XPON,trail_activate+1_lock+1_distance2_floor-1,first,resting,STOP_LIMIT,2026-08-26T13:45:07+00:00,,1787767500000,0,2026-08-26T18:46:00+00:00,2026-08-26T18:47:15.525000+00:00,8.25,,8.1675,8.3325,,,,2026-08-26T18:47:24.901006+00:00,2026-08-26T18:47:28.433504+00:00,8.16,floor,-1.0909090909090893,12.908504,0.0,-1.0909090909090893,,,2026-08-26T18:47:24.901006+00:00,,2
2026-08-26,XPON,trail_activate+1_lock+1_distance2_floor-1,reclaim,resting,STOP_LIMIT,2026-08-26T13:45:07+00:00,,1787767500000,1787770020000,2026-08-26T18:50:00+00:00,2026-08-26T19:14:12.990000+00:00,8.88,,8.7912,8.968800000000002,2026-08-26T19:14:29.259558+00:00,8.97,8.968800000000002,2026-08-26T19:14:29.260022+00:00,2026-08-26T19:14:29.477233+00:00,8.9,trail,0.2252252252252204,16.487233,1.0135135135135118,-0.9009009009009016,2026-08-26T19:14:29.259558+00:00,,,,116
2026-08-26,XPON,trail_activate+1_lock+1_distance2_floor-1,first,resting,STOP_LIMIT,2026-08-26T13:45:07+00:00,,1787773080000,0,2026-08-26T19:50:00+00:00,2026-08-26T19:51:28.616000+00:00,8.73,,8.6427,8.817300000000001,2026-08-26T19:51:35.112115+00:00,8.82,8.817300000000001,2026-08-26T19:51:35.112333+00:00,2026-08-26T19:51:35.112681+00:00,8.81,trail,0.9163802978235975,6.496681,1.0309278350515447,-0.6872852233677033,2026-08-26T19:51:35.112115+00:00,,,,34
2026-08-26,XPON,trail_activate+1_lock+1_distance2_floor-1,reclaim,resting,STOP_LIMIT,2026-08-26T13:45:07+00:00,,1787773080000,1787773860000,2026-08-26T19:54:00+00:00,2026-08-26T19:55:01.111000+00:00,8.88,,8.7912,8.968800000000002,,,,2026-08-26T19:55:03.050807+00:00,2026-08-26T19:55:03.051244+00:00,8.63,floor,-2.815315315315315,1.940244,0.0,-2.815315315315315,,,2026-08-26T19:55:03.050807+00:00,2026-08-26T19:55:03.050807+00:00,2
2026-08-26,XPON,trail_activate+2_lock+2_distance1_floor-1,first,resting,STOP_LIMIT,2026-08-26T13:45:07+00:00,,1787757840000,0,2026-08-26T15:25:00+00:00,2026-08-26T15:36:09.608000+00:00,9.42,,9.3258,9.6084,,,,2026-08-26T15:37:25.210994+00:00,2026-08-26T15:37:25.211431+00:00,9.32,floor,-1.061571125265389,75.603431,1.486199575371556,-1.061571125265389,2026-08-26T15:36:40.011354+00:00,,2026-08-26T15:37:25.210994+00:00,,545
2026-08-26,XPON,trail_activate+2_lock+2_distance1_floor-1,first,resting,STOP_LIMIT,2026-08-26T13:45:07+00:00,,1787760960000,0,2026-08-26T17:28:00+00:00,2026-08-26T17:29:09.550000+00:00,8.24,,8.1576,8.4048,,,,2026-08-26T17:29:09.991111+00:00,2026-08-26T17:29:09.991633+00:00,8.17,floor,-0.8495145631067995,0.441633,0.0,-1.0922330097087363,,,2026-08-26T17:29:09.991111+00:00,,2
2026-08-26,XPON,trail_activate+2_lock+2_distance1_floor-1,first,resting,STOP_LIMIT,2026-08-26T13:45:07+00:00,,1787767500000,0,2026-08-26T18:46:00+00:00,2026-08-26T18:47:15.525000+00:00,8.25,,8.1675,8.415000000000001,,,,2026-08-26T18:47:24.901006+00:00,2026-08-26T18:47:28.433504+00:00,8.16,floor,-1.0909090909090893,12.908504,0.0,-1.0909090909090893,,,2026-08-26T18:47:24.901006+00:00,,2
2026-08-26,XPON,trail_activate+2_lock+2_distance1_floor-1,reclaim,resting,STOP_LIMIT,2026-08-26T13:45:07+00:00,,1787767500000,1787770020000,2026-08-26T18:50:00+00:00,2026-08-26T19:14:12.990000+00:00,8.88,,8.7912,9.0576,,,,2026-08-26T19:14:35.318741+00:00,2026-08-26T19:14:35.318907+00:00,8.76,floor,-1.3513513513513624,22.328907,1.238738738738732,-1.3513513513513624,2026-08-26T19:14:29.259558+00:00,,2026-08-26T19:14:35.318741+00:00,,209
2026-08-26,XPON,trail_activate+2_lock+2_distance1_floor-1,first,resting,STOP_LIMIT,2026-08-26T13:45:07+00:00,,1787773080000,0,2026-08-26T19:50:00+00:00,2026-08-26T19:51:28.616000+00:00,8.73,,8.6427,8.9046,,,,2026-08-26T19:51:55.209700+00:00,2026-08-26T19:51:55.210049+00:00,8.6,floor,-1.4891179839633537,26.594049,1.374570446735386,-1.4891179839633537,2026-08-26T19:51:35.112115+00:00,,2026-08-26T19:51:55.209700+00:00,,162
2026-08-26,XPON,trail_activate+2_lock+2_distance1_floor-1,reclaim,resting,STOP_LIMIT,2026-08-26T13:45:07+00:00,,1787773080000,1787773860000,2026-08-26T19:54:00+00:00,2026-08-26T19:55:01.111000+00:00,8.88,,8.7912,9.0576,,,,2026-08-26T19:55:03.050807+00:00,2026-08-26T19:55:03.051244+00:00,8.63,floor,-2.815315315315315,1.940244,0.0,-2.815315315315315,,,2026-08-26T19:55:03.050807+00:00,2026-08-26T19:55:03.050807+00:00,2
2026-08-26,XPON,trail_activate+2_lock+2_distance2_floor-1,first,resting,STOP_LIMIT,2026-08-26T13:45:07+00:00,,1787757840000,0,2026-08-26T15:25:00+00:00,2026-08-26T15:36:09.608000+00:00,9.42,,9.3258,9.6084,,,,2026-08-26T15:37:25.210994+00:00,2026-08-26T15:37:25.211431+00:00,9.32,floor,-1.061571125265389,75.603431,1.486199575371556,-1.061571125265389,2026-08-26T15:36:40.011354+00:00,,2026-08-26T15:37:25.210994+00:00,,545
2026-08-26,XPON,trail_activate+2_lock+2_distance2_floor-1,first,resting,STOP_LIMIT,2026-08-26T13:45:07+00:00,,1787760960000,0,2026-08-26T17:28:00+00:00,2026-08-26T17:29:09.550000+00:00,8.24,,8.1576,8.4048,,,,2026-08-26T17:29:09.991111+00:00,2026-08-26T17:29:09.991633+00:00,8.17,floor,-0.8495145631067995,0.441633,0.0,-1.0922330097087363,,,2026-08-26T17:29:09.991111+00:00,,2
2026-08-26,XPON,trail_activate+2_lock+2_distance2_floor-1,first,resting,STOP_LIMIT,2026-08-26T13:45:07+00:00,,1787767500000,0,2026-08-26T18:46:00+00:00,2026-08-26T18:47:15.525000+00:00,8.25,,8.1675,8.415000000000001,,,,2026-08-26T18:47:24.901006+00:00,2026-08-26T18:47:28.433504+00:00,8.16,floor,-1.0909090909090893,12.908504,0.0,-1.0909090909090893,,,2026-08-26T18:47:24.901006+00:00,,2
2026-08-26,XPON,trail_activate+2_lock+2_distance2_floor-1,reclaim,resting,STOP_LIMIT,2026-08-26T13:45:07+00:00,,1787767500000,1787770020000,2026-08-26T18:50:00+00:00,2026-08-26T19:14:12.990000+00:00,8.88,,8.7912,9.0576,,,,2026-08-26T19:14:35.318741+00:00,2026-08-26T19:14:35.318907+00:00,8.76,floor,-1.3513513513513624,22.328907,1.238738738738732,-1.3513513513513624,2026-08-26T19:14:29.259558+00:00,,2026-08-26T19:14:35.318741+00:00,,209
2026-08-26,XPON,trail_activate+2_lock+2_distance2_floor-1,first,resting,STOP_LIMIT,2026-08-26T13:45:07+00:00,,1787773080000,0,2026-08-26T19:50:00+00:00,2026-08-26T19:51:28.616000+00:00,8.73,,8.6427,8.9046,,,,2026-08-26T19:51:55.209700+00:00,2026-08-26T19:51:55.210049+00:00,8.6,floor,-1.4891179839633537,26.594049,1.374570446735386,-1.4891179839633537,2026-08-26T19:51:35.112115+00:00,,2026-08-26T19:51:55.209700+00:00,,162
2026-08-26,XPON,trail_activate+2_lock+2_distance2_floor-1,reclaim,resting,STOP_LIMIT,2026-08-26T13:45:07+00:00,,1787773080000,1787773860000,2026-08-26T19:54:00+00:00,2026-08-26T19:55:01.111000+00:00,8.88,,8.7912,9.0576,,,,2026-08-26T19:55:03.050807+00:00,2026-08-26T19:55:03.051244+00:00,8.63,floor,-2.815315315315315,1.940244,0.0,-2.815315315315315,,,2026-08-26T19:55:03.050807+00:00,2026-08-26T19:55:03.050807+00:00,2
2026-08-26,XPON,trail_activate+1_lock+1_distance1_floor+0,first,resting,STOP_LIMIT,2026-08-26T13:45:07+00:00,,1787757840000,0,2026-08-26T15:25:00+00:00,2026-08-26T15:36:09.608000+00:00,9.42,,9.42,9.5142,,,,2026-08-26T15:36:09.646979+00:00,2026-08-26T15:36:09.648106+00:00,9.34,floor,-0.8492569002123149,0.040106,0.0,-0.8492569002123149,,,,,2
2026-08-26,XPON,trail_activate+1_lock+1_distance1_floor+0,first,resting,STOP_LIMIT,2026-08-26T13:45:07+00:00,,1787760960000,0,2026-08-26T17:28:00+00:00,2026-08-26T17:29:09.550000+00:00,8.24,,8.24,8.3224,,,,2026-08-26T17:29:09.991111+00:00,2026-08-26T17:29:09.991633+00:00,8.17,floor,-0.8495145631067995,0.441633,0.0,-1.0922330097087363,,,2026-08-26T17:29:09.991111+00:00,,2
2026-08-26,XPON,trail_activate+1_lock+1_distance1_floor+0,first,resting,STOP_LIMIT,2026-08-26T13:45:07+00:00,,1787767500000,0,2026-08-26T18:46:00+00:00,2026-08-26T18:47:15.525000+00:00,8.25,,8.25,8.3325,,,,2026-08-26T18:47:24.901006+00:00,2026-08-26T18:47:28.433504+00:00,8.16,floor,-1.0909090909090893,12.908504,0.0,-1.0909090909090893,,,2026-08-26T18:47:24.901006+00:00,,2
2026-08-26,XPON,trail_activate+1_lock+1_distance1_floor+0,reclaim,resting,STOP_LIMIT,2026-08-26T13:45:07+00:00,,1787767500000,1787770020000,2026-08-26T18:50:00+00:00,2026-08-26T19:14:12.990000+00:00,8.88,,8.88,8.968800000000002,,,,2026-08-26T19:14:13.335869+00:00,2026-08-26T19:14:13.337020+00:00,8.84,floor,-0.45045045045046084,0.34702,0.0,-0.45045045045046084,,,,,2
2026-08-26,XPON,trail_activate+1_lock+1_distance1_floor+0,first,resting,STOP_LIMIT,2026-08-26T13:45:07+00:00,,1787773080000,0,2026-08-26T19:50:00+00:00,2026-08-26T19:51:28.616000+00:00,8.73,,8.73,8.817300000000001,,,,2026-08-26T19:51:29.719307+00:00,2026-08-26T19:51:29.719553+00:00,8.67,floor,-0.6872852233677033,1.103553,0.0,-0.6872852233677033,,,,,2
2026-08-26,XPON,trail_activate+1_lock+1_distance1_floor+0,reclaim,resting,STOP_LIMIT,2026-08-26T13:45:07+00:00,,1787773080000,1787773860000,2026-08-26T19:54:00+00:00,2026-08-26T19:55:01.111000+00:00,8.88,,8.88,8.968800000000002,,,,2026-08-26T19:55:03.050807+00:00,2026-08-26T19:55:03.051244+00:00,8.63,floor,-2.815315315315315,1.940244,0.0,-2.815315315315315,,,2026-08-26T19:55:03.050807+00:00,2026-08-26T19:55:03.050807+00:00,2
2026-08-26,XPON,trail_activate+1_lock+1_distance2_floor+0,first,resting,STOP_LIMIT,2026-08-26T13:45:07+00:00,,1787757840000,0,2026-08-26T15:25:00+00:00,2026-08-26T15:36:09.608000+00:00,9.42,,9.42,9.5142,,,,2026-08-26T15:36:09.646979+00:00,2026-08-26T15:36:09.648106+00:00,9.34,floor,-0.8492569002123149,0.040106,0.0,-0.8492569002123149,,,,,2
2026-08-26,XPON,trail_activate+1_lock+1_distance2_floor+0,first,resting,STOP_LIMIT,2026-08-26T13:45:07+00:00,,1787760960000,0,2026-08-26T17:28:00+00:00,2026-08-26T17:29:09.550000+00:00,8.24,,8.24,8.3224,,,,2026-08-26T17:29:09.991111+00:00,2026-08-26T17:29:09.991633+00:00,8.17,floor,-0.8495145631067995,0.441633,0.0,-1.0922330097087363,,,2026-08-26T17:29:09.991111+00:00,,2
2026-08-26,XPON,trail_activate+1_lock+1_distance2_floor+0,first,resting,STOP_LIMIT,2026-08-26T13:45:07+00:00,,1787767500000,0,2026-08-26T18:46:00+00:00,2026-08-26T18:47:15.525000+00:00,8.25,,8.25,8.3325,,,,2026-08-26T18:47:24.901006+00:00,2026-08-26T18:47:28.433504+00:00,8.16,floor,-1.0909090909090893,12.908504,0.0,-1.0909090909090893,,,2026-08-26T18:47:24.901006+00:00,,2
2026-08-26,XPON,trail_activate+1_lock+1_distance2_floor+0,reclaim,resting,STOP_LIMIT,2026-08-26T13:45:07+00:00,,1787767500000,1787770020000,2026-08-26T18:50:00+00:00,2026-08-26T19:14:12.990000+00:00,8.88,,8.88,8.968800000000002,,,,2026-08-26T19:14:13.335869+00:00,2026-08-26T19:14:13.337020+00:00,8.84,floor,-0.45045045045046084,0.34702,0.0,-0.45045045045046084,,,,,2
2026-08-26,XPON,trail_activate+1_lock+1_distance2_floor+0,first,resting,STOP_LIMIT,2026-08-26T13:45:07+00:00,,1787773080000,0,2026-08-26T19:50:00+00:00,2026-08-26T19:51:28.616000+00:00,8.73,,8.73,8.817300000000001,,,,2026-08-26T19:51:29.719307+00:00,2026-08-26T19:51:29.719553+00:00,8.67,floor,-0.6872852233677033,1.103553,0.0,-0.6872852233677033,,,,,2
2026-08-26,XPON,trail_activate+1_lock+1_distance2_floor+0,reclaim,resting,STOP_LIMIT,2026-08-26T13:45:07+00:00,,1787773080000,1787773860000,2026-08-26T19:54:00+00:00,2026-08-26T19:55:01.111000+00:00,8.88,,8.88,8.968800000000002,,,,2026-08-26T19:55:03.050807+00:00,2026-08-26T19:55:03.051244+00:00,8.63,floor,-2.815315315315315,1.940244,0.0,-2.815315315315315,,,2026-08-26T19:55:03.050807+00:00,2026-08-26T19:55:03.050807+00:00,2
2026-08-26,XPON,trail_activate+2_lock+2_distance1_floor+0,first,resting,STOP_LIMIT,2026-08-26T13:45:07+00:00,,1787757840000,0,2026-08-26T15:25:00+00:00,2026-08-26T15:36:09.608000+00:00,9.42,,9.42,9.6084,,,,2026-08-26T15:36:09.646979+00:00,2026-08-26T15:36:09.648106+00:00,9.34,floor,-0.8492569002123149,0.040106,0.0,-0.8492569002123149,,,,,2
2026-08-26,XPON,trail_activate+2_lock+2_distance1_floor+0,first,resting,STOP_LIMIT,2026-08-26T13:45:07+00:00,,1787760960000,0,2026-08-26T17:28:00+00:00,2026-08-26T17:29:09.550000+00:00,8.24,,8.24,8.4048,,,,2026-08-26T17:29:09.991111+00:00,2026-08-26T17:29:09.991633+00:00,8.17,floor,-0.8495145631067995,0.441633,0.0,-1.0922330097087363,,,2026-08-26T17:29:09.991111+00:00,,2
2026-08-26,XPON,trail_activate+2_lock+2_distance1_floor+0,first,resting,STOP_LIMIT,2026-08-26T13:45:07+00:00,,1787767500000,0,2026-08-26T18:46:00+00:00,2026-08-26T18:47:15.525000+00:00,8.25,,8.25,8.415000000000001,,,,2026-08-26T18:47:24.901006+00:00,2026-08-26T18:47:28.433504+00:00,8.16,floor,-1.0909090909090893,12.908504,0.0,-1.0909090909090893,,,2026-08-26T18:47:24.901006+00:00,,2
2026-08-26,XPON,trail_activate+2_lock+2_distance1_floor+0,reclaim,resting,STOP_LIMIT,2026-08-26T13:45:07+00:00,,1787767500000,1787770020000,2026-08-26T18:50:00+00:00,2026-08-26T19:14:12.990000+00:00,8.88,,8.88,9.0576,,,,2026-08-26T19:14:13.335869+00:00,2026-08-26T19:14:13.337020+00:00,8.84,floor,-0.45045045045046084,0.34702,0.0,-0.45045045045046084,,,,,2
2026-08-26,XPON,trail_activate+2_lock+2_distance1_floor+0,first,resting,STOP_LIMIT,2026-08-26T13:45:07+00:00,,1787773080000,0,2026-08-26T19:50:00+00:00,2026-08-26T19:51:28.616000+00:00,8.73,,8.73,8.9046,,,,2026-08-26T19:51:29.719307+00:00,2026-08-26T19:51:29.719553+00:00,8.67,floor,-0.6872852233677033,1.103553,0.0,-0.6872852233677033,,,,,2
2026-08-26,XPON,trail_activate+2_lock+2_distance1_floor+0,reclaim,resting,STOP_LIMIT,2026-08-26T13:45:07+00:00,,1787773080000,1787773860000,2026-08-26T19:54:00+00:00,2026-08-26T19:55:01.111000+00:00,8.88,,8.88,9.0576,,,,2026-08-26T19:55:03.050807+00:00,2026-08-26T19:55:03.051244+00:00,8.63,floor,-2.815315315315315,1.940244,0.0,-2.815315315315315,,,2026-08-26T19:55:03.050807+00:00,2026-08-26T19:55:03.050807+00:00,2
2026-08-26,XPON,trail_activate+2_lock+2_distance2_floor+0,first,resting,STOP_LIMIT,2026-08-26T13:45:07+00:00,,1787757840000,0,2026-08-26T15:25:00+00:00,2026-08-26T15:36:09.608000+00:00,9.42,,9.42,9.6084,,,,2026-08-26T15:36:09.646979+00:00,2026-08-26T15:36:09.648106+00:00,9.34,floor,-0.8492569002123149,0.040106,0.0,-0.8492569002123149,,,,,2
2026-08-26,XPON,trail_activate+2_lock+2_distance2_floor+0,first,resting,STOP_LIMIT,2026-08-26T13:45:07+00:00,,1787760960000,0,2026-08-26T17:28:00+00:00,2026-08-26T17:29:09.550000+00:00,8.24,,8.24,8.4048,,,,2026-08-26T17:29:09.991111+00:00,2026-08-26T17:29:09.991633+00:00,8.17,floor,-0.8495145631067995,0.441633,0.0,-1.0922330097087363,,,2026-08-26T17:29:09.991111+00:00,,2
2026-08-26,XPON,trail_activate+2_lock+2_distance2_floor+0,first,resting,STOP_LIMIT,2026-08-26T13:45:07+00:00,,1787767500000,0,2026-08-26T18:46:00+00:00,2026-08-26T18:47:15.525000+00:00,8.25,,8.25,8.415000000000001,,,,2026-08-26T18:47:24.901006+00:00,2026-08-26T18:47:28.433504+00:00,8.16,floor,-1.0909090909090893,12.908504,0.0,-1.0909090909090893,,,2026-08-26T18:47:24.901006+00:00,,2
2026-08-26,XPON,trail_activate+2_lock+2_distance2_floor+0,reclaim,resting,STOP_LIMIT,2026-08-26T13:45:07+00:00,,1787767500000,1787770020000,2026-08-26T18:50:00+00:00,2026-08-26T19:14:12.990000+00:00,8.88,,8.88,9.0576,,,,2026-08-26T19:14:13.335869+00:00,2026-08-26T19:14:13.337020+00:00,8.84,floor,-0.45045045045046084,0.34702,0.0,-0.45045045045046084,,,,,2
2026-08-26,XPON,trail_activate+2_lock+2_distance2_floor+0,first,resting,STOP_LIMIT,2026-08-26T13:45:07+00:00,,1787773080000,0,2026-08-26T19:50:00+00:00,2026-08-26T19:51:28.616000+00:00,8.73,,8.73,8.9046,,,,2026-08-26T19:51:29.719307+00:00,2026-08-26T19:51:29.719553+00:00,8.67,floor,-0.6872852233677033,1.103553,0.0,-0.6872852233677033,,,,,2
2026-08-26,XPON,trail_activate+2_lock+2_distance2_floor+0,reclaim,resting,STOP_LIMIT,2026-08-26T13:45:07+00:00,,1787773080000,1787773860000,2026-08-26T19:54:00+00:00,2026-08-26T19:55:01.111000+00:00,8.88,,8.88,9.0576,,,,2026-08-26T19:55:03.050807+00:00,2026-08-26T19:55:03.051244+00:00,8.63,floor,-2.815315315315315,1.940244,0.0,-2.815315315315315,,,2026-08-26T19:55:03.050807+00:00,2026-08-26T19:55:03.050807+00:00,2
2026-08-26,YYGH,trail_activate+1_lock+1_distance1_floor-1,reclaim,reactive,limit,2026-08-26T08:09:56+00:00,,1787748960000,1787748960000,2026-08-26T13:01:26.497000+00:00,2026-08-26T13:01:26.497000+00:00,1.98,,1.9602,1.9998,2026-08-26T13:02:01.312031+00:00,2.0,1.9998,2026-08-26T13:02:01.313757+00:00,2026-08-26T13:02:01.316361+00:00,1.99,trail,0.5050505050505055,34.819361,1.010101010101011,-0.5050505050505055,2026-08-26T13:02:01.312031+00:00,,,,491
2026-08-26,YYGH,trail_activate+1_lock+1_distance1_floor-1,first,resting,STOP_LIMIT,2026-08-26T08:09:56+00:00,,1787751180000,0,2026-08-26T13:34:00+00:00,2026-08-26T13:39:54.404000+00:00,1.97,,1.9503,1.9897,2026-08-26T13:39:59.536704+00:00,1.99,1.9897,2026-08-26T13:39:59.536944+00:00,2026-08-26T13:39:59.537213+00:00,1.98,trail,0.5076142131979701,5.133213,1.0152284263959401,-0.5076142131979701,2026-08-26T13:39:59.536704+00:00,,,,161
2026-08-26,YYGH,trail_activate+1_lock+1_distance1_floor-1,reclaim,resting,STOP_LIMIT,2026-08-26T08:09:56+00:00,,1787751180000,1787751540000,2026-08-26T13:42:00+00:00,2026-08-26T13:43:03.756000+00:00,2.0,,1.98,2.02,2026-08-26T13:43:03.870045+00:00,2.02,2.02,2026-08-26T13:43:03.870952+00:00,2026-08-26T13:43:03.871393+00:00,2.02,trail,1.0000000000000009,0.115393,1.0000000000000009,-0.5000000000000004,2026-08-26T13:43:03.870045+00:00,,,,106
2026-08-26,YYGH,trail_activate+1_lock+1_distance1_floor-1,first,resting,STOP_LIMIT,2026-08-26T08:09:56+00:00,,1787752740000,0,2026-08-26T14:21:00+00:00,2026-08-26T14:31:02.498000+00:00,1.94,,1.9205999999999999,1.9594,,,,2026-08-26T14:31:11.345988+00:00,2026-08-26T14:31:11.346829+00:00,1.92,floor,-1.0309278350515474,8.848829,0.0,-1.0309278350515474,,,2026-08-26T14:31:11.345988+00:00,,26
2026-08-26,YYGH,trail_activate+1_lock+1_distance1_floor-1,reclaim,resting,STOP_LIMIT,2026-08-26T08:09:56+00:00,,1787752740000,1787754720000,2026-08-26T14:35:00+00:00,2026-08-26T14:35:00.224000+00:00,1.95,,1.9304999999999999,1.9695,,,,2026-08-26T14:35:26.435550+00:00,2026-08-26T14:35:26.437513+00:00,1.93,floor,-1.0256410256410264,26.213513,0.0,-1.0256410256410264,,,2026-08-26T14:35:26.435550+00:00,,117
2026-08-26,YYGH,trail_activate+1_lock+1_distance1_floor-1,first,resting,STOP_LIMIT,2026-08-26T08:09:56+00:00,,1787762040000,0,2026-08-26T17:22:00+00:00,2026-08-26T17:23:41.368000+00:00,1.93,,1.9106999999999998,1.9493,,,,2026-08-26T17:36:37.699333+00:00,2026-08-26T17:36:37.699650+00:00,1.91,floor,-1.0362694300518145,776.33165,0.5181347150259072,-1.0362694300518145,,,2026-08-26T17:36:37.699333+00:00,,1180
2026-08-26,YYGH,trail_activate+1_lock+1_distance1_floor-1,reclaim,resting,STOP_LIMIT,2026-08-26T08:09:56+00:00,,1787762040000,1787764980000,2026-08-26T17:37:00+00:00,2026-08-26T17:45:13.356000+00:00,1.95,,1.9304999999999999,1.9695,,,,2026-08-26T17:45:17.105684+00:00,2026-08-26T17:45:17.107950+00:00,1.93,floor,-1.0256410256410264,3.75195,0.0,-1.0256410256410264,,,2026-08-26T17:45:17.105684+00:00,,5
2026-08-26,YYGH,trail_activate+1_lock+1_distance1_floor-1,reclaim,resting,STOP_LIMIT,2026-08-26T08:09:56+00:00,,1787771760000,1787772900000,2026-08-26T19:38:00+00:00,2026-08-26T19:47:06.734000+00:00,1.99,,1.9701,2.0099,,,,2026-08-26T19:47:26.596608+00:00,2026-08-26T19:47:26.596853+00:00,1.97,floor,-1.0050251256281415,19.862853,0.0,-1.0050251256281415,,,2026-08-26T19:47:26.596608+00:00,,15
2026-08-26,YYGH,trail_activate+1_lock+1_distance2_floor-1,reclaim,reactive,limit,2026-08-26T08:09:56+00:00,,1787748960000,1787748960000,2026-08-26T13:01:26.497000+00:00,2026-08-26T13:01:26.497000+00:00,1.98,,1.9602,1.9998,2026-08-26T13:02:01.312031+00:00,2.0,1.9998,2026-08-26T13:02:01.313757+00:00,2026-08-26T13:02:01.316361+00:00,1.99,trail,0.5050505050505055,34.819361,1.010101010101011,-0.5050505050505055,2026-08-26T13:02:01.312031+00:00,,,,491
2026-08-26,YYGH,trail_activate+1_lock+1_distance2_floor-1,first,resting,STOP_LIMIT,2026-08-26T08:09:56+00:00,,1787751180000,0,2026-08-26T13:34:00+00:00,2026-08-26T13:39:54.404000+00:00,1.97,,1.9503,1.9897,2026-08-26T13:39:59.536704+00:00,1.99,1.9897,2026-08-26T13:39:59.536944+00:00,2026-08-26T13:39:59.537213+00:00,1.98,trail,0.5076142131979701,5.133213,1.0152284263959401,-0.5076142131979701,2026-08-26T13:39:59.536704+00:00,,,,161
2026-08-26,YYGH,trail_activate+1_lock+1_distance2_floor-1,reclaim,resting,STOP_LIMIT,2026-08-26T08:09:56+00:00,,1787751180000,1787751540000,2026-08-26T13:42:00+00:00,2026-08-26T13:43:03.756000+00:00,2.0,,1.98,2.02,2026-08-26T13:43:03.870045+00:00,2.02,2.02,2026-08-26T13:43:03.870952+00:00,2026-08-26T13:43:03.871393+00:00,2.02,trail,1.0000000000000009,0.115393,1.0000000000000009,-0.5000000000000004,2026-08-26T13:43:03.870045+00:00,,,,106
2026-08-26,YYGH,trail_activate+1_lock+1_distance2_floor-1,first,resting,STOP_LIMIT,2026-08-26T08:09:56+00:00,,1787752740000,0,2026-08-26T14:21:00+00:00,2026-08-26T14:31:02.498000+00:00,1.94,,1.9205999999999999,1.9594,,,,2026-08-26T14:31:11.345988+00:00,2026-08-26T14:31:11.346829+00:00,1.92,floor,-1.0309278350515474,8.848829,0.0,-1.0309278350515474,,,2026-08-26T14:31:11.345988+00:00,,26
2026-08-26,YYGH,trail_activate+1_lock+1_distance2_floor-1,reclaim,resting,STOP_LIMIT,2026-08-26T08:09:56+00:00,,1787752740000,1787754720000,2026-08-26T14:35:00+00:00,2026-08-26T14:35:00.224000+00:00,1.95,,1.9304999999999999,1.9695,,,,2026-08-26T14:35:26.435550+00:00,2026-08-26T14:35:26.437513+00:00,1.93,floor,-1.0256410256410264,26.213513,0.0,-1.0256410256410264,,,2026-08-26T14:35:26.435550+00:00,,117
2026-08-26,YYGH,trail_activate+1_lock+1_distance2_floor-1,first,resting,STOP_LIMIT,2026-08-26T08:09:56+00:00,,1787762040000,0,2026-08-26T17:22:00+00:00,2026-08-26T17:23:41.368000+00:00,1.93,,1.9106999999999998,1.9493,,,,2026-08-26T17:36:37.699333+00:00,2026-08-26T17:36:37.699650+00:00,1.91,floor,-1.0362694300518145,776.33165,0.5181347150259072,-1.0362694300518145,,,2026-08-26T17:36:37.699333+00:00,,1180
2026-08-26,YYGH,trail_activate+1_lock+1_distance2_floor-1,reclaim,resting,STOP_LIMIT,2026-08-26T08:09:56+00:00,,1787762040000,1787764980000,2026-08-26T17:37:00+00:00,2026-08-26T17:45:13.356000+00:00,1.95,,1.9304999999999999,1.9695,,,,2026-08-26T17:45:17.105684+00:00,2026-08-26T17:45:17.107950+00:00,1.93,floor,-1.0256410256410264,3.75195,0.0,-1.0256410256410264,,,2026-08-26T17:45:17.105684+00:00,,5
2026-08-26,YYGH,trail_activate+1_lock+1_distance2_floor-1,reclaim,resting,STOP_LIMIT,2026-08-26T08:09:56+00:00,,1787771760000,1787772900000,2026-08-26T19:38:00+00:00,2026-08-26T19:47:06.734000+00:00,1.99,,1.9701,2.0099,,,,2026-08-26T19:47:26.596608+00:00,2026-08-26T19:47:26.596853+00:00,1.97,floor,-1.0050251256281415,19.862853,0.0,-1.0050251256281415,,,2026-08-26T19:47:26.596608+00:00,,15
2026-08-26,YYGH,trail_activate+2_lock+2_distance1_floor-1,reclaim,reactive,limit,2026-08-26T08:09:56+00:00,,1787748960000,1787748960000,2026-08-26T13:01:26.497000+00:00,2026-08-26T13:01:26.497000+00:00,1.98,,1.9602,2.0196,,,,2026-08-26T13:04:16.764019+00:00,2026-08-26T13:04:16.765027+00:00,1.96,floor,-1.010101010101011,170.268027,1.5151515151515054,-1.010101010101011,2026-08-26T13:02:01.312031+00:00,,2026-08-26T13:04:16.764019+00:00,,2467
2026-08-26,YYGH,trail_activate+2_lock+2_distance1_floor-1,first,resting,STOP_LIMIT,2026-08-26T08:09:56+00:00,,1787751180000,0,2026-08-26T13:34:00+00:00,2026-08-26T13:39:54.404000+00:00,1.97,,1.9503,2.0094,,,,2026-08-26T13:40:48.234899+00:00,2026-08-26T13:40:48.235743+00:00,1.95,floor,-1.0152284263959401,53.831743,1.0152284263959401,-1.0152284263959401,2026-08-26T13:39:59.536704+00:00,,2026-08-26T13:40:48.234899+00:00,,1032
2026-08-26,YYGH,trail_activate+2_lock+2_distance1_floor-1,reclaim,resting,STOP_LIMIT,2026-08-26T08:09:56+00:00,,1787751180000,1787751540000,2026-08-26T13:42:00+00:00,2026-08-26T13:43:03.756000+00:00,2.0,,1.98,2.04,2026-08-26T13:43:03.973412+00:00,2.04,2.04,2026-08-26T13:43:03.974502+00:00,2026-08-26T13:43:03.974978+00:00,2.04,trail,2.0000000000000018,0.218978,2.0000000000000018,-0.5000000000000004,2026-08-26T13:43:03.870045+00:00,2026-08-26T13:43:03.973412+00:00,,,193
2026-08-26,YYGH,trail_activate+2_lock+2_distance1_floor-1,first,resting,STOP_LIMIT,2026-08-26T08:09:56+00:00,,1787752740000,0,2026-08-26T14:21:00+00:00,2026-08-26T14:31:02.498000+00:00,1.94,,1.9205999999999999,1.9788,,,,2026-08-26T14:31:11.345988+00:00,2026-08-26T14:31:11.346829+00:00,1.92,floor,-1.0309278350515474,8.848829,0.0,-1.0309278350515474,,,2026-08-26T14:31:11.345988+00:00,,26
2026-08-26,YYGH,trail_activate+2_lock+2_distance1_floor-1,reclaim,resting,STOP_LIMIT,2026-08-26T08:09:56+00:00,,1787752740000,1787754720000,2026-08-26T14:35:00+00:00,2026-08-26T14:35:00.224000+00:00,1.95,,1.9304999999999999,1.9889999999999999,,,,2026-08-26T14:35:26.435550+00:00,2026-08-26T14:35:26.437513+00:00,1.93,floor,-1.0256410256410264,26.213513,0.0,-1.0256410256410264,,,2026-08-26T14:35:26.435550+00:00,,117
2026-08-26,YYGH,trail_activate+2_lock+2_distance1_floor-1,first,resting,STOP_LIMIT,2026-08-26T08:09:56+00:00,,1787762040000,0,2026-08-26T17:22:00+00:00,2026-08-26T17:23:41.368000+00:00,1.93,,1.9106999999999998,1.9686,,,,2026-08-26T17:36:37.699333+00:00,2026-08-26T17:36:37.699650+00:00,1.91,floor,-1.0362694300518145,776.33165,0.5181347150259072,-1.0362694300518145,,,2026-08-26T17:36:37.699333+00:00,,1180
2026-08-26,YYGH,trail_activate+2_lock+2_distance1_floor-1,reclaim,resting,STOP_LIMIT,2026-08-26T08:09:56+00:00,,1787762040000,1787764980000,2026-08-26T17:37:00+00:00,2026-08-26T17:45:13.356000+00:00,1.95,,1.9304999999999999,1.9889999999999999,,,,2026-08-26T17:45:17.105684+00:00,2026-08-26T17:45:17.107950+00:00,1.93,floor,-1.0256410256410264,3.75195,0.0,-1.0256410256410264,,,2026-08-26T17:45:17.105684+00:00,,5
2026-08-26,YYGH,trail_activate+2_lock+2_distance1_floor-1,reclaim,resting,STOP_LIMIT,2026-08-26T08:09:56+00:00,,1787771760000,1787772900000,2026-08-26T19:38:00+00:00,2026-08-26T19:47:06.734000+00:00,1.99,,1.9701,2.0298,,,,2026-08-26T19:47:26.596608+00:00,2026-08-26T19:47:26.596853+00:00,1.97,floor,-1.0050251256281415,19.862853,0.0,-1.0050251256281415,,,2026-08-26T19:47:26.596608+00:00,,15
2026-08-26,YYGH,trail_activate+2_lock+2_distance2_floor-1,reclaim,reactive,limit,2026-08-26T08:09:56+00:00,,1787748960000,1787748960000,2026-08-26T13:01:26.497000+00:00,2026-08-26T13:01:26.497000+00:00,1.98,,1.9602,2.0196,,,,2026-08-26T13:04:16.764019+00:00,2026-08-26T13:04:16.765027+00:00,1.96,floor,-1.010101010101011,170.268027,1.5151515151515054,-1.010101010101011,2026-08-26T13:02:01.312031+00:00,,2026-08-26T13:04:16.764019+00:00,,2467
2026-08-26,YYGH,trail_activate+2_lock+2_distance2_floor-1,first,resting,STOP_LIMIT,2026-08-26T08:09:56+00:00,,1787751180000,0,2026-08-26T13:34:00+00:00,2026-08-26T13:39:54.404000+00:00,1.97,,1.9503,2.0094,,,,2026-08-26T13:40:48.234899+00:00,2026-08-26T13:40:48.235743+00:00,1.95,floor,-1.0152284263959401,53.831743,1.0152284263959401,-1.0152284263959401,2026-08-26T13:39:59.536704+00:00,,2026-08-26T13:40:48.234899+00:00,,1032
2026-08-26,YYGH,trail_activate+2_lock+2_distance2_floor-1,reclaim,resting,STOP_LIMIT,2026-08-26T08:09:56+00:00,,1787751180000,1787751540000,2026-08-26T13:42:00+00:00,2026-08-26T13:43:03.756000+00:00,2.0,,1.98,2.04,2026-08-26T13:43:03.973412+00:00,2.04,2.04,2026-08-26T13:43:03.974502+00:00,2026-08-26T13:43:03.974978+00:00,2.04,trail,2.0000000000000018,0.218978,2.0000000000000018,-0.5000000000000004,2026-08-26T13:43:03.870045+00:00,2026-08-26T13:43:03.973412+00:00,,,193
2026-08-26,YYGH,trail_activate+2_lock+2_distance2_floor-1,first,resting,STOP_LIMIT,2026-08-26T08:09:56+00:00,,1787752740000,0,2026-08-26T14:21:00+00:00,2026-08-26T14:31:02.498000+00:00,1.94,,1.9205999999999999,1.9788,,,,2026-08-26T14:31:11.345988+00:00,2026-08-26T14:31:11.346829+00:00,1.92,floor,-1.0309278350515474,8.848829,0.0,-1.0309278350515474,,,2026-08-26T14:31:11.345988+00:00,,26
2026-08-26,YYGH,trail_activate+2_lock+2_distance2_floor-1,reclaim,resting,STOP_LIMIT,2026-08-26T08:09:56+00:00,,1787752740000,1787754720000,2026-08-26T14:35:00+00:00,2026-08-26T14:35:00.224000+00:00,1.95,,1.9304999999999999,1.9889999999999999,,,,2026-08-26T14:35:26.435550+00:00,2026-08-26T14:35:26.437513+00:00,1.93,floor,-1.0256410256410264,26.213513,0.0,-1.0256410256410264,,,2026-08-26T14:35:26.435550+00:00,,117
2026-08-26,YYGH,trail_activate+2_lock+2_distance2_floor-1,first,resting,STOP_LIMIT,2026-08-26T08:09:56+00:00,,1787762040000,0,2026-08-26T17:22:00+00:00,2026-08-26T17:23:41.368000+00:00,1.93,,1.9106999999999998,1.9686,,,,2026-08-26T17:36:37.699333+00:00,2026-08-26T17:36:37.699650+00:00,1.91,floor,-1.0362694300518145,776.33165,0.5181347150259072,-1.0362694300518145,,,2026-08-26T17:36:37.699333+00:00,,1180
2026-08-26,YYGH,trail_activate+2_lock+2_distance2_floor-1,reclaim,resting,STOP_LIMIT,2026-08-26T08:09:56+00:00,,1787762040000,1787764980000,2026-08-26T17:37:00+00:00,2026-08-26T17:45:13.356000+00:00,1.95,,1.9304999999999999,1.9889999999999999,,,,2026-08-26T17:45:17.105684+00:00,2026-08-26T17:45:17.107950+00:00,1.93,floor,-1.0256410256410264,3.75195,0.0,-1.0256410256410264,,,2026-08-26T17:45:17.105684+00:00,,5
2026-08-26,YYGH,trail_activate+2_lock+2_distance2_floor-1,reclaim,resting,STOP_LIMIT,2026-08-26T08:09:56+00:00,,1787771760000,1787772900000,2026-08-26T19:38:00+00:00,2026-08-26T19:47:06.734000+00:00,1.99,,1.9701,2.0298,,,,2026-08-26T19:47:26.596608+00:00,2026-08-26T19:47:26.596853+00:00,1.97,floor,-1.0050251256281415,19.862853,0.0,-1.0050251256281415,,,2026-08-26T19:47:26.596608+00:00,,15
2026-08-26,YYGH,trail_activate+1_lock+1_distance1_floor+0,reclaim,reactive,limit,2026-08-26T08:09:56+00:00,,1787748960000,1787748960000,2026-08-26T13:01:26.497000+00:00,2026-08-26T13:01:26.497000+00:00,1.98,,1.98,1.9998,,,,2026-08-26T13:01:26.536963+00:00,2026-08-26T13:01:26.537293+00:00,1.97,floor,-0.5050505050505055,0.040293,0.0,-0.5050505050505055,,,,,2
2026-08-26,YYGH,trail_activate+1_lock+1_distance1_floor+0,first,resting,STOP_LIMIT,2026-08-26T08:09:56+00:00,,1787751180000,0,2026-08-26T13:34:00+00:00,2026-08-26T13:39:54.404000+00:00,1.97,,1.97,1.9897,,,,2026-08-26T13:39:55.642865+00:00,2026-08-26T13:39:55.692768+00:00,1.96,floor,-0.5076142131979701,1.288768,0.0,-0.5076142131979701,,,,,2
2026-08-26,YYGH,trail_activate+1_lock+1_distance1_floor+0,reclaim,resting,STOP_LIMIT,2026-08-26T08:09:56+00:00,,1787751180000,1787751540000,2026-08-26T13:42:00+00:00,2026-08-26T13:43:03.756000+00:00,2.0,,2.0,2.02,,,,2026-08-26T13:43:03.757021+00:00,2026-08-26T13:43:03.759543+00:00,1.99,floor,-0.5000000000000004,0.003543,0.0,-0.5000000000000004,,,,,2
2026-08-26,YYGH,trail_activate+1_lock+1_distance1_floor+0,first,resting,STOP_LIMIT,2026-08-26T08:09:56+00:00,,1787752740000,0,2026-08-26T14:21:00+00:00,2026-08-26T14:31:02.498000+00:00,1.94,,1.94,1.9594,,,,2026-08-26T14:31:03.079949+00:00,2026-08-26T14:31:03.188948+00:00,1.93,floor,-0.5154639175257737,0.690948,0.0,-0.5154639175257737,,,,,2
2026-08-26,YYGH,trail_activate+1_lock+1_distance1_floor+0,reclaim,resting,STOP_LIMIT,2026-08-26T08:09:56+00:00,,1787752740000,1787754720000,2026-08-26T14:35:00+00:00,2026-08-26T14:35:00.224000+00:00,1.95,,1.95,1.9695,,,,2026-08-26T14:35:00.939070+00:00,2026-08-26T14:35:00.955480+00:00,1.94,floor,-0.5128205128205132,0.73148,0.0,-0.5128205128205132,,,,,2
2026-08-26,YYGH,trail_activate+1_lock+1_distance1_floor+0,first,resting,STOP_LIMIT,2026-08-26T08:09:56+00:00,,1787762040000,0,2026-08-26T17:22:00+00:00,2026-08-26T17:23:41.368000+00:00,1.93,,1.93,1.9493,,,,2026-08-26T17:23:42.113523+00:00,2026-08-26T17:23:42.650285+00:00,1.92,floor,-0.5181347150259072,1.282285,0.0,-0.5181347150259072,,,,,2
2026-08-26,YYGH,trail_activate+1_lock+1_distance1_floor+0,reclaim,resting,STOP_LIMIT,2026-08-26T08:09:56+00:00,,1787762040000,1787764980000,2026-08-26T17:26:00+00:00,2026-08-26T17:26:48.162000+00:00,1.95,,1.95,1.9695,,,,2026-08-26T17:26:48.399800+00:00,2026-08-26T17:26:48.419813+00:00,1.94,floor,-0.5128205128205132,0.257813,0.0,-0.5128205128205132,,,,,2
2026-08-26,YYGH,trail_activate+1_lock+1_distance1_floor+0,reclaim,resting,STOP_LIMIT,2026-08-26T08:09:56+00:00,,1787771760000,1787772900000,2026-08-26T19:38:00+00:00,2026-08-26T19:47:06.734000+00:00,1.99,,1.99,2.0099,,,,2026-08-26T19:47:06.955635+00:00,2026-08-26T19:47:07.217923+00:00,1.98,floor,-0.5025125628140708,0.483923,0.0,-0.5025125628140708,,,,,2
2026-08-26,YYGH,trail_activate+1_lock+1_distance2_floor+0,reclaim,reactive,limit,2026-08-26T08:09:56+00:00,,1787748960000,1787748960000,2026-08-26T13:01:26.497000+00:00,2026-08-26T13:01:26.497000+00:00,1.98,,1.98,1.9998,,,,2026-08-26T13:01:26.536963+00:00,2026-08-26T13:01:26.537293+00:00,1.97,floor,-0.5050505050505055,0.040293,0.0,-0.5050505050505055,,,,,2
2026-08-26,YYGH,trail_activate+1_lock+1_distance2_floor+0,first,resting,STOP_LIMIT,2026-08-26T08:09:56+00:00,,1787751180000,0,2026-08-26T13:34:00+00:00,2026-08-26T13:39:54.404000+00:00,1.97,,1.97,1.9897,,,,2026-08-26T13:39:55.642865+00:00,2026-08-26T13:39:55.692768+00:00,1.96,floor,-0.5076142131979701,1.288768,0.0,-0.5076142131979701,,,,,2
2026-08-26,YYGH,trail_activate+1_lock+1_distance2_floor+0,reclaim,resting,STOP_LIMIT,2026-08-26T08:09:56+00:00,,1787751180000,1787751540000,2026-08-26T13:42:00+00:00,2026-08-26T13:43:03.756000+00:00,2.0,,2.0,2.02,,,,2026-08-26T13:43:03.757021+00:00,2026-08-26T13:43:03.759543+00:00,1.99,floor,-0.5000000000000004,0.003543,0.0,-0.5000000000000004,,,,,2
2026-08-26,YYGH,trail_activate+1_lock+1_distance2_floor+0,first,resting,STOP_LIMIT,2026-08-26T08:09:56+00:00,,1787752740000,0,2026-08-26T14:21:00+00:00,2026-08-26T14:31:02.498000+00:00,1.94,,1.94,1.9594,,,,2026-08-26T14:31:03.079949+00:00,2026-08-26T14:31:03.188948+00:00,1.93,floor,-0.5154639175257737,0.690948,0.0,-0.5154639175257737,,,,,2
2026-08-26,YYGH,trail_activate+1_lock+1_distance2_floor+0,reclaim,resting,STOP_LIMIT,2026-08-26T08:09:56+00:00,,1787752740000,1787754720000,2026-08-26T14:35:00+00:00,2026-08-26T14:35:00.224000+00:00,1.95,,1.95,1.9695,,,,2026-08-26T14:35:00.939070+00:00,2026-08-26T14:35:00.955480+00:00,1.94,floor,-0.5128205128205132,0.73148,0.0,-0.5128205128205132,,,,,2
2026-08-26,YYGH,trail_activate+1_lock+1_distance2_floor+0,first,resting,STOP_LIMIT,2026-08-26T08:09:56+00:00,,1787762040000,0,2026-08-26T17:22:00+00:00,2026-08-26T17:23:41.368000+00:00,1.93,,1.93,1.9493,,,,2026-08-26T17:23:42.113523+00:00,2026-08-26T17:23:42.650285+00:00,1.92,floor,-0.5181347150259072,1.282285,0.0,-0.5181347150259072,,,,,2
2026-08-26,YYGH,trail_activate+1_lock+1_distance2_floor+0,reclaim,resting,STOP_LIMIT,2026-08-26T08:09:56+00:00,,1787762040000,1787764980000,2026-08-26T17:26:00+00:00,2026-08-26T17:26:48.162000+00:00,1.95,,1.95,1.9695,,,,2026-08-26T17:26:48.399800+00:00,2026-08-26T17:26:48.419813+00:00,1.94,floor,-0.5128205128205132,0.257813,0.0,-0.5128205128205132,,,,,2
2026-08-26,YYGH,trail_activate+1_lock+1_distance2_floor+0,reclaim,resting,STOP_LIMIT,2026-08-26T08:09:56+00:00,,1787771760000,1787772900000,2026-08-26T19:38:00+00:00,2026-08-26T19:47:06.734000+00:00,1.99,,1.99,2.0099,,,,2026-08-26T19:47:06.955635+00:00,2026-08-26T19:47:07.217923+00:00,1.98,floor,-0.5025125628140708,0.483923,0.0,-0.5025125628140708,,,,,2
2026-08-26,YYGH,trail_activate+2_lock+2_distance1_floor+0,reclaim,reactive,limit,2026-08-26T08:09:56+00:00,,1787748960000,1787748960000,2026-08-26T13:01:26.497000+00:00,2026-08-26T13:01:26.497000+00:00,1.98,,1.98,2.0196,,,,2026-08-26T13:01:26.536963+00:00,2026-08-26T13:01:26.537293+00:00,1.97,floor,-0.5050505050505055,0.040293,0.0,-0.5050505050505055,,,,,2
2026-08-26,YYGH,trail_activate+2_lock+2_distance1_floor+0,first,resting,STOP_LIMIT,2026-08-26T08:09:56+00:00,,1787751180000,0,2026-08-26T13:34:00+00:00,2026-08-26T13:39:54.404000+00:00,1.97,,1.97,2.0094,,,,2026-08-26T13:39:55.642865+00:00,2026-08-26T13:39:55.692768+00:00,1.96,floor,-0.5076142131979701,1.288768,0.0,-0.5076142131979701,,,,,2
2026-08-26,YYGH,trail_activate+2_lock+2_distance1_floor+0,reclaim,resting,STOP_LIMIT,2026-08-26T08:09:56+00:00,,1787751180000,1787751540000,2026-08-26T13:42:00+00:00,2026-08-26T13:43:03.756000+00:00,2.0,,2.0,2.04,,,,2026-08-26T13:43:03.757021+00:00,2026-08-26T13:43:03.759543+00:00,1.99,floor,-0.5000000000000004,0.003543,0.0,-0.5000000000000004,,,,,2
2026-08-26,YYGH,trail_activate+2_lock+2_distance1_floor+0,first,resting,STOP_LIMIT,2026-08-26T08:09:56+00:00,,1787752740000,0,2026-08-26T14:21:00+00:00,2026-08-26T14:31:02.498000+00:00,1.94,,1.94,1.9788,,,,2026-08-26T14:31:03.079949+00:00,2026-08-26T14:31:03.188948+00:00,1.93,floor,-0.5154639175257737,0.690948,0.0,-0.5154639175257737,,,,,2
2026-08-26,YYGH,trail_activate+2_lock+2_distance1_floor+0,reclaim,resting,STOP_LIMIT,2026-08-26T08:09:56+00:00,,1787752740000,1787754720000,2026-08-26T14:35:00+00:00,2026-08-26T14:35:00.224000+00:00,1.95,,1.95,1.9889999999999999,,,,2026-08-26T14:35:00.939070+00:00,2026-08-26T14:35:00.955480+00:00,1.94,floor,-0.5128205128205132,0.73148,0.0,-0.5128205128205132,,,,,2
2026-08-26,YYGH,trail_activate+2_lock+2_distance1_floor+0,first,resting,STOP_LIMIT,2026-08-26T08:09:56+00:00,,1787762040000,0,2026-08-26T17:22:00+00:00,2026-08-26T17:23:41.368000+00:00,1.93,,1.93,1.9686,,,,2026-08-26T17:23:42.113523+00:00,2026-08-26T17:23:42.650285+00:00,1.92,floor,-0.5181347150259072,1.282285,0.0,-0.5181347150259072,,,,,2
2026-08-26,YYGH,trail_activate+2_lock+2_distance1_floor+0,reclaim,resting,STOP_LIMIT,2026-08-26T08:09:56+00:00,,1787762040000,1787764980000,2026-08-26T17:26:00+00:00,2026-08-26T17:26:48.162000+00:00,1.95,,1.95,1.9889999999999999,,,,2026-08-26T17:26:48.399800+00:00,2026-08-26T17:26:48.419813+00:00,1.94,floor,-0.5128205128205132,0.257813,0.0,-0.5128205128205132,,,,,2
2026-08-26,YYGH,trail_activate+2_lock+2_distance1_floor+0,reclaim,resting,STOP_LIMIT,2026-08-26T08:09:56+00:00,,1787771760000,1787772900000,2026-08-26T19:38:00+00:00,2026-08-26T19:47:06.734000+00:00,1.99,,1.99,2.0298,,,,2026-08-26T19:47:06.955635+00:00,2026-08-26T19:47:07.217923+00:00,1.98,floor,-0.5025125628140708,0.483923,0.0,-0.5025125628140708,,,,,2
2026-08-26,YYGH,trail_activate+2_lock+2_distance2_floor+0,reclaim,reactive,limit,2026-08-26T08:09:56+00:00,,1787748960000,1787748960000,2026-08-26T13:01:26.497000+00:00,2026-08-26T13:01:26.497000+00:00,1.98,,1.98,2.0196,,,,2026-08-26T13:01:26.536963+00:00,2026-08-26T13:01:26.537293+00:00,1.97,floor,-0.5050505050505055,0.040293,0.0,-0.5050505050505055,,,,,2
2026-08-26,YYGH,trail_activate+2_lock+2_distance2_floor+0,first,resting,STOP_LIMIT,2026-08-26T08:09:56+00:00,,1787751180000,0,2026-08-26T13:34:00+00:00,2026-08-26T13:39:54.404000+00:00,1.97,,1.97,2.0094,,,,2026-08-26T13:39:55.642865+00:00,2026-08-26T13:39:55.692768+00:00,1.96,floor,-0.5076142131979701,1.288768,0.0,-0.5076142131979701,,,,,2
2026-08-26,YYGH,trail_activate+2_lock+2_distance2_floor+0,reclaim,resting,STOP_LIMIT,2026-08-26T08:09:56+00:00,,1787751180000,1787751540000,2026-08-26T13:42:00+00:00,2026-08-26T13:43:03.756000+00:00,2.0,,2.0,2.04,,,,2026-08-26T13:43:03.757021+00:00,2026-08-26T13:43:03.759543+00:00,1.99,floor,-0.5000000000000004,0.003543,0.0,-0.5000000000000004,,,,,2
2026-08-26,YYGH,trail_activate+2_lock+2_distance2_floor+0,first,resting,STOP_LIMIT,2026-08-26T08:09:56+00:00,,1787752740000,0,2026-08-26T14:21:00+00:00,2026-08-26T14:31:02.498000+00:00,1.94,,1.94,1.9788,,,,2026-08-26T14:31:03.079949+00:00,2026-08-26T14:31:03.188948+00:00,1.93,floor,-0.5154639175257737,0.690948,0.0,-0.5154639175257737,,,,,2
2026-08-26,YYGH,trail_activate+2_lock+2_distance2_floor+0,reclaim,resting,STOP_LIMIT,2026-08-26T08:09:56+00:00,,1787752740000,1787754720000,2026-08-26T14:35:00+00:00,2026-08-26T14:35:00.224000+00:00,1.95,,1.95,1.9889999999999999,,,,2026-08-26T14:35:00.939070+00:00,2026-08-26T14:35:00.955480+00:00,1.94,floor,-0.5128205128205132,0.73148,0.0,-0.5128205128205132,,,,,2
2026-08-26,YYGH,trail_activate+2_lock+2_distance2_floor+0,first,resting,STOP_LIMIT,2026-08-26T08:09:56+00:00,,1787762040000,0,2026-08-26T17:22:00+00:00,2026-08-26T17:23:41.368000+00:00,1.93,,1.93,1.9686,,,,2026-08-26T17:23:42.113523+00:00,2026-08-26T17:23:42.650285+00:00,1.92,floor,-0.5181347150259072,1.282285,0.0,-0.5181347150259072,,,,,2
2026-08-26,YYGH,trail_activate+2_lock+2_distance2_floor+0,reclaim,resting,STOP_LIMIT,2026-08-26T08:09:56+00:00,,1787762040000,1787764980000,2026-08-26T17:26:00+00:00,2026-08-26T17:26:48.162000+00:00,1.95,,1.95,1.9889999999999999,,,,2026-08-26T17:26:48.399800+00:00,2026-08-26T17:26:48.419813+00:00,1.94,floor,-0.5128205128205132,0.257813,0.0,-0.5128205128205132,,,,,2
2026-08-26,YYGH,trail_activate+2_lock+2_distance2_floor+0,reclaim,resting,STOP_LIMIT,2026-08-26T08:09:56+00:00,,1787771760000,1787772900000,2026-08-26T19:38:00+00:00,2026-08-26T19:47:06.734000+00:00,1.99,,1.99,2.0298,,,,2026-08-26T19:47:06.955635+00:00,2026-08-26T19:47:07.217923+00:00,1.98,floor,-0.5025125628140708,0.483923,0.0,-0.5025125628140708,,,,,2
2026-08-27,CELU,trail_activate+1_lock+1_distance1_floor-1,first,resting,STOP_LIMIT,2026-08-27T14:25:42+00:00,,1787845980000,0,2026-08-27T16:14:00+00:00,2026-08-27T16:35:28.976000+00:00,2.01,,1.9898999999999998,2.0301,2026-08-27T16:36:21.947573+00:00,2.07,2.0492999999999997,2026-08-27T16:36:25.402799+00:00,2026-08-27T16:36:25.403192+00:00,2.04,trail,1.4925373134328483,56.427192,2.985074626865675,-0.9950248756218805,2026-08-27T16:36:21.947573+00:00,2026-08-27T16:36:21.984183+00:00,,,1465
2026-08-27,CELU,trail_activate+1_lock+1_distance1_floor-1,reclaim,resting,STOP_LIMIT,2026-08-27T14:25:42+00:00,,1787845980000,1787848500000,2026-08-27T16:38:00+00:00,2026-08-27T16:39:21.672000+00:00,2.08,,2.0592,2.1008,2026-08-27T16:39:52.703745+00:00,2.11,2.1008,2026-08-27T16:39:52.967348+00:00,2026-08-27T16:39:52.967744+00:00,2.1,trail,0.9615384615384623,31.295744,1.4423076923076827,-0.4807692307692419,2026-08-27T16:39:52.703745+00:00,,,,990
2026-08-27,CELU,trail_activate+1_lock+1_distance1_floor-1,first,resting,STOP_LIMIT,2026-08-27T14:25:42+00:00,,1787850780000,0,2026-08-27T17:20:00+00:00,2026-08-27T18:15:59.508000+00:00,2.13,,2.1087,2.1513,,,,2026-08-27T18:16:01.078364+00:00,2026-08-27T18:16:01.078741+00:00,2.1,floor,-1.408450704225343,1.570741,0.0,-1.408450704225343,,,2026-08-27T18:16:01.078364+00:00,,55
2026-08-27,CELU,trail_activate+1_lock+1_distance1_floor-1,reclaim,resting,STOP_LIMIT,2026-08-27T14:25:42+00:00,,1787850780000,1787854500000,2026-08-27T18:18:00+00:00,2026-08-27T18:20:00.020000+00:00,2.28,,2.2571999999999997,2.3028,,,,2026-08-27T18:20:07.951803+00:00,2026-08-27T18:20:07.960602+00:00,2.25,floor,-1.3157894736842022,7.940602,0.0,-1.3157894736842022,,,2026-08-27T18:20:07.951803+00:00,,361
2026-08-27,CELU,trail_activate+1_lock+1_distance1_floor-1,first,resting,STOP_LIMIT,2026-08-27T14:25:42+00:00,,1787858160000,0,2026-08-27T19:22:00+00:00,2026-08-27T19:39:17.215000+00:00,2.12,,2.0988,2.1412,,,,2026-08-27T19:43:55.152719+00:00,2026-08-27T19:43:55.153076+00:00,2.09,floor,-1.4150943396226532,277.938076,0.9433962264150951,-1.4150943396226532,,,2026-08-27T19:43:55.152719+00:00,,2851
2026-08-27,CELU,trail_activate+1_lock+1_distance2_floor-1,first,resting,STOP_LIMIT,2026-08-27T14:25:42+00:00,,1787845980000,0,2026-08-27T16:14:00+00:00,2026-08-27T16:35:28.976000+00:00,2.01,,1.9898999999999998,2.0301,2026-08-27T16:36:21.947573+00:00,2.07,2.0301,2026-08-27T16:36:31.989884+00:00,2026-08-27T16:36:31.990112+00:00,2.03,trail,0.9950248756218916,63.014112,2.985074626865675,-0.9950248756218805,2026-08-27T16:36:21.947573+00:00,2026-08-27T16:36:21.984183+00:00,,,1626
2026-08-27,CELU,trail_activate+1_lock+1_distance2_floor-1,reclaim,resting,STOP_LIMIT,2026-08-27T14:25:42+00:00,,1787845980000,1787848500000,2026-08-27T16:38:00+00:00,2026-08-27T16:39:21.672000+00:00,2.08,,2.0592,2.1008,2026-08-27T16:39:52.703745+00:00,2.11,2.1008,2026-08-27T16:39:52.967348+00:00,2026-08-27T16:39:52.967744+00:00,2.1,trail,0.9615384615384623,31.295744,1.4423076923076827,-0.4807692307692419,2026-08-27T16:39:52.703745+00:00,,,,990
2026-08-27,CELU,trail_activate+1_lock+1_distance2_floor-1,first,resting,STOP_LIMIT,2026-08-27T14:25:42+00:00,,1787850780000,0,2026-08-27T17:20:00+00:00,2026-08-27T18:15:59.508000+00:00,2.13,,2.1087,2.1513,,,,2026-08-27T18:16:01.078364+00:00,2026-08-27T18:16:01.078741+00:00,2.1,floor,-1.408450704225343,1.570741,0.0,-1.408450704225343,,,2026-08-27T18:16:01.078364+00:00,,55
2026-08-27,CELU,trail_activate+1_lock+1_distance2_floor-1,reclaim,resting,STOP_LIMIT,2026-08-27T14:25:42+00:00,,1787850780000,1787854500000,2026-08-27T18:18:00+00:00,2026-08-27T18:20:00.020000+00:00,2.28,,2.2571999999999997,2.3028,,,,2026-08-27T18:20:07.951803+00:00,2026-08-27T18:20:07.960602+00:00,2.25,floor,-1.3157894736842022,7.940602,0.0,-1.3157894736842022,,,2026-08-27T18:20:07.951803+00:00,,361
2026-08-27,CELU,trail_activate+1_lock+1_distance2_floor-1,first,resting,STOP_LIMIT,2026-08-27T14:25:42+00:00,,1787858160000,0,2026-08-27T19:22:00+00:00,2026-08-27T19:39:17.215000+00:00,2.12,,2.0988,2.1412,,,,2026-08-27T19:43:55.152719+00:00,2026-08-27T19:43:55.153076+00:00,2.09,floor,-1.4150943396226532,277.938076,0.9433962264150951,-1.4150943396226532,,,2026-08-27T19:43:55.152719+00:00,,2851
2026-08-27,CELU,trail_activate+2_lock+2_distance1_floor-1,first,resting,STOP_LIMIT,2026-08-27T14:25:42+00:00,,1787845980000,0,2026-08-27T16:14:00+00:00,2026-08-27T16:35:28.976000+00:00,2.01,,1.9898999999999998,2.0502,2026-08-27T16:36:21.984183+00:00,2.07,2.0502,2026-08-27T16:36:22.494454+00:00,2026-08-27T16:36:22.494839+00:00,2.05,trail,1.9900497512437831,53.518839,2.985074626865675,-0.9950248756218805,2026-08-27T16:36:21.947573+00:00,2026-08-27T16:36:21.984183+00:00,,,1362
2026-08-27,CELU,trail_activate+2_lock+2_distance1_floor-1,reclaim,resting,STOP_LIMIT,2026-08-27T14:25:42+00:00,,1787845980000,1787848500000,2026-08-27T16:38:00+00:00,2026-08-27T16:39:21.672000+00:00,2.08,,2.0592,2.1216,,,,2026-08-27T16:43:14.993025+00:00,2026-08-27T16:43:14.993264+00:00,2.05,floor,-1.4423076923077043,233.321264,1.4423076923076827,-1.4423076923077043,2026-08-27T16:39:52.703745+00:00,,2026-08-27T16:43:14.993025+00:00,,3186
2026-08-27,CELU,trail_activate+2_lock+2_distance1_floor-1,first,resting,STOP_LIMIT,2026-08-27T14:25:42+00:00,,1787850780000,0,2026-08-27T17:20:00+00:00,2026-08-27T18:15:59.508000+00:00,2.13,,2.1087,2.1726,,,,2026-08-27T18:16:01.078364+00:00,2026-08-27T18:16:01.078741+00:00,2.1,floor,-1.408450704225343,1.570741,0.0,-1.408450704225343,,,2026-08-27T18:16:01.078364+00:00,,55
2026-08-27,CELU,trail_activate+2_lock+2_distance1_floor-1,reclaim,resting,STOP_LIMIT,2026-08-27T14:25:42+00:00,,1787850780000,1787854500000,2026-08-27T18:18:00+00:00,2026-08-27T18:20:00.020000+00:00,2.28,,2.2571999999999997,2.3255999999999997,,,,2026-08-27T18:20:07.951803+00:00,2026-08-27T18:20:07.960602+00:00,2.25,floor,-1.3157894736842022,7.940602,0.0,-1.3157894736842022,,,2026-08-27T18:20:07.951803+00:00,,361
2026-08-27,CELU,trail_activate+2_lock+2_distance1_floor-1,first,resting,STOP_LIMIT,2026-08-27T14:25:42+00:00,,1787858160000,0,2026-08-27T19:22:00+00:00,2026-08-27T19:39:17.215000+00:00,2.12,,2.0988,2.1624000000000003,,,,2026-08-27T19:43:55.152719+00:00,2026-08-27T19:43:55.153076+00:00,2.09,floor,-1.4150943396226532,277.938076,0.9433962264150951,-1.4150943396226532,,,2026-08-27T19:43:55.152719+00:00,,2851
2026-08-27,CELU,trail_activate+2_lock+2_distance2_floor-1,first,resting,STOP_LIMIT,2026-08-27T14:25:42+00:00,,1787845980000,0,2026-08-27T16:14:00+00:00,2026-08-27T16:35:28.976000+00:00,2.01,,1.9898999999999998,2.0502,2026-08-27T16:36:21.984183+00:00,2.07,2.0502,2026-08-27T16:36:22.494454+00:00,2026-08-27T16:36:22.494839+00:00,2.05,trail,1.9900497512437831,53.518839,2.985074626865675,-0.9950248756218805,2026-08-27T16:36:21.947573+00:00,2026-08-27T16:36:21.984183+00:00,,,1362
2026-08-27,CELU,trail_activate+2_lock+2_distance2_floor-1,reclaim,resting,STOP_LIMIT,2026-08-27T14:25:42+00:00,,1787845980000,1787848500000,2026-08-27T16:38:00+00:00,2026-08-27T16:39:21.672000+00:00,2.08,,2.0592,2.1216,,,,2026-08-27T16:43:14.993025+00:00,2026-08-27T16:43:14.993264+00:00,2.05,floor,-1.4423076923077043,233.321264,1.4423076923076827,-1.4423076923077043,2026-08-27T16:39:52.703745+00:00,,2026-08-27T16:43:14.993025+00:00,,3186
2026-08-27,CELU,trail_activate+2_lock+2_distance2_floor-1,first,resting,STOP_LIMIT,2026-08-27T14:25:42+00:00,,1787850780000,0,2026-08-27T17:20:00+00:00,2026-08-27T18:15:59.508000+00:00,2.13,,2.1087,2.1726,,,,2026-08-27T18:16:01.078364+00:00,2026-08-27T18:16:01.078741+00:00,2.1,floor,-1.408450704225343,1.570741,0.0,-1.408450704225343,,,2026-08-27T18:16:01.078364+00:00,,55
2026-08-27,CELU,trail_activate+2_lock+2_distance2_floor-1,reclaim,resting,STOP_LIMIT,2026-08-27T14:25:42+00:00,,1787850780000,1787854500000,2026-08-27T18:18:00+00:00,2026-08-27T18:20:00.020000+00:00,2.28,,2.2571999999999997,2.3255999999999997,,,,2026-08-27T18:20:07.951803+00:00,2026-08-27T18:20:07.960602+00:00,2.25,floor,-1.3157894736842022,7.940602,0.0,-1.3157894736842022,,,2026-08-27T18:20:07.951803+00:00,,361
2026-08-27,CELU,trail_activate+2_lock+2_distance2_floor-1,first,resting,STOP_LIMIT,2026-08-27T14:25:42+00:00,,1787858160000,0,2026-08-27T19:22:00+00:00,2026-08-27T19:39:17.215000+00:00,2.12,,2.0988,2.1624000000000003,,,,2026-08-27T19:43:55.152719+00:00,2026-08-27T19:43:55.153076+00:00,2.09,floor,-1.4150943396226532,277.938076,0.9433962264150951,-1.4150943396226532,,,2026-08-27T19:43:55.152719+00:00,,2851
2026-08-27,CELU,trail_activate+1_lock+1_distance1_floor+0,first,resting,STOP_LIMIT,2026-08-27T14:25:42+00:00,,1787845980000,0,2026-08-27T16:14:00+00:00,2026-08-27T16:35:28.976000+00:00,2.01,,2.01,2.0301,,,,2026-08-27T16:35:29.001621+00:00,2026-08-27T16:35:29.002139+00:00,2.0,floor,-0.4975124378109347,0.026139,0.0,-0.4975124378109347,,,,,2
2026-08-27,CELU,trail_activate+1_lock+1_distance1_floor+0,reclaim,resting,STOP_LIMIT,2026-08-27T14:25:42+00:00,,1787845980000,1787848500000,2026-08-27T16:38:00+00:00,2026-08-27T16:39:21.672000+00:00,2.08,,2.08,2.1008,,,,2026-08-27T16:39:21.729756+00:00,2026-08-27T16:39:21.730041+00:00,2.07,floor,-0.4807692307692419,0.058041,0.0,-0.4807692307692419,,,,,2
2026-08-27,CELU,trail_activate+1_lock+1_distance1_floor+0,first,resting,STOP_LIMIT,2026-08-27T14:25:42+00:00,,1787850780000,0,2026-08-27T17:20:00+00:00,2026-08-27T18:15:59.508000+00:00,2.13,,2.13,2.1513,,,,2026-08-27T18:15:59.832011+00:00,2026-08-27T18:15:59.850972+00:00,2.12,floor,-0.4694835680751074,0.342972,0.0,-0.4694835680751074,,,,,2
2026-08-27,CELU,trail_activate+1_lock+1_distance1_floor+0,reclaim,resting,STOP_LIMIT,2026-08-27T14:25:42+00:00,,1787850780000,1787854500000,2026-08-27T18:18:00+00:00,2026-08-27T18:20:00.020000+00:00,2.28,,2.28,2.3028,,,,2026-08-27T18:20:00.564458+00:00,2026-08-27T18:20:00.570501+00:00,2.26,floor,-0.8771929824561412,0.550501,0.0,-0.8771929824561412,,,,,2
2026-08-27,CELU,trail_activate+1_lock+1_distance1_floor+0,first,resting,STOP_LIMIT,2026-08-27T14:25:42+00:00,,1787858160000,0,2026-08-27T19:22:00+00:00,2026-08-27T19:39:17.215000+00:00,2.12,,2.12,2.1412,,,,2026-08-27T19:39:17.944210+00:00,2026-08-27T19:39:17.961076+00:00,2.1,floor,-0.9433962264150951,0.746076,0.0,-0.9433962264150951,,,,,2
2026-08-27,CELU,trail_activate+1_lock+1_distance2_floor+0,first,resting,STOP_LIMIT,2026-08-27T14:25:42+00:00,,1787845980000,0,2026-08-27T16:14:00+00:00,2026-08-27T16:35:28.976000+00:00,2.01,,2.01,2.0301,,,,2026-08-27T16:35:29.001621+00:00,2026-08-27T16:35:29.002139+00:00,2.0,floor,-0.4975124378109347,0.026139,0.0,-0.4975124378109347,,,,,2
2026-08-27,CELU,trail_activate+1_lock+1_distance2_floor+0,reclaim,resting,STOP_LIMIT,2026-08-27T14:25:42+00:00,,1787845980000,1787848500000,2026-08-27T16:38:00+00:00,2026-08-27T16:39:21.672000+00:00,2.08,,2.08,2.1008,,,,2026-08-27T16:39:21.729756+00:00,2026-08-27T16:39:21.730041+00:00,2.07,floor,-0.4807692307692419,0.058041,0.0,-0.4807692307692419,,,,,2
2026-08-27,CELU,trail_activate+1_lock+1_distance2_floor+0,first,resting,STOP_LIMIT,2026-08-27T14:25:42+00:00,,1787850780000,0,2026-08-27T17:20:00+00:00,2026-08-27T18:15:59.508000+00:00,2.13,,2.13,2.1513,,,,2026-08-27T18:15:59.832011+00:00,2026-08-27T18:15:59.850972+00:00,2.12,floor,-0.4694835680751074,0.342972,0.0,-0.4694835680751074,,,,,2
2026-08-27,CELU,trail_activate+1_lock+1_distance2_floor+0,reclaim,resting,STOP_LIMIT,2026-08-27T14:25:42+00:00,,1787850780000,1787854500000,2026-08-27T18:18:00+00:00,2026-08-27T18:20:00.020000+00:00,2.28,,2.28,2.3028,,,,2026-08-27T18:20:00.564458+00:00,2026-08-27T18:20:00.570501+00:00,2.26,floor,-0.8771929824561412,0.550501,0.0,-0.8771929824561412,,,,,2
2026-08-27,CELU,trail_activate+1_lock+1_distance2_floor+0,first,resting,STOP_LIMIT,2026-08-27T14:25:42+00:00,,1787858160000,0,2026-08-27T19:22:00+00:00,2026-08-27T19:39:17.215000+00:00,2.12,,2.12,2.1412,,,,2026-08-27T19:39:17.944210+00:00,2026-08-27T19:39:17.961076+00:00,2.1,floor,-0.9433962264150951,0.746076,0.0,-0.9433962264150951,,,,,2
2026-08-27,CELU,trail_activate+2_lock+2_distance1_floor+0,first,resting,STOP_LIMIT,2026-08-27T14:25:42+00:00,,1787845980000,0,2026-08-27T16:14:00+00:00,2026-08-27T16:35:28.976000+00:00,2.01,,2.01,2.0502,,,,2026-08-27T16:35:29.001621+00:00,2026-08-27T16:35:29.002139+00:00,2.0,floor,-0.4975124378109347,0.026139,0.0,-0.4975124378109347,,,,,2
2026-08-27,CELU,trail_activate+2_lock+2_distance1_floor+0,reclaim,resting,STOP_LIMIT,2026-08-27T14:25:42+00:00,,1787845980000,1787848500000,2026-08-27T16:38:00+00:00,2026-08-27T16:39:21.672000+00:00,2.08,,2.08,2.1216,,,,2026-08-27T16:39:21.729756+00:00,2026-08-27T16:39:21.730041+00:00,2.07,floor,-0.4807692307692419,0.058041,0.0,-0.4807692307692419,,,,,2
2026-08-27,CELU,trail_activate+2_lock+2_distance1_floor+0,first,resting,STOP_LIMIT,2026-08-27T14:25:42+00:00,,1787850780000,0,2026-08-27T17:20:00+00:00,2026-08-27T18:15:59.508000+00:00,2.13,,2.13,2.1726,,,,2026-08-27T18:15:59.832011+00:00,2026-08-27T18:15:59.850972+00:00,2.12,floor,-0.4694835680751074,0.342972,0.0,-0.4694835680751074,,,,,2
2026-08-27,CELU,trail_activate+2_lock+2_distance1_floor+0,reclaim,resting,STOP_LIMIT,2026-08-27T14:25:42+00:00,,1787850780000,1787854500000,2026-08-27T18:18:00+00:00,2026-08-27T18:20:00.020000+00:00,2.28,,2.28,2.3255999999999997,,,,2026-08-27T18:20:00.564458+00:00,2026-08-27T18:20:00.570501+00:00,2.26,floor,-0.8771929824561412,0.550501,0.0,-0.8771929824561412,,,,,2
2026-08-27,CELU,trail_activate+2_lock+2_distance1_floor+0,first,resting,STOP_LIMIT,2026-08-27T14:25:42+00:00,,1787858160000,0,2026-08-27T19:22:00+00:00,2026-08-27T19:39:17.215000+00:00,2.12,,2.12,2.1624000000000003,,,,2026-08-27T19:39:17.944210+00:00,2026-08-27T19:39:17.961076+00:00,2.1,floor,-0.9433962264150951,0.746076,0.0,-0.9433962264150951,,,,,2
2026-08-27,CELU,trail_activate+2_lock+2_distance2_floor+0,first,resting,STOP_LIMIT,2026-08-27T14:25:42+00:00,,1787845980000,0,2026-08-27T16:14:00+00:00,2026-08-27T16:35:28.976000+00:00,2.01,,2.01,2.0502,,,,2026-08-27T16:35:29.001621+00:00,2026-08-27T16:35:29.002139+00:00,2.0,floor,-0.4975124378109347,0.026139,0.0,-0.4975124378109347,,,,,2
2026-08-27,CELU,trail_activate+2_lock+2_distance2_floor+0,reclaim,resting,STOP_LIMIT,2026-08-27T14:25:42+00:00,,1787845980000,1787848500000,2026-08-27T16:38:00+00:00,2026-08-27T16:39:21.672000+00:00,2.08,,2.08,2.1216,,,,2026-08-27T16:39:21.729756+00:00,2026-08-27T16:39:21.730041+00:00,2.07,floor,-0.4807692307692419,0.058041,0.0,-0.4807692307692419,,,,,2
2026-08-27,CELU,trail_activate+2_lock+2_distance2_floor+0,first,resting,STOP_LIMIT,2026-08-27T14:25:42+00:00,,1787850780000,0,2026-08-27T17:20:00+00:00,2026-08-27T18:15:59.508000+00:00,2.13,,2.13,2.1726,,,,2026-08-27T18:15:59.832011+00:00,2026-08-27T18:15:59.850972+00:00,2.12,floor,-0.4694835680751074,0.342972,0.0,-0.4694835680751074,,,,,2
2026-08-27,CELU,trail_activate+2_lock+2_distance2_floor+0,reclaim,resting,STOP_LIMIT,2026-08-27T14:25:42+00:00,,1787850780000,1787854500000,2026-08-27T18:18:00+00:00,2026-08-27T18:20:00.020000+00:00,2.28,,2.28,2.3255999999999997,,,,2026-08-27T18:20:00.564458+00:00,2026-08-27T18:20:00.570501+00:00,2.26,floor,-0.8771929824561412,0.550501,0.0,-0.8771929824561412,,,,,2
2026-08-27,CELU,trail_activate+2_lock+2_distance2_floor+0,first,resting,STOP_LIMIT,2026-08-27T14:25:42+00:00,,1787858160000,0,2026-08-27T19:22:00+00:00,2026-08-27T19:39:17.215000+00:00,2.12,,2.12,2.1624000000000003,,,,2026-08-27T19:39:17.944210+00:00,2026-08-27T19:39:17.961076+00:00,2.1,floor,-0.9433962264150951,0.746076,0.0,-0.9433962264150951,,,,,2
2026-08-27,MIMI,trail_activate+1_lock+1_distance1_floor-1,first,resting,STOP_LIMIT,2026-08-27T13:42:24+00:00,2026-08-27T18:08:39.202000+00:00,1787843160000,0,2026-08-27T15:22:00+00:00,2026-08-27T15:29:44.815000+00:00,2.67,,2.6433,2.6967,2026-08-27T15:30:12.067581+00:00,2.7,2.6967,2026-08-27T15:30:12.225114+00:00,2026-08-27T15:30:12.225566+00:00,2.7,trail,1.123595505617987,27.410566,1.123595505617987,-0.37453183520598454,2026-08-27T15:30:12.067581+00:00,,,,233
2026-08-27,MIMI,trail_activate+1_lock+1_distance1_floor-1,reclaim,resting,STOP_LIMIT,2026-08-27T13:42:24+00:00,2026-08-27T18:08:39.202000+00:00,1787843160000,1787844540000,2026-08-27T15:32:00+00:00,2026-08-27T15:46:29.211000+00:00,2.79,,2.7621,2.8179,,,,2026-08-27T15:46:39.946495+00:00,2026-08-27T15:46:39.946700+00:00,2.76,floor,-1.0752688172043101,10.7357,0.0,-1.0752688172043101,,,2026-08-27T15:46:39.946495+00:00,,66
2026-08-27,MIMI,trail_activate+1_lock+1_distance1_floor-1,reclaim,resting,STOP_LIMIT,2026-08-27T13:42:24+00:00,2026-08-27T18:08:39.202000+00:00,1787848320000,1787849880000,2026-08-27T17:02:00+00:00,2026-08-27T17:02:48.235000+00:00,2.67,,2.6433,2.6967,,,,2026-08-27T17:03:19.863527+00:00,2026-08-27T17:03:19.864030+00:00,2.64,floor,-1.1235955056179703,31.62903,0.0,-1.1235955056179703,,,2026-08-27T17:03:19.863527+00:00,,34
2026-08-27,MIMI,trail_activate+1_lock+1_distance2_floor-1,first,resting,STOP_LIMIT,2026-08-27T13:42:24+00:00,2026-08-27T18:08:39.202000+00:00,1787843160000,0,2026-08-27T15:22:00+00:00,2026-08-27T15:29:44.815000+00:00,2.67,,2.6433,2.6967,2026-08-27T15:30:12.067581+00:00,2.7,2.6967,2026-08-27T15:30:12.225114+00:00,2026-08-27T15:30:12.225566+00:00,2.7,trail,1.123595505617987,27.410566,1.123595505617987,-0.37453183520598454,2026-08-27T15:30:12.067581+00:00,,,,233
2026-08-27,MIMI,trail_activate+1_lock+1_distance2_floor-1,reclaim,resting,STOP_LIMIT,2026-08-27T13:42:24+00:00,2026-08-27T18:08:39.202000+00:00,1787843160000,1787844540000,2026-08-27T15:32:00+00:00,2026-08-27T15:46:29.211000+00:00,2.79,,2.7621,2.8179,,,,2026-08-27T15:46:39.946495+00:00,2026-08-27T15:46:39.946700+00:00,2.76,floor,-1.0752688172043101,10.7357,0.0,-1.0752688172043101,,,2026-08-27T15:46:39.946495+00:00,,66
2026-08-27,MIMI,trail_activate+1_lock+1_distance2_floor-1,reclaim,resting,STOP_LIMIT,2026-08-27T13:42:24+00:00,2026-08-27T18:08:39.202000+00:00,1787848320000,1787849880000,2026-08-27T17:02:00+00:00,2026-08-27T17:02:48.235000+00:00,2.67,,2.6433,2.6967,,,,2026-08-27T17:03:19.863527+00:00,2026-08-27T17:03:19.864030+00:00,2.64,floor,-1.1235955056179703,31.62903,0.0,-1.1235955056179703,,,2026-08-27T17:03:19.863527+00:00,,34
2026-08-27,MIMI,trail_activate+2_lock+2_distance1_floor-1,first,resting,STOP_LIMIT,2026-08-27T13:42:24+00:00,2026-08-27T18:08:39.202000+00:00,1787843160000,0,2026-08-27T15:22:00+00:00,2026-08-27T15:29:44.815000+00:00,2.67,,2.6433,2.7234,2026-08-27T15:31:00.635599+00:00,2.78,2.7521999999999998,2026-08-27T15:31:00.682380+00:00,2026-08-27T15:31:00.682948+00:00,2.75,trail,2.996254681647943,75.867948,4.1198501872659135,-0.37453183520598454,2026-08-27T15:30:12.067581+00:00,2026-08-27T15:31:00.635599+00:00,,,548
2026-08-27,MIMI,trail_activate+2_lock+2_distance1_floor-1,reclaim,resting,STOP_LIMIT,2026-08-27T13:42:24+00:00,2026-08-27T18:08:39.202000+00:00,1787843160000,1787844540000,2026-08-27T15:32:00+00:00,2026-08-27T15:46:29.211000+00:00,2.79,,2.7621,2.8458,,,,2026-08-27T15:46:39.946495+00:00,2026-08-27T15:46:39.946700+00:00,2.76,floor,-1.0752688172043101,10.7357,0.0,-1.0752688172043101,,,2026-08-27T15:46:39.946495+00:00,,66
2026-08-27,MIMI,trail_activate+2_lock+2_distance1_floor-1,reclaim,resting,STOP_LIMIT,2026-08-27T13:42:24+00:00,2026-08-27T18:08:39.202000+00:00,1787848320000,1787849880000,2026-08-27T17:02:00+00:00,2026-08-27T17:02:48.235000+00:00,2.67,,2.6433,2.7234,,,,2026-08-27T17:03:19.863527+00:00,2026-08-27T17:03:19.864030+00:00,2.64,floor,-1.1235955056179703,31.62903,0.0,-1.1235955056179703,,,2026-08-27T17:03:19.863527+00:00,,34
2026-08-27,MIMI,trail_activate+2_lock+2_distance2_floor-1,first,resting,STOP_LIMIT,2026-08-27T13:42:24+00:00,2026-08-27T18:08:39.202000+00:00,1787843160000,0,2026-08-27T15:22:00+00:00,2026-08-27T15:29:44.815000+00:00,2.67,,2.6433,2.7234,2026-08-27T15:31:00.635599+00:00,2.78,2.7243999999999997,2026-08-27T15:31:02.727523+00:00,2026-08-27T15:31:02.730121+00:00,2.72,trail,1.8726591760299727,77.915121,4.1198501872659135,-0.37453183520598454,2026-08-27T15:30:12.067581+00:00,2026-08-27T15:31:00.635599+00:00,,,629
2026-08-27,MIMI,trail_activate+2_lock+2_distance2_floor-1,reclaim,resting,STOP_LIMIT,2026-08-27T13:42:24+00:00,2026-08-27T18:08:39.202000+00:00,1787843160000,1787844540000,2026-08-27T15:32:00+00:00,2026-08-27T15:46:29.211000+00:00,2.79,,2.7621,2.8458,,,,2026-08-27T15:46:39.946495+00:00,2026-08-27T15:46:39.946700+00:00,2.76,floor,-1.0752688172043101,10.7357,0.0,-1.0752688172043101,,,2026-08-27T15:46:39.946495+00:00,,66
2026-08-27,MIMI,trail_activate+2_lock+2_distance2_floor-1,reclaim,resting,STOP_LIMIT,2026-08-27T13:42:24+00:00,2026-08-27T18:08:39.202000+00:00,1787848320000,1787849880000,2026-08-27T17:02:00+00:00,2026-08-27T17:02:48.235000+00:00,2.67,,2.6433,2.7234,,,,2026-08-27T17:03:19.863527+00:00,2026-08-27T17:03:19.864030+00:00,2.64,floor,-1.1235955056179703,31.62903,0.0,-1.1235955056179703,,,2026-08-27T17:03:19.863527+00:00,,34
2026-08-27,MIMI,trail_activate+1_lock+1_distance1_floor+0,first,resting,STOP_LIMIT,2026-08-27T13:42:24+00:00,2026-08-27T18:08:39.202000+00:00,1787843160000,0,2026-08-27T15:22:00+00:00,2026-08-27T15:29:44.815000+00:00,2.67,,2.67,2.6967,,,,2026-08-27T15:29:47.227932+00:00,2026-08-27T15:29:51.058169+00:00,2.66,floor,-0.37453183520598454,6.243169,0.0,-0.37453183520598454,,,,,2
2026-08-27,MIMI,trail_activate+1_lock+1_distance1_floor+0,reclaim,resting,STOP_LIMIT,2026-08-27T13:42:24+00:00,2026-08-27T18:08:39.202000+00:00,1787843160000,1787844540000,2026-08-27T15:32:00+00:00,2026-08-27T15:46:29.211000+00:00,2.79,,2.79,2.8179,,,,2026-08-27T15:46:29.580393+00:00,2026-08-27T15:46:29.581112+00:00,2.78,floor,-0.3584229390681086,0.370112,0.0,-0.3584229390681086,,,,,2
2026-08-27,MIMI,trail_activate+1_lock+1_distance1_floor+0,reclaim,resting,STOP_LIMIT,2026-08-27T13:42:24+00:00,2026-08-27T18:08:39.202000+00:00,1787848320000,1787849880000,2026-08-27T17:02:00+00:00,2026-08-27T17:02:48.235000+00:00,2.67,,2.67,2.6967,,,,2026-08-27T17:02:59.734886+00:00,2026-08-27T17:02:59.735558+00:00,2.66,floor,-0.37453183520598454,11.500558,0.0,-0.37453183520598454,,,,,2
2026-08-27,MIMI,trail_activate+1_lock+1_distance2_floor+0,first,resting,STOP_LIMIT,2026-08-27T13:42:24+00:00,2026-08-27T18:08:39.202000+00:00,1787843160000,0,2026-08-27T15:22:00+00:00,2026-08-27T15:29:44.815000+00:00,2.67,,2.67,2.6967,,,,2026-08-27T15:29:47.227932+00:00,2026-08-27T15:29:51.058169+00:00,2.66,floor,-0.37453183520598454,6.243169,0.0,-0.37453183520598454,,,,,2
2026-08-27,MIMI,trail_activate+1_lock+1_distance2_floor+0,reclaim,resting,STOP_LIMIT,2026-08-27T13:42:24+00:00,2026-08-27T18:08:39.202000+00:00,1787843160000,1787844540000,2026-08-27T15:32:00+00:00,2026-08-27T15:46:29.211000+00:00,2.79,,2.79,2.8179,,,,2026-08-27T15:46:29.580393+00:00,2026-08-27T15:46:29.581112+00:00,2.78,floor,-0.3584229390681086,0.370112,0.0,-0.3584229390681086,,,,,2
2026-08-27,MIMI,trail_activate+1_lock+1_distance2_floor+0,reclaim,resting,STOP_LIMIT,2026-08-27T13:42:24+00:00,2026-08-27T18:08:39.202000+00:00,1787848320000,1787849880000,2026-08-27T17:02:00+00:00,2026-08-27T17:02:48.235000+00:00,2.67,,2.67,2.6967,,,,2026-08-27T17:02:59.734886+00:00,2026-08-27T17:02:59.735558+00:00,2.66,floor,-0.37453183520598454,11.500558,0.0,-0.37453183520598454,,,,,2
2026-08-27,MIMI,trail_activate+2_lock+2_distance1_floor+0,first,resting,STOP_LIMIT,2026-08-27T13:42:24+00:00,2026-08-27T18:08:39.202000+00:00,1787843160000,0,2026-08-27T15:22:00+00:00,2026-08-27T15:29:44.815000+00:00,2.67,,2.67,2.7234,,,,2026-08-27T15:29:47.227932+00:00,2026-08-27T15:29:51.058169+00:00,2.66,floor,-0.37453183520598454,6.243169,0.0,-0.37453183520598454,,,,,2
2026-08-27,MIMI,trail_activate+2_lock+2_distance1_floor+0,reclaim,resting,STOP_LIMIT,2026-08-27T13:42:24+00:00,2026-08-27T18:08:39.202000+00:00,1787843160000,1787844540000,2026-08-27T15:32:00+00:00,2026-08-27T15:46:29.211000+00:00,2.79,,2.79,2.8458,,,,2026-08-27T15:46:29.580393+00:00,2026-08-27T15:46:29.581112+00:00,2.78,floor,-0.3584229390681086,0.370112,0.0,-0.3584229390681086,,,,,2
2026-08-27,MIMI,trail_activate+2_lock+2_distance1_floor+0,reclaim,resting,STOP_LIMIT,2026-08-27T13:42:24+00:00,2026-08-27T18:08:39.202000+00:00,1787848320000,1787849880000,2026-08-27T17:02:00+00:00,2026-08-27T17:02:48.235000+00:00,2.67,,2.67,2.7234,,,,2026-08-27T17:02:59.734886+00:00,2026-08-27T17:02:59.735558+00:00,2.66,floor,-0.37453183520598454,11.500558,0.0,-0.37453183520598454,,,,,2
2026-08-27,MIMI,trail_activate+2_lock+2_distance2_floor+0,first,resting,STOP_LIMIT,2026-08-27T13:42:24+00:00,2026-08-27T18:08:39.202000+00:00,1787843160000,0,2026-08-27T15:22:00+00:00,2026-08-27T15:29:44.815000+00:00,2.67,,2.67,2.7234,,,,2026-08-27T15:29:47.227932+00:00,2026-08-27T15:29:51.058169+00:00,2.66,floor,-0.37453183520598454,6.243169,0.0,-0.37453183520598454,,,,,2
2026-08-27,MIMI,trail_activate+2_lock+2_distance2_floor+0,reclaim,resting,STOP_LIMIT,2026-08-27T13:42:24+00:00,2026-08-27T18:08:39.202000+00:00,1787843160000,1787844540000,2026-08-27T15:32:00+00:00,2026-08-27T15:46:29.211000+00:00,2.79,,2.79,2.8458,,,,2026-08-27T15:46:29.580393+00:00,2026-08-27T15:46:29.581112+00:00,2.78,floor,-0.3584229390681086,0.370112,0.0,-0.3584229390681086,,,,,2
2026-08-27,MIMI,trail_activate+2_lock+2_distance2_floor+0,reclaim,resting,STOP_LIMIT,2026-08-27T13:42:24+00:00,2026-08-27T18:08:39.202000+00:00,1787848320000,1787849880000,2026-08-27T17:02:00+00:00,2026-08-27T17:02:48.235000+00:00,2.67,,2.67,2.7234,,,,2026-08-27T17:02:59.734886+00:00,2026-08-27T17:02:59.735558+00:00,2.66,floor,-0.37453183520598454,11.500558,0.0,-0.37453183520598454,,,,,2
2026-08-27,PPCB,trail_activate+1_lock+1_distance1_floor-1,first,resting,STOP_LIMIT,2026-08-27T12:31:04+00:00,,1787838720000,0,2026-08-27T14:58:00+00:00,2026-08-27T14:59:27.311000+00:00,2.82,,2.7918,2.8482,2026-08-27T14:59:34.704293+00:00,2.85,2.8482,2026-08-27T14:59:34.710945+00:00,2026-08-27T14:59:34.711284+00:00,2.84,trail,0.7092198581560291,7.400284,1.0638297872340514,-0.7092198581560291,2026-08-27T14:59:34.704293+00:00,,,,189
2026-08-27,PPCB,trail_activate+1_lock+1_distance1_floor-1,reclaim,resting,STOP_LIMIT,2026-08-27T12:31:04+00:00,,1787838720000,1787842740000,2026-08-27T15:02:00+00:00,2026-08-27T15:09:22.377000+00:00,2.86,,2.8314,2.8886,,,,2026-08-27T15:09:43.386438+00:00,2026-08-27T15:09:43.386739+00:00,2.83,floor,-1.0489510489510423,21.009739,0.0,-1.0489510489510423,,,2026-08-27T15:09:43.386438+00:00,,206
2026-08-27,PPCB,trail_activate+1_lock+1_distance1_floor-1,first,resting,STOP_LIMIT,2026-08-27T12:31:04+00:00,,1787845260000,0,2026-08-27T16:53:00+00:00,2026-08-27T16:58:23.443000+00:00,2.42,,2.3958,2.4442,,,,2026-08-27T16:58:26.896553+00:00,2026-08-27T16:58:26.897192+00:00,2.39,floor,-1.2396694214875952,3.454192,0.0,-1.2396694214875952,,,2026-08-27T16:58:26.896553+00:00,,41
2026-08-27,PPCB,trail_activate+1_lock+1_distance1_floor-1,first,resting,STOP_LIMIT,2026-08-27T12:31:04+00:00,,1787854440000,0,2026-08-27T18:15:00+00:00,2026-08-27T18:15:41.425000+00:00,2.21,,2.1879,2.2321,,,,2026-08-27T18:19:16.279262+00:00,2026-08-27T18:19:16.279912+00:00,2.18,floor,-1.3574660633484075,214.854912,0.9049773755656116,-1.3574660633484075,,,2026-08-27T18:19:16.279262+00:00,,669
2026-08-27,PPCB,trail_activate+1_lock+1_distance1_floor-1,reclaim,resting,STOP_LIMIT,2026-08-27T12:31:04+00:00,,1787854440000,1787854500000,2026-08-27T18:20:00+00:00,2026-08-27T18:27:55.507000+00:00,2.24,,2.2176,2.2624000000000004,,,,2026-08-27T18:31:33.469563+00:00,2026-08-27T18:31:33.469846+00:00,2.21,floor,-1.3392857142857253,217.962846,0.44642857142856185,-1.3392857142857253,,,2026-08-27T18:31:33.469563+00:00,,1218
2026-08-27,PPCB,trail_activate+1_lock+1_distance1_floor-1,reclaim,resting,STOP_LIMIT,2026-08-27T12:31:04+00:00,,1787857380000,1787857800000,2026-08-27T19:13:00+00:00,2026-08-27T19:13:01.665000+00:00,2.35,,2.3265000000000002,2.3735,,,,2026-08-27T19:13:20.875872+00:00,2026-08-27T19:13:20.876473+00:00,2.32,floor,-1.2765957446808616,19.211473,0.0,-1.2765957446808616,,,2026-08-27T19:13:20.875872+00:00,,133
2026-08-27,PPCB,trail_activate+1_lock+1_distance2_floor-1,first,resting,STOP_LIMIT,2026-08-27T12:31:04+00:00,,1787838720000,0,2026-08-27T14:58:00+00:00,2026-08-27T14:59:27.311000+00:00,2.82,,2.7918,2.8482,2026-08-27T14:59:34.704293+00:00,2.85,2.8482,2026-08-27T14:59:34.710945+00:00,2026-08-27T14:59:34.711284+00:00,2.84,trail,0.7092198581560291,7.400284,1.0638297872340514,-0.7092198581560291,2026-08-27T14:59:34.704293+00:00,,,,189
2026-08-27,PPCB,trail_activate+1_lock+1_distance2_floor-1,reclaim,resting,STOP_LIMIT,2026-08-27T12:31:04+00:00,,1787838720000,1787842740000,2026-08-27T15:02:00+00:00,2026-08-27T15:09:22.377000+00:00,2.86,,2.8314,2.8886,,,,2026-08-27T15:09:43.386438+00:00,2026-08-27T15:09:43.386739+00:00,2.83,floor,-1.0489510489510423,21.009739,0.0,-1.0489510489510423,,,2026-08-27T15:09:43.386438+00:00,,206
2026-08-27,PPCB,trail_activate+1_lock+1_distance2_floor-1,first,resting,STOP_LIMIT,2026-08-27T12:31:04+00:00,,1787845260000,0,2026-08-27T16:53:00+00:00,2026-08-27T16:58:23.443000+00:00,2.42,,2.3958,2.4442,,,,2026-08-27T16:58:26.896553+00:00,2026-08-27T16:58:26.897192+00:00,2.39,floor,-1.2396694214875952,3.454192,0.0,-1.2396694214875952,,,2026-08-27T16:58:26.896553+00:00,,41
2026-08-27,PPCB,trail_activate+1_lock+1_distance2_floor-1,first,resting,STOP_LIMIT,2026-08-27T12:31:04+00:00,,1787854440000,0,2026-08-27T18:15:00+00:00,2026-08-27T18:15:41.425000+00:00,2.21,,2.1879,2.2321,,,,2026-08-27T18:19:16.279262+00:00,2026-08-27T18:19:16.279912+00:00,2.18,floor,-1.3574660633484075,214.854912,0.9049773755656116,-1.3574660633484075,,,2026-08-27T18:19:16.279262+00:00,,669
2026-08-27,PPCB,trail_activate+1_lock+1_distance2_floor-1,reclaim,resting,STOP_LIMIT,2026-08-27T12:31:04+00:00,,1787854440000,1787854500000,2026-08-27T18:20:00+00:00,2026-08-27T18:27:55.507000+00:00,2.24,,2.2176,2.2624000000000004,,,,2026-08-27T18:31:33.469563+00:00,2026-08-27T18:31:33.469846+00:00,2.21,floor,-1.3392857142857253,217.962846,0.44642857142856185,-1.3392857142857253,,,2026-08-27T18:31:33.469563+00:00,,1218
2026-08-27,PPCB,trail_activate+1_lock+1_distance2_floor-1,reclaim,resting,STOP_LIMIT,2026-08-27T12:31:04+00:00,,1787857380000,1787857800000,2026-08-27T19:13:00+00:00,2026-08-27T19:13:01.665000+00:00,2.35,,2.3265000000000002,2.3735,,,,2026-08-27T19:13:20.875872+00:00,2026-08-27T19:13:20.876473+00:00,2.32,floor,-1.2765957446808616,19.211473,0.0,-1.2765957446808616,,,2026-08-27T19:13:20.875872+00:00,,133
2026-08-27,PPCB,trail_activate+2_lock+2_distance1_floor-1,first,resting,STOP_LIMIT,2026-08-27T12:31:04+00:00,,1787838720000,0,2026-08-27T14:58:00+00:00,2026-08-27T14:59:27.311000+00:00,2.82,,2.7918,2.8764,,,,2026-08-27T15:00:27.807793+00:00,2026-08-27T15:00:27.808095+00:00,2.79,floor,-1.0638297872340359,60.497095,1.0638297872340514,-1.0638297872340359,2026-08-27T14:59:34.704293+00:00,,2026-08-27T15:00:27.807793+00:00,,952
2026-08-27,PPCB,trail_activate+2_lock+2_distance1_floor-1,reclaim,resting,STOP_LIMIT,2026-08-27T12:31:04+00:00,,1787838720000,1787842740000,2026-08-27T15:02:00+00:00,2026-08-27T15:09:22.377000+00:00,2.86,,2.8314,2.9172,,,,2026-08-27T15:09:43.386438+00:00,2026-08-27T15:09:43.386739+00:00,2.83,floor,-1.0489510489510423,21.009739,0.0,-1.0489510489510423,,,2026-08-27T15:09:43.386438+00:00,,206
2026-08-27,PPCB,trail_activate+2_lock+2_distance1_floor-1,first,resting,STOP_LIMIT,2026-08-27T12:31:04+00:00,,1787845260000,0,2026-08-27T16:53:00+00:00,2026-08-27T16:58:23.443000+00:00,2.42,,2.3958,2.4684,,,,2026-08-27T16:58:26.896553+00:00,2026-08-27T16:58:26.897192+00:00,2.39,floor,-1.2396694214875952,3.454192,0.0,-1.2396694214875952,,,2026-08-27T16:58:26.896553+00:00,,41
2026-08-27,PPCB,trail_activate+2_lock+2_distance1_floor-1,first,resting,STOP_LIMIT,2026-08-27T12:31:04+00:00,,1787854440000,0,2026-08-27T18:15:00+00:00,2026-08-27T18:15:41.425000+00:00,2.21,,2.1879,2.2542,,,,2026-08-27T18:19:16.279262+00:00,2026-08-27T18:19:16.279912+00:00,2.18,floor,-1.3574660633484075,214.854912,0.9049773755656116,-1.3574660633484075,,,2026-08-27T18:19:16.279262+00:00,,669
2026-08-27,PPCB,trail_activate+2_lock+2_distance1_floor-1,reclaim,resting,STOP_LIMIT,2026-08-27T12:31:04+00:00,,1787854440000,1787854500000,2026-08-27T18:20:00+00:00,2026-08-27T18:27:55.507000+00:00,2.24,,2.2176,2.2848,,,,2026-08-27T18:31:33.469563+00:00,2026-08-27T18:31:33.469846+00:00,2.21,floor,-1.3392857142857253,217.962846,0.44642857142856185,-1.3392857142857253,,,2026-08-27T18:31:33.469563+00:00,,1218
2026-08-27,PPCB,trail_activate+2_lock+2_distance1_floor-1,reclaim,resting,STOP_LIMIT,2026-08-27T12:31:04+00:00,,1787857380000,1787857800000,2026-08-27T19:13:00+00:00,2026-08-27T19:13:01.665000+00:00,2.35,,2.3265000000000002,2.3970000000000002,,,,2026-08-27T19:13:20.875872+00:00,2026-08-27T19:13:20.876473+00:00,2.32,floor,-1.2765957446808616,19.211473,0.0,-1.2765957446808616,,,2026-08-27T19:13:20.875872+00:00,,133
2026-08-27,PPCB,trail_activate+2_lock+2_distance2_floor-1,first,resting,STOP_LIMIT,2026-08-27T12:31:04+00:00,,1787838720000,0,2026-08-27T14:58:00+00:00,2026-08-27T14:59:27.311000+00:00,2.82,,2.7918,2.8764,,,,2026-08-27T15:00:27.807793+00:00,2026-08-27T15:00:27.808095+00:00,2.79,floor,-1.0638297872340359,60.497095,1.0638297872340514,-1.0638297872340359,2026-08-27T14:59:34.704293+00:00,,2026-08-27T15:00:27.807793+00:00,,952
2026-08-27,PPCB,trail_activate+2_lock+2_distance2_floor-1,reclaim,resting,STOP_LIMIT,2026-08-27T12:31:04+00:00,,1787838720000,1787842740000,2026-08-27T15:02:00+00:00,2026-08-27T15:09:22.377000+00:00,2.86,,2.8314,2.9172,,,,2026-08-27T15:09:43.386438+00:00,2026-08-27T15:09:43.386739+00:00,2.83,floor,-1.0489510489510423,21.009739,0.0,-1.0489510489510423,,,2026-08-27T15:09:43.386438+00:00,,206
2026-08-27,PPCB,trail_activate+2_lock+2_distance2_floor-1,first,resting,STOP_LIMIT,2026-08-27T12:31:04+00:00,,1787845260000,0,2026-08-27T16:53:00+00:00,2026-08-27T16:58:23.443000+00:00,2.42,,2.3958,2.4684,,,,2026-08-27T16:58:26.896553+00:00,2026-08-27T16:58:26.897192+00:00,2.39,floor,-1.2396694214875952,3.454192,0.0,-1.2396694214875952,,,2026-08-27T16:58:26.896553+00:00,,41
2026-08-27,PPCB,trail_activate+2_lock+2_distance2_floor-1,first,resting,STOP_LIMIT,2026-08-27T12:31:04+00:00,,1787854440000,0,2026-08-27T18:15:00+00:00,2026-08-27T18:15:41.425000+00:00,2.21,,2.1879,2.2542,,,,2026-08-27T18:19:16.279262+00:00,2026-08-27T18:19:16.279912+00:00,2.18,floor,-1.3574660633484075,214.854912,0.9049773755656116,-1.3574660633484075,,,2026-08-27T18:19:16.279262+00:00,,669
2026-08-27,PPCB,trail_activate+2_lock+2_distance2_floor-1,reclaim,resting,STOP_LIMIT,2026-08-27T12:31:04+00:00,,1787854440000,1787854500000,2026-08-27T18:20:00+00:00,2026-08-27T18:27:55.507000+00:00,2.24,,2.2176,2.2848,,,,2026-08-27T18:31:33.469563+00:00,2026-08-27T18:31:33.469846+00:00,2.21,floor,-1.3392857142857253,217.962846,0.44642857142856185,-1.3392857142857253,,,2026-08-27T18:31:33.469563+00:00,,1218
2026-08-27,PPCB,trail_activate+2_lock+2_distance2_floor-1,reclaim,resting,STOP_LIMIT,2026-08-27T12:31:04+00:00,,1787857380000,1787857800000,2026-08-27T19:13:00+00:00,2026-08-27T19:13:01.665000+00:00,2.35,,2.3265000000000002,2.3970000000000002,,,,2026-08-27T19:13:20.875872+00:00,2026-08-27T19:13:20.876473+00:00,2.32,floor,-1.2765957446808616,19.211473,0.0,-1.2765957446808616,,,2026-08-27T19:13:20.875872+00:00,,133
2026-08-27,PPCB,trail_activate+1_lock+1_distance1_floor+0,first,resting,STOP_LIMIT,2026-08-27T12:31:04+00:00,,1787838720000,0,2026-08-27T14:58:00+00:00,2026-08-27T14:59:27.311000+00:00,2.82,,2.82,2.8482,,,,2026-08-27T14:59:27.753376+00:00,2026-08-27T14:59:27.753831+00:00,2.81,floor,-0.35460992907800665,0.442831,0.0,-0.35460992907800665,,,,,2
2026-08-27,PPCB,trail_activate+1_lock+1_distance1_floor+0,reclaim,resting,STOP_LIMIT,2026-08-27T12:31:04+00:00,,1787838720000,1787842740000,2026-08-27T15:02:00+00:00,2026-08-27T15:09:22.377000+00:00,2.86,,2.86,2.8886,,,,2026-08-27T15:09:23.316603+00:00,2026-08-27T15:09:23.319924+00:00,2.85,floor,-0.3496503496503422,0.942924,0.0,-0.3496503496503422,,,,,2
2026-08-27,PPCB,trail_activate+1_lock+1_distance1_floor+0,first,resting,STOP_LIMIT,2026-08-27T12:31:04+00:00,,1787845260000,0,2026-08-27T16:53:00+00:00,2026-08-27T16:58:23.443000+00:00,2.42,,2.42,2.4442,,,,2026-08-27T16:58:24.172526+00:00,2026-08-27T16:58:24.172812+00:00,2.41,floor,-0.41322314049585895,0.729812,0.0,-0.41322314049585895,,,,,2
2026-08-27,PPCB,trail_activate+1_lock+1_distance1_floor+0,first,resting,STOP_LIMIT,2026-08-27T12:31:04+00:00,,1787854440000,0,2026-08-27T18:15:00+00:00,2026-08-27T18:15:41.425000+00:00,2.21,,2.21,2.2321,,,,2026-08-27T18:15:41.481852+00:00,2026-08-27T18:15:41.483886+00:00,2.2,floor,-0.4524886877827958,0.058886,0.0,-0.4524886877827958,,,,,2
2026-08-27,PPCB,trail_activate+1_lock+1_distance1_floor+0,reclaim,resting,STOP_LIMIT,2026-08-27T12:31:04+00:00,,1787854440000,1787854500000,2026-08-27T18:18:00+00:00,2026-08-27T18:27:55.507000+00:00,2.24,,2.24,2.2624000000000004,,,,2026-08-27T18:27:55.873446+00:00,2026-08-27T18:27:56.178963+00:00,2.23,floor,-0.4464285714285817,0.671963,0.0,-0.4464285714285817,,,,,2
2026-08-27,PPCB,trail_activate+1_lock+1_distance1_floor+0,reclaim,resting,STOP_LIMIT,2026-08-27T12:31:04+00:00,,1787857380000,1787857800000,2026-08-27T19:13:00+00:00,2026-08-27T19:13:01.665000+00:00,2.35,,2.35,2.3735,,,,2026-08-27T19:13:01.909174+00:00,2026-08-27T19:13:02.241791+00:00,2.34,floor,-0.42553191489362685,0.576791,0.0,-0.42553191489362685,,,,,2
2026-08-27,PPCB,trail_activate+1_lock+1_distance2_floor+0,first,resting,STOP_LIMIT,2026-08-27T12:31:04+00:00,,1787838720000,0,2026-08-27T14:58:00+00:00,2026-08-27T14:59:27.311000+00:00,2.82,,2.82,2.8482,,,,2026-08-27T14:59:27.753376+00:00,2026-08-27T14:59:27.753831+00:00,2.81,floor,-0.35460992907800665,0.442831,0.0,-0.35460992907800665,,,,,2
2026-08-27,PPCB,trail_activate+1_lock+1_distance2_floor+0,reclaim,resting,STOP_LIMIT,2026-08-27T12:31:04+00:00,,1787838720000,1787842740000,2026-08-27T15:02:00+00:00,2026-08-27T15:09:22.377000+00:00,2.86,,2.86,2.8886,,,,2026-08-27T15:09:23.316603+00:00,2026-08-27T15:09:23.319924+00:00,2.85,floor,-0.3496503496503422,0.942924,0.0,-0.3496503496503422,,,,,2
2026-08-27,PPCB,trail_activate+1_lock+1_distance2_floor+0,first,resting,STOP_LIMIT,2026-08-27T12:31:04+00:00,,1787845260000,0,2026-08-27T16:53:00+00:00,2026-08-27T16:58:23.443000+00:00,2.42,,2.42,2.4442,,,,2026-08-27T16:58:24.172526+00:00,2026-08-27T16:58:24.172812+00:00,2.41,floor,-0.41322314049585895,0.729812,0.0,-0.41322314049585895,,,,,2
2026-08-27,PPCB,trail_activate+1_lock+1_distance2_floor+0,first,resting,STOP_LIMIT,2026-08-27T12:31:04+00:00,,1787854440000,0,2026-08-27T18:15:00+00:00,2026-08-27T18:15:41.425000+00:00,2.21,,2.21,2.2321,,,,2026-08-27T18:15:41.481852+00:00,2026-08-27T18:15:41.483886+00:00,2.2,floor,-0.4524886877827958,0.058886,0.0,-0.4524886877827958,,,,,2
2026-08-27,PPCB,trail_activate+1_lock+1_distance2_floor+0,reclaim,resting,STOP_LIMIT,2026-08-27T12:31:04+00:00,,1787854440000,1787854500000,2026-08-27T18:18:00+00:00,2026-08-27T18:27:55.507000+00:00,2.24,,2.24,2.2624000000000004,,,,2026-08-27T18:27:55.873446+00:00,2026-08-27T18:27:56.178963+00:00,2.23,floor,-0.4464285714285817,0.671963,0.0,-0.4464285714285817,,,,,2
2026-08-27,PPCB,trail_activate+1_lock+1_distance2_floor+0,reclaim,resting,STOP_LIMIT,2026-08-27T12:31:04+00:00,,1787857380000,1787857800000,2026-08-27T19:13:00+00:00,2026-08-27T19:13:01.665000+00:00,2.35,,2.35,2.3735,,,,2026-08-27T19:13:01.909174+00:00,2026-08-27T19:13:02.241791+00:00,2.34,floor,-0.42553191489362685,0.576791,0.0,-0.42553191489362685,,,,,2
2026-08-27,PPCB,trail_activate+2_lock+2_distance1_floor+0,first,resting,STOP_LIMIT,2026-08-27T12:31:04+00:00,,1787838720000,0,2026-08-27T14:58:00+00:00,2026-08-27T14:59:27.311000+00:00,2.82,,2.82,2.8764,,,,2026-08-27T14:59:27.753376+00:00,2026-08-27T14:59:27.753831+00:00,2.81,floor,-0.35460992907800665,0.442831,0.0,-0.35460992907800665,,,,,2
2026-08-27,PPCB,trail_activate+2_lock+2_distance1_floor+0,reclaim,resting,STOP_LIMIT,2026-08-27T12:31:04+00:00,,1787838720000,1787842740000,2026-08-27T15:02:00+00:00,2026-08-27T15:09:22.377000+00:00,2.86,,2.86,2.9172,,,,2026-08-27T15:09:23.316603+00:00,2026-08-27T15:09:23.319924+00:00,2.85,floor,-0.3496503496503422,0.942924,0.0,-0.3496503496503422,,,,,2
2026-08-27,PPCB,trail_activate+2_lock+2_distance1_floor+0,first,resting,STOP_LIMIT,2026-08-27T12:31:04+00:00,,1787845260000,0,2026-08-27T16:53:00+00:00,2026-08-27T16:58:23.443000+00:00,2.42,,2.42,2.4684,,,,2026-08-27T16:58:24.172526+00:00,2026-08-27T16:58:24.172812+00:00,2.41,floor,-0.41322314049585895,0.729812,0.0,-0.41322314049585895,,,,,2
2026-08-27,PPCB,trail_activate+2_lock+2_distance1_floor+0,first,resting,STOP_LIMIT,2026-08-27T12:31:04+00:00,,1787854440000,0,2026-08-27T18:15:00+00:00,2026-08-27T18:15:41.425000+00:00,2.21,,2.21,2.2542,,,,2026-08-27T18:15:41.481852+00:00,2026-08-27T18:15:41.483886+00:00,2.2,floor,-0.4524886877827958,0.058886,0.0,-0.4524886877827958,,,,,2
2026-08-27,PPCB,trail_activate+2_lock+2_distance1_floor+0,reclaim,resting,STOP_LIMIT,2026-08-27T12:31:04+00:00,,1787854440000,1787854500000,2026-08-27T18:18:00+00:00,2026-08-27T18:27:55.507000+00:00,2.24,,2.24,2.2848,,,,2026-08-27T18:27:55.873446+00:00,2026-08-27T18:27:56.178963+00:00,2.23,floor,-0.4464285714285817,0.671963,0.0,-0.4464285714285817,,,,,2
2026-08-27,PPCB,trail_activate+2_lock+2_distance1_floor+0,reclaim,resting,STOP_LIMIT,2026-08-27T12:31:04+00:00,,1787857380000,1787857800000,2026-08-27T19:13:00+00:00,2026-08-27T19:13:01.665000+00:00,2.35,,2.35,2.3970000000000002,,,,2026-08-27T19:13:01.909174+00:00,2026-08-27T19:13:02.241791+00:00,2.34,floor,-0.42553191489362685,0.576791,0.0,-0.42553191489362685,,,,,2
2026-08-27,PPCB,trail_activate+2_lock+2_distance2_floor+0,first,resting,STOP_LIMIT,2026-08-27T12:31:04+00:00,,1787838720000,0,2026-08-27T14:58:00+00:00,2026-08-27T14:59:27.311000+00:00,2.82,,2.82,2.8764,,,,2026-08-27T14:59:27.753376+00:00,2026-08-27T14:59:27.753831+00:00,2.81,floor,-0.35460992907800665,0.442831,0.0,-0.35460992907800665,,,,,2
2026-08-27,PPCB,trail_activate+2_lock+2_distance2_floor+0,reclaim,resting,STOP_LIMIT,2026-08-27T12:31:04+00:00,,1787838720000,1787842740000,2026-08-27T15:02:00+00:00,2026-08-27T15:09:22.377000+00:00,2.86,,2.86,2.9172,,,,2026-08-27T15:09:23.316603+00:00,2026-08-27T15:09:23.319924+00:00,2.85,floor,-0.3496503496503422,0.942924,0.0,-0.3496503496503422,,,,,2
2026-08-27,PPCB,trail_activate+2_lock+2_distance2_floor+0,first,resting,STOP_LIMIT,2026-08-27T12:31:04+00:00,,1787845260000,0,2026-08-27T16:53:00+00:00,2026-08-27T16:58:23.443000+00:00,2.42,,2.42,2.4684,,,,2026-08-27T16:58:24.172526+00:00,2026-08-27T16:58:24.172812+00:00,2.41,floor,-0.41322314049585895,0.729812,0.0,-0.41322314049585895,,,,,2
2026-08-27,PPCB,trail_activate+2_lock+2_distance2_floor+0,first,resting,STOP_LIMIT,2026-08-27T12:31:04+00:00,,1787854440000,0,2026-08-27T18:15:00+00:00,2026-08-27T18:15:41.425000+00:00,2.21,,2.21,2.2542,,,,2026-08-27T18:15:41.481852+00:00,2026-08-27T18:15:41.483886+00:00,2.2,floor,-0.4524886877827958,0.058886,0.0,-0.4524886877827958,,,,,2
2026-08-27,PPCB,trail_activate+2_lock+2_distance2_floor+0,reclaim,resting,STOP_LIMIT,2026-08-27T12:31:04+00:00,,1787854440000,1787854500000,2026-08-27T18:18:00+00:00,2026-08-27T18:27:55.507000+00:00,2.24,,2.24,2.2848,,,,2026-08-27T18:27:55.873446+00:00,2026-08-27T18:27:56.178963+00:00,2.23,floor,-0.4464285714285817,0.671963,0.0,-0.4464285714285817,,,,,2
2026-08-27,PPCB,trail_activate+2_lock+2_distance2_floor+0,reclaim,resting,STOP_LIMIT,2026-08-27T12:31:04+00:00,,1787857380000,1787857800000,2026-08-27T19:13:00+00:00,2026-08-27T19:13:01.665000+00:00,2.35,,2.35,2.3970000000000002,,,,2026-08-27T19:13:01.909174+00:00,2026-08-27T19:13:02.241791+00:00,2.34,floor,-0.42553191489362685,0.576791,0.0,-0.42553191489362685,,,,,2
2026-08-28,QNRX,trail_activate+1_lock+1_distance1_floor-1,first,resting,limit,2026-08-28T11:21:56+00:00,2026-08-28T14:08:41.603000+00:00,1787920800000,0,2026-08-28T12:41:20.756000+00:00,2026-08-28T12:41:20.756000+00:00,7.14,,7.0686,7.211399999999999,,,,2026-08-28T12:41:26.385290+00:00,2026-08-28T12:41:26.385557+00:00,7.06,floor,-1.1204481792717098,5.629557,0.0,-1.1204481792717098,,,2026-08-28T12:41:26.385290+00:00,,18
2026-08-28,QNRX,trail_activate+1_lock+1_distance1_floor-1,reclaim,reactive,limit,2026-08-28T11:21:56+00:00,2026-08-28T14:08:41.603000+00:00,1787920800000,1787921040000,2026-08-28T13:14:28.153000+00:00,2026-08-28T13:14:28.153000+00:00,7.27,,7.197299999999999,7.3427,2026-08-28T13:14:39.043066+00:00,7.37,7.3427,2026-08-28T13:14:39.565029+00:00,2026-08-28T13:14:39.565526+00:00,7.34,trail,0.9628610729023425,11.412526,1.3755158184319194,-0.27510316368637655,2026-08-28T13:14:39.043066+00:00,,,,114
2026-08-28,QNRX,trail_activate+1_lock+1_distance2_floor-1,first,resting,limit,2026-08-28T11:21:56+00:00,2026-08-28T14:08:41.603000+00:00,1787920800000,0,2026-08-28T12:41:20.756000+00:00,2026-08-28T12:41:20.756000+00:00,7.14,,7.0686,7.211399999999999,,,,2026-08-28T12:41:26.385290+00:00,2026-08-28T12:41:26.385557+00:00,7.06,floor,-1.1204481792717098,5.629557,0.0,-1.1204481792717098,,,2026-08-28T12:41:26.385290+00:00,,18
2026-08-28,QNRX,trail_activate+1_lock+1_distance2_floor-1,reclaim,reactive,limit,2026-08-28T11:21:56+00:00,2026-08-28T14:08:41.603000+00:00,1787920800000,1787921040000,2026-08-28T13:14:28.153000+00:00,2026-08-28T13:14:28.153000+00:00,7.27,,7.197299999999999,7.3427,2026-08-28T13:14:39.043066+00:00,7.37,7.3427,2026-08-28T13:14:39.565029+00:00,2026-08-28T13:14:39.565526+00:00,7.34,trail,0.9628610729023425,11.412526,1.3755158184319194,-0.27510316368637655,2026-08-28T13:14:39.043066+00:00,,,,114
2026-08-28,QNRX,trail_activate+2_lock+2_distance1_floor-1,first,resting,limit,2026-08-28T11:21:56+00:00,2026-08-28T14:08:41.603000+00:00,1787920800000,0,2026-08-28T12:41:20.756000+00:00,2026-08-28T12:41:20.756000+00:00,7.14,,7.0686,7.2828,,,,2026-08-28T12:41:26.385290+00:00,2026-08-28T12:41:26.385557+00:00,7.06,floor,-1.1204481792717098,5.629557,0.0,-1.1204481792717098,,,2026-08-28T12:41:26.385290+00:00,,18
2026-08-28,QNRX,trail_activate+2_lock+2_distance1_floor-1,reclaim,reactive,limit,2026-08-28T11:21:56+00:00,2026-08-28T14:08:41.603000+00:00,1787920800000,1787921040000,2026-08-28T13:14:28.153000+00:00,2026-08-28T13:14:28.153000+00:00,7.27,,7.197299999999999,7.4154,2026-08-28T13:14:41.772929+00:00,7.42,7.4154,2026-08-28T13:14:41.880748+00:00,2026-08-28T13:14:41.881738+00:00,7.41,trail,1.925722145804685,13.728738,2.063273727647873,-0.27510316368637655,2026-08-28T13:14:39.043066+00:00,2026-08-28T13:14:41.772929+00:00,,,159
2026-08-28,QNRX,trail_activate+2_lock+2_distance2_floor-1,first,resting,limit,2026-08-28T11:21:56+00:00,2026-08-28T14:08:41.603000+00:00,1787920800000,0,2026-08-28T12:41:20.756000+00:00,2026-08-28T12:41:20.756000+00:00,7.14,,7.0686,7.2828,,,,2026-08-28T12:41:26.385290+00:00,2026-08-28T12:41:26.385557+00:00,7.06,floor,-1.1204481792717098,5.629557,0.0,-1.1204481792717098,,,2026-08-28T12:41:26.385290+00:00,,18
2026-08-28,QNRX,trail_activate+2_lock+2_distance2_floor-1,reclaim,reactive,limit,2026-08-28T11:21:56+00:00,2026-08-28T14:08:41.603000+00:00,1787920800000,1787921040000,2026-08-28T13:14:28.153000+00:00,2026-08-28T13:14:28.153000+00:00,7.27,,7.197299999999999,7.4154,2026-08-28T13:14:41.772929+00:00,7.42,7.4154,2026-08-28T13:14:41.880748+00:00,2026-08-28T13:14:41.881738+00:00,7.41,trail,1.925722145804685,13.728738,2.063273727647873,-0.27510316368637655,2026-08-28T13:14:39.043066+00:00,2026-08-28T13:14:41.772929+00:00,,,159
2026-08-28,QNRX,trail_activate+1_lock+1_distance1_floor+0,first,resting,limit,2026-08-28T11:21:56+00:00,2026-08-28T14:08:41.603000+00:00,1787920800000,0,2026-08-28T12:41:20.756000+00:00,2026-08-28T12:41:20.756000+00:00,7.14,,7.14,7.211399999999999,,,,2026-08-28T12:41:20.778512+00:00,2026-08-28T12:41:21.227969+00:00,7.1,floor,-0.5602240896358549,0.471969,0.0,-0.7002801120448154,,,,,2
2026-08-28,QNRX,trail_activate+1_lock+1_distance1_floor+0,reclaim,reactive,limit,2026-08-28T11:21:56+00:00,2026-08-28T14:08:41.603000+00:00,1787920800000,1787921040000,2026-08-28T13:14:28.153000+00:00,2026-08-28T13:14:28.153000+00:00,7.27,,7.27,7.3427,,,,2026-08-28T13:14:28.156107+00:00,2026-08-28T13:14:28.156494+00:00,7.25,floor,-0.27510316368637655,0.003494,0.0,-0.27510316368637655,,,,,2
2026-08-28,QNRX,trail_activate+1_lock+1_distance2_floor+0,first,resting,limit,2026-08-28T11:21:56+00:00,2026-08-28T14:08:41.603000+00:00,1787920800000,0,2026-08-28T12:41:20.756000+00:00,2026-08-28T12:41:20.756000+00:00,7.14,,7.14,7.211399999999999,,,,2026-08-28T12:41:20.778512+00:00,2026-08-28T12:41:21.227969+00:00,7.1,floor,-0.5602240896358549,0.471969,0.0,-0.7002801120448154,,,,,2
2026-08-28,QNRX,trail_activate+1_lock+1_distance2_floor+0,reclaim,reactive,limit,2026-08-28T11:21:56+00:00,2026-08-28T14:08:41.603000+00:00,1787920800000,1787921040000,2026-08-28T13:14:28.153000+00:00,2026-08-28T13:14:28.153000+00:00,7.27,,7.27,7.3427,,,,2026-08-28T13:14:28.156107+00:00,2026-08-28T13:14:28.156494+00:00,7.25,floor,-0.27510316368637655,0.003494,0.0,-0.27510316368637655,,,,,2
2026-08-28,QNRX,trail_activate+2_lock+2_distance1_floor+0,first,resting,limit,2026-08-28T11:21:56+00:00,2026-08-28T14:08:41.603000+00:00,1787920800000,0,2026-08-28T12:41:20.756000+00:00,2026-08-28T12:41:20.756000+00:00,7.14,,7.14,7.2828,,,,2026-08-28T12:41:20.778512+00:00,2026-08-28T12:41:21.227969+00:00,7.1,floor,-0.5602240896358549,0.471969,0.0,-0.7002801120448154,,,,,2
2026-08-28,QNRX,trail_activate+2_lock+2_distance1_floor+0,reclaim,reactive,limit,2026-08-28T11:21:56+00:00,2026-08-28T14:08:41.603000+00:00,1787920800000,1787921040000,2026-08-28T13:14:28.153000+00:00,2026-08-28T13:14:28.153000+00:00,7.27,,7.27,7.4154,,,,2026-08-28T13:14:28.156107+00:00,2026-08-28T13:14:28.156494+00:00,7.25,floor,-0.27510316368637655,0.003494,0.0,-0.27510316368637655,,,,,2
2026-08-28,QNRX,trail_activate+2_lock+2_distance2_floor+0,first,resting,limit,2026-08-28T11:21:56+00:00,2026-08-28T14:08:41.603000+00:00,1787920800000,0,2026-08-28T12:41:20.756000+00:00,2026-08-28T12:41:20.756000+00:00,7.14,,7.14,7.2828,,,,2026-08-28T12:41:20.778512+00:00,2026-08-28T12:41:21.227969+00:00,7.1,floor,-0.5602240896358549,0.471969,0.0,-0.7002801120448154,,,,,2
2026-08-28,QNRX,trail_activate+2_lock+2_distance2_floor+0,reclaim,reactive,limit,2026-08-28T11:21:56+00:00,2026-08-28T14:08:41.603000+00:00,1787920800000,1787921040000,2026-08-28T13:14:28.153000+00:00,2026-08-28T13:14:28.153000+00:00,7.27,,7.27,7.4154,,,,2026-08-28T13:14:28.156107+00:00,2026-08-28T13:14:28.156494+00:00,7.25,floor,-0.27510316368637655,0.003494,0.0,-0.27510316368637655,,,,,2
2026-08-31,AEHL,trail_activate+1_lock+1_distance1_floor-1,reclaim,reactive,limit,2026-08-31T08:06:23+00:00,,1788178680000,1788178680000,2026-08-31T12:45:04.504000+00:00,2026-08-31T12:45:04.504000+00:00,6.16,,6.0984,6.2216000000000005,2026-08-31T12:45:36.138529+00:00,6.23,6.2216000000000005,2026-08-31T12:45:37.054132+00:00,2026-08-31T12:45:37.054454+00:00,6.22,trail,0.9740259740259676,32.550454,1.136363636363641,-0.9740259740259821,2026-08-31T12:45:36.138529+00:00,,,,154
2026-08-31,AEHL,trail_activate+1_lock+1_distance1_floor-1,first,resting,STOP_LIMIT,2026-08-31T08:06:23+00:00,,1788183840000,0,2026-08-31T14:22:00+00:00,2026-08-31T14:23:14.136000+00:00,6.29,,6.2271,6.3529,,,,2026-08-31T14:23:19.641652+00:00,2026-08-31T14:23:19.641899+00:00,6.22,floor,-1.112877583465823,5.505899,0.0,-1.112877583465823,,,2026-08-31T14:23:19.641652+00:00,,25
2026-08-31,AEHL,trail_activate+1_lock+1_distance1_floor-1,reclaim,resting,STOP_LIMIT,2026-08-31T08:06:23+00:00,,1788183840000,1788186660000,2026-08-31T14:34:00+00:00,2026-08-31T14:42:04.071000+00:00,6.52,,6.4548,6.5851999999999995,,,,2026-08-31T14:42:04.081025+00:00,2026-08-31T14:42:04.081284+00:00,6.44,floor,-1.2269938650306624,0.010284,0.0,-1.3803680981595072,,,2026-08-31T14:42:04.081025+00:00,,2
2026-08-31,AEHL,trail_activate+1_lock+1_distance1_floor-1,reclaim,reactive,market,2026-08-31T08:06:23+00:00,,1788188940000,1788189720000,2026-08-31T15:35:09.345000+00:00,2026-08-31T15:35:09.345000+00:00,6.62,,6.5538,6.6862,,,,2026-08-31T15:35:09.405494+00:00,2026-08-31T15:35:09.509973+00:00,6.53,floor,-1.3595166163141972,0.164973,0.0,-1.3595166163141972,,,2026-08-31T15:35:09.405494+00:00,,2
2026-08-31,AEHL,trail_activate+1_lock+1_distance1_floor-1,first,resting,STOP_LIMIT,2026-08-31T08:06:23+00:00,,1788194880000,0,2026-08-31T18:13:00+00:00,2026-08-31T18:14:01.310000+00:00,6.3,,6.237,6.3629999999999995,,,,2026-08-31T18:14:39.986672+00:00,2026-08-31T18:14:39.998190+00:00,6.23,floor,-1.1111111111111016,38.68819,0.0,-1.1111111111111016,,,2026-08-31T18:14:39.986672+00:00,,34
2026-08-31,AEHL,trail_activate+1_lock+1_distance1_floor-1,reclaim,reactive,market,2026-08-31T08:06:23+00:00,,1788194880000,1788200040000,2026-08-31T18:26:26.594000+00:00,2026-08-31T18:26:26.594000+00:00,6.6,,6.534,6.6659999999999995,,,,2026-08-31T18:27:05.827117+00:00,2026-08-31T18:27:07.087282+00:00,6.53,floor,-1.0606060606060514,40.493282,0.7575757575757683,-1.0606060606060514,,,2026-08-31T18:27:05.827117+00:00,,353
2026-08-31,AEHL,trail_activate+1_lock+1_distance1_floor-1,first,resting,STOP_LIMIT,2026-08-31T08:06:23+00:00,,1788204300000,0,2026-08-31T19:40:00+00:00,2026-08-31T19:42:47.300000+00:00,6.49,,6.4251000000000005,6.5549,,,,2026-08-31T19:42:53.039460+00:00,2026-08-31T19:42:54.349484+00:00,6.42,floor,-1.0785824345146422,7.049484,0.0,-1.0785824345146422,,,2026-08-31T19:42:53.039460+00:00,,6
2026-08-31,AEHL,trail_activate+1_lock+1_distance2_floor-1,reclaim,reactive,limit,2026-08-31T08:06:23+00:00,,1788178680000,1788178680000,2026-08-31T12:45:04.504000+00:00,2026-08-31T12:45:04.504000+00:00,6.16,,6.0984,6.2216000000000005,2026-08-31T12:45:36.138529+00:00,6.23,6.2216000000000005,2026-08-31T12:45:37.054132+00:00,2026-08-31T12:45:37.054454+00:00,6.22,trail,0.9740259740259676,32.550454,1.136363636363641,-0.9740259740259821,2026-08-31T12:45:36.138529+00:00,,,,154
2026-08-31,AEHL,trail_activate+1_lock+1_distance2_floor-1,first,resting,STOP_LIMIT,2026-08-31T08:06:23+00:00,,1788183840000,0,2026-08-31T14:22:00+00:00,2026-08-31T14:23:14.136000+00:00,6.29,,6.2271,6.3529,,,,2026-08-31T14:23:19.641652+00:00,2026-08-31T14:23:19.641899+00:00,6.22,floor,-1.112877583465823,5.505899,0.0,-1.112877583465823,,,2026-08-31T14:23:19.641652+00:00,,25
2026-08-31,AEHL,trail_activate+1_lock+1_distance2_floor-1,reclaim,resting,STOP_LIMIT,2026-08-31T08:06:23+00:00,,1788183840000,1788186660000,2026-08-31T14:34:00+00:00,2026-08-31T14:42:04.071000+00:00,6.52,,6.4548,6.5851999999999995,,,,2026-08-31T14:42:04.081025+00:00,2026-08-31T14:42:04.081284+00:00,6.44,floor,-1.2269938650306624,0.010284,0.0,-1.3803680981595072,,,2026-08-31T14:42:04.081025+00:00,,2
2026-08-31,AEHL,trail_activate+1_lock+1_distance2_floor-1,reclaim,reactive,market,2026-08-31T08:06:23+00:00,,1788188940000,1788189720000,2026-08-31T15:35:09.345000+00:00,2026-08-31T15:35:09.345000+00:00,6.62,,6.5538,6.6862,,,,2026-08-31T15:35:09.405494+00:00,2026-08-31T15:35:09.509973+00:00,6.53,floor,-1.3595166163141972,0.164973,0.0,-1.3595166163141972,,,2026-08-31T15:35:09.405494+00:00,,2
2026-08-31,AEHL,trail_activate+1_lock+1_distance2_floor-1,first,resting,STOP_LIMIT,2026-08-31T08:06:23+00:00,,1788194880000,0,2026-08-31T18:13:00+00:00,2026-08-31T18:14:01.310000+00:00,6.3,,6.237,6.3629999999999995,,,,2026-08-31T18:14:39.986672+00:00,2026-08-31T18:14:39.998190+00:00,6.23,floor,-1.1111111111111016,38.68819,0.0,-1.1111111111111016,,,2026-08-31T18:14:39.986672+00:00,,34
2026-08-31,AEHL,trail_activate+1_lock+1_distance2_floor-1,reclaim,reactive,market,2026-08-31T08:06:23+00:00,,1788194880000,1788200040000,2026-08-31T18:26:26.594000+00:00,2026-08-31T18:26:26.594000+00:00,6.6,,6.534,6.6659999999999995,,,,2026-08-31T18:27:05.827117+00:00,2026-08-31T18:27:07.087282+00:00,6.53,floor,-1.0606060606060514,40.493282,0.7575757575757683,-1.0606060606060514,,,2026-08-31T18:27:05.827117+00:00,,353
2026-08-31,AEHL,trail_activate+1_lock+1_distance2_floor-1,first,resting,STOP_LIMIT,2026-08-31T08:06:23+00:00,,1788204300000,0,2026-08-31T19:40:00+00:00,2026-08-31T19:42:47.300000+00:00,6.49,,6.4251000000000005,6.5549,,,,2026-08-31T19:42:53.039460+00:00,2026-08-31T19:42:54.349484+00:00,6.42,floor,-1.0785824345146422,7.049484,0.0,-1.0785824345146422,,,2026-08-31T19:42:53.039460+00:00,,6
2026-08-31,AEHL,trail_activate+2_lock+2_distance1_floor-1,reclaim,reactive,limit,2026-08-31T08:06:23+00:00,,1788178680000,1788178680000,2026-08-31T12:45:04.504000+00:00,2026-08-31T12:45:04.504000+00:00,6.16,,6.0984,6.2832,2026-08-31T12:45:50.678954+00:00,6.29,6.2832,2026-08-31T12:45:50.985559+00:00,2026-08-31T12:45:51.265861+00:00,6.28,trail,1.9480519480519498,46.761861,2.1103896103896087,-0.9740259740259821,2026-08-31T12:45:36.138529+00:00,2026-08-31T12:45:50.678954+00:00,,,273
2026-08-31,AEHL,trail_activate+2_lock+2_distance1_floor-1,first,resting,STOP_LIMIT,2026-08-31T08:06:23+00:00,,1788183840000,0,2026-08-31T14:22:00+00:00,2026-08-31T14:23:14.136000+00:00,6.29,,6.2271,6.4158,,,,2026-08-31T14:23:19.641652+00:00,2026-08-31T14:23:19.641899+00:00,6.22,floor,-1.112877583465823,5.505899,0.0,-1.112877583465823,,,2026-08-31T14:23:19.641652+00:00,,25
2026-08-31,AEHL,trail_activate+2_lock+2_distance1_floor-1,reclaim,resting,STOP_LIMIT,2026-08-31T08:06:23+00:00,,1788183840000,1788186660000,2026-08-31T14:34:00+00:00,2026-08-31T14:42:04.071000+00:00,6.52,,6.4548,6.650399999999999,,,,2026-08-31T14:42:04.081025+00:00,2026-08-31T14:42:04.081284+00:00,6.44,floor,-1.2269938650306624,0.010284,0.0,-1.3803680981595072,,,2026-08-31T14:42:04.081025+00:00,,2
2026-08-31,AEHL,trail_activate+2_lock+2_distance1_floor-1,reclaim,reactive,market,2026-08-31T08:06:23+00:00,,1788188940000,1788189720000,2026-08-31T15:35:09.345000+00:00,2026-08-31T15:35:09.345000+00:00,6.62,,6.5538,6.752400000000001,,,,2026-08-31T15:35:09.405494+00:00,2026-08-31T15:35:09.509973+00:00,6.53,floor,-1.3595166163141972,0.164973,0.0,-1.3595166163141972,,,2026-08-31T15:35:09.405494+00:00,,2
2026-08-31,AEHL,trail_activate+2_lock+2_distance1_floor-1,first,resting,STOP_LIMIT,2026-08-31T08:06:23+00:00,,1788194880000,0,2026-08-31T18:13:00+00:00,2026-08-31T18:14:01.310000+00:00,6.3,,6.237,6.426,,,,2026-08-31T18:14:39.986672+00:00,2026-08-31T18:14:39.998190+00:00,6.23,floor,-1.1111111111111016,38.68819,0.0,-1.1111111111111016,,,2026-08-31T18:14:39.986672+00:00,,34
2026-08-31,AEHL,trail_activate+2_lock+2_distance1_floor-1,reclaim,reactive,market,2026-08-31T08:06:23+00:00,,1788194880000,1788200040000,2026-08-31T18:26:26.594000+00:00,2026-08-31T18:26:26.594000+00:00,6.6,,6.534,6.731999999999999,,,,2026-08-31T18:27:05.827117+00:00,2026-08-31T18:27:07.087282+00:00,6.53,floor,-1.0606060606060514,40.493282,0.7575757575757683,-1.0606060606060514,,,2026-08-31T18:27:05.827117+00:00,,353
2026-08-31,AEHL,trail_activate+2_lock+2_distance1_floor-1,first,resting,STOP_LIMIT,2026-08-31T08:06:23+00:00,,1788204300000,0,2026-08-31T19:40:00+00:00,2026-08-31T19:42:47.300000+00:00,6.49,,6.4251000000000005,6.619800000000001,,,,2026-08-31T19:42:53.039460+00:00,2026-08-31T19:42:54.349484+00:00,6.42,floor,-1.0785824345146422,7.049484,0.0,-1.0785824345146422,,,2026-08-31T19:42:53.039460+00:00,,6
2026-08-31,AEHL,trail_activate+2_lock+2_distance2_floor-1,reclaim,reactive,limit,2026-08-31T08:06:23+00:00,,1788178680000,1788178680000,2026-08-31T12:45:04.504000+00:00,2026-08-31T12:45:04.504000+00:00,6.16,,6.0984,6.2832,2026-08-31T12:45:50.678954+00:00,6.29,6.2832,2026-08-31T12:45:50.985559+00:00,2026-08-31T12:45:51.265861+00:00,6.28,trail,1.9480519480519498,46.761861,2.1103896103896087,-0.9740259740259821,2026-08-31T12:45:36.138529+00:00,2026-08-31T12:45:50.678954+00:00,,,273
2026-08-31,AEHL,trail_activate+2_lock+2_distance2_floor-1,first,resting,STOP_LIMIT,2026-08-31T08:06:23+00:00,,1788183840000,0,2026-08-31T14:22:00+00:00,2026-08-31T14:23:14.136000+00:00,6.29,,6.2271,6.4158,,,,2026-08-31T14:23:19.641652+00:00,2026-08-31T14:23:19.641899+00:00,6.22,floor,-1.112877583465823,5.505899,0.0,-1.112877583465823,,,2026-08-31T14:23:19.641652+00:00,,25
2026-08-31,AEHL,trail_activate+2_lock+2_distance2_floor-1,reclaim,resting,STOP_LIMIT,2026-08-31T08:06:23+00:00,,1788183840000,1788186660000,2026-08-31T14:34:00+00:00,2026-08-31T14:42:04.071000+00:00,6.52,,6.4548,6.650399999999999,,,,2026-08-31T14:42:04.081025+00:00,2026-08-31T14:42:04.081284+00:00,6.44,floor,-1.2269938650306624,0.010284,0.0,-1.3803680981595072,,,2026-08-31T14:42:04.081025+00:00,,2
2026-08-31,AEHL,trail_activate+2_lock+2_distance2_floor-1,reclaim,reactive,market,2026-08-31T08:06:23+00:00,,1788188940000,1788189720000,2026-08-31T15:35:09.345000+00:00,2026-08-31T15:35:09.345000+00:00,6.62,,6.5538,6.752400000000001,,,,2026-08-31T15:35:09.405494+00:00,2026-08-31T15:35:09.509973+00:00,6.53,floor,-1.3595166163141972,0.164973,0.0,-1.3595166163141972,,,2026-08-31T15:35:09.405494+00:00,,2
2026-08-31,AEHL,trail_activate+2_lock+2_distance2_floor-1,first,resting,STOP_LIMIT,2026-08-31T08:06:23+00:00,,1788194880000,0,2026-08-31T18:13:00+00:00,2026-08-31T18:14:01.310000+00:00,6.3,,6.237,6.426,,,,2026-08-31T18:14:39.986672+00:00,2026-08-31T18:14:39.998190+00:00,6.23,floor,-1.1111111111111016,38.68819,0.0,-1.1111111111111016,,,2026-08-31T18:14:39.986672+00:00,,34
2026-08-31,AEHL,trail_activate+2_lock+2_distance2_floor-1,reclaim,reactive,market,2026-08-31T08:06:23+00:00,,1788194880000,1788200040000,2026-08-31T18:26:26.594000+00:00,2026-08-31T18:26:26.594000+00:00,6.6,,6.534,6.731999999999999,,,,2026-08-31T18:27:05.827117+00:00,2026-08-31T18:27:07.087282+00:00,6.53,floor,-1.0606060606060514,40.493282,0.7575757575757683,-1.0606060606060514,,,2026-08-31T18:27:05.827117+00:00,,353
2026-08-31,AEHL,trail_activate+2_lock+2_distance2_floor-1,first,resting,STOP_LIMIT,2026-08-31T08:06:23+00:00,,1788204300000,0,2026-08-31T19:40:00+00:00,2026-08-31T19:42:47.300000+00:00,6.49,,6.4251000000000005,6.619800000000001,,,,2026-08-31T19:42:53.039460+00:00,2026-08-31T19:42:54.349484+00:00,6.42,floor,-1.0785824345146422,7.049484,0.0,-1.0785824345146422,,,2026-08-31T19:42:53.039460+00:00,,6
2026-08-31,AEHL,trail_activate+1_lock+1_distance1_floor+0,reclaim,reactive,limit,2026-08-31T08:06:23+00:00,,1788178680000,1788178680000,2026-08-31T12:45:04.504000+00:00,2026-08-31T12:45:04.504000+00:00,6.16,,6.16,6.2216000000000005,,,,2026-08-31T12:45:04.569819+00:00,2026-08-31T12:45:04.570327+00:00,6.11,floor,-0.8116883116883088,0.066327,0.0,-0.8116883116883088,,,,,2
2026-08-31,AEHL,trail_activate+1_lock+1_distance1_floor+0,first,resting,STOP_LIMIT,2026-08-31T08:06:23+00:00,,1788183840000,0,2026-08-31T14:22:00+00:00,2026-08-31T14:23:14.136000+00:00,6.29,,6.29,6.3529,,,,2026-08-31T14:23:14.137425+00:00,2026-08-31T14:23:14.137811+00:00,6.23,floor,-0.9538950715421243,0.001811,0.0,-0.9538950715421243,,,,,2
2026-08-31,AEHL,trail_activate+1_lock+1_distance1_floor+0,reclaim,resting,STOP_LIMIT,2026-08-31T08:06:23+00:00,,1788183840000,1788186660000,2026-08-31T14:34:00+00:00,2026-08-31T14:42:04.071000+00:00,6.52,,6.52,6.5851999999999995,,,,2026-08-31T14:42:04.081025+00:00,2026-08-31T14:42:04.081284+00:00,6.44,floor,-1.2269938650306624,0.010284,0.0,-1.3803680981595072,,,2026-08-31T14:42:04.081025+00:00,,2
2026-08-31,AEHL,trail_activate+1_lock+1_distance1_floor+0,reclaim,reactive,market,2026-08-31T08:06:23+00:00,,1788188940000,1788189720000,2026-08-31T15:35:09.345000+00:00,2026-08-31T15:35:09.345000+00:00,6.62,,6.62,6.6862,,,,2026-08-31T15:35:09.405494+00:00,2026-08-31T15:35:09.509973+00:00,6.53,floor,-1.3595166163141972,0.164973,0.0,-1.3595166163141972,,,2026-08-31T15:35:09.405494+00:00,,2
2026-08-31,AEHL,trail_activate+1_lock+1_distance1_floor+0,first,resting,STOP_LIMIT,2026-08-31T08:06:23+00:00,,1788194880000,0,2026-08-31T18:13:00+00:00,2026-08-31T18:14:01.310000+00:00,6.3,,6.3,6.3629999999999995,,,,2026-08-31T18:14:07.388936+00:00,2026-08-31T18:14:10.798932+00:00,6.26,floor,-0.6349206349206356,9.488932,0.0,-0.6349206349206356,,,,,2
2026-08-31,AEHL,trail_activate+1_lock+1_distance1_floor+0,reclaim,reactive,market,2026-08-31T08:06:23+00:00,,1788194880000,1788200040000,2026-08-31T18:26:26.594000+00:00,2026-08-31T18:26:26.594000+00:00,6.6,,6.6,6.6659999999999995,,,,2026-08-31T18:26:27.340967+00:00,2026-08-31T18:26:27.342822+00:00,6.56,floor,-0.6060606060606066,0.748822,0.0,-0.6060606060606066,,,,,2
2026-08-31,AEHL,trail_activate+1_lock+1_distance1_floor+0,first,resting,STOP_LIMIT,2026-08-31T08:06:23+00:00,,1788204300000,0,2026-08-31T19:40:00+00:00,2026-08-31T19:42:47.300000+00:00,6.49,,6.49,6.5549,,,,2026-08-31T19:42:47.909205+00:00,2026-08-31T19:42:48.448478+00:00,6.45,floor,-0.6163328197226507,1.148478,0.0,-0.6163328197226507,,,,,2
2026-08-31,AEHL,trail_activate+1_lock+1_distance2_floor+0,reclaim,reactive,limit,2026-08-31T08:06:23+00:00,,1788178680000,1788178680000,2026-08-31T12:45:04.504000+00:00,2026-08-31T12:45:04.504000+00:00,6.16,,6.16,6.2216000000000005,,,,2026-08-31T12:45:04.569819+00:00,2026-08-31T12:45:04.570327+00:00,6.11,floor,-0.8116883116883088,0.066327,0.0,-0.8116883116883088,,,,,2
2026-08-31,AEHL,trail_activate+1_lock+1_distance2_floor+0,first,resting,STOP_LIMIT,2026-08-31T08:06:23+00:00,,1788183840000,0,2026-08-31T14:22:00+00:00,2026-08-31T14:23:14.136000+00:00,6.29,,6.29,6.3529,,,,2026-08-31T14:23:14.137425+00:00,2026-08-31T14:23:14.137811+00:00,6.23,floor,-0.9538950715421243,0.001811,0.0,-0.9538950715421243,,,,,2
2026-08-31,AEHL,trail_activate+1_lock+1_distance2_floor+0,reclaim,resting,STOP_LIMIT,2026-08-31T08:06:23+00:00,,1788183840000,1788186660000,2026-08-31T14:34:00+00:00,2026-08-31T14:42:04.071000+00:00,6.52,,6.52,6.5851999999999995,,,,2026-08-31T14:42:04.081025+00:00,2026-08-31T14:42:04.081284+00:00,6.44,floor,-1.2269938650306624,0.010284,0.0,-1.3803680981595072,,,2026-08-31T14:42:04.081025+00:00,,2
2026-08-31,AEHL,trail_activate+1_lock+1_distance2_floor+0,reclaim,reactive,market,2026-08-31T08:06:23+00:00,,1788188940000,1788189720000,2026-08-31T15:35:09.345000+00:00,2026-08-31T15:35:09.345000+00:00,6.62,,6.62,6.6862,,,,2026-08-31T15:35:09.405494+00:00,2026-08-31T15:35:09.509973+00:00,6.53,floor,-1.3595166163141972,0.164973,0.0,-1.3595166163141972,,,2026-08-31T15:35:09.405494+00:00,,2
2026-08-31,AEHL,trail_activate+1_lock+1_distance2_floor+0,first,resting,STOP_LIMIT,2026-08-31T08:06:23+00:00,,1788194880000,0,2026-08-31T18:13:00+00:00,2026-08-31T18:14:01.310000+00:00,6.3,,6.3,6.3629999999999995,,,,2026-08-31T18:14:07.388936+00:00,2026-08-31T18:14:10.798932+00:00,6.26,floor,-0.6349206349206356,9.488932,0.0,-0.6349206349206356,,,,,2
2026-08-31,AEHL,trail_activate+1_lock+1_distance2_floor+0,reclaim,reactive,market,2026-08-31T08:06:23+00:00,,1788194880000,1788200040000,2026-08-31T18:26:26.594000+00:00,2026-08-31T18:26:26.594000+00:00,6.6,,6.6,6.6659999999999995,,,,2026-08-31T18:26:27.340967+00:00,2026-08-31T18:26:27.342822+00:00,6.56,floor,-0.6060606060606066,0.748822,0.0,-0.6060606060606066,,,,,2
2026-08-31,AEHL,trail_activate+1_lock+1_distance2_floor+0,first,resting,STOP_LIMIT,2026-08-31T08:06:23+00:00,,1788204300000,0,2026-08-31T19:40:00+00:00,2026-08-31T19:42:47.300000+00:00,6.49,,6.49,6.5549,,,,2026-08-31T19:42:47.909205+00:00,2026-08-31T19:42:48.448478+00:00,6.45,floor,-0.6163328197226507,1.148478,0.0,-0.6163328197226507,,,,,2
2026-08-31,AEHL,trail_activate+2_lock+2_distance1_floor+0,reclaim,reactive,limit,2026-08-31T08:06:23+00:00,,1788178680000,1788178680000,2026-08-31T12:45:04.504000+00:00,2026-08-31T12:45:04.504000+00:00,6.16,,6.16,6.2832,,,,2026-08-31T12:45:04.569819+00:00,2026-08-31T12:45:04.570327+00:00,6.11,floor,-0.8116883116883088,0.066327,0.0,-0.8116883116883088,,,,,2
2026-08-31,AEHL,trail_activate+2_lock+2_distance1_floor+0,first,resting,STOP_LIMIT,2026-08-31T08:06:23+00:00,,1788183840000,0,2026-08-31T14:22:00+00:00,2026-08-31T14:23:14.136000+00:00,6.29,,6.29,6.4158,,,,2026-08-31T14:23:14.137425+00:00,2026-08-31T14:23:14.137811+00:00,6.23,floor,-0.9538950715421243,0.001811,0.0,-0.9538950715421243,,,,,2
2026-08-31,AEHL,trail_activate+2_lock+2_distance1_floor+0,reclaim,resting,STOP_LIMIT,2026-08-31T08:06:23+00:00,,1788183840000,1788186660000,2026-08-31T14:34:00+00:00,2026-08-31T14:42:04.071000+00:00,6.52,,6.52,6.650399999999999,,,,2026-08-31T14:42:04.081025+00:00,2026-08-31T14:42:04.081284+00:00,6.44,floor,-1.2269938650306624,0.010284,0.0,-1.3803680981595072,,,2026-08-31T14:42:04.081025+00:00,,2
2026-08-31,AEHL,trail_activate+2_lock+2_distance1_floor+0,reclaim,reactive,market,2026-08-31T08:06:23+00:00,,1788188940000,1788189720000,2026-08-31T15:35:09.345000+00:00,2026-08-31T15:35:09.345000+00:00,6.62,,6.62,6.752400000000001,,,,2026-08-31T15:35:09.405494+00:00,2026-08-31T15:35:09.509973+00:00,6.53,floor,-1.3595166163141972,0.164973,0.0,-1.3595166163141972,,,2026-08-31T15:35:09.405494+00:00,,2
2026-08-31,AEHL,trail_activate+2_lock+2_distance1_floor+0,first,resting,STOP_LIMIT,2026-08-31T08:06:23+00:00,,1788194880000,0,2026-08-31T18:13:00+00:00,2026-08-31T18:14:01.310000+00:00,6.3,,6.3,6.426,,,,2026-08-31T18:14:07.388936+00:00,2026-08-31T18:14:10.798932+00:00,6.26,floor,-0.6349206349206356,9.488932,0.0,-0.6349206349206356,,,,,2
2026-08-31,AEHL,trail_activate+2_lock+2_distance1_floor+0,reclaim,reactive,market,2026-08-31T08:06:23+00:00,,1788194880000,1788200040000,2026-08-31T18:26:26.594000+00:00,2026-08-31T18:26:26.594000+00:00,6.6,,6.6,6.731999999999999,,,,2026-08-31T18:26:27.340967+00:00,2026-08-31T18:26:27.342822+00:00,6.56,floor,-0.6060606060606066,0.748822,0.0,-0.6060606060606066,,,,,2
2026-08-31,AEHL,trail_activate+2_lock+2_distance1_floor+0,first,resting,STOP_LIMIT,2026-08-31T08:06:23+00:00,,1788204300000,0,2026-08-31T19:40:00+00:00,2026-08-31T19:42:47.300000+00:00,6.49,,6.49,6.619800000000001,,,,2026-08-31T19:42:47.909205+00:00,2026-08-31T19:42:48.448478+00:00,6.45,floor,-0.6163328197226507,1.148478,0.0,-0.6163328197226507,,,,,2
2026-08-31,AEHL,trail_activate+2_lock+2_distance2_floor+0,reclaim,reactive,limit,2026-08-31T08:06:23+00:00,,1788178680000,1788178680000,2026-08-31T12:45:04.504000+00:00,2026-08-31T12:45:04.504000+00:00,6.16,,6.16,6.2832,,,,2026-08-31T12:45:04.569819+00:00,2026-08-31T12:45:04.570327+00:00,6.11,floor,-0.8116883116883088,0.066327,0.0,-0.8116883116883088,,,,,2
2026-08-31,AEHL,trail_activate+2_lock+2_distance2_floor+0,first,resting,STOP_LIMIT,2026-08-31T08:06:23+00:00,,1788183840000,0,2026-08-31T14:22:00+00:00,2026-08-31T14:23:14.136000+00:00,6.29,,6.29,6.4158,,,,2026-08-31T14:23:14.137425+00:00,2026-08-31T14:23:14.137811+00:00,6.23,floor,-0.9538950715421243,0.001811,0.0,-0.9538950715421243,,,,,2
2026-08-31,AEHL,trail_activate+2_lock+2_distance2_floor+0,reclaim,resting,STOP_LIMIT,2026-08-31T08:06:23+00:00,,1788183840000,1788186660000,2026-08-31T14:34:00+00:00,2026-08-31T14:42:04.071000+00:00,6.52,,6.52,6.650399999999999,,,,2026-08-31T14:42:04.081025+00:00,2026-08-31T14:42:04.081284+00:00,6.44,floor,-1.2269938650306624,0.010284,0.0,-1.3803680981595072,,,2026-08-31T14:42:04.081025+00:00,,2
2026-08-31,AEHL,trail_activate+2_lock+2_distance2_floor+0,reclaim,reactive,market,2026-08-31T08:06:23+00:00,,1788188940000,1788189720000,2026-08-31T15:35:09.345000+00:00,2026-08-31T15:35:09.345000+00:00,6.62,,6.62,6.752400000000001,,,,2026-08-31T15:35:09.405494+00:00,2026-08-31T15:35:09.509973+00:00,6.53,floor,-1.3595166163141972,0.164973,0.0,-1.3595166163141972,,,2026-08-31T15:35:09.405494+00:00,,2
2026-08-31,AEHL,trail_activate+2_lock+2_distance2_floor+0,first,resting,STOP_LIMIT,2026-08-31T08:06:23+00:00,,1788194880000,0,2026-08-31T18:13:00+00:00,2026-08-31T18:14:01.310000+00:00,6.3,,6.3,6.426,,,,2026-08-31T18:14:07.388936+00:00,2026-08-31T18:14:10.798932+00:00,6.26,floor,-0.6349206349206356,9.488932,0.0,-0.6349206349206356,,,,,2
2026-08-31,AEHL,trail_activate+2_lock+2_distance2_floor+0,reclaim,reactive,market,2026-08-31T08:06:23+00:00,,1788194880000,1788200040000,2026-08-31T18:26:26.594000+00:00,2026-08-31T18:26:26.594000+00:00,6.6,,6.6,6.731999999999999,,,,2026-08-31T18:26:27.340967+00:00,2026-08-31T18:26:27.342822+00:00,6.56,floor,-0.6060606060606066,0.748822,0.0,-0.6060606060606066,,,,,2
2026-08-31,AEHL,trail_activate+2_lock+2_distance2_floor+0,first,resting,STOP_LIMIT,2026-08-31T08:06:23+00:00,,1788204300000,0,2026-08-31T19:40:00+00:00,2026-08-31T19:42:47.300000+00:00,6.49,,6.49,6.619800000000001,,,,2026-08-31T19:42:47.909205+00:00,2026-08-31T19:42:48.448478+00:00,6.45,floor,-0.6163328197226507,1.148478,0.0,-0.6163328197226507,,,,,2
2026-08-31,NCRA,trail_activate+1_lock+1_distance1_floor-1,first,resting,STOP_LIMIT,2026-08-31T15:34:18+00:00,2026-08-31T17:09:10.091000+00:00,1788190800000,0,2026-08-31T16:06:00+00:00,2026-08-31T16:21:20.347000+00:00,3.05,,3.0195,3.0805,,,,2026-08-31T16:21:21.495450+00:00,2026-08-31T16:21:21.495672+00:00,3.01,floor,-1.3114754098360668,1.148672,0.0,-1.3114754098360668,,,2026-08-31T16:21:21.495450+00:00,,25
2026-08-31,NCRA,trail_activate+1_lock+1_distance1_floor-1,reclaim,resting,STOP_LIMIT,2026-08-31T17:14:30+00:00,,1788200460000,1788201300000,2026-08-31T18:38:00+00:00,2026-08-31T18:46:48.376000+00:00,3.05,,3.0195,3.0805,,,,2026-08-31T18:46:48.810968+00:00,2026-08-31T18:46:50.286744+00:00,3.03,floor,-0.6557377049180334,1.910744,0.0,-1.3114754098360668,,,2026-08-31T18:46:48.810968+00:00,,3
2026-08-31,NCRA,trail_activate+1_lock+1_distance1_floor-1,first,resting,STOP_LIMIT,2026-08-31T17:14:30+00:00,,1788202320000,0,2026-08-31T19:06:00+00:00,2026-08-31T19:10:13.429000+00:00,3.03,,2.9997,3.0603,,,,2026-08-31T19:10:51.390917+00:00,2026-08-31T19:10:51.391714+00:00,2.99,floor,-1.3201320132013068,37.962714,0.0,-1.3201320132013068,,,2026-08-31T19:10:51.390917+00:00,,143
2026-08-31,NCRA,trail_activate+1_lock+1_distance2_floor-1,first,resting,STOP_LIMIT,2026-08-31T15:34:18+00:00,2026-08-31T17:09:10.091000+00:00,1788190800000,0,2026-08-31T16:06:00+00:00,2026-08-31T16:21:20.347000+00:00,3.05,,3.0195,3.0805,,,,2026-08-31T16:21:21.495450+00:00,2026-08-31T16:21:21.495672+00:00,3.01,floor,-1.3114754098360668,1.148672,0.0,-1.3114754098360668,,,2026-08-31T16:21:21.495450+00:00,,25
2026-08-31,NCRA,trail_activate+1_lock+1_distance2_floor-1,reclaim,resting,STOP_LIMIT,2026-08-31T17:14:30+00:00,,1788200460000,1788201300000,2026-08-31T18:38:00+00:00,2026-08-31T18:46:48.376000+00:00,3.05,,3.0195,3.0805,,,,2026-08-31T18:46:48.810968+00:00,2026-08-31T18:46:50.286744+00:00,3.03,floor,-0.6557377049180334,1.910744,0.0,-1.3114754098360668,,,2026-08-31T18:46:48.810968+00:00,,3
2026-08-31,NCRA,trail_activate+1_lock+1_distance2_floor-1,first,resting,STOP_LIMIT,2026-08-31T17:14:30+00:00,,1788202320000,0,2026-08-31T19:06:00+00:00,2026-08-31T19:10:13.429000+00:00,3.03,,2.9997,3.0603,,,,2026-08-31T19:10:51.390917+00:00,2026-08-31T19:10:51.391714+00:00,2.99,floor,-1.3201320132013068,37.962714,0.0,-1.3201320132013068,,,2026-08-31T19:10:51.390917+00:00,,143
2026-08-31,NCRA,trail_activate+2_lock+2_distance1_floor-1,first,resting,STOP_LIMIT,2026-08-31T15:34:18+00:00,2026-08-31T17:09:10.091000+00:00,1788190800000,0,2026-08-31T16:06:00+00:00,2026-08-31T16:21:20.347000+00:00,3.05,,3.0195,3.1109999999999998,,,,2026-08-31T16:21:21.495450+00:00,2026-08-31T16:21:21.495672+00:00,3.01,floor,-1.3114754098360668,1.148672,0.0,-1.3114754098360668,,,2026-08-31T16:21:21.495450+00:00,,25
2026-08-31,NCRA,trail_activate+2_lock+2_distance1_floor-1,reclaim,resting,STOP_LIMIT,2026-08-31T17:14:30+00:00,,1788200460000,1788201300000,2026-08-31T18:38:00+00:00,2026-08-31T18:46:48.376000+00:00,3.05,,3.0195,3.1109999999999998,,,,2026-08-31T18:46:48.810968+00:00,2026-08-31T18:46:50.286744+00:00,3.03,floor,-0.6557377049180334,1.910744,0.0,-1.3114754098360668,,,2026-08-31T18:46:48.810968+00:00,,3
2026-08-31,NCRA,trail_activate+2_lock+2_distance1_floor-1,first,resting,STOP_LIMIT,2026-08-31T17:14:30+00:00,,1788202320000,0,2026-08-31T19:06:00+00:00,2026-08-31T19:10:13.429000+00:00,3.03,,2.9997,3.0906,,,,2026-08-31T19:10:51.390917+00:00,2026-08-31T19:10:51.391714+00:00,2.99,floor,-1.3201320132013068,37.962714,0.0,-1.3201320132013068,,,2026-08-31T19:10:51.390917+00:00,,143
2026-08-31,NCRA,trail_activate+2_lock+2_distance2_floor-1,first,resting,STOP_LIMIT,2026-08-31T15:34:18+00:00,2026-08-31T17:09:10.091000+00:00,1788190800000,0,2026-08-31T16:06:00+00:00,2026-08-31T16:21:20.347000+00:00,3.05,,3.0195,3.1109999999999998,,,,2026-08-31T16:21:21.495450+00:00,2026-08-31T16:21:21.495672+00:00,3.01,floor,-1.3114754098360668,1.148672,0.0,-1.3114754098360668,,,2026-08-31T16:21:21.495450+00:00,,25
2026-08-31,NCRA,trail_activate+2_lock+2_distance2_floor-1,reclaim,resting,STOP_LIMIT,2026-08-31T17:14:30+00:00,,1788200460000,1788201300000,2026-08-31T18:38:00+00:00,2026-08-31T18:46:48.376000+00:00,3.05,,3.0195,3.1109999999999998,,,,2026-08-31T18:46:48.810968+00:00,2026-08-31T18:46:50.286744+00:00,3.03,floor,-0.6557377049180334,1.910744,0.0,-1.3114754098360668,,,2026-08-31T18:46:48.810968+00:00,,3
2026-08-31,NCRA,trail_activate+2_lock+2_distance2_floor-1,first,resting,STOP_LIMIT,2026-08-31T17:14:30+00:00,,1788202320000,0,2026-08-31T19:06:00+00:00,2026-08-31T19:10:13.429000+00:00,3.03,,2.9997,3.0906,,,,2026-08-31T19:10:51.390917+00:00,2026-08-31T19:10:51.391714+00:00,2.99,floor,-1.3201320132013068,37.962714,0.0,-1.3201320132013068,,,2026-08-31T19:10:51.390917+00:00,,143
2026-08-31,NCRA,trail_activate+1_lock+1_distance1_floor+0,first,resting,STOP_LIMIT,2026-08-31T15:34:18+00:00,2026-08-31T17:09:10.091000+00:00,1788190800000,0,2026-08-31T16:06:00+00:00,2026-08-31T16:21:20.347000+00:00,3.05,,3.05,3.0805,,,,2026-08-31T16:21:21.452119+00:00,2026-08-31T16:21:21.457743+00:00,3.04,floor,-0.32786885245900943,1.110743,0.0,-0.32786885245900943,,,,,2
2026-08-31,NCRA,trail_activate+1_lock+1_distance1_floor+0,reclaim,resting,STOP_LIMIT,2026-08-31T17:14:30+00:00,,1788200460000,1788201300000,2026-08-31T18:38:00+00:00,2026-08-31T18:46:48.376000+00:00,3.05,,3.05,3.0805,,,,2026-08-31T18:46:48.810361+00:00,2026-08-31T18:46:48.810968+00:00,3.01,floor,-1.3114754098360668,0.434968,0.0,-1.3114754098360668,,,2026-08-31T18:46:48.810968+00:00,,2
2026-08-31,NCRA,trail_activate+1_lock+1_distance1_floor+0,first,resting,STOP_LIMIT,2026-08-31T17:14:30+00:00,,1788202320000,0,2026-08-31T19:06:00+00:00,2026-08-31T19:10:13.429000+00:00,3.03,,3.03,3.0603,,,,2026-08-31T19:10:14.291995+00:00,2026-08-31T19:10:14.345012+00:00,3.0,floor,-0.9900990099009837,0.916012,0.0,-0.9900990099009837,,,,,2
2026-08-31,NCRA,trail_activate+1_lock+1_distance2_floor+0,first,resting,STOP_LIMIT,2026-08-31T15:34:18+00:00,2026-08-31T17:09:10.091000+00:00,1788190800000,0,2026-08-31T16:06:00+00:00,2026-08-31T16:21:20.347000+00:00,3.05,,3.05,3.0805,,,,2026-08-31T16:21:21.452119+00:00,2026-08-31T16:21:21.457743+00:00,3.04,floor,-0.32786885245900943,1.110743,0.0,-0.32786885245900943,,,,,2
2026-08-31,NCRA,trail_activate+1_lock+1_distance2_floor+0,reclaim,resting,STOP_LIMIT,2026-08-31T17:14:30+00:00,,1788200460000,1788201300000,2026-08-31T18:38:00+00:00,2026-08-31T18:46:48.376000+00:00,3.05,,3.05,3.0805,,,,2026-08-31T18:46:48.810361+00:00,2026-08-31T18:46:48.810968+00:00,3.01,floor,-1.3114754098360668,0.434968,0.0,-1.3114754098360668,,,2026-08-31T18:46:48.810968+00:00,,2
2026-08-31,NCRA,trail_activate+1_lock+1_distance2_floor+0,first,resting,STOP_LIMIT,2026-08-31T17:14:30+00:00,,1788202320000,0,2026-08-31T19:06:00+00:00,2026-08-31T19:10:13.429000+00:00,3.03,,3.03,3.0603,,,,2026-08-31T19:10:14.291995+00:00,2026-08-31T19:10:14.345012+00:00,3.0,floor,-0.9900990099009837,0.916012,0.0,-0.9900990099009837,,,,,2
2026-08-31,NCRA,trail_activate+2_lock+2_distance1_floor+0,first,resting,STOP_LIMIT,2026-08-31T15:34:18+00:00,2026-08-31T17:09:10.091000+00:00,1788190800000,0,2026-08-31T16:06:00+00:00,2026-08-31T16:21:20.347000+00:00,3.05,,3.05,3.1109999999999998,,,,2026-08-31T16:21:21.452119+00:00,2026-08-31T16:21:21.457743+00:00,3.04,floor,-0.32786885245900943,1.110743,0.0,-0.32786885245900943,,,,,2
2026-08-31,NCRA,trail_activate+2_lock+2_distance1_floor+0,reclaim,resting,STOP_LIMIT,2026-08-31T17:14:30+00:00,,1788200460000,1788201300000,2026-08-31T18:38:00+00:00,2026-08-31T18:46:48.376000+00:00,3.05,,3.05,3.1109999999999998,,,,2026-08-31T18:46:48.810361+00:00,2026-08-31T18:46:48.810968+00:00,3.01,floor,-1.3114754098360668,0.434968,0.0,-1.3114754098360668,,,2026-08-31T18:46:48.810968+00:00,,2
2026-08-31,NCRA,trail_activate+2_lock+2_distance1_floor+0,first,resting,STOP_LIMIT,2026-08-31T17:14:30+00:00,,1788202320000,0,2026-08-31T19:06:00+00:00,2026-08-31T19:10:13.429000+00:00,3.03,,3.03,3.0906,,,,2026-08-31T19:10:14.291995+00:00,2026-08-31T19:10:14.345012+00:00,3.0,floor,-0.9900990099009837,0.916012,0.0,-0.9900990099009837,,,,,2
2026-08-31,NCRA,trail_activate+2_lock+2_distance2_floor+0,first,resting,STOP_LIMIT,2026-08-31T15:34:18+00:00,2026-08-31T17:09:10.091000+00:00,1788190800000,0,2026-08-31T16:06:00+00:00,2026-08-31T16:21:20.347000+00:00,3.05,,3.05,3.1109999999999998,,,,2026-08-31T16:21:21.452119+00:00,2026-08-31T16:21:21.457743+00:00,3.04,floor,-0.32786885245900943,1.110743,0.0,-0.32786885245900943,,,,,2
2026-08-31,NCRA,trail_activate+2_lock+2_distance2_floor+0,reclaim,resting,STOP_LIMIT,2026-08-31T17:14:30+00:00,,1788200460000,1788201300000,2026-08-31T18:38:00+00:00,2026-08-31T18:46:48.376000+00:00,3.05,,3.05,3.1109999999999998,,,,2026-08-31T18:46:48.810361+00:00,2026-08-31T18:46:48.810968+00:00,3.01,floor,-1.3114754098360668,0.434968,0.0,-1.3114754098360668,,,2026-08-31T18:46:48.810968+00:00,,2
2026-08-31,NCRA,trail_activate+2_lock+2_distance2_floor+0,first,resting,STOP_LIMIT,2026-08-31T17:14:30+00:00,,1788202320000,0,2026-08-31T19:06:00+00:00,2026-08-31T19:10:13.429000+00:00,3.03,,3.03,3.0906,,,,2026-08-31T19:10:14.291995+00:00,2026-08-31T19:10:14.345012+00:00,3.0,floor,-0.9900990099009837,0.916012,0.0,-0.9900990099009837,,,,,2
2026-08-31,RDHL,trail_activate+1_lock+1_distance1_floor-1,first,resting,STOP_LIMIT,2026-08-31T11:41:31+00:00,2026-08-31T21:51:21.426000+00:00,1788184200000,0,2026-08-31T14:21:00+00:00,2026-08-31T14:30:06.403000+00:00,1.11,,1.0989,1.1211000000000002,,,,2026-08-31T14:30:06.438345+00:00,2026-08-31T14:30:06.466719+00:00,1.09,floor,-1.8018018018018032,0.063719,0.0,-1.8018018018018032,,,2026-08-31T14:30:06.438345+00:00,,2
2026-08-31,RDHL,trail_activate+1_lock+1_distance1_floor-1,reclaim,resting,STOP_LIMIT,2026-08-31T11:41:31+00:00,2026-08-31T21:51:21.426000+00:00,1788184200000,1788187140000,2026-08-31T14:42:00+00:00,2026-08-31T15:04:44.129000+00:00,1.13,,1.1186999999999998,1.1413,,,,2026-08-31T15:07:12.818218+00:00,2026-08-31T15:07:12.818792+00:00,1.11,floor,-1.7699115044247606,148.689792,0.8849557522123902,-1.7699115044247606,,,2026-08-31T15:07:12.818218+00:00,,622
2026-08-31,RDHL,trail_activate+1_lock+1_distance1_floor-1,first,resting,STOP_LIMIT,2026-08-31T11:41:31+00:00,2026-08-31T21:51:21.426000+00:00,1788190080000,0,2026-08-31T16:31:00+00:00,2026-08-31T16:35:19.736000+00:00,1.08,,1.0692000000000002,1.0908,,,,2026-08-31T16:35:22.515442+00:00,2026-08-31T16:35:22.516083+00:00,1.06,floor,-1.8518518518518534,2.780083,0.0,-1.8518518518518534,,,2026-08-31T16:35:22.515442+00:00,,10
2026-08-31,RDHL,trail_activate+1_lock+1_distance1_floor-1,first,resting,STOP_LIMIT,2026-08-31T11:41:31+00:00,2026-08-31T21:51:21.426000+00:00,1788198840000,0,2026-08-31T19:45:00+00:00,2026-08-31T19:47:29.456000+00:00,0.958,,0.9484199999999999,0.96758,,,,2026-08-31T19:47:55.399374+00:00,2026-08-31T19:47:55.399800+00:00,0.9406,floor,-1.8162839248434208,25.9438,0.0,-1.8162839248434208,,,2026-08-31T19:47:55.399374+00:00,,31
2026-08-31,RDHL,trail_activate+1_lock+1_distance2_floor-1,first,resting,STOP_LIMIT,2026-08-31T11:41:31+00:00,2026-08-31T21:51:21.426000+00:00,1788184200000,0,2026-08-31T14:21:00+00:00,2026-08-31T14:30:06.403000+00:00,1.11,,1.0989,1.1211000000000002,,,,2026-08-31T14:30:06.438345+00:00,2026-08-31T14:30:06.466719+00:00,1.09,floor,-1.8018018018018032,0.063719,0.0,-1.8018018018018032,,,2026-08-31T14:30:06.438345+00:00,,2
2026-08-31,RDHL,trail_activate+1_lock+1_distance2_floor-1,reclaim,resting,STOP_LIMIT,2026-08-31T11:41:31+00:00,2026-08-31T21:51:21.426000+00:00,1788184200000,1788187140000,2026-08-31T14:42:00+00:00,2026-08-31T15:04:44.129000+00:00,1.13,,1.1186999999999998,1.1413,,,,2026-08-31T15:07:12.818218+00:00,2026-08-31T15:07:12.818792+00:00,1.11,floor,-1.7699115044247606,148.689792,0.8849557522123902,-1.7699115044247606,,,2026-08-31T15:07:12.818218+00:00,,622
2026-08-31,RDHL,trail_activate+1_lock+1_distance2_floor-1,first,resting,STOP_LIMIT,2026-08-31T11:41:31+00:00,2026-08-31T21:51:21.426000+00:00,1788190080000,0,2026-08-31T16:31:00+00:00,2026-08-31T16:35:19.736000+00:00,1.08,,1.0692000000000002,1.0908,,,,2026-08-31T16:35:22.515442+00:00,2026-08-31T16:35:22.516083+00:00,1.06,floor,-1.8518518518518534,2.780083,0.0,-1.8518518518518534,,,2026-08-31T16:35:22.515442+00:00,,10
2026-08-31,RDHL,trail_activate+1_lock+1_distance2_floor-1,first,resting,STOP_LIMIT,2026-08-31T11:41:31+00:00,2026-08-31T21:51:21.426000+00:00,1788198840000,0,2026-08-31T19:45:00+00:00,2026-08-31T19:47:29.456000+00:00,0.958,,0.9484199999999999,0.96758,,,,2026-08-31T19:47:55.399374+00:00,2026-08-31T19:47:55.399800+00:00,0.9406,floor,-1.8162839248434208,25.9438,0.0,-1.8162839248434208,,,2026-08-31T19:47:55.399374+00:00,,31
2026-08-31,RDHL,trail_activate+2_lock+2_distance1_floor-1,first,resting,STOP_LIMIT,2026-08-31T11:41:31+00:00,2026-08-31T21:51:21.426000+00:00,1788184200000,0,2026-08-31T14:21:00+00:00,2026-08-31T14:30:06.403000+00:00,1.11,,1.0989,1.1322,,,,2026-08-31T14:30:06.438345+00:00,2026-08-31T14:30:06.466719+00:00,1.09,floor,-1.8018018018018032,0.063719,0.0,-1.8018018018018032,,,2026-08-31T14:30:06.438345+00:00,,2
2026-08-31,RDHL,trail_activate+2_lock+2_distance1_floor-1,reclaim,resting,STOP_LIMIT,2026-08-31T11:41:31+00:00,2026-08-31T21:51:21.426000+00:00,1788184200000,1788187140000,2026-08-31T14:42:00+00:00,2026-08-31T15:04:44.129000+00:00,1.13,,1.1186999999999998,1.1525999999999998,,,,2026-08-31T15:07:12.818218+00:00,2026-08-31T15:07:12.818792+00:00,1.11,floor,-1.7699115044247606,148.689792,0.8849557522123902,-1.7699115044247606,,,2026-08-31T15:07:12.818218+00:00,,622
2026-08-31,RDHL,trail_activate+2_lock+2_distance1_floor-1,first,resting,STOP_LIMIT,2026-08-31T11:41:31+00:00,2026-08-31T21:51:21.426000+00:00,1788190080000,0,2026-08-31T16:31:00+00:00,2026-08-31T16:35:19.736000+00:00,1.08,,1.0692000000000002,1.1016000000000001,,,,2026-08-31T16:35:22.515442+00:00,2026-08-31T16:35:22.516083+00:00,1.06,floor,-1.8518518518518534,2.780083,0.0,-1.8518518518518534,,,2026-08-31T16:35:22.515442+00:00,,10
2026-08-31,RDHL,trail_activate+2_lock+2_distance1_floor-1,first,resting,STOP_LIMIT,2026-08-31T11:41:31+00:00,2026-08-31T21:51:21.426000+00:00,1788198840000,0,2026-08-31T19:45:00+00:00,2026-08-31T19:47:29.456000+00:00,0.958,,0.9484199999999999,0.97716,,,,2026-08-31T19:47:55.399374+00:00,2026-08-31T19:47:55.399800+00:00,0.9406,floor,-1.8162839248434208,25.9438,0.0,-1.8162839248434208,,,2026-08-31T19:47:55.399374+00:00,,31
2026-08-31,RDHL,trail_activate+2_lock+2_distance2_floor-1,first,resting,STOP_LIMIT,2026-08-31T11:41:31+00:00,2026-08-31T21:51:21.426000+00:00,1788184200000,0,2026-08-31T14:21:00+00:00,2026-08-31T14:30:06.403000+00:00,1.11,,1.0989,1.1322,,,,2026-08-31T14:30:06.438345+00:00,2026-08-31T14:30:06.466719+00:00,1.09,floor,-1.8018018018018032,0.063719,0.0,-1.8018018018018032,,,2026-08-31T14:30:06.438345+00:00,,2
2026-08-31,RDHL,trail_activate+2_lock+2_distance2_floor-1,reclaim,resting,STOP_LIMIT,2026-08-31T11:41:31+00:00,2026-08-31T21:51:21.426000+00:00,1788184200000,1788187140000,2026-08-31T14:42:00+00:00,2026-08-31T15:04:44.129000+00:00,1.13,,1.1186999999999998,1.1525999999999998,,,,2026-08-31T15:07:12.818218+00:00,2026-08-31T15:07:12.818792+00:00,1.11,floor,-1.7699115044247606,148.689792,0.8849557522123902,-1.7699115044247606,,,2026-08-31T15:07:12.818218+00:00,,622
2026-08-31,RDHL,trail_activate+2_lock+2_distance2_floor-1,first,resting,STOP_LIMIT,2026-08-31T11:41:31+00:00,2026-08-31T21:51:21.426000+00:00,1788190080000,0,2026-08-31T16:31:00+00:00,2026-08-31T16:35:19.736000+00:00,1.08,,1.0692000000000002,1.1016000000000001,,,,2026-08-31T16:35:22.515442+00:00,2026-08-31T16:35:22.516083+00:00,1.06,floor,-1.8518518518518534,2.780083,0.0,-1.8518518518518534,,,2026-08-31T16:35:22.515442+00:00,,10
2026-08-31,RDHL,trail_activate+2_lock+2_distance2_floor-1,first,resting,STOP_LIMIT,2026-08-31T11:41:31+00:00,2026-08-31T21:51:21.426000+00:00,1788198840000,0,2026-08-31T19:45:00+00:00,2026-08-31T19:47:29.456000+00:00,0.958,,0.9484199999999999,0.97716,,,,2026-08-31T19:47:55.399374+00:00,2026-08-31T19:47:55.399800+00:00,0.9406,floor,-1.8162839248434208,25.9438,0.0,-1.8162839248434208,,,2026-08-31T19:47:55.399374+00:00,,31
2026-08-31,RDHL,trail_activate+1_lock+1_distance1_floor+0,first,resting,STOP_LIMIT,2026-08-31T11:41:31+00:00,2026-08-31T21:51:21.426000+00:00,1788184200000,0,2026-08-31T14:21:00+00:00,2026-08-31T14:30:06.403000+00:00,1.11,,1.11,1.1211000000000002,,,,2026-08-31T14:30:06.438345+00:00,2026-08-31T14:30:06.466719+00:00,1.09,floor,-1.8018018018018032,0.063719,0.0,-1.8018018018018032,,,2026-08-31T14:30:06.438345+00:00,,2
2026-08-31,RDHL,trail_activate+1_lock+1_distance1_floor+0,reclaim,resting,STOP_LIMIT,2026-08-31T11:41:31+00:00,2026-08-31T21:51:21.426000+00:00,1788184200000,1788187140000,2026-08-31T14:42:00+00:00,2026-08-31T15:04:44.129000+00:00,1.13,,1.13,1.1413,,,,2026-08-31T15:04:44.592677+00:00,2026-08-31T15:04:46.175422+00:00,1.12,floor,-0.8849557522123707,2.046422,0.0,-0.8849557522123707,,,,,2
2026-08-31,RDHL,trail_activate+1_lock+1_distance1_floor+0,first,resting,STOP_LIMIT,2026-08-31T11:41:31+00:00,2026-08-31T21:51:21.426000+00:00,1788190080000,0,2026-08-31T16:31:00+00:00,2026-08-31T16:35:19.736000+00:00,1.08,,1.08,1.0908,,,,2026-08-31T16:35:20.505213+00:00,2026-08-31T16:35:20.977527+00:00,1.07,floor,-0.9259259259259267,1.241527,0.0,-0.9259259259259267,,,,,2
2026-08-31,RDHL,trail_activate+1_lock+1_distance1_floor+0,first,resting,STOP_LIMIT,2026-08-31T11:41:31+00:00,2026-08-31T21:51:21.426000+00:00,1788198840000,0,2026-08-31T19:45:00+00:00,2026-08-31T19:47:29.456000+00:00,0.958,,0.958,0.96758,,,,2026-08-31T19:47:30.688194+00:00,2026-08-31T19:47:32.617952+00:00,0.9502,floor,-0.8141962421711814,3.161952,0.0,-0.8141962421711814,,,,,2
2026-08-31,RDHL,trail_activate+1_lock+1_distance2_floor+0,first,resting,STOP_LIMIT,2026-08-31T11:41:31+00:00,2026-08-31T21:51:21.426000+00:00,1788184200000,0,2026-08-31T14:21:00+00:00,2026-08-31T14:30:06.403000+00:00,1.11,,1.11,1.1211000000000002,,,,2026-08-31T14:30:06.438345+00:00,2026-08-31T14:30:06.466719+00:00,1.09,floor,-1.8018018018018032,0.063719,0.0,-1.8018018018018032,,,2026-08-31T14:30:06.438345+00:00,,2
2026-08-31,RDHL,trail_activate+1_lock+1_distance2_floor+0,reclaim,resting,STOP_LIMIT,2026-08-31T11:41:31+00:00,2026-08-31T21:51:21.426000+00:00,1788184200000,1788187140000,2026-08-31T14:42:00+00:00,2026-08-31T15:04:44.129000+00:00,1.13,,1.13,1.1413,,,,2026-08-31T15:04:44.592677+00:00,2026-08-31T15:04:46.175422+00:00,1.12,floor,-0.8849557522123707,2.046422,0.0,-0.8849557522123707,,,,,2
2026-08-31,RDHL,trail_activate+1_lock+1_distance2_floor+0,first,resting,STOP_LIMIT,2026-08-31T11:41:31+00:00,2026-08-31T21:51:21.426000+00:00,1788190080000,0,2026-08-31T16:31:00+00:00,2026-08-31T16:35:19.736000+00:00,1.08,,1.08,1.0908,,,,2026-08-31T16:35:20.505213+00:00,2026-08-31T16:35:20.977527+00:00,1.07,floor,-0.9259259259259267,1.241527,0.0,-0.9259259259259267,,,,,2
2026-08-31,RDHL,trail_activate+1_lock+1_distance2_floor+0,first,resting,STOP_LIMIT,2026-08-31T11:41:31+00:00,2026-08-31T21:51:21.426000+00:00,1788198840000,0,2026-08-31T19:45:00+00:00,2026-08-31T19:47:29.456000+00:00,0.958,,0.958,0.96758,,,,2026-08-31T19:47:30.688194+00:00,2026-08-31T19:47:32.617952+00:00,0.9502,floor,-0.8141962421711814,3.161952,0.0,-0.8141962421711814,,,,,2
2026-08-31,RDHL,trail_activate+2_lock+2_distance1_floor+0,first,resting,STOP_LIMIT,2026-08-31T11:41:31+00:00,2026-08-31T21:51:21.426000+00:00,1788184200000,0,2026-08-31T14:21:00+00:00,2026-08-31T14:30:06.403000+00:00,1.11,,1.11,1.1322,,,,2026-08-31T14:30:06.438345+00:00,2026-08-31T14:30:06.466719+00:00,1.09,floor,-1.8018018018018032,0.063719,0.0,-1.8018018018018032,,,2026-08-31T14:30:06.438345+00:00,,2
2026-08-31,RDHL,trail_activate+2_lock+2_distance1_floor+0,reclaim,resting,STOP_LIMIT,2026-08-31T11:41:31+00:00,2026-08-31T21:51:21.426000+00:00,1788184200000,1788187140000,2026-08-31T14:42:00+00:00,2026-08-31T15:04:44.129000+00:00,1.13,,1.13,1.1525999999999998,,,,2026-08-31T15:04:44.592677+00:00,2026-08-31T15:04:46.175422+00:00,1.12,floor,-0.8849557522123707,2.046422,0.0,-0.8849557522123707,,,,,2
2026-08-31,RDHL,trail_activate+2_lock+2_distance1_floor+0,first,resting,STOP_LIMIT,2026-08-31T11:41:31+00:00,2026-08-31T21:51:21.426000+00:00,1788190080000,0,2026-08-31T16:31:00+00:00,2026-08-31T16:35:19.736000+00:00,1.08,,1.08,1.1016000000000001,,,,2026-08-31T16:35:20.505213+00:00,2026-08-31T16:35:20.977527+00:00,1.07,floor,-0.9259259259259267,1.241527,0.0,-0.9259259259259267,,,,,2
2026-08-31,RDHL,trail_activate+2_lock+2_distance1_floor+0,first,resting,STOP_LIMIT,2026-08-31T11:41:31+00:00,2026-08-31T21:51:21.426000+00:00,1788198840000,0,2026-08-31T19:45:00+00:00,2026-08-31T19:47:29.456000+00:00,0.958,,0.958,0.97716,,,,2026-08-31T19:47:30.688194+00:00,2026-08-31T19:47:32.617952+00:00,0.9502,floor,-0.8141962421711814,3.161952,0.0,-0.8141962421711814,,,,,2
2026-08-31,RDHL,trail_activate+2_lock+2_distance2_floor+0,first,resting,STOP_LIMIT,2026-08-31T11:41:31+00:00,2026-08-31T21:51:21.426000+00:00,1788184200000,0,2026-08-31T14:21:00+00:00,2026-08-31T14:30:06.403000+00:00,1.11,,1.11,1.1322,,,,2026-08-31T14:30:06.438345+00:00,2026-08-31T14:30:06.466719+00:00,1.09,floor,-1.8018018018018032,0.063719,0.0,-1.8018018018018032,,,2026-08-31T14:30:06.438345+00:00,,2
2026-08-31,RDHL,trail_activate+2_lock+2_distance2_floor+0,reclaim,resting,STOP_LIMIT,2026-08-31T11:41:31+00:00,2026-08-31T21:51:21.426000+00:00,1788184200000,1788187140000,2026-08-31T14:42:00+00:00,2026-08-31T15:04:44.129000+00:00,1.13,,1.13,1.1525999999999998,,,,2026-08-31T15:04:44.592677+00:00,2026-08-31T15:04:46.175422+00:00,1.12,floor,-0.8849557522123707,2.046422,0.0,-0.8849557522123707,,,,,2
2026-08-31,RDHL,trail_activate+2_lock+2_distance2_floor+0,first,resting,STOP_LIMIT,2026-08-31T11:41:31+00:00,2026-08-31T21:51:21.426000+00:00,1788190080000,0,2026-08-31T16:31:00+00:00,2026-08-31T16:35:19.736000+00:00,1.08,,1.08,1.1016000000000001,,,,2026-08-31T16:35:20.505213+00:00,2026-08-31T16:35:20.977527+00:00,1.07,floor,-0.9259259259259267,1.241527,0.0,-0.9259259259259267,,,,,2
2026-08-31,RDHL,trail_activate+2_lock+2_distance2_floor+0,first,resting,STOP_LIMIT,2026-08-31T11:41:31+00:00,2026-08-31T21:51:21.426000+00:00,1788198840000,0,2026-08-31T19:45:00+00:00,2026-08-31T19:47:29.456000+00:00,0.958,,0.958,0.97716,,,,2026-08-31T19:47:30.688194+00:00,2026-08-31T19:47:32.617952+00:00,0.9502,floor,-0.8141962421711814,3.161952,0.0,-0.8141962421711814,,,,,2
2026-08-31,WETO,trail_activate+1_lock+1_distance1_floor-1,first,resting,STOP_LIMIT,2026-08-31T13:34:44+00:00,2026-08-31T19:37:17.277000+00:00,1788189540000,0,2026-08-31T15:26:00+00:00,2026-08-31T15:30:11.002000+00:00,12.7,,12.572999999999999,12.827,,,,2026-08-31T15:30:17.133520+00:00,2026-08-31T15:30:17.144831+00:00,12.57,floor,-1.0236220472440867,6.142831,0.0,-1.0236220472440867,,,2026-08-31T15:30:17.133520+00:00,,52
2026-08-31,WETO,trail_activate+1_lock+1_distance1_floor-1,first,resting,STOP_LIMIT,2026-08-31T13:34:44+00:00,2026-08-31T19:37:17.277000+00:00,1788194040000,0,2026-08-31T16:35:00+00:00,2026-08-31T16:46:07.319000+00:00,10.3,,10.197000000000001,10.403,,,,2026-08-31T16:46:11.020049+00:00,2026-08-31T16:46:11.020452+00:00,10.17,floor,-1.2621359223301047,3.701452,0.0,-1.2621359223301047,,,2026-08-31T16:46:11.020049+00:00,,23
2026-08-31,WETO,trail_activate+1_lock+1_distance1_floor-1,reclaim,resting,STOP_LIMIT,2026-08-31T13:34:44+00:00,2026-08-31T19:37:17.277000+00:00,1788194040000,1788194760000,2026-08-31T16:49:00+00:00,2026-08-31T16:49:08.164000+00:00,10.9,,10.791,11.009,2026-08-31T16:49:18.433308+00:00,11.05,11.009,2026-08-31T16:49:18.433460+00:00,2026-08-31T16:49:18.433609+00:00,10.97,trail,0.6422018348623879,10.269609,1.376146788990829,-0.733944954128441,2026-08-31T16:49:18.433308+00:00,,,,59
2026-08-31,WETO,trail_activate+1_lock+1_distance1_floor-1,first,resting,STOP_LIMIT,2026-08-31T13:34:44+00:00,2026-08-31T19:37:17.277000+00:00,1788197220000,0,2026-08-31T17:47:00+00:00,2026-08-31T17:47:23.599000+00:00,10.85,,10.7415,10.958499999999999,,,,2026-08-31T17:47:47.356272+00:00,2026-08-31T17:47:47.356438+00:00,10.73,floor,-1.1059907834101312,23.757438,0.09216589861750955,-1.1059907834101312,,,2026-08-31T17:47:47.356272+00:00,,114
2026-08-31,WETO,trail_activate+1_lock+1_distance2_floor-1,first,resting,STOP_LIMIT,2026-08-31T13:34:44+00:00,2026-08-31T19:37:17.277000+00:00,1788189540000,0,2026-08-31T15:26:00+00:00,2026-08-31T15:30:11.002000+00:00,12.7,,12.572999999999999,12.827,,,,2026-08-31T15:30:17.133520+00:00,2026-08-31T15:30:17.144831+00:00,12.57,floor,-1.0236220472440867,6.142831,0.0,-1.0236220472440867,,,2026-08-31T15:30:17.133520+00:00,,52
2026-08-31,WETO,trail_activate+1_lock+1_distance2_floor-1,first,resting,STOP_LIMIT,2026-08-31T13:34:44+00:00,2026-08-31T19:37:17.277000+00:00,1788194040000,0,2026-08-31T16:35:00+00:00,2026-08-31T16:46:07.319000+00:00,10.3,,10.197000000000001,10.403,,,,2026-08-31T16:46:11.020049+00:00,2026-08-31T16:46:11.020452+00:00,10.17,floor,-1.2621359223301047,3.701452,0.0,-1.2621359223301047,,,2026-08-31T16:46:11.020049+00:00,,23
2026-08-31,WETO,trail_activate+1_lock+1_distance2_floor-1,reclaim,resting,STOP_LIMIT,2026-08-31T13:34:44+00:00,2026-08-31T19:37:17.277000+00:00,1788194040000,1788194760000,2026-08-31T16:49:00+00:00,2026-08-31T16:49:08.164000+00:00,10.9,,10.791,11.009,2026-08-31T16:49:18.433308+00:00,11.05,11.009,2026-08-31T16:49:18.433460+00:00,2026-08-31T16:49:18.433609+00:00,10.97,trail,0.6422018348623879,10.269609,1.376146788990829,-0.733944954128441,2026-08-31T16:49:18.433308+00:00,,,,59
2026-08-31,WETO,trail_activate+1_lock+1_distance2_floor-1,first,resting,STOP_LIMIT,2026-08-31T13:34:44+00:00,2026-08-31T19:37:17.277000+00:00,1788197220000,0,2026-08-31T17:47:00+00:00,2026-08-31T17:47:23.599000+00:00,10.85,,10.7415,10.958499999999999,,,,2026-08-31T17:47:47.356272+00:00,2026-08-31T17:47:47.356438+00:00,10.73,floor,-1.1059907834101312,23.757438,0.09216589861750955,-1.1059907834101312,,,2026-08-31T17:47:47.356272+00:00,,114
2026-08-31,WETO,trail_activate+2_lock+2_distance1_floor-1,first,resting,STOP_LIMIT,2026-08-31T13:34:44+00:00,2026-08-31T19:37:17.277000+00:00,1788189540000,0,2026-08-31T15:26:00+00:00,2026-08-31T15:30:11.002000+00:00,12.7,,12.572999999999999,12.953999999999999,,,,2026-08-31T15:30:17.133520+00:00,2026-08-31T15:30:17.144831+00:00,12.57,floor,-1.0236220472440867,6.142831,0.0,-1.0236220472440867,,,2026-08-31T15:30:17.133520+00:00,,52
2026-08-31,WETO,trail_activate+2_lock+2_distance1_floor-1,first,resting,STOP_LIMIT,2026-08-31T13:34:44+00:00,2026-08-31T19:37:17.277000+00:00,1788194040000,0,2026-08-31T16:35:00+00:00,2026-08-31T16:46:07.319000+00:00,10.3,,10.197000000000001,10.506,,,,2026-08-31T16:46:11.020049+00:00,2026-08-31T16:46:11.020452+00:00,10.17,floor,-1.2621359223301047,3.701452,0.0,-1.2621359223301047,,,2026-08-31T16:46:11.020049+00:00,,23
2026-08-31,WETO,trail_activate+2_lock+2_distance1_floor-1,reclaim,resting,STOP_LIMIT,2026-08-31T13:34:44+00:00,2026-08-31T19:37:17.277000+00:00,1788194040000,1788194760000,2026-08-31T16:49:00+00:00,2026-08-31T16:49:08.164000+00:00,10.9,,10.791,11.118,,,,2026-08-31T16:49:34.802843+00:00,2026-08-31T16:49:34.803022+00:00,10.77,floor,-1.1926605504587229,26.639022,1.651376146788988,-1.1926605504587229,2026-08-31T16:49:18.433308+00:00,,2026-08-31T16:49:34.802843+00:00,,172
2026-08-31,WETO,trail_activate+2_lock+2_distance1_floor-1,first,resting,STOP_LIMIT,2026-08-31T13:34:44+00:00,2026-08-31T19:37:17.277000+00:00,1788197220000,0,2026-08-31T17:47:00+00:00,2026-08-31T17:47:23.599000+00:00,10.85,,10.7415,11.067,,,,2026-08-31T17:47:47.356272+00:00,2026-08-31T17:47:47.356438+00:00,10.73,floor,-1.1059907834101312,23.757438,0.09216589861750955,-1.1059907834101312,,,2026-08-31T17:47:47.356272+00:00,,114
2026-08-31,WETO,trail_activate+2_lock+2_distance2_floor-1,first,resting,STOP_LIMIT,2026-08-31T13:34:44+00:00,2026-08-31T19:37:17.277000+00:00,1788189540000,0,2026-08-31T15:26:00+00:00,2026-08-31T15:30:11.002000+00:00,12.7,,12.572999999999999,12.953999999999999,,,,2026-08-31T15:30:17.133520+00:00,2026-08-31T15:30:17.144831+00:00,12.57,floor,-1.0236220472440867,6.142831,0.0,-1.0236220472440867,,,2026-08-31T15:30:17.133520+00:00,,52
2026-08-31,WETO,trail_activate+2_lock+2_distance2_floor-1,first,resting,STOP_LIMIT,2026-08-31T13:34:44+00:00,2026-08-31T19:37:17.277000+00:00,1788194040000,0,2026-08-31T16:35:00+00:00,2026-08-31T16:46:07.319000+00:00,10.3,,10.197000000000001,10.506,,,,2026-08-31T16:46:11.020049+00:00,2026-08-31T16:46:11.020452+00:00,10.17,floor,-1.2621359223301047,3.701452,0.0,-1.2621359223301047,,,2026-08-31T16:46:11.020049+00:00,,23
2026-08-31,WETO,trail_activate+2_lock+2_distance2_floor-1,reclaim,resting,STOP_LIMIT,2026-08-31T13:34:44+00:00,2026-08-31T19:37:17.277000+00:00,1788194040000,1788194760000,2026-08-31T16:49:00+00:00,2026-08-31T16:49:08.164000+00:00,10.9,,10.791,11.118,,,,2026-08-31T16:49:34.802843+00:00,2026-08-31T16:49:34.803022+00:00,10.77,floor,-1.1926605504587229,26.639022,1.651376146788988,-1.1926605504587229,2026-08-31T16:49:18.433308+00:00,,2026-08-31T16:49:34.802843+00:00,,172
2026-08-31,WETO,trail_activate+2_lock+2_distance2_floor-1,first,resting,STOP_LIMIT,2026-08-31T13:34:44+00:00,2026-08-31T19:37:17.277000+00:00,1788197220000,0,2026-08-31T17:47:00+00:00,2026-08-31T17:47:23.599000+00:00,10.85,,10.7415,11.067,,,,2026-08-31T17:47:47.356272+00:00,2026-08-31T17:47:47.356438+00:00,10.73,floor,-1.1059907834101312,23.757438,0.09216589861750955,-1.1059907834101312,,,2026-08-31T17:47:47.356272+00:00,,114
2026-08-31,WETO,trail_activate+1_lock+1_distance1_floor+0,first,resting,STOP_LIMIT,2026-08-31T13:34:44+00:00,2026-08-31T19:37:17.277000+00:00,1788189540000,0,2026-08-31T15:26:00+00:00,2026-08-31T15:30:11.002000+00:00,12.7,,12.7,12.827,,,,2026-08-31T15:30:11.173627+00:00,2026-08-31T15:30:11.177131+00:00,12.64,floor,-0.4724409448818797,0.175131,0.0,-0.4724409448818797,,,,,2
2026-08-31,WETO,trail_activate+1_lock+1_distance1_floor+0,first,resting,STOP_LIMIT,2026-08-31T13:34:44+00:00,2026-08-31T19:37:17.277000+00:00,1788194040000,0,2026-08-31T16:35:00+00:00,2026-08-31T16:46:07.319000+00:00,10.3,,10.3,10.403,,,,2026-08-31T16:46:07.683849+00:00,2026-08-31T16:46:07.775345+00:00,10.25,floor,-0.4854368932038904,0.456345,0.0,-0.7766990291262142,,,,,2
2026-08-31,WETO,trail_activate+1_lock+1_distance1_floor+0,reclaim,resting,STOP_LIMIT,2026-08-31T13:34:44+00:00,2026-08-31T19:37:17.277000+00:00,1788194040000,1788194760000,2026-08-31T16:49:00+00:00,2026-08-31T16:49:08.164000+00:00,10.9,,10.9,11.009,,,,2026-08-31T16:49:08.534766+00:00,2026-08-31T16:49:08.662444+00:00,10.82,floor,-0.733944954128441,0.498444,0.0,-0.733944954128441,,,,,2
2026-08-31,WETO,trail_activate+1_lock+1_distance1_floor+0,first,resting,STOP_LIMIT,2026-08-31T13:34:44+00:00,2026-08-31T19:37:17.277000+00:00,1788197220000,0,2026-08-31T17:47:00+00:00,2026-08-31T17:47:23.599000+00:00,10.85,,10.85,10.958499999999999,,,,2026-08-31T17:47:23.700966+00:00,2026-08-31T17:47:24.670774+00:00,10.8,floor,-0.4608294930875478,1.071774,0.0,-0.4608294930875478,,,,,2
2026-08-31,WETO,trail_activate+1_lock+1_distance2_floor+0,first,resting,STOP_LIMIT,2026-08-31T13:34:44+00:00,2026-08-31T19:37:17.277000+00:00,1788189540000,0,2026-08-31T15:26:00+00:00,2026-08-31T15:30:11.002000+00:00,12.7,,12.7,12.827,,,,2026-08-31T15:30:11.173627+00:00,2026-08-31T15:30:11.177131+00:00,12.64,floor,-0.4724409448818797,0.175131,0.0,-0.4724409448818797,,,,,2
2026-08-31,WETO,trail_activate+1_lock+1_distance2_floor+0,first,resting,STOP_LIMIT,2026-08-31T13:34:44+00:00,2026-08-31T19:37:17.277000+00:00,1788194040000,0,2026-08-31T16:35:00+00:00,2026-08-31T16:46:07.319000+00:00,10.3,,10.3,10.403,,,,2026-08-31T16:46:07.683849+00:00,2026-08-31T16:46:07.775345+00:00,10.25,floor,-0.4854368932038904,0.456345,0.0,-0.7766990291262142,,,,,2
2026-08-31,WETO,trail_activate+1_lock+1_distance2_floor+0,reclaim,resting,STOP_LIMIT,2026-08-31T13:34:44+00:00,2026-08-31T19:37:17.277000+00:00,1788194040000,1788194760000,2026-08-31T16:49:00+00:00,2026-08-31T16:49:08.164000+00:00,10.9,,10.9,11.009,,,,2026-08-31T16:49:08.534766+00:00,2026-08-31T16:49:08.662444+00:00,10.82,floor,-0.733944954128441,0.498444,0.0,-0.733944954128441,,,,,2
2026-08-31,WETO,trail_activate+1_lock+1_distance2_floor+0,first,resting,STOP_LIMIT,2026-08-31T13:34:44+00:00,2026-08-31T19:37:17.277000+00:00,1788197220000,0,2026-08-31T17:47:00+00:00,2026-08-31T17:47:23.599000+00:00,10.85,,10.85,10.958499999999999,,,,2026-08-31T17:47:23.700966+00:00,2026-08-31T17:47:24.670774+00:00,10.8,floor,-0.4608294930875478,1.071774,0.0,-0.4608294930875478,,,,,2
2026-08-31,WETO,trail_activate+2_lock+2_distance1_floor+0,first,resting,STOP_LIMIT,2026-08-31T13:34:44+00:00,2026-08-31T19:37:17.277000+00:00,1788189540000,0,2026-08-31T15:26:00+00:00,2026-08-31T15:30:11.002000+00:00,12.7,,12.7,12.953999999999999,,,,2026-08-31T15:30:11.173627+00:00,2026-08-31T15:30:11.177131+00:00,12.64,floor,-0.4724409448818797,0.175131,0.0,-0.4724409448818797,,,,,2
2026-08-31,WETO,trail_activate+2_lock+2_distance1_floor+0,first,resting,STOP_LIMIT,2026-08-31T13:34:44+00:00,2026-08-31T19:37:17.277000+00:00,1788194040000,0,2026-08-31T16:35:00+00:00,2026-08-31T16:46:07.319000+00:00,10.3,,10.3,10.506,,,,2026-08-31T16:46:07.683849+00:00,2026-08-31T16:46:07.775345+00:00,10.25,floor,-0.4854368932038904,0.456345,0.0,-0.7766990291262142,,,,,2
2026-08-31,WETO,trail_activate+2_lock+2_distance1_floor+0,reclaim,resting,STOP_LIMIT,2026-08-31T13:34:44+00:00,2026-08-31T19:37:17.277000+00:00,1788194040000,1788194760000,2026-08-31T16:49:00+00:00,2026-08-31T16:49:08.164000+00:00,10.9,,10.9,11.118,,,,2026-08-31T16:49:08.534766+00:00,2026-08-31T16:49:08.662444+00:00,10.82,floor,-0.733944954128441,0.498444,0.0,-0.733944954128441,,,,,2
2026-08-31,WETO,trail_activate+2_lock+2_distance1_floor+0,first,resting,STOP_LIMIT,2026-08-31T13:34:44+00:00,2026-08-31T19:37:17.277000+00:00,1788197220000,0,2026-08-31T17:47:00+00:00,2026-08-31T17:47:23.599000+00:00,10.85,,10.85,11.067,,,,2026-08-31T17:47:23.700966+00:00,2026-08-31T17:47:24.670774+00:00,10.8,floor,-0.4608294930875478,1.071774,0.0,-0.4608294930875478,,,,,2
2026-08-31,WETO,trail_activate+2_lock+2_distance2_floor+0,first,resting,STOP_LIMIT,2026-08-31T13:34:44+00:00,2026-08-31T19:37:17.277000+00:00,1788189540000,0,2026-08-31T15:26:00+00:00,2026-08-31T15:30:11.002000+00:00,12.7,,12.7,12.953999999999999,,,,2026-08-31T15:30:11.173627+00:00,2026-08-31T15:30:11.177131+00:00,12.64,floor,-0.4724409448818797,0.175131,0.0,-0.4724409448818797,,,,,2
2026-08-31,WETO,trail_activate+2_lock+2_distance2_floor+0,first,resting,STOP_LIMIT,2026-08-31T13:34:44+00:00,2026-08-31T19:37:17.277000+00:00,1788194040000,0,2026-08-31T16:35:00+00:00,2026-08-31T16:46:07.319000+00:00,10.3,,10.3,10.506,,,,2026-08-31T16:46:07.683849+00:00,2026-08-31T16:46:07.775345+00:00,10.25,floor,-0.4854368932038904,0.456345,0.0,-0.7766990291262142,,,,,2
2026-08-31,WETO,trail_activate+2_lock+2_distance2_floor+0,reclaim,resting,STOP_LIMIT,2026-08-31T13:34:44+00:00,2026-08-31T19:37:17.277000+00:00,1788194040000,1788194760000,2026-08-31T16:49:00+00:00,2026-08-31T16:49:08.164000+00:00,10.9,,10.9,11.118,,,,2026-08-31T16:49:08.534766+00:00,2026-08-31T16:49:08.662444+00:00,10.82,floor,-0.733944954128441,0.498444,0.0,-0.733944954128441,,,,,2
2026-08-31,WETO,trail_activate+2_lock+2_distance2_floor+0,first,resting,STOP_LIMIT,2026-08-31T13:34:44+00:00,2026-08-31T19:37:17.277000+00:00,1788197220000,0,2026-08-31T17:47:00+00:00,2026-08-31T17:47:23.599000+00:00,10.85,,10.85,11.067,,,,2026-08-31T17:47:23.700966+00:00,2026-08-31T17:47:24.670774+00:00,10.8,floor,-0.4608294930875478,1.071774,0.0,-0.4608294930875478,,,,,2
2026-08-31,YDDL,trail_activate+1_lock+1_distance1_floor-1,reclaim,reactive,limit,2026-08-31T09:28:39+00:00,2026-08-31T14:57:57.973000+00:00,1788178260000,1788178260000,2026-08-31T12:19:05.799000+00:00,2026-08-31T12:19:05.799000+00:00,2.44,,2.4156,2.4644,,,,2026-08-31T12:19:08.438004+00:00,2026-08-31T12:19:08.438228+00:00,2.42,floor,-0.8196721311475417,2.639228,0.0,-1.2295081967213035,,,2026-08-31T12:19:08.438004+00:00,,17
2026-08-31,YDDL,trail_activate+1_lock+1_distance1_floor-1,first,resting,STOP_LIMIT,2026-08-31T09:28:39+00:00,2026-08-31T14:57:57.973000+00:00,1788183060000,0,2026-08-31T13:32:00+00:00,2026-08-31T13:34:23.180000+00:00,2.49,,2.4651,2.5149000000000004,2026-08-31T13:34:26.907908+00:00,2.54,2.5149000000000004,2026-08-31T13:34:26.952839+00:00,2026-08-31T13:34:26.953739+00:00,2.51,trail,0.8032128514056053,3.773739,2.0080321285140488,-0.4016064257028205,2026-08-31T13:34:26.907908+00:00,2026-08-31T13:34:26.927768+00:00,,,110
2026-08-31,YDDL,trail_activate+1_lock+1_distance1_floor-1,first,resting,STOP_LIMIT,2026-08-31T09:28:39+00:00,2026-08-31T14:57:57.973000+00:00,1788184620000,0,2026-08-31T14:21:00+00:00,2026-08-31T14:29:32.217000+00:00,2.44,,2.4156,2.4644,,,,2026-08-31T14:30:03.362775+00:00,2026-08-31T14:30:03.363075+00:00,2.41,floor,-1.2295081967213035,31.146075,0.0,-1.2295081967213035,,,2026-08-31T14:30:03.362775+00:00,,59
2026-08-31,YDDL,trail_activate+1_lock+1_distance1_floor-1,first,resting,STOP_LIMIT,2026-08-31T18:36:26+00:00,2026-08-31T20:12:00.931000+00:00,1788202320000,0,2026-08-31T19:10:00+00:00,2026-08-31T19:10:02.339000+00:00,2.27,,2.2473,2.2927,,,,2026-08-31T19:10:21.283902+00:00,2026-08-31T19:10:21.295385+00:00,2.25,floor,-0.8810572687224677,18.956385,0.0,-1.3215859030836918,,,2026-08-31T19:10:21.283902+00:00,,36
2026-08-31,YDDL,trail_activate+1_lock+1_distance2_floor-1,reclaim,reactive,limit,2026-08-31T09:28:39+00:00,2026-08-31T14:57:57.973000+00:00,1788178260000,1788178260000,2026-08-31T12:19:05.799000+00:00,2026-08-31T12:19:05.799000+00:00,2.44,,2.4156,2.4644,,,,2026-08-31T12:19:08.438004+00:00,2026-08-31T12:19:08.438228+00:00,2.42,floor,-0.8196721311475417,2.639228,0.0,-1.2295081967213035,,,2026-08-31T12:19:08.438004+00:00,,17
2026-08-31,YDDL,trail_activate+1_lock+1_distance2_floor-1,first,resting,STOP_LIMIT,2026-08-31T09:28:39+00:00,2026-08-31T14:57:57.973000+00:00,1788183060000,0,2026-08-31T13:32:00+00:00,2026-08-31T13:34:23.180000+00:00,2.49,,2.4651,2.5149000000000004,2026-08-31T13:34:26.907908+00:00,2.54,2.5149000000000004,2026-08-31T13:34:26.952839+00:00,2026-08-31T13:34:26.953739+00:00,2.51,trail,0.8032128514056053,3.773739,2.0080321285140488,-0.4016064257028205,2026-08-31T13:34:26.907908+00:00,2026-08-31T13:34:26.927768+00:00,,,110
2026-08-31,YDDL,trail_activate+1_lock+1_distance2_floor-1,first,resting,STOP_LIMIT,2026-08-31T09:28:39+00:00,2026-08-31T14:57:57.973000+00:00,1788184620000,0,2026-08-31T14:21:00+00:00,2026-08-31T14:29:32.217000+00:00,2.44,,2.4156,2.4644,,,,2026-08-31T14:30:03.362775+00:00,2026-08-31T14:30:03.363075+00:00,2.41,floor,-1.2295081967213035,31.146075,0.0,-1.2295081967213035,,,2026-08-31T14:30:03.362775+00:00,,59
2026-08-31,YDDL,trail_activate+1_lock+1_distance2_floor-1,first,resting,STOP_LIMIT,2026-08-31T18:36:26+00:00,2026-08-31T20:12:00.931000+00:00,1788202320000,0,2026-08-31T19:10:00+00:00,2026-08-31T19:10:02.339000+00:00,2.27,,2.2473,2.2927,,,,2026-08-31T19:10:21.283902+00:00,2026-08-31T19:10:21.295385+00:00,2.25,floor,-0.8810572687224677,18.956385,0.0,-1.3215859030836918,,,2026-08-31T19:10:21.283902+00:00,,36
2026-08-31,YDDL,trail_activate+2_lock+2_distance1_floor-1,reclaim,reactive,limit,2026-08-31T09:28:39+00:00,2026-08-31T14:57:57.973000+00:00,1788178260000,1788178260000,2026-08-31T12:19:05.799000+00:00,2026-08-31T12:19:05.799000+00:00,2.44,,2.4156,2.4888,,,,2026-08-31T12:19:08.438004+00:00,2026-08-31T12:19:08.438228+00:00,2.42,floor,-0.8196721311475417,2.639228,0.0,-1.2295081967213035,,,2026-08-31T12:19:08.438004+00:00,,17
2026-08-31,YDDL,trail_activate+2_lock+2_distance1_floor-1,first,resting,STOP_LIMIT,2026-08-31T09:28:39+00:00,2026-08-31T14:57:57.973000+00:00,1788183060000,0,2026-08-31T13:32:00+00:00,2026-08-31T13:34:23.180000+00:00,2.49,,2.4651,2.5398,2026-08-31T13:34:26.927768+00:00,2.54,2.5398,2026-08-31T13:34:26.948635+00:00,2026-08-31T13:34:26.948808+00:00,2.53,trail,1.6064257028112285,3.768808,2.0080321285140488,-0.4016064257028205,2026-08-31T13:34:26.907908+00:00,2026-08-31T13:34:26.927768+00:00,,,93
2026-08-31,YDDL,trail_activate+2_lock+2_distance1_floor-1,first,resting,STOP_LIMIT,2026-08-31T09:28:39+00:00,2026-08-31T14:57:57.973000+00:00,1788184620000,0,2026-08-31T14:21:00+00:00,2026-08-31T14:29:32.217000+00:00,2.44,,2.4156,2.4888,,,,2026-08-31T14:30:03.362775+00:00,2026-08-31T14:30:03.363075+00:00,2.41,floor,-1.2295081967213035,31.146075,0.0,-1.2295081967213035,,,2026-08-31T14:30:03.362775+00:00,,59
2026-08-31,YDDL,trail_activate+2_lock+2_distance1_floor-1,first,resting,STOP_LIMIT,2026-08-31T18:36:26+00:00,2026-08-31T20:12:00.931000+00:00,1788202320000,0,2026-08-31T19:10:00+00:00,2026-08-31T19:10:02.339000+00:00,2.27,,2.2473,2.3154,,,,2026-08-31T19:10:21.283902+00:00,2026-08-31T19:10:21.295385+00:00,2.25,floor,-0.8810572687224677,18.956385,0.0,-1.3215859030836918,,,2026-08-31T19:10:21.283902+00:00,,36
2026-08-31,YDDL,trail_activate+2_lock+2_distance2_floor-1,reclaim,reactive,limit,2026-08-31T09:28:39+00:00,2026-08-31T14:57:57.973000+00:00,1788178260000,1788178260000,2026-08-31T12:19:05.799000+00:00,2026-08-31T12:19:05.799000+00:00,2.44,,2.4156,2.4888,,,,2026-08-31T12:19:08.438004+00:00,2026-08-31T12:19:08.438228+00:00,2.42,floor,-0.8196721311475417,2.639228,0.0,-1.2295081967213035,,,2026-08-31T12:19:08.438004+00:00,,17
2026-08-31,YDDL,trail_activate+2_lock+2_distance2_floor-1,first,resting,STOP_LIMIT,2026-08-31T09:28:39+00:00,2026-08-31T14:57:57.973000+00:00,1788183060000,0,2026-08-31T13:32:00+00:00,2026-08-31T13:34:23.180000+00:00,2.49,,2.4651,2.5398,2026-08-31T13:34:26.927768+00:00,2.54,2.5398,2026-08-31T13:34:26.948635+00:00,2026-08-31T13:34:26.948808+00:00,2.53,trail,1.6064257028112285,3.768808,2.0080321285140488,-0.4016064257028205,2026-08-31T13:34:26.907908+00:00,2026-08-31T13:34:26.927768+00:00,,,93
2026-08-31,YDDL,trail_activate+2_lock+2_distance2_floor-1,first,resting,STOP_LIMIT,2026-08-31T09:28:39+00:00,2026-08-31T14:57:57.973000+00:00,1788184620000,0,2026-08-31T14:21:00+00:00,2026-08-31T14:29:32.217000+00:00,2.44,,2.4156,2.4888,,,,2026-08-31T14:30:03.362775+00:00,2026-08-31T14:30:03.363075+00:00,2.41,floor,-1.2295081967213035,31.146075,0.0,-1.2295081967213035,,,2026-08-31T14:30:03.362775+00:00,,59
2026-08-31,YDDL,trail_activate+2_lock+2_distance2_floor-1,first,resting,STOP_LIMIT,2026-08-31T18:36:26+00:00,2026-08-31T20:12:00.931000+00:00,1788202320000,0,2026-08-31T19:10:00+00:00,2026-08-31T19:10:02.339000+00:00,2.27,,2.2473,2.3154,,,,2026-08-31T19:10:21.283902+00:00,2026-08-31T19:10:21.295385+00:00,2.25,floor,-0.8810572687224677,18.956385,0.0,-1.3215859030836918,,,2026-08-31T19:10:21.283902+00:00,,36
2026-08-31,YDDL,trail_activate+1_lock+1_distance1_floor+0,reclaim,reactive,limit,2026-08-31T09:28:39+00:00,2026-08-31T14:57:57.973000+00:00,1788178260000,1788178260000,2026-08-31T12:19:05.799000+00:00,2026-08-31T12:19:05.799000+00:00,2.44,,2.44,2.4644,,,,2026-08-31T12:19:06.864242+00:00,2026-08-31T12:19:06.864502+00:00,2.43,floor,-0.40983606557376173,1.065502,0.0,-0.40983606557376173,,,,,2
2026-08-31,YDDL,trail_activate+1_lock+1_distance1_floor+0,first,resting,STOP_LIMIT,2026-08-31T09:28:39+00:00,2026-08-31T14:57:57.973000+00:00,1788183060000,0,2026-08-31T13:32:00+00:00,2026-08-31T13:34:23.180000+00:00,2.49,,2.49,2.5149000000000004,,,,2026-08-31T13:34:24.918567+00:00,2026-08-31T13:34:25.228045+00:00,2.48,floor,-0.4016064257028205,2.048045,0.0,-0.4016064257028205,,,,,2
2026-08-31,YDDL,trail_activate+1_lock+1_distance1_floor+0,first,resting,STOP_LIMIT,2026-08-31T09:28:39+00:00,2026-08-31T14:57:57.973000+00:00,1788184620000,0,2026-08-31T14:21:00+00:00,2026-08-31T14:29:32.217000+00:00,2.44,,2.44,2.4644,,,,2026-08-31T14:29:32.609063+00:00,2026-08-31T14:29:32.609339+00:00,2.42,floor,-0.8196721311475417,0.392339,0.0,-0.8196721311475417,,,,,2
2026-08-31,YDDL,trail_activate+1_lock+1_distance1_floor+0,first,resting,STOP_LIMIT,2026-08-31T18:36:26+00:00,2026-08-31T20:12:00.931000+00:00,1788202320000,0,2026-08-31T19:10:00+00:00,2026-08-31T19:10:02.339000+00:00,2.27,,2.27,2.2927,,,,2026-08-31T19:10:02.847659+00:00,2026-08-31T19:10:02.873380+00:00,2.26,floor,-0.4405286343612437,0.53438,0.0,-0.4405286343612437,,,,,2
2026-08-31,YDDL,trail_activate+1_lock+1_distance2_floor+0,reclaim,reactive,limit,2026-08-31T09:28:39+00:00,2026-08-31T14:57:57.973000+00:00,1788178260000,1788178260000,2026-08-31T12:19:05.799000+00:00,2026-08-31T12:19:05.799000+00:00,2.44,,2.44,2.4644,,,,2026-08-31T12:19:06.864242+00:00,2026-08-31T12:19:06.864502+00:00,2.43,floor,-0.40983606557376173,1.065502,0.0,-0.40983606557376173,,,,,2
2026-08-31,YDDL,trail_activate+1_lock+1_distance2_floor+0,first,resting,STOP_LIMIT,2026-08-31T09:28:39+00:00,2026-08-31T14:57:57.973000+00:00,1788183060000,0,2026-08-31T13:32:00+00:00,2026-08-31T13:34:23.180000+00:00,2.49,,2.49,2.5149000000000004,,,,2026-08-31T13:34:24.918567+00:00,2026-08-31T13:34:25.228045+00:00,2.48,floor,-0.4016064257028205,2.048045,0.0,-0.4016064257028205,,,,,2
2026-08-31,YDDL,trail_activate+1_lock+1_distance2_floor+0,first,resting,STOP_LIMIT,2026-08-31T09:28:39+00:00,2026-08-31T14:57:57.973000+00:00,1788184620000,0,2026-08-31T14:21:00+00:00,2026-08-31T14:29:32.217000+00:00,2.44,,2.44,2.4644,,,,2026-08-31T14:29:32.609063+00:00,2026-08-31T14:29:32.609339+00:00,2.42,floor,-0.8196721311475417,0.392339,0.0,-0.8196721311475417,,,,,2
2026-08-31,YDDL,trail_activate+1_lock+1_distance2_floor+0,first,resting,STOP_LIMIT,2026-08-31T18:36:26+00:00,2026-08-31T20:12:00.931000+00:00,1788202320000,0,2026-08-31T19:10:00+00:00,2026-08-31T19:10:02.339000+00:00,2.27,,2.27,2.2927,,,,2026-08-31T19:10:02.847659+00:00,2026-08-31T19:10:02.873380+00:00,2.26,floor,-0.4405286343612437,0.53438,0.0,-0.4405286343612437,,,,,2
2026-08-31,YDDL,trail_activate+2_lock+2_distance1_floor+0,reclaim,reactive,limit,2026-08-31T09:28:39+00:00,2026-08-31T14:57:57.973000+00:00,1788178260000,1788178260000,2026-08-31T12:19:05.799000+00:00,2026-08-31T12:19:05.799000+00:00,2.44,,2.44,2.4888,,,,2026-08-31T12:19:06.864242+00:00,2026-08-31T12:19:06.864502+00:00,2.43,floor,-0.40983606557376173,1.065502,0.0,-0.40983606557376173,,,,,2
2026-08-31,YDDL,trail_activate+2_lock+2_distance1_floor+0,first,resting,STOP_LIMIT,2026-08-31T09:28:39+00:00,2026-08-31T14:57:57.973000+00:00,1788183060000,0,2026-08-31T13:32:00+00:00,2026-08-31T13:34:23.180000+00:00,2.49,,2.49,2.5398,,,,2026-08-31T13:34:24.918567+00:00,2026-08-31T13:34:25.228045+00:00,2.48,floor,-0.4016064257028205,2.048045,0.0,-0.4016064257028205,,,,,2
2026-08-31,YDDL,trail_activate+2_lock+2_distance1_floor+0,first,resting,STOP_LIMIT,2026-08-31T09:28:39+00:00,2026-08-31T14:57:57.973000+00:00,1788184620000,0,2026-08-31T14:21:00+00:00,2026-08-31T14:29:32.217000+00:00,2.44,,2.44,2.4888,,,,2026-08-31T14:29:32.609063+00:00,2026-08-31T14:29:32.609339+00:00,2.42,floor,-0.8196721311475417,0.392339,0.0,-0.8196721311475417,,,,,2
2026-08-31,YDDL,trail_activate+2_lock+2_distance1_floor+0,first,resting,STOP_LIMIT,2026-08-31T18:36:26+00:00,2026-08-31T20:12:00.931000+00:00,1788202320000,0,2026-08-31T19:10:00+00:00,2026-08-31T19:10:02.339000+00:00,2.27,,2.27,2.3154,,,,2026-08-31T19:10:02.847659+00:00,2026-08-31T19:10:02.873380+00:00,2.26,floor,-0.4405286343612437,0.53438,0.0,-0.4405286343612437,,,,,2
2026-08-31,YDDL,trail_activate+2_lock+2_distance2_floor+0,reclaim,reactive,limit,2026-08-31T09:28:39+00:00,2026-08-31T14:57:57.973000+00:00,1788178260000,1788178260000,2026-08-31T12:19:05.799000+00:00,2026-08-31T12:19:05.799000+00:00,2.44,,2.44,2.4888,,,,2026-08-31T12:19:06.864242+00:00,2026-08-31T12:19:06.864502+00:00,2.43,floor,-0.40983606557376173,1.065502,0.0,-0.40983606557376173,,,,,2
2026-08-31,YDDL,trail_activate+2_lock+2_distance2_floor+0,first,resting,STOP_LIMIT,2026-08-31T09:28:39+00:00,2026-08-31T14:57:57.973000+00:00,1788183060000,0,2026-08-31T13:32:00+00:00,2026-08-31T13:34:23.180000+00:00,2.49,,2.49,2.5398,,,,2026-08-31T13:34:24.918567+00:00,2026-08-31T13:34:25.228045+00:00,2.48,floor,-0.4016064257028205,2.048045,0.0,-0.4016064257028205,,,,,2
2026-08-31,YDDL,trail_activate+2_lock+2_distance2_floor+0,first,resting,STOP_LIMIT,2026-08-31T09:28:39+00:00,2026-08-31T14:57:57.973000+00:00,1788184620000,0,2026-08-31T14:21:00+00:00,2026-08-31T14:29:32.217000+00:00,2.44,,2.44,2.4888,,,,2026-08-31T14:29:32.609063+00:00,2026-08-31T14:29:32.609339+00:00,2.42,floor,-0.8196721311475417,0.392339,0.0,-0.8196721311475417,,,,,2
2026-08-31,YDDL,trail_activate+2_lock+2_distance2_floor+0,first,resting,STOP_LIMIT,2026-08-31T18:36:26+00:00,2026-08-31T20:12:00.931000+00:00,1788202320000,0,2026-08-31T19:10:00+00:00,2026-08-31T19:10:02.339000+00:00,2.27,,2.27,2.3154,,,,2026-08-31T19:10:02.847659+00:00,2026-08-31T19:10:02.873380+00:00,2.26,floor,-0.4405286343612437,0.53438,0.0,-0.4405286343612437,,,,,2
2026-09-01,BIAF,trail_activate+1_lock+1_distance1_floor-1,first,resting,limit,2026-09-01T12:07:07+00:00,,1788267540000,0,2026-09-01T13:00:26.214000+00:00,2026-09-01T13:00:26.214000+00:00,6.7,,6.633,6.767,,,,2026-09-01T13:01:28.307592+00:00,2026-09-01T13:01:28.307845+00:00,6.63,floor,-1.0447761194029892,62.093845,0.4477611940298544,-1.0447761194029892,,,2026-09-01T13:01:28.307592+00:00,,459
2026-09-01,BIAF,trail_activate+1_lock+1_distance1_floor-1,reclaim,reactive,limit,2026-09-01T12:07:07+00:00,,1788267540000,1788267720000,2026-09-01T13:07:47.323000+00:00,2026-09-01T13:07:47.323000+00:00,6.82,,6.7518,6.8882,,,,2026-09-01T13:07:47.843293+00:00,2026-09-01T13:07:47.852627+00:00,6.73,floor,-1.31964809384164,0.529627,0.0,-1.31964809384164,,,2026-09-01T13:07:47.843293+00:00,,2
2026-09-01,BIAF,trail_activate+1_lock+1_distance1_floor-1,first,resting,STOP_LIMIT,2026-09-01T12:07:07+00:00,,1788271500000,0,2026-09-01T15:31:00+00:00,2026-09-01T15:31:53.572000+00:00,6.6,,6.534,6.6659999999999995,,,,2026-09-01T15:31:54.272293+00:00,2026-09-01T15:31:54.272601+00:00,6.51,floor,-1.3636363636363615,0.700601,0.0,-1.3636363636363615,,,2026-09-01T15:31:54.272293+00:00,,2
2026-09-01,BIAF,trail_activate+1_lock+1_distance1_floor-1,reclaim,resting,STOP_LIMIT,2026-09-01T12:07:07+00:00,,1788271500000,1788276660000,2026-09-01T15:34:00+00:00,2026-09-01T15:34:09.703000+00:00,6.8,,6.732,6.867999999999999,,,,2026-09-01T15:34:11.507038+00:00,2026-09-01T15:34:11.507903+00:00,6.73,floor,-1.0294117647058736,1.804903,0.0,-1.0294117647058736,,,2026-09-01T15:34:11.507038+00:00,,36
2026-09-01,BIAF,trail_activate+1_lock+1_distance1_floor-1,first,resting,STOP_LIMIT,2026-09-01T12:07:07+00:00,,1788278100000,0,2026-09-01T16:38:00+00:00,2026-09-01T16:39:33.085000+00:00,6.53,,6.464700000000001,6.5953,,,,2026-09-01T16:39:40.869534+00:00,2026-09-01T16:39:40.870257+00:00,6.41,floor,-1.8376722817764182,7.785257,0.0,-1.8376722817764182,,,2026-09-01T16:39:40.869534+00:00,,33
2026-09-01,BIAF,trail_activate+1_lock+1_distance1_floor-1,reclaim,resting,STOP_LIMIT,2026-09-01T12:07:07+00:00,,1788278100000,1788280920000,2026-09-01T16:46:00+00:00,2026-09-01T16:47:38.131000+00:00,6.62,,6.5538,6.6862,,,,2026-09-01T16:47:39.206912+00:00,2026-09-01T16:47:39.207212+00:00,6.53,floor,-1.3595166163141972,1.076212,0.0,-1.3595166163141972,,,2026-09-01T16:47:39.206912+00:00,,2
2026-09-01,BIAF,trail_activate+1_lock+1_distance1_floor-1,first,resting,STOP_LIMIT,2026-09-01T12:07:07+00:00,,1788285300000,0,2026-09-01T18:30:00+00:00,2026-09-01T18:30:13.361000+00:00,6.75,,6.6825,6.8175,,,,2026-09-01T18:30:15.044109+00:00,2026-09-01T18:30:19.281452+00:00,6.69,floor,-0.8888888888888832,5.920452,0.0,-1.481481481481476,,,2026-09-01T18:30:15.044109+00:00,,2
2026-09-01,BIAF,trail_activate+1_lock+1_distance1_floor-1,reclaim,resting,STOP_LIMIT,2026-09-01T12:07:07+00:00,,1788285300000,1788288540000,2026-09-01T18:52:00+00:00,2026-09-01T19:06:47.347000+00:00,6.85,,6.781499999999999,6.9185,,,,2026-09-01T19:06:47.358353+00:00,2026-09-01T19:06:47.442329+00:00,6.75,floor,-1.459854014598535,0.095329,0.0,-1.459854014598535,,,2026-09-01T19:06:47.358353+00:00,,2
2026-09-01,BIAF,trail_activate+1_lock+1_distance2_floor-1,first,resting,limit,2026-09-01T12:07:07+00:00,,1788267540000,0,2026-09-01T13:00:26.214000+00:00,2026-09-01T13:00:26.214000+00:00,6.7,,6.633,6.767,,,,2026-09-01T13:01:28.307592+00:00,2026-09-01T13:01:28.307845+00:00,6.63,floor,-1.0447761194029892,62.093845,0.4477611940298544,-1.0447761194029892,,,2026-09-01T13:01:28.307592+00:00,,459
2026-09-01,BIAF,trail_activate+1_lock+1_distance2_floor-1,reclaim,reactive,limit,2026-09-01T12:07:07+00:00,,1788267540000,1788267720000,2026-09-01T13:07:47.323000+00:00,2026-09-01T13:07:47.323000+00:00,6.82,,6.7518,6.8882,,,,2026-09-01T13:07:47.843293+00:00,2026-09-01T13:07:47.852627+00:00,6.73,floor,-1.31964809384164,0.529627,0.0,-1.31964809384164,,,2026-09-01T13:07:47.843293+00:00,,2
2026-09-01,BIAF,trail_activate+1_lock+1_distance2_floor-1,first,resting,STOP_LIMIT,2026-09-01T12:07:07+00:00,,1788271500000,0,2026-09-01T15:31:00+00:00,2026-09-01T15:31:53.572000+00:00,6.6,,6.534,6.6659999999999995,,,,2026-09-01T15:31:54.272293+00:00,2026-09-01T15:31:54.272601+00:00,6.51,floor,-1.3636363636363615,0.700601,0.0,-1.3636363636363615,,,2026-09-01T15:31:54.272293+00:00,,2
2026-09-01,BIAF,trail_activate+1_lock+1_distance2_floor-1,reclaim,resting,STOP_LIMIT,2026-09-01T12:07:07+00:00,,1788271500000,1788276660000,2026-09-01T15:34:00+00:00,2026-09-01T15:34:09.703000+00:00,6.8,,6.732,6.867999999999999,,,,2026-09-01T15:34:11.507038+00:00,2026-09-01T15:34:11.507903+00:00,6.73,floor,-1.0294117647058736,1.804903,0.0,-1.0294117647058736,,,2026-09-01T15:34:11.507038+00:00,,36
2026-09-01,BIAF,trail_activate+1_lock+1_distance2_floor-1,first,resting,STOP_LIMIT,2026-09-01T12:07:07+00:00,,1788278100000,0,2026-09-01T16:38:00+00:00,2026-09-01T16:39:33.085000+00:00,6.53,,6.464700000000001,6.5953,,,,2026-09-01T16:39:40.869534+00:00,2026-09-01T16:39:40.870257+00:00,6.41,floor,-1.8376722817764182,7.785257,0.0,-1.8376722817764182,,,2026-09-01T16:39:40.869534+00:00,,33
2026-09-01,BIAF,trail_activate+1_lock+1_distance2_floor-1,reclaim,resting,STOP_LIMIT,2026-09-01T12:07:07+00:00,,1788278100000,1788280920000,2026-09-01T16:46:00+00:00,2026-09-01T16:47:38.131000+00:00,6.62,,6.5538,6.6862,,,,2026-09-01T16:47:39.206912+00:00,2026-09-01T16:47:39.207212+00:00,6.53,floor,-1.3595166163141972,1.076212,0.0,-1.3595166163141972,,,2026-09-01T16:47:39.206912+00:00,,2
2026-09-01,BIAF,trail_activate+1_lock+1_distance2_floor-1,first,resting,STOP_LIMIT,2026-09-01T12:07:07+00:00,,1788285300000,0,2026-09-01T18:30:00+00:00,2026-09-01T18:30:13.361000+00:00,6.75,,6.6825,6.8175,,,,2026-09-01T18:30:15.044109+00:00,2026-09-01T18:30:19.281452+00:00,6.69,floor,-0.8888888888888832,5.920452,0.0,-1.481481481481476,,,2026-09-01T18:30:15.044109+00:00,,2
2026-09-01,BIAF,trail_activate+1_lock+1_distance2_floor-1,reclaim,resting,STOP_LIMIT,2026-09-01T12:07:07+00:00,,1788285300000,1788288540000,2026-09-01T18:52:00+00:00,2026-09-01T19:06:47.347000+00:00,6.85,,6.781499999999999,6.9185,,,,2026-09-01T19:06:47.358353+00:00,2026-09-01T19:06:47.442329+00:00,6.75,floor,-1.459854014598535,0.095329,0.0,-1.459854014598535,,,2026-09-01T19:06:47.358353+00:00,,2
2026-09-01,BIAF,trail_activate+2_lock+2_distance1_floor-1,first,resting,limit,2026-09-01T12:07:07+00:00,,1788267540000,0,2026-09-01T13:00:26.214000+00:00,2026-09-01T13:00:26.214000+00:00,6.7,,6.633,6.8340000000000005,,,,2026-09-01T13:01:28.307592+00:00,2026-09-01T13:01:28.307845+00:00,6.63,floor,-1.0447761194029892,62.093845,0.4477611940298544,-1.0447761194029892,,,2026-09-01T13:01:28.307592+00:00,,459
2026-09-01,BIAF,trail_activate+2_lock+2_distance1_floor-1,reclaim,reactive,limit,2026-09-01T12:07:07+00:00,,1788267540000,1788267720000,2026-09-01T13:07:47.323000+00:00,2026-09-01T13:07:47.323000+00:00,6.82,,6.7518,6.9564,,,,2026-09-01T13:07:47.843293+00:00,2026-09-01T13:07:47.852627+00:00,6.73,floor,-1.31964809384164,0.529627,0.0,-1.31964809384164,,,2026-09-01T13:07:47.843293+00:00,,2
2026-09-01,BIAF,trail_activate+2_lock+2_distance1_floor-1,first,resting,STOP_LIMIT,2026-09-01T12:07:07+00:00,,1788271500000,0,2026-09-01T15:31:00+00:00,2026-09-01T15:31:53.572000+00:00,6.6,,6.534,6.731999999999999,,,,2026-09-01T15:31:54.272293+00:00,2026-09-01T15:31:54.272601+00:00,6.51,floor,-1.3636363636363615,0.700601,0.0,-1.3636363636363615,,,2026-09-01T15:31:54.272293+00:00,,2
2026-09-01,BIAF,trail_activate+2_lock+2_distance1_floor-1,reclaim,resting,STOP_LIMIT,2026-09-01T12:07:07+00:00,,1788271500000,1788276660000,2026-09-01T15:34:00+00:00,2026-09-01T15:34:09.703000+00:00,6.8,,6.732,6.936,,,,2026-09-01T15:34:11.507038+00:00,2026-09-01T15:34:11.507903+00:00,6.73,floor,-1.0294117647058736,1.804903,0.0,-1.0294117647058736,,,2026-09-01T15:34:11.507038+00:00,,36
2026-09-01,BIAF,trail_activate+2_lock+2_distance1_floor-1,first,resting,STOP_LIMIT,2026-09-01T12:07:07+00:00,,1788278100000,0,2026-09-01T16:38:00+00:00,2026-09-01T16:39:33.085000+00:00,6.53,,6.464700000000001,6.6606000000000005,,,,2026-09-01T16:39:40.869534+00:00,2026-09-01T16:39:40.870257+00:00,6.41,floor,-1.8376722817764182,7.785257,0.0,-1.8376722817764182,,,2026-09-01T16:39:40.869534+00:00,,33
2026-09-01,BIAF,trail_activate+2_lock+2_distance1_floor-1,reclaim,resting,STOP_LIMIT,2026-09-01T12:07:07+00:00,,1788278100000,1788280920000,2026-09-01T16:46:00+00:00,2026-09-01T16:47:38.131000+00:00,6.62,,6.5538,6.752400000000001,,,,2026-09-01T16:47:39.206912+00:00,2026-09-01T16:47:39.207212+00:00,6.53,floor,-1.3595166163141972,1.076212,0.0,-1.3595166163141972,,,2026-09-01T16:47:39.206912+00:00,,2
2026-09-01,BIAF,trail_activate+2_lock+2_distance1_floor-1,first,resting,STOP_LIMIT,2026-09-01T12:07:07+00:00,,1788285300000,0,2026-09-01T18:30:00+00:00,2026-09-01T18:30:13.361000+00:00,6.75,,6.6825,6.885,,,,2026-09-01T18:30:15.044109+00:00,2026-09-01T18:30:19.281452+00:00,6.69,floor,-0.8888888888888832,5.920452,0.0,-1.481481481481476,,,2026-09-01T18:30:15.044109+00:00,,2
2026-09-01,BIAF,trail_activate+2_lock+2_distance1_floor-1,reclaim,resting,STOP_LIMIT,2026-09-01T12:07:07+00:00,,1788285300000,1788288540000,2026-09-01T18:52:00+00:00,2026-09-01T19:06:47.347000+00:00,6.85,,6.781499999999999,6.987,,,,2026-09-01T19:06:47.358353+00:00,2026-09-01T19:06:47.442329+00:00,6.75,floor,-1.459854014598535,0.095329,0.0,-1.459854014598535,,,2026-09-01T19:06:47.358353+00:00,,2
2026-09-01,BIAF,trail_activate+2_lock+2_distance2_floor-1,first,resting,limit,2026-09-01T12:07:07+00:00,,1788267540000,0,2026-09-01T13:00:26.214000+00:00,2026-09-01T13:00:26.214000+00:00,6.7,,6.633,6.8340000000000005,,,,2026-09-01T13:01:28.307592+00:00,2026-09-01T13:01:28.307845+00:00,6.63,floor,-1.0447761194029892,62.093845,0.4477611940298544,-1.0447761194029892,,,2026-09-01T13:01:28.307592+00:00,,459
2026-09-01,BIAF,trail_activate+2_lock+2_distance2_floor-1,reclaim,reactive,limit,2026-09-01T12:07:07+00:00,,1788267540000,1788267720000,2026-09-01T13:07:47.323000+00:00,2026-09-01T13:07:47.323000+00:00,6.82,,6.7518,6.9564,,,,2026-09-01T13:07:47.843293+00:00,2026-09-01T13:07:47.852627+00:00,6.73,floor,-1.31964809384164,0.529627,0.0,-1.31964809384164,,,2026-09-01T13:07:47.843293+00:00,,2
2026-09-01,BIAF,trail_activate+2_lock+2_distance2_floor-1,first,resting,STOP_LIMIT,2026-09-01T12:07:07+00:00,,1788271500000,0,2026-09-01T15:31:00+00:00,2026-09-01T15:31:53.572000+00:00,6.6,,6.534,6.731999999999999,,,,2026-09-01T15:31:54.272293+00:00,2026-09-01T15:31:54.272601+00:00,6.51,floor,-1.3636363636363615,0.700601,0.0,-1.3636363636363615,,,2026-09-01T15:31:54.272293+00:00,,2
2026-09-01,BIAF,trail_activate+2_lock+2_distance2_floor-1,reclaim,resting,STOP_LIMIT,2026-09-01T12:07:07+00:00,,1788271500000,1788276660000,2026-09-01T15:34:00+00:00,2026-09-01T15:34:09.703000+00:00,6.8,,6.732,6.936,,,,2026-09-01T15:34:11.507038+00:00,2026-09-01T15:34:11.507903+00:00,6.73,floor,-1.0294117647058736,1.804903,0.0,-1.0294117647058736,,,2026-09-01T15:34:11.507038+00:00,,36
2026-09-01,BIAF,trail_activate+2_lock+2_distance2_floor-1,first,resting,STOP_LIMIT,2026-09-01T12:07:07+00:00,,1788278100000,0,2026-09-01T16:38:00+00:00,2026-09-01T16:39:33.085000+00:00,6.53,,6.464700000000001,6.6606000000000005,,,,2026-09-01T16:39:40.869534+00:00,2026-09-01T16:39:40.870257+00:00,6.41,floor,-1.8376722817764182,7.785257,0.0,-1.8376722817764182,,,2026-09-01T16:39:40.869534+00:00,,33
2026-09-01,BIAF,trail_activate+2_lock+2_distance2_floor-1,reclaim,resting,STOP_LIMIT,2026-09-01T12:07:07+00:00,,1788278100000,1788280920000,2026-09-01T16:46:00+00:00,2026-09-01T16:47:38.131000+00:00,6.62,,6.5538,6.752400000000001,,,,2026-09-01T16:47:39.206912+00:00,2026-09-01T16:47:39.207212+00:00,6.53,floor,-1.3595166163141972,1.076212,0.0,-1.3595166163141972,,,2026-09-01T16:47:39.206912+00:00,,2
2026-09-01,BIAF,trail_activate+2_lock+2_distance2_floor-1,first,resting,STOP_LIMIT,2026-09-01T12:07:07+00:00,,1788285300000,0,2026-09-01T18:30:00+00:00,2026-09-01T18:30:13.361000+00:00,6.75,,6.6825,6.885,,,,2026-09-01T18:30:15.044109+00:00,2026-09-01T18:30:19.281452+00:00,6.69,floor,-0.8888888888888832,5.920452,0.0,-1.481481481481476,,,2026-09-01T18:30:15.044109+00:00,,2
2026-09-01,BIAF,trail_activate+2_lock+2_distance2_floor-1,reclaim,resting,STOP_LIMIT,2026-09-01T12:07:07+00:00,,1788285300000,1788288540000,2026-09-01T18:52:00+00:00,2026-09-01T19:06:47.347000+00:00,6.85,,6.781499999999999,6.987,,,,2026-09-01T19:06:47.358353+00:00,2026-09-01T19:06:47.442329+00:00,6.75,floor,-1.459854014598535,0.095329,0.0,-1.459854014598535,,,2026-09-01T19:06:47.358353+00:00,,2
2026-09-01,BIAF,trail_activate+1_lock+1_distance1_floor+0,first,resting,limit,2026-09-01T12:07:07+00:00,,1788267540000,0,2026-09-01T13:00:26.214000+00:00,2026-09-01T13:00:26.214000+00:00,6.7,,6.7,6.767,,,,2026-09-01T13:00:26.445252+00:00,2026-09-01T13:00:26.827384+00:00,6.69,floor,-0.1492537313432804,0.613384,0.0,-0.1492537313432804,,,,,2
2026-09-01,BIAF,trail_activate+1_lock+1_distance1_floor+0,reclaim,reactive,limit,2026-09-01T12:07:07+00:00,,1788267540000,1788267720000,2026-09-01T13:07:47.323000+00:00,2026-09-01T13:07:47.323000+00:00,6.82,,6.82,6.8882,,,,2026-09-01T13:07:47.843293+00:00,2026-09-01T13:07:47.852627+00:00,6.73,floor,-1.31964809384164,0.529627,0.0,-1.31964809384164,,,2026-09-01T13:07:47.843293+00:00,,2
2026-09-01,BIAF,trail_activate+1_lock+1_distance1_floor+0,first,resting,STOP_LIMIT,2026-09-01T12:07:07+00:00,,1788271500000,0,2026-09-01T15:31:00+00:00,2026-09-01T15:31:53.572000+00:00,6.6,,6.6,6.6659999999999995,,,,2026-09-01T15:31:54.272293+00:00,2026-09-01T15:31:54.272601+00:00,6.51,floor,-1.3636363636363615,0.700601,0.0,-1.3636363636363615,,,2026-09-01T15:31:54.272293+00:00,,2
2026-09-01,BIAF,trail_activate+1_lock+1_distance1_floor+0,reclaim,resting,STOP_LIMIT,2026-09-01T12:07:07+00:00,,1788271500000,1788276660000,2026-09-01T15:34:00+00:00,2026-09-01T15:34:09.703000+00:00,6.8,,6.8,6.867999999999999,,,,2026-09-01T15:34:10.098149+00:00,2026-09-01T15:34:10.155236+00:00,6.79,floor,-0.14705882352940863,0.452236,0.0,-0.7352941176470562,,,,,2
2026-09-01,BIAF,trail_activate+1_lock+1_distance1_floor+0,first,resting,STOP_LIMIT,2026-09-01T12:07:07+00:00,,1788278100000,0,2026-09-01T16:38:00+00:00,2026-09-01T16:39:33.085000+00:00,6.53,,6.53,6.5953,,,,2026-09-01T16:39:33.149343+00:00,2026-09-01T16:39:33.150322+00:00,6.47,floor,-0.9188361408882159,0.065322,0.0,-0.9188361408882159,,,,,2
2026-09-01,BIAF,trail_activate+1_lock+1_distance1_floor+0,reclaim,resting,STOP_LIMIT,2026-09-01T12:07:07+00:00,,1788278100000,1788280920000,2026-09-01T16:46:00+00:00,2026-09-01T16:47:38.131000+00:00,6.62,,6.62,6.6862,,,,2026-09-01T16:47:39.206912+00:00,2026-09-01T16:47:39.207212+00:00,6.53,floor,-1.3595166163141972,1.076212,0.0,-1.3595166163141972,,,2026-09-01T16:47:39.206912+00:00,,2
2026-09-01,BIAF,trail_activate+1_lock+1_distance1_floor+0,first,resting,STOP_LIMIT,2026-09-01T12:07:07+00:00,,1788285300000,0,2026-09-01T18:30:00+00:00,2026-09-01T18:30:13.361000+00:00,6.75,,6.75,6.8175,,,,2026-09-01T18:30:15.044109+00:00,2026-09-01T18:30:19.281452+00:00,6.69,floor,-0.8888888888888832,5.920452,0.0,-1.481481481481476,,,2026-09-01T18:30:15.044109+00:00,,2
2026-09-01,BIAF,trail_activate+1_lock+1_distance1_floor+0,reclaim,resting,STOP_LIMIT,2026-09-01T12:07:07+00:00,,1788285300000,1788288540000,2026-09-01T18:52:00+00:00,2026-09-01T19:06:47.347000+00:00,6.85,,6.85,6.9185,,,,2026-09-01T19:06:47.358353+00:00,2026-09-01T19:06:47.442329+00:00,6.75,floor,-1.459854014598535,0.095329,0.0,-1.459854014598535,,,2026-09-01T19:06:47.358353+00:00,,2
2026-09-01,BIAF,trail_activate+1_lock+1_distance2_floor+0,first,resting,limit,2026-09-01T12:07:07+00:00,,1788267540000,0,2026-09-01T13:00:26.214000+00:00,2026-09-01T13:00:26.214000+00:00,6.7,,6.7,6.767,,,,2026-09-01T13:00:26.445252+00:00,2026-09-01T13:00:26.827384+00:00,6.69,floor,-0.1492537313432804,0.613384,0.0,-0.1492537313432804,,,,,2
2026-09-01,BIAF,trail_activate+1_lock+1_distance2_floor+0,reclaim,reactive,limit,2026-09-01T12:07:07+00:00,,1788267540000,1788267720000,2026-09-01T13:07:47.323000+00:00,2026-09-01T13:07:47.323000+00:00,6.82,,6.82,6.8882,,,,2026-09-01T13:07:47.843293+00:00,2026-09-01T13:07:47.852627+00:00,6.73,floor,-1.31964809384164,0.529627,0.0,-1.31964809384164,,,2026-09-01T13:07:47.843293+00:00,,2
2026-09-01,BIAF,trail_activate+1_lock+1_distance2_floor+0,first,resting,STOP_LIMIT,2026-09-01T12:07:07+00:00,,1788271500000,0,2026-09-01T15:31:00+00:00,2026-09-01T15:31:53.572000+00:00,6.6,,6.6,6.6659999999999995,,,,2026-09-01T15:31:54.272293+00:00,2026-09-01T15:31:54.272601+00:00,6.51,floor,-1.3636363636363615,0.700601,0.0,-1.3636363636363615,,,2026-09-01T15:31:54.272293+00:00,,2
2026-09-01,BIAF,trail_activate+1_lock+1_distance2_floor+0,reclaim,resting,STOP_LIMIT,2026-09-01T12:07:07+00:00,,1788271500000,1788276660000,2026-09-01T15:34:00+00:00,2026-09-01T15:34:09.703000+00:00,6.8,,6.8,6.867999999999999,,,,2026-09-01T15:34:10.098149+00:00,2026-09-01T15:34:10.155236+00:00,6.79,floor,-0.14705882352940863,0.452236,0.0,-0.7352941176470562,,,,,2
2026-09-01,BIAF,trail_activate+1_lock+1_distance2_floor+0,first,resting,STOP_LIMIT,2026-09-01T12:07:07+00:00,,1788278100000,0,2026-09-01T16:38:00+00:00,2026-09-01T16:39:33.085000+00:00,6.53,,6.53,6.5953,,,,2026-09-01T16:39:33.149343+00:00,2026-09-01T16:39:33.150322+00:00,6.47,floor,-0.9188361408882159,0.065322,0.0,-0.9188361408882159,,,,,2
2026-09-01,BIAF,trail_activate+1_lock+1_distance2_floor+0,reclaim,resting,STOP_LIMIT,2026-09-01T12:07:07+00:00,,1788278100000,1788280920000,2026-09-01T16:46:00+00:00,2026-09-01T16:47:38.131000+00:00,6.62,,6.62,6.6862,,,,2026-09-01T16:47:39.206912+00:00,2026-09-01T16:47:39.207212+00:00,6.53,floor,-1.3595166163141972,1.076212,0.0,-1.3595166163141972,,,2026-09-01T16:47:39.206912+00:00,,2
2026-09-01,BIAF,trail_activate+1_lock+1_distance2_floor+0,first,resting,STOP_LIMIT,2026-09-01T12:07:07+00:00,,1788285300000,0,2026-09-01T18:30:00+00:00,2026-09-01T18:30:13.361000+00:00,6.75,,6.75,6.8175,,,,2026-09-01T18:30:15.044109+00:00,2026-09-01T18:30:19.281452+00:00,6.69,floor,-0.8888888888888832,5.920452,0.0,-1.481481481481476,,,2026-09-01T18:30:15.044109+00:00,,2
2026-09-01,BIAF,trail_activate+1_lock+1_distance2_floor+0,reclaim,resting,STOP_LIMIT,2026-09-01T12:07:07+00:00,,1788285300000,1788288540000,2026-09-01T18:52:00+00:00,2026-09-01T19:06:47.347000+00:00,6.85,,6.85,6.9185,,,,2026-09-01T19:06:47.358353+00:00,2026-09-01T19:06:47.442329+00:00,6.75,floor,-1.459854014598535,0.095329,0.0,-1.459854014598535,,,2026-09-01T19:06:47.358353+00:00,,2
2026-09-01,BIAF,trail_activate+2_lock+2_distance1_floor+0,first,resting,limit,2026-09-01T12:07:07+00:00,,1788267540000,0,2026-09-01T13:00:26.214000+00:00,2026-09-01T13:00:26.214000+00:00,6.7,,6.7,6.8340000000000005,,,,2026-09-01T13:00:26.445252+00:00,2026-09-01T13:00:26.827384+00:00,6.69,floor,-0.1492537313432804,0.613384,0.0,-0.1492537313432804,,,,,2
2026-09-01,BIAF,trail_activate+2_lock+2_distance1_floor+0,reclaim,reactive,limit,2026-09-01T12:07:07+00:00,,1788267540000,1788267720000,2026-09-01T13:07:47.323000+00:00,2026-09-01T13:07:47.323000+00:00,6.82,,6.82,6.9564,,,,2026-09-01T13:07:47.843293+00:00,2026-09-01T13:07:47.852627+00:00,6.73,floor,-1.31964809384164,0.529627,0.0,-1.31964809384164,,,2026-09-01T13:07:47.843293+00:00,,2
2026-09-01,BIAF,trail_activate+2_lock+2_distance1_floor+0,first,resting,STOP_LIMIT,2026-09-01T12:07:07+00:00,,1788271500000,0,2026-09-01T15:31:00+00:00,2026-09-01T15:31:53.572000+00:00,6.6,,6.6,6.731999999999999,,,,2026-09-01T15:31:54.272293+00:00,2026-09-01T15:31:54.272601+00:00,6.51,floor,-1.3636363636363615,0.700601,0.0,-1.3636363636363615,,,2026-09-01T15:31:54.272293+00:00,,2
2026-09-01,BIAF,trail_activate+2_lock+2_distance1_floor+0,reclaim,resting,STOP_LIMIT,2026-09-01T12:07:07+00:00,,1788271500000,1788276660000,2026-09-01T15:34:00+00:00,2026-09-01T15:34:09.703000+00:00,6.8,,6.8,6.936,,,,2026-09-01T15:34:10.098149+00:00,2026-09-01T15:34:10.155236+00:00,6.79,floor,-0.14705882352940863,0.452236,0.0,-0.7352941176470562,,,,,2
2026-09-01,BIAF,trail_activate+2_lock+2_distance1_floor+0,first,resting,STOP_LIMIT,2026-09-01T12:07:07+00:00,,1788278100000,0,2026-09-01T16:38:00+00:00,2026-09-01T16:39:33.085000+00:00,6.53,,6.53,6.6606000000000005,,,,2026-09-01T16:39:33.149343+00:00,2026-09-01T16:39:33.150322+00:00,6.47,floor,-0.9188361408882159,0.065322,0.0,-0.9188361408882159,,,,,2
2026-09-01,BIAF,trail_activate+2_lock+2_distance1_floor+0,reclaim,resting,STOP_LIMIT,2026-09-01T12:07:07+00:00,,1788278100000,1788280920000,2026-09-01T16:46:00+00:00,2026-09-01T16:47:38.131000+00:00,6.62,,6.62,6.752400000000001,,,,2026-09-01T16:47:39.206912+00:00,2026-09-01T16:47:39.207212+00:00,6.53,floor,-1.3595166163141972,1.076212,0.0,-1.3595166163141972,,,2026-09-01T16:47:39.206912+00:00,,2
2026-09-01,BIAF,trail_activate+2_lock+2_distance1_floor+0,first,resting,STOP_LIMIT,2026-09-01T12:07:07+00:00,,1788285300000,0,2026-09-01T18:30:00+00:00,2026-09-01T18:30:13.361000+00:00,6.75,,6.75,6.885,,,,2026-09-01T18:30:15.044109+00:00,2026-09-01T18:30:19.281452+00:00,6.69,floor,-0.8888888888888832,5.920452,0.0,-1.481481481481476,,,2026-09-01T18:30:15.044109+00:00,,2
2026-09-01,BIAF,trail_activate+2_lock+2_distance1_floor+0,reclaim,resting,STOP_LIMIT,2026-09-01T12:07:07+00:00,,1788285300000,1788288540000,2026-09-01T18:52:00+00:00,2026-09-01T19:06:47.347000+00:00,6.85,,6.85,6.987,,,,2026-09-01T19:06:47.358353+00:00,2026-09-01T19:06:47.442329+00:00,6.75,floor,-1.459854014598535,0.095329,0.0,-1.459854014598535,,,2026-09-01T19:06:47.358353+00:00,,2
2026-09-01,BIAF,trail_activate+2_lock+2_distance2_floor+0,first,resting,limit,2026-09-01T12:07:07+00:00,,1788267540000,0,2026-09-01T13:00:26.214000+00:00,2026-09-01T13:00:26.214000+00:00,6.7,,6.7,6.8340000000000005,,,,2026-09-01T13:00:26.445252+00:00,2026-09-01T13:00:26.827384+00:00,6.69,floor,-0.1492537313432804,0.613384,0.0,-0.1492537313432804,,,,,2
2026-09-01,BIAF,trail_activate+2_lock+2_distance2_floor+0,reclaim,reactive,limit,2026-09-01T12:07:07+00:00,,1788267540000,1788267720000,2026-09-01T13:07:47.323000+00:00,2026-09-01T13:07:47.323000+00:00,6.82,,6.82,6.9564,,,,2026-09-01T13:07:47.843293+00:00,2026-09-01T13:07:47.852627+00:00,6.73,floor,-1.31964809384164,0.529627,0.0,-1.31964809384164,,,2026-09-01T13:07:47.843293+00:00,,2
2026-09-01,BIAF,trail_activate+2_lock+2_distance2_floor+0,first,resting,STOP_LIMIT,2026-09-01T12:07:07+00:00,,1788271500000,0,2026-09-01T15:31:00+00:00,2026-09-01T15:31:53.572000+00:00,6.6,,6.6,6.731999999999999,,,,2026-09-01T15:31:54.272293+00:00,2026-09-01T15:31:54.272601+00:00,6.51,floor,-1.3636363636363615,0.700601,0.0,-1.3636363636363615,,,2026-09-01T15:31:54.272293+00:00,,2
2026-09-01,BIAF,trail_activate+2_lock+2_distance2_floor+0,reclaim,resting,STOP_LIMIT,2026-09-01T12:07:07+00:00,,1788271500000,1788276660000,2026-09-01T15:34:00+00:00,2026-09-01T15:34:09.703000+00:00,6.8,,6.8,6.936,,,,2026-09-01T15:34:10.098149+00:00,2026-09-01T15:34:10.155236+00:00,6.79,floor,-0.14705882352940863,0.452236,0.0,-0.7352941176470562,,,,,2
2026-09-01,BIAF,trail_activate+2_lock+2_distance2_floor+0,first,resting,STOP_LIMIT,2026-09-01T12:07:07+00:00,,1788278100000,0,2026-09-01T16:38:00+00:00,2026-09-01T16:39:33.085000+00:00,6.53,,6.53,6.6606000000000005,,,,2026-09-01T16:39:33.149343+00:00,2026-09-01T16:39:33.150322+00:00,6.47,floor,-0.9188361408882159,0.065322,0.0,-0.9188361408882159,,,,,2
2026-09-01,BIAF,trail_activate+2_lock+2_distance2_floor+0,reclaim,resting,STOP_LIMIT,2026-09-01T12:07:07+00:00,,1788278100000,1788280920000,2026-09-01T16:46:00+00:00,2026-09-01T16:47:38.131000+00:00,6.62,,6.62,6.752400000000001,,,,2026-09-01T16:47:39.206912+00:00,2026-09-01T16:47:39.207212+00:00,6.53,floor,-1.3595166163141972,1.076212,0.0,-1.3595166163141972,,,2026-09-01T16:47:39.206912+00:00,,2
2026-09-01,BIAF,trail_activate+2_lock+2_distance2_floor+0,first,resting,STOP_LIMIT,2026-09-01T12:07:07+00:00,,1788285300000,0,2026-09-01T18:30:00+00:00,2026-09-01T18:30:13.361000+00:00,6.75,,6.75,6.885,,,,2026-09-01T18:30:15.044109+00:00,2026-09-01T18:30:19.281452+00:00,6.69,floor,-0.8888888888888832,5.920452,0.0,-1.481481481481476,,,2026-09-01T18:30:15.044109+00:00,,2
2026-09-01,BIAF,trail_activate+2_lock+2_distance2_floor+0,reclaim,resting,STOP_LIMIT,2026-09-01T12:07:07+00:00,,1788285300000,1788288540000,2026-09-01T18:52:00+00:00,2026-09-01T19:06:47.347000+00:00,6.85,,6.85,6.987,,,,2026-09-01T19:06:47.358353+00:00,2026-09-01T19:06:47.442329+00:00,6.75,floor,-1.459854014598535,0.095329,0.0,-1.459854014598535,,,2026-09-01T19:06:47.358353+00:00,,2
2026-09-01,FLYE,trail_activate+1_lock+1_distance1_floor-1,first,resting,STOP_LIMIT,2026-09-01T15:23:09+00:00,,1788276780000,0,2026-09-01T15:37:00+00:00,2026-09-01T15:37:54.135000+00:00,1.89,,1.8711,1.9088999999999998,,,,2026-09-01T15:38:00.666707+00:00,2026-09-01T15:38:00.666971+00:00,1.87,floor,-1.0582010582010475,6.531971,0.0,-1.0582010582010475,,,2026-09-01T15:38:00.666707+00:00,,6
2026-09-01,FLYE,trail_activate+1_lock+1_distance1_floor-1,reclaim,resting,STOP_LIMIT,2026-09-01T15:23:09+00:00,,1788276780000,1788277020000,2026-09-01T15:40:00+00:00,2026-09-01T15:41:13.048000+00:00,1.89,,1.8711,1.9088999999999998,,,,2026-09-01T15:41:16.031787+00:00,2026-09-01T15:41:20.798883+00:00,1.88,floor,-0.5291005291005296,7.750883,0.0,-1.0582010582010475,,,2026-09-01T15:41:16.031787+00:00,,3
2026-09-01,FLYE,trail_activate+1_lock+1_distance1_floor-1,reclaim,resting,STOP_LIMIT,2026-09-01T15:23:09+00:00,,1788281700000,1788284880000,2026-09-01T17:51:00+00:00,2026-09-01T17:57:53.300000+00:00,2.1,,2.079,2.121,,,,2026-09-01T17:59:04.496712+00:00,2026-09-01T17:59:04.497235+00:00,2.07,floor,-1.4285714285714404,71.197235,0.476190476190466,-1.4285714285714404,,,2026-09-01T17:59:04.496712+00:00,,225
2026-09-01,FLYE,trail_activate+1_lock+1_distance2_floor-1,first,resting,STOP_LIMIT,2026-09-01T15:23:09+00:00,,1788276780000,0,2026-09-01T15:37:00+00:00,2026-09-01T15:37:54.135000+00:00,1.89,,1.8711,1.9088999999999998,,,,2026-09-01T15:38:00.666707+00:00,2026-09-01T15:38:00.666971+00:00,1.87,floor,-1.0582010582010475,6.531971,0.0,-1.0582010582010475,,,2026-09-01T15:38:00.666707+00:00,,6
2026-09-01,FLYE,trail_activate+1_lock+1_distance2_floor-1,reclaim,resting,STOP_LIMIT,2026-09-01T15:23:09+00:00,,1788276780000,1788277020000,2026-09-01T15:40:00+00:00,2026-09-01T15:41:13.048000+00:00,1.89,,1.8711,1.9088999999999998,,,,2026-09-01T15:41:16.031787+00:00,2026-09-01T15:41:20.798883+00:00,1.88,floor,-0.5291005291005296,7.750883,0.0,-1.0582010582010475,,,2026-09-01T15:41:16.031787+00:00,,3
2026-09-01,FLYE,trail_activate+1_lock+1_distance2_floor-1,reclaim,resting,STOP_LIMIT,2026-09-01T15:23:09+00:00,,1788281700000,1788284880000,2026-09-01T17:51:00+00:00,2026-09-01T17:57:53.300000+00:00,2.1,,2.079,2.121,,,,2026-09-01T17:59:04.496712+00:00,2026-09-01T17:59:04.497235+00:00,2.07,floor,-1.4285714285714404,71.197235,0.476190476190466,-1.4285714285714404,,,2026-09-01T17:59:04.496712+00:00,,225
2026-09-01,FLYE,trail_activate+2_lock+2_distance1_floor-1,first,resting,STOP_LIMIT,2026-09-01T15:23:09+00:00,,1788276780000,0,2026-09-01T15:37:00+00:00,2026-09-01T15:37:54.135000+00:00,1.89,,1.8711,1.9278,,,,2026-09-01T15:38:00.666707+00:00,2026-09-01T15:38:00.666971+00:00,1.87,floor,-1.0582010582010475,6.531971,0.0,-1.0582010582010475,,,2026-09-01T15:38:00.666707+00:00,,6
2026-09-01,FLYE,trail_activate+2_lock+2_distance1_floor-1,reclaim,resting,STOP_LIMIT,2026-09-01T15:23:09+00:00,,1788276780000,1788277020000,2026-09-01T15:40:00+00:00,2026-09-01T15:41:13.048000+00:00,1.89,,1.8711,1.9278,,,,2026-09-01T15:41:16.031787+00:00,2026-09-01T15:41:20.798883+00:00,1.88,floor,-0.5291005291005296,7.750883,0.0,-1.0582010582010475,,,2026-09-01T15:41:16.031787+00:00,,3
2026-09-01,FLYE,trail_activate+2_lock+2_distance1_floor-1,reclaim,resting,STOP_LIMIT,2026-09-01T15:23:09+00:00,,1788281700000,1788284880000,2026-09-01T17:51:00+00:00,2026-09-01T17:57:53.300000+00:00,2.1,,2.079,2.1420000000000003,,,,2026-09-01T17:59:04.496712+00:00,2026-09-01T17:59:04.497235+00:00,2.07,floor,-1.4285714285714404,71.197235,0.476190476190466,-1.4285714285714404,,,2026-09-01T17:59:04.496712+00:00,,225
2026-09-01,FLYE,trail_activate+2_lock+2_distance2_floor-1,first,resting,STOP_LIMIT,2026-09-01T15:23:09+00:00,,1788276780000,0,2026-09-01T15:37:00+00:00,2026-09-01T15:37:54.135000+00:00,1.89,,1.8711,1.9278,,,,2026-09-01T15:38:00.666707+00:00,2026-09-01T15:38:00.666971+00:00,1.87,floor,-1.0582010582010475,6.531971,0.0,-1.0582010582010475,,,2026-09-01T15:38:00.666707+00:00,,6
2026-09-01,FLYE,trail_activate+2_lock+2_distance2_floor-1,reclaim,resting,STOP_LIMIT,2026-09-01T15:23:09+00:00,,1788276780000,1788277020000,2026-09-01T15:40:00+00:00,2026-09-01T15:41:13.048000+00:00,1.89,,1.8711,1.9278,,,,2026-09-01T15:41:16.031787+00:00,2026-09-01T15:41:20.798883+00:00,1.88,floor,-0.5291005291005296,7.750883,0.0,-1.0582010582010475,,,2026-09-01T15:41:16.031787+00:00,,3
2026-09-01,FLYE,trail_activate+2_lock+2_distance2_floor-1,reclaim,resting,STOP_LIMIT,2026-09-01T15:23:09+00:00,,1788281700000,1788284880000,2026-09-01T17:51:00+00:00,2026-09-01T17:57:53.300000+00:00,2.1,,2.079,2.1420000000000003,,,,2026-09-01T17:59:04.496712+00:00,2026-09-01T17:59:04.497235+00:00,2.07,floor,-1.4285714285714404,71.197235,0.476190476190466,-1.4285714285714404,,,2026-09-01T17:59:04.496712+00:00,,225
2026-09-01,FLYE,trail_activate+1_lock+1_distance1_floor+0,first,resting,STOP_LIMIT,2026-09-01T15:23:09+00:00,,1788276780000,0,2026-09-01T15:37:00+00:00,2026-09-01T15:37:54.135000+00:00,1.89,,1.89,1.9088999999999998,,,,2026-09-01T15:37:57.063077+00:00,2026-09-01T15:37:59.059026+00:00,1.88,floor,-0.5291005291005296,4.924026,0.0,-0.5291005291005296,,,,,2
2026-09-01,FLYE,trail_activate+1_lock+1_distance1_floor+0,reclaim,resting,STOP_LIMIT,2026-09-01T15:23:09+00:00,,1788276780000,1788277020000,2026-09-01T15:40:00+00:00,2026-09-01T15:41:13.048000+00:00,1.89,,1.89,1.9088999999999998,,,,2026-09-01T15:41:16.031380+00:00,2026-09-01T15:41:16.031787+00:00,1.87,floor,-1.0582010582010475,2.983787,0.0,-1.0582010582010475,,,2026-09-01T15:41:16.031787+00:00,,2
2026-09-01,FLYE,trail_activate+1_lock+1_distance1_floor+0,reclaim,resting,STOP_LIMIT,2026-09-01T15:23:09+00:00,,1788281700000,1788284880000,2026-09-01T17:51:00+00:00,2026-09-01T17:57:53.300000+00:00,2.1,,2.1,2.121,,,,2026-09-01T17:57:54.768341+00:00,2026-09-01T17:57:54.774446+00:00,2.09,floor,-0.47619047619048716,1.474446,0.0,-0.47619047619048716,,,,,2
2026-09-01,FLYE,trail_activate+1_lock+1_distance2_floor+0,first,resting,STOP_LIMIT,2026-09-01T15:23:09+00:00,,1788276780000,0,2026-09-01T15:37:00+00:00,2026-09-01T15:37:54.135000+00:00,1.89,,1.89,1.9088999999999998,,,,2026-09-01T15:37:57.063077+00:00,2026-09-01T15:37:59.059026+00:00,1.88,floor,-0.5291005291005296,4.924026,0.0,-0.5291005291005296,,,,,2
2026-09-01,FLYE,trail_activate+1_lock+1_distance2_floor+0,reclaim,resting,STOP_LIMIT,2026-09-01T15:23:09+00:00,,1788276780000,1788277020000,2026-09-01T15:40:00+00:00,2026-09-01T15:41:13.048000+00:00,1.89,,1.89,1.9088999999999998,,,,2026-09-01T15:41:16.031380+00:00,2026-09-01T15:41:16.031787+00:00,1.87,floor,-1.0582010582010475,2.983787,0.0,-1.0582010582010475,,,2026-09-01T15:41:16.031787+00:00,,2
2026-09-01,FLYE,trail_activate+1_lock+1_distance2_floor+0,reclaim,resting,STOP_LIMIT,2026-09-01T15:23:09+00:00,,1788281700000,1788284880000,2026-09-01T17:51:00+00:00,2026-09-01T17:57:53.300000+00:00,2.1,,2.1,2.121,,,,2026-09-01T17:57:54.768341+00:00,2026-09-01T17:57:54.774446+00:00,2.09,floor,-0.47619047619048716,1.474446,0.0,-0.47619047619048716,,,,,2
2026-09-01,FLYE,trail_activate+2_lock+2_distance1_floor+0,first,resting,STOP_LIMIT,2026-09-01T15:23:09+00:00,,1788276780000,0,2026-09-01T15:37:00+00:00,2026-09-01T15:37:54.135000+00:00,1.89,,1.89,1.9278,,,,2026-09-01T15:37:57.063077+00:00,2026-09-01T15:37:59.059026+00:00,1.88,floor,-0.5291005291005296,4.924026,0.0,-0.5291005291005296,,,,,2
2026-09-01,FLYE,trail_activate+2_lock+2_distance1_floor+0,reclaim,resting,STOP_LIMIT,2026-09-01T15:23:09+00:00,,1788276780000,1788277020000,2026-09-01T15:40:00+00:00,2026-09-01T15:41:13.048000+00:00,1.89,,1.89,1.9278,,,,2026-09-01T15:41:16.031380+00:00,2026-09-01T15:41:16.031787+00:00,1.87,floor,-1.0582010582010475,2.983787,0.0,-1.0582010582010475,,,2026-09-01T15:41:16.031787+00:00,,2
2026-09-01,FLYE,trail_activate+2_lock+2_distance1_floor+0,reclaim,resting,STOP_LIMIT,2026-09-01T15:23:09+00:00,,1788281700000,1788284880000,2026-09-01T17:51:00+00:00,2026-09-01T17:57:53.300000+00:00,2.1,,2.1,2.1420000000000003,,,,2026-09-01T17:57:54.768341+00:00,2026-09-01T17:57:54.774446+00:00,2.09,floor,-0.47619047619048716,1.474446,0.0,-0.47619047619048716,,,,,2
2026-09-01,FLYE,trail_activate+2_lock+2_distance2_floor+0,first,resting,STOP_LIMIT,2026-09-01T15:23:09+00:00,,1788276780000,0,2026-09-01T15:37:00+00:00,2026-09-01T15:37:54.135000+00:00,1.89,,1.89,1.9278,,,,2026-09-01T15:37:57.063077+00:00,2026-09-01T15:37:59.059026+00:00,1.88,floor,-0.5291005291005296,4.924026,0.0,-0.5291005291005296,,,,,2
2026-09-01,FLYE,trail_activate+2_lock+2_distance2_floor+0,reclaim,resting,STOP_LIMIT,2026-09-01T15:23:09+00:00,,1788276780000,1788277020000,2026-09-01T15:40:00+00:00,2026-09-01T15:41:13.048000+00:00,1.89,,1.89,1.9278,,,,2026-09-01T15:41:16.031380+00:00,2026-09-01T15:41:16.031787+00:00,1.87,floor,-1.0582010582010475,2.983787,0.0,-1.0582010582010475,,,2026-09-01T15:41:16.031787+00:00,,2
2026-09-01,FLYE,trail_activate+2_lock+2_distance2_floor+0,reclaim,resting,STOP_LIMIT,2026-09-01T15:23:09+00:00,,1788281700000,1788284880000,2026-09-01T17:51:00+00:00,2026-09-01T17:57:53.300000+00:00,2.1,,2.1,2.1420000000000003,,,,2026-09-01T17:57:54.768341+00:00,2026-09-01T17:57:54.774446+00:00,2.09,floor,-0.47619047619048716,1.474446,0.0,-0.47619047619048716,,,,,2
2026-09-01,RDAC,trail_activate+1_lock+1_distance1_floor-1,reclaim,resting,STOP_LIMIT,2026-09-01T17:46:29+00:00,,1788289500000,1788289500000,2026-09-01T19:16:00+00:00,2026-09-01T19:38:51.958000+00:00,6.75,,6.6825,6.8175,,,,2026-09-01T19:38:51.969947+00:00,2026-09-01T19:38:53.697496+00:00,6.48,floor,-3.999999999999994,1.739496,0.0,-3.999999999999994,,,2026-09-01T19:38:51.969947+00:00,2026-09-01T19:38:51.969947+00:00,2
2026-09-01,RDAC,trail_activate+1_lock+1_distance2_floor-1,reclaim,resting,STOP_LIMIT,2026-09-01T17:46:29+00:00,,1788289500000,1788289500000,2026-09-01T19:16:00+00:00,2026-09-01T19:38:51.958000+00:00,6.75,,6.6825,6.8175,,,,2026-09-01T19:38:51.969947+00:00,2026-09-01T19:38:53.697496+00:00,6.48,floor,-3.999999999999994,1.739496,0.0,-3.999999999999994,,,2026-09-01T19:38:51.969947+00:00,2026-09-01T19:38:51.969947+00:00,2
2026-09-01,RDAC,trail_activate+2_lock+2_distance1_floor-1,reclaim,resting,STOP_LIMIT,2026-09-01T17:46:29+00:00,,1788289500000,1788289500000,2026-09-01T19:16:00+00:00,2026-09-01T19:38:51.958000+00:00,6.75,,6.6825,6.885,,,,2026-09-01T19:38:51.969947+00:00,2026-09-01T19:38:53.697496+00:00,6.48,floor,-3.999999999999994,1.739496,0.0,-3.999999999999994,,,2026-09-01T19:38:51.969947+00:00,2026-09-01T19:38:51.969947+00:00,2
2026-09-01,RDAC,trail_activate+2_lock+2_distance2_floor-1,reclaim,resting,STOP_LIMIT,2026-09-01T17:46:29+00:00,,1788289500000,1788289500000,2026-09-01T19:16:00+00:00,2026-09-01T19:38:51.958000+00:00,6.75,,6.6825,6.885,,,,2026-09-01T19:38:51.969947+00:00,2026-09-01T19:38:53.697496+00:00,6.48,floor,-3.999999999999994,1.739496,0.0,-3.999999999999994,,,2026-09-01T19:38:51.969947+00:00,2026-09-01T19:38:51.969947+00:00,2
2026-09-01,RDAC,trail_activate+1_lock+1_distance1_floor+0,reclaim,resting,STOP_LIMIT,2026-09-01T17:46:29+00:00,,1788289500000,1788289500000,2026-09-01T19:16:00+00:00,2026-09-01T19:38:51.958000+00:00,6.75,,6.75,6.8175,,,,2026-09-01T19:38:51.969947+00:00,2026-09-01T19:38:53.697496+00:00,6.48,floor,-3.999999999999994,1.739496,0.0,-3.999999999999994,,,2026-09-01T19:38:51.969947+00:00,2026-09-01T19:38:51.969947+00:00,2
2026-09-01,RDAC,trail_activate+1_lock+1_distance2_floor+0,reclaim,resting,STOP_LIMIT,2026-09-01T17:46:29+00:00,,1788289500000,1788289500000,2026-09-01T19:16:00+00:00,2026-09-01T19:38:51.958000+00:00,6.75,,6.75,6.8175,,,,2026-09-01T19:38:51.969947+00:00,2026-09-01T19:38:53.697496+00:00,6.48,floor,-3.999999999999994,1.739496,0.0,-3.999999999999994,,,2026-09-01T19:38:51.969947+00:00,2026-09-01T19:38:51.969947+00:00,2
2026-09-01,RDAC,trail_activate+2_lock+2_distance1_floor+0,reclaim,resting,STOP_LIMIT,2026-09-01T17:46:29+00:00,,1788289500000,1788289500000,2026-09-01T19:16:00+00:00,2026-09-01T19:38:51.958000+00:00,6.75,,6.75,6.885,,,,2026-09-01T19:38:51.969947+00:00,2026-09-01T19:38:53.697496+00:00,6.48,floor,-3.999999999999994,1.739496,0.0,-3.999999999999994,,,2026-09-01T19:38:51.969947+00:00,2026-09-01T19:38:51.969947+00:00,2
2026-09-01,RDAC,trail_activate+2_lock+2_distance2_floor+0,reclaim,resting,STOP_LIMIT,2026-09-01T17:46:29+00:00,,1788289500000,1788289500000,2026-09-01T19:16:00+00:00,2026-09-01T19:38:51.958000+00:00,6.75,,6.75,6.885,,,,2026-09-01T19:38:51.969947+00:00,2026-09-01T19:38:53.697496+00:00,6.48,floor,-3.999999999999994,1.739496,0.0,-3.999999999999994,,,2026-09-01T19:38:51.969947+00:00,2026-09-01T19:38:51.969947+00:00,2
2026-09-01,SSM,trail_activate+1_lock+1_distance1_floor-1,reclaim,reactive,limit,2026-09-01T08:35:52+00:00,,1788267060000,1788267060000,2026-09-01T13:25:20.136000+00:00,2026-09-01T13:25:20.136000+00:00,3.84,,3.8015999999999996,3.8784,,,,2026-09-01T13:25:45.419787+00:00,2026-09-01T13:25:49.600939+00:00,3.8,floor,-1.0416666666666676,29.464939,0.0,-1.0416666666666676,,,2026-09-01T13:25:45.419787+00:00,,28
2026-09-01,SSM,trail_activate+1_lock+1_distance1_floor-1,first,resting,STOP_LIMIT,2026-09-01T08:35:52+00:00,,1788269580000,0,2026-09-01T13:34:00+00:00,2026-09-01T13:38:12.723000+00:00,3.96,,3.9204,3.9996,,,,2026-09-01T13:38:12.938227+00:00,2026-09-01T13:38:13.057724+00:00,3.91,floor,-1.262626262626258,0.334724,0.0,-1.262626262626258,,,2026-09-01T13:38:12.938227+00:00,,2
2026-09-01,SSM,trail_activate+1_lock+1_distance1_floor-1,reclaim,reactive,market,2026-09-01T08:35:52+00:00,,1788269580000,1788269820000,2026-09-01T13:48:02.717000+00:00,2026-09-01T13:48:02.717000+00:00,4.36,,4.316400000000001,4.4036,,,,2026-09-01T13:48:04.354355+00:00,2026-09-01T13:48:04.354579+00:00,4.31,floor,-1.1467889908257043,1.637579,0.0,-1.1467889908257043,,,2026-09-01T13:48:04.354355+00:00,,29
2026-09-01,SSM,trail_activate+1_lock+1_distance1_floor-1,first,resting,STOP_LIMIT,2026-09-01T08:35:52+00:00,,1788271020000,0,2026-09-01T14:38:00+00:00,2026-09-01T14:43:50.601000+00:00,4.06,,4.019399999999999,4.1006,2026-09-01T14:44:26.866746+00:00,4.11,4.1006,2026-09-01T14:44:29.312131+00:00,2026-09-01T14:44:29.312406+00:00,4.1,trail,0.9852216748768483,38.711406,1.2315270935960767,-0.7389162561576198,2026-09-01T14:44:26.866746+00:00,,,,208
2026-09-01,SSM,trail_activate+1_lock+1_distance1_floor-1,reclaim,resting,STOP_LIMIT,2026-09-01T08:35:52+00:00,,1788274260000,1788276360000,2026-09-01T15:29:00+00:00,2026-09-01T15:30:42.528000+00:00,3.96,,3.9204,3.9996,,,,2026-09-01T15:30:44.467805+00:00,2026-09-01T15:30:44.486828+00:00,3.88,floor,-2.020202020202022,1.958828,0.0,-2.020202020202022,,,2026-09-01T15:30:44.467805+00:00,2026-09-01T15:30:44.486828+00:00,2
2026-09-01,SSM,trail_activate+1_lock+1_distance1_floor-1,reclaim,resting,STOP_LIMIT,2026-09-01T08:35:52+00:00,,1788285480000,1788287460000,2026-09-01T18:40:00+00:00,2026-09-01T18:58:19.154000+00:00,3.99,,3.9501000000000004,4.0299000000000005,,,,2026-09-01T18:58:19.220048+00:00,2026-09-01T18:58:19.993911+00:00,3.95,floor,-1.0025062656641612,0.839911,0.0,-1.0025062656641612,,,2026-09-01T18:58:19.220048+00:00,,2
2026-09-01,SSM,trail_activate+1_lock+1_distance2_floor-1,reclaim,reactive,limit,2026-09-01T08:35:52+00:00,,1788267060000,1788267060000,2026-09-01T13:25:20.136000+00:00,2026-09-01T13:25:20.136000+00:00,3.84,,3.8015999999999996,3.8784,,,,2026-09-01T13:25:45.419787+00:00,2026-09-01T13:25:49.600939+00:00,3.8,floor,-1.0416666666666676,29.464939,0.0,-1.0416666666666676,,,2026-09-01T13:25:45.419787+00:00,,28
2026-09-01,SSM,trail_activate+1_lock+1_distance2_floor-1,first,resting,STOP_LIMIT,2026-09-01T08:35:52+00:00,,1788269580000,0,2026-09-01T13:34:00+00:00,2026-09-01T13:38:12.723000+00:00,3.96,,3.9204,3.9996,,,,2026-09-01T13:38:12.938227+00:00,2026-09-01T13:38:13.057724+00:00,3.91,floor,-1.262626262626258,0.334724,0.0,-1.262626262626258,,,2026-09-01T13:38:12.938227+00:00,,2
2026-09-01,SSM,trail_activate+1_lock+1_distance2_floor-1,reclaim,reactive,market,2026-09-01T08:35:52+00:00,,1788269580000,1788269820000,2026-09-01T13:48:02.717000+00:00,2026-09-01T13:48:02.717000+00:00,4.36,,4.316400000000001,4.4036,,,,2026-09-01T13:48:04.354355+00:00,2026-09-01T13:48:04.354579+00:00,4.31,floor,-1.1467889908257043,1.637579,0.0,-1.1467889908257043,,,2026-09-01T13:48:04.354355+00:00,,29
2026-09-01,SSM,trail_activate+1_lock+1_distance2_floor-1,first,resting,STOP_LIMIT,2026-09-01T08:35:52+00:00,,1788271020000,0,2026-09-01T14:38:00+00:00,2026-09-01T14:43:50.601000+00:00,4.06,,4.019399999999999,4.1006,2026-09-01T14:44:26.866746+00:00,4.11,4.1006,2026-09-01T14:44:29.312131+00:00,2026-09-01T14:44:29.312406+00:00,4.1,trail,0.9852216748768483,38.711406,1.2315270935960767,-0.7389162561576198,2026-09-01T14:44:26.866746+00:00,,,,208
2026-09-01,SSM,trail_activate+1_lock+1_distance2_floor-1,reclaim,resting,STOP_LIMIT,2026-09-01T08:35:52+00:00,,1788274260000,1788276360000,2026-09-01T15:29:00+00:00,2026-09-01T15:30:42.528000+00:00,3.96,,3.9204,3.9996,,,,2026-09-01T15:30:44.467805+00:00,2026-09-01T15:30:44.486828+00:00,3.88,floor,-2.020202020202022,1.958828,0.0,-2.020202020202022,,,2026-09-01T15:30:44.467805+00:00,2026-09-01T15:30:44.486828+00:00,2
2026-09-01,SSM,trail_activate+1_lock+1_distance2_floor-1,reclaim,resting,STOP_LIMIT,2026-09-01T08:35:52+00:00,,1788285480000,1788287460000,2026-09-01T18:40:00+00:00,2026-09-01T18:58:19.154000+00:00,3.99,,3.9501000000000004,4.0299000000000005,,,,2026-09-01T18:58:19.220048+00:00,2026-09-01T18:58:19.993911+00:00,3.95,floor,-1.0025062656641612,0.839911,0.0,-1.0025062656641612,,,2026-09-01T18:58:19.220048+00:00,,2
2026-09-01,SSM,trail_activate+2_lock+2_distance1_floor-1,reclaim,reactive,limit,2026-09-01T08:35:52+00:00,,1788267060000,1788267060000,2026-09-01T13:25:20.136000+00:00,2026-09-01T13:25:20.136000+00:00,3.84,,3.8015999999999996,3.9168,,,,2026-09-01T13:25:45.419787+00:00,2026-09-01T13:25:49.600939+00:00,3.8,floor,-1.0416666666666676,29.464939,0.0,-1.0416666666666676,,,2026-09-01T13:25:45.419787+00:00,,28
2026-09-01,SSM,trail_activate+2_lock+2_distance1_floor-1,first,resting,STOP_LIMIT,2026-09-01T08:35:52+00:00,,1788269580000,0,2026-09-01T13:34:00+00:00,2026-09-01T13:38:12.723000+00:00,3.96,,3.9204,4.0392,,,,2026-09-01T13:38:12.938227+00:00,2026-09-01T13:38:13.057724+00:00,3.91,floor,-1.262626262626258,0.334724,0.0,-1.262626262626258,,,2026-09-01T13:38:12.938227+00:00,,2
2026-09-01,SSM,trail_activate+2_lock+2_distance1_floor-1,reclaim,reactive,market,2026-09-01T08:35:52+00:00,,1788269580000,1788269820000,2026-09-01T13:48:02.717000+00:00,2026-09-01T13:48:02.717000+00:00,4.36,,4.316400000000001,4.4472000000000005,,,,2026-09-01T13:48:04.354355+00:00,2026-09-01T13:48:04.354579+00:00,4.31,floor,-1.1467889908257043,1.637579,0.0,-1.1467889908257043,,,2026-09-01T13:48:04.354355+00:00,,29
2026-09-01,SSM,trail_activate+2_lock+2_distance1_floor-1,first,resting,STOP_LIMIT,2026-09-01T08:35:52+00:00,,1788271020000,0,2026-09-01T14:38:00+00:00,2026-09-01T14:43:50.601000+00:00,4.06,,4.019399999999999,4.1411999999999995,2026-09-01T14:45:01.760888+00:00,4.15,4.1411999999999995,2026-09-01T14:45:01.767145+00:00,2026-09-01T14:45:01.767845+00:00,4.14,trail,1.9704433497536966,71.166845,2.216748768472925,-0.7389162561576198,2026-09-01T14:44:26.866746+00:00,2026-09-01T14:45:01.760888+00:00,,,361
2026-09-01,SSM,trail_activate+2_lock+2_distance1_floor-1,reclaim,resting,STOP_LIMIT,2026-09-01T08:35:52+00:00,,1788274260000,1788276360000,2026-09-01T15:29:00+00:00,2026-09-01T15:30:42.528000+00:00,3.96,,3.9204,4.0392,,,,2026-09-01T15:30:44.467805+00:00,2026-09-01T15:30:44.486828+00:00,3.88,floor,-2.020202020202022,1.958828,0.0,-2.020202020202022,,,2026-09-01T15:30:44.467805+00:00,2026-09-01T15:30:44.486828+00:00,2
2026-09-01,SSM,trail_activate+2_lock+2_distance1_floor-1,reclaim,resting,STOP_LIMIT,2026-09-01T08:35:52+00:00,,1788285480000,1788287460000,2026-09-01T18:40:00+00:00,2026-09-01T18:58:19.154000+00:00,3.99,,3.9501000000000004,4.0698,,,,2026-09-01T18:58:19.220048+00:00,2026-09-01T18:58:19.993911+00:00,3.95,floor,-1.0025062656641612,0.839911,0.0,-1.0025062656641612,,,2026-09-01T18:58:19.220048+00:00,,2
2026-09-01,SSM,trail_activate+2_lock+2_distance2_floor-1,reclaim,reactive,limit,2026-09-01T08:35:52+00:00,,1788267060000,1788267060000,2026-09-01T13:25:20.136000+00:00,2026-09-01T13:25:20.136000+00:00,3.84,,3.8015999999999996,3.9168,,,,2026-09-01T13:25:45.419787+00:00,2026-09-01T13:25:49.600939+00:00,3.8,floor,-1.0416666666666676,29.464939,0.0,-1.0416666666666676,,,2026-09-01T13:25:45.419787+00:00,,28
2026-09-01,SSM,trail_activate+2_lock+2_distance2_floor-1,first,resting,STOP_LIMIT,2026-09-01T08:35:52+00:00,,1788269580000,0,2026-09-01T13:34:00+00:00,2026-09-01T13:38:12.723000+00:00,3.96,,3.9204,4.0392,,,,2026-09-01T13:38:12.938227+00:00,2026-09-01T13:38:13.057724+00:00,3.91,floor,-1.262626262626258,0.334724,0.0,-1.262626262626258,,,2026-09-01T13:38:12.938227+00:00,,2
2026-09-01,SSM,trail_activate+2_lock+2_distance2_floor-1,reclaim,reactive,market,2026-09-01T08:35:52+00:00,,1788269580000,1788269820000,2026-09-01T13:48:02.717000+00:00,2026-09-01T13:48:02.717000+00:00,4.36,,4.316400000000001,4.4472000000000005,,,,2026-09-01T13:48:04.354355+00:00,2026-09-01T13:48:04.354579+00:00,4.31,floor,-1.1467889908257043,1.637579,0.0,-1.1467889908257043,,,2026-09-01T13:48:04.354355+00:00,,29
2026-09-01,SSM,trail_activate+2_lock+2_distance2_floor-1,first,resting,STOP_LIMIT,2026-09-01T08:35:52+00:00,,1788271020000,0,2026-09-01T14:38:00+00:00,2026-09-01T14:43:50.601000+00:00,4.06,,4.019399999999999,4.1411999999999995,2026-09-01T14:45:01.760888+00:00,4.15,4.1411999999999995,2026-09-01T14:45:01.767145+00:00,2026-09-01T14:45:01.767845+00:00,4.14,trail,1.9704433497536966,71.166845,2.216748768472925,-0.7389162561576198,2026-09-01T14:44:26.866746+00:00,2026-09-01T14:45:01.760888+00:00,,,361
2026-09-01,SSM,trail_activate+2_lock+2_distance2_floor-1,reclaim,resting,STOP_LIMIT,2026-09-01T08:35:52+00:00,,1788274260000,1788276360000,2026-09-01T15:29:00+00:00,2026-09-01T15:30:42.528000+00:00,3.96,,3.9204,4.0392,,,,2026-09-01T15:30:44.467805+00:00,2026-09-01T15:30:44.486828+00:00,3.88,floor,-2.020202020202022,1.958828,0.0,-2.020202020202022,,,2026-09-01T15:30:44.467805+00:00,2026-09-01T15:30:44.486828+00:00,2
2026-09-01,SSM,trail_activate+2_lock+2_distance2_floor-1,reclaim,resting,STOP_LIMIT,2026-09-01T08:35:52+00:00,,1788285480000,1788287460000,2026-09-01T18:40:00+00:00,2026-09-01T18:58:19.154000+00:00,3.99,,3.9501000000000004,4.0698,,,,2026-09-01T18:58:19.220048+00:00,2026-09-01T18:58:19.993911+00:00,3.95,floor,-1.0025062656641612,0.839911,0.0,-1.0025062656641612,,,2026-09-01T18:58:19.220048+00:00,,2
2026-09-01,SSM,trail_activate+1_lock+1_distance1_floor+0,reclaim,reactive,limit,2026-09-01T08:35:52+00:00,,1788267060000,1788267060000,2026-09-01T13:25:20.136000+00:00,2026-09-01T13:25:20.136000+00:00,3.84,,3.84,3.8784,,,,2026-09-01T13:25:20.136698+00:00,2026-09-01T13:25:21.221005+00:00,3.82,floor,-0.5208333333333338,1.085005,0.0,-0.5208333333333338,,,,,2
2026-09-01,SSM,trail_activate+1_lock+1_distance1_floor+0,first,resting,STOP_LIMIT,2026-09-01T08:35:52+00:00,,1788269580000,0,2026-09-01T13:34:00+00:00,2026-09-01T13:38:12.723000+00:00,3.96,,3.96,3.9996,,,,2026-09-01T13:38:12.938227+00:00,2026-09-01T13:38:13.057724+00:00,3.91,floor,-1.262626262626258,0.334724,0.0,-1.262626262626258,,,2026-09-01T13:38:12.938227+00:00,,2
2026-09-01,SSM,trail_activate+1_lock+1_distance1_floor+0,reclaim,reactive,market,2026-09-01T08:35:52+00:00,,1788269580000,1788269820000,2026-09-01T13:48:02.717000+00:00,2026-09-01T13:48:02.717000+00:00,4.36,,4.36,4.4036,,,,2026-09-01T13:48:04.332755+00:00,2026-09-01T13:48:04.337630+00:00,4.34,floor,-0.45871559633028575,1.62063,0.0,-0.45871559633028575,,,,,2
2026-09-01,SSM,trail_activate+1_lock+1_distance1_floor+0,first,resting,STOP_LIMIT,2026-09-01T08:35:52+00:00,,1788271020000,0,2026-09-01T14:38:00+00:00,2026-09-01T14:43:50.601000+00:00,4.06,,4.06,4.1006,,,,2026-09-01T14:43:51.979612+00:00,2026-09-01T14:43:52.494412+00:00,4.05,floor,-0.24630541871920658,1.893412,0.0,-0.24630541871920658,,,,,2
2026-09-01,SSM,trail_activate+1_lock+1_distance1_floor+0,reclaim,resting,STOP_LIMIT,2026-09-01T08:35:52+00:00,,1788274260000,1788276360000,2026-09-01T15:29:00+00:00,2026-09-01T15:30:42.528000+00:00,3.96,,3.96,3.9996,,,,2026-09-01T15:30:44.467805+00:00,2026-09-01T15:30:44.486828+00:00,3.88,floor,-2.020202020202022,1.958828,0.0,-2.020202020202022,,,2026-09-01T15:30:44.467805+00:00,2026-09-01T15:30:44.486828+00:00,2
2026-09-01,SSM,trail_activate+1_lock+1_distance1_floor+0,reclaim,resting,STOP_LIMIT,2026-09-01T08:35:52+00:00,,1788285480000,1788287460000,2026-09-01T18:40:00+00:00,2026-09-01T18:58:19.154000+00:00,3.99,,3.99,4.0299000000000005,,,,2026-09-01T18:58:19.220048+00:00,2026-09-01T18:58:19.993911+00:00,3.95,floor,-1.0025062656641612,0.839911,0.0,-1.0025062656641612,,,2026-09-01T18:58:19.220048+00:00,,2
2026-09-01,SSM,trail_activate+1_lock+1_distance2_floor+0,reclaim,reactive,limit,2026-09-01T08:35:52+00:00,,1788267060000,1788267060000,2026-09-01T13:25:20.136000+00:00,2026-09-01T13:25:20.136000+00:00,3.84,,3.84,3.8784,,,,2026-09-01T13:25:20.136698+00:00,2026-09-01T13:25:21.221005+00:00,3.82,floor,-0.5208333333333338,1.085005,0.0,-0.5208333333333338,,,,,2
2026-09-01,SSM,trail_activate+1_lock+1_distance2_floor+0,first,resting,STOP_LIMIT,2026-09-01T08:35:52+00:00,,1788269580000,0,2026-09-01T13:34:00+00:00,2026-09-01T13:38:12.723000+00:00,3.96,,3.96,3.9996,,,,2026-09-01T13:38:12.938227+00:00,2026-09-01T13:38:13.057724+00:00,3.91,floor,-1.262626262626258,0.334724,0.0,-1.262626262626258,,,2026-09-01T13:38:12.938227+00:00,,2
2026-09-01,SSM,trail_activate+1_lock+1_distance2_floor+0,reclaim,reactive,market,2026-09-01T08:35:52+00:00,,1788269580000,1788269820000,2026-09-01T13:48:02.717000+00:00,2026-09-01T13:48:02.717000+00:00,4.36,,4.36,4.4036,,,,2026-09-01T13:48:04.332755+00:00,2026-09-01T13:48:04.337630+00:00,4.34,floor,-0.45871559633028575,1.62063,0.0,-0.45871559633028575,,,,,2
2026-09-01,SSM,trail_activate+1_lock+1_distance2_floor+0,first,resting,STOP_LIMIT,2026-09-01T08:35:52+00:00,,1788271020000,0,2026-09-01T14:38:00+00:00,2026-09-01T14:43:50.601000+00:00,4.06,,4.06,4.1006,,,,2026-09-01T14:43:51.979612+00:00,2026-09-01T14:43:52.494412+00:00,4.05,floor,-0.24630541871920658,1.893412,0.0,-0.24630541871920658,,,,,2
2026-09-01,SSM,trail_activate+1_lock+1_distance2_floor+0,reclaim,resting,STOP_LIMIT,2026-09-01T08:35:52+00:00,,1788274260000,1788276360000,2026-09-01T15:29:00+00:00,2026-09-01T15:30:42.528000+00:00,3.96,,3.96,3.9996,,,,2026-09-01T15:30:44.467805+00:00,2026-09-01T15:30:44.486828+00:00,3.88,floor,-2.020202020202022,1.958828,0.0,-2.020202020202022,,,2026-09-01T15:30:44.467805+00:00,2026-09-01T15:30:44.486828+00:00,2
2026-09-01,SSM,trail_activate+1_lock+1_distance2_floor+0,reclaim,resting,STOP_LIMIT,2026-09-01T08:35:52+00:00,,1788285480000,1788287460000,2026-09-01T18:40:00+00:00,2026-09-01T18:58:19.154000+00:00,3.99,,3.99,4.0299000000000005,,,,2026-09-01T18:58:19.220048+00:00,2026-09-01T18:58:19.993911+00:00,3.95,floor,-1.0025062656641612,0.839911,0.0,-1.0025062656641612,,,2026-09-01T18:58:19.220048+00:00,,2
2026-09-01,SSM,trail_activate+2_lock+2_distance1_floor+0,reclaim,reactive,limit,2026-09-01T08:35:52+00:00,,1788267060000,1788267060000,2026-09-01T13:25:20.136000+00:00,2026-09-01T13:25:20.136000+00:00,3.84,,3.84,3.9168,,,,2026-09-01T13:25:20.136698+00:00,2026-09-01T13:25:21.221005+00:00,3.82,floor,-0.5208333333333338,1.085005,0.0,-0.5208333333333338,,,,,2
2026-09-01,SSM,trail_activate+2_lock+2_distance1_floor+0,first,resting,STOP_LIMIT,2026-09-01T08:35:52+00:00,,1788269580000,0,2026-09-01T13:34:00+00:00,2026-09-01T13:38:12.723000+00:00,3.96,,3.96,4.0392,,,,2026-09-01T13:38:12.938227+00:00,2026-09-01T13:38:13.057724+00:00,3.91,floor,-1.262626262626258,0.334724,0.0,-1.262626262626258,,,2026-09-01T13:38:12.938227+00:00,,2
2026-09-01,SSM,trail_activate+2_lock+2_distance1_floor+0,reclaim,reactive,market,2026-09-01T08:35:52+00:00,,1788269580000,1788269820000,2026-09-01T13:48:02.717000+00:00,2026-09-01T13:48:02.717000+00:00,4.36,,4.36,4.4472000000000005,,,,2026-09-01T13:48:04.332755+00:00,2026-09-01T13:48:04.337630+00:00,4.34,floor,-0.45871559633028575,1.62063,0.0,-0.45871559633028575,,,,,2
2026-09-01,SSM,trail_activate+2_lock+2_distance1_floor+0,first,resting,STOP_LIMIT,2026-09-01T08:35:52+00:00,,1788271020000,0,2026-09-01T14:38:00+00:00,2026-09-01T14:43:50.601000+00:00,4.06,,4.06,4.1411999999999995,,,,2026-09-01T14:43:51.979612+00:00,2026-09-01T14:43:52.494412+00:00,4.05,floor,-0.24630541871920658,1.893412,0.0,-0.24630541871920658,,,,,2
2026-09-01,SSM,trail_activate+2_lock+2_distance1_floor+0,reclaim,resting,STOP_LIMIT,2026-09-01T08:35:52+00:00,,1788274260000,1788276360000,2026-09-01T15:29:00+00:00,2026-09-01T15:30:42.528000+00:00,3.96,,3.96,4.0392,,,,2026-09-01T15:30:44.467805+00:00,2026-09-01T15:30:44.486828+00:00,3.88,floor,-2.020202020202022,1.958828,0.0,-2.020202020202022,,,2026-09-01T15:30:44.467805+00:00,2026-09-01T15:30:44.486828+00:00,2
2026-09-01,SSM,trail_activate+2_lock+2_distance1_floor+0,reclaim,resting,STOP_LIMIT,2026-09-01T08:35:52+00:00,,1788285480000,1788287460000,2026-09-01T18:40:00+00:00,2026-09-01T18:58:19.154000+00:00,3.99,,3.99,4.0698,,,,2026-09-01T18:58:19.220048+00:00,2026-09-01T18:58:19.993911+00:00,3.95,floor,-1.0025062656641612,0.839911,0.0,-1.0025062656641612,,,2026-09-01T18:58:19.220048+00:00,,2
2026-09-01,SSM,trail_activate+2_lock+2_distance2_floor+0,reclaim,reactive,limit,2026-09-01T08:35:52+00:00,,1788267060000,1788267060000,2026-09-01T13:25:20.136000+00:00,2026-09-01T13:25:20.136000+00:00,3.84,,3.84,3.9168,,,,2026-09-01T13:25:20.136698+00:00,2026-09-01T13:25:21.221005+00:00,3.82,floor,-0.5208333333333338,1.085005,0.0,-0.5208333333333338,,,,,2
2026-09-01,SSM,trail_activate+2_lock+2_distance2_floor+0,first,resting,STOP_LIMIT,2026-09-01T08:35:52+00:00,,1788269580000,0,2026-09-01T13:34:00+00:00,2026-09-01T13:38:12.723000+00:00,3.96,,3.96,4.0392,,,,2026-09-01T13:38:12.938227+00:00,2026-09-01T13:38:13.057724+00:00,3.91,floor,-1.262626262626258,0.334724,0.0,-1.262626262626258,,,2026-09-01T13:38:12.938227+00:00,,2
2026-09-01,SSM,trail_activate+2_lock+2_distance2_floor+0,reclaim,reactive,market,2026-09-01T08:35:52+00:00,,1788269580000,1788269820000,2026-09-01T13:48:02.717000+00:00,2026-09-01T13:48:02.717000+00:00,4.36,,4.36,4.4472000000000005,,,,2026-09-01T13:48:04.332755+00:00,2026-09-01T13:48:04.337630+00:00,4.34,floor,-0.45871559633028575,1.62063,0.0,-0.45871559633028575,,,,,2
2026-09-01,SSM,trail_activate+2_lock+2_distance2_floor+0,first,resting,STOP_LIMIT,2026-09-01T08:35:52+00:00,,1788271020000,0,2026-09-01T14:38:00+00:00,2026-09-01T14:43:50.601000+00:00,4.06,,4.06,4.1411999999999995,,,,2026-09-01T14:43:51.979612+00:00,2026-09-01T14:43:52.494412+00:00,4.05,floor,-0.24630541871920658,1.893412,0.0,-0.24630541871920658,,,,,2
2026-09-01,SSM,trail_activate+2_lock+2_distance2_floor+0,reclaim,resting,STOP_LIMIT,2026-09-01T08:35:52+00:00,,1788274260000,1788276360000,2026-09-01T15:29:00+00:00,2026-09-01T15:30:42.528000+00:00,3.96,,3.96,4.0392,,,,2026-09-01T15:30:44.467805+00:00,2026-09-01T15:30:44.486828+00:00,3.88,floor,-2.020202020202022,1.958828,0.0,-2.020202020202022,,,2026-09-01T15:30:44.467805+00:00,2026-09-01T15:30:44.486828+00:00,2
2026-09-01,SSM,trail_activate+2_lock+2_distance2_floor+0,reclaim,resting,STOP_LIMIT,2026-09-01T08:35:52+00:00,,1788285480000,1788287460000,2026-09-01T18:40:00+00:00,2026-09-01T18:58:19.154000+00:00,3.99,,3.99,4.0698,,,,2026-09-01T18:58:19.220048+00:00,2026-09-01T18:58:19.993911+00:00,3.95,floor,-1.0025062656641612,0.839911,0.0,-1.0025062656641612,,,2026-09-01T18:58:19.220048+00:00,,2
