ticker,entry_price,exit_price,quantity,pnl,pnl_pct,reason,entry_time,exit_time,peak_profit_pct,tier,scales_done,path,scale_profile
AEHL,1.145,1.127825,10,-0.17,-1.5,HARD_STOP,08:36:25 AM ET,08:36:25 AM ET,0.0,1,,P4_BURST,NORMAL
AEHL,1.39,2.2,3,3.9,28.06,FLOOR_BREACH,08:36:25 AM ET,08:36:25 AM ET,88.49,3,FAST4,P4_BURST,NORMAL
AEHL,0.9683,1.01,3,0.42,4.31,FLOOR_BREACH,08:36:25 AM ET,08:36:25 AM ET,19.79,3,FAST4,P4_BURST,NORMAL
AEHL,0.9159,0.9807,4,0.45,4.93,FLOOR_BREACH,08:36:25 AM ET,08:36:25 AM ET,8.71,3,"PCT2,PCT4_AFTER2",P4_BURST,NORMAL
AEHL,1.1,1.0835000000000001,10,-0.16,-1.5,HARD_STOP,08:36:25 AM ET,08:36:25 AM ET,0.0,1,,P4_BURST,NORMAL
AEHL,1.3798,1.359103,10,-0.21,-1.5,HARD_STOP,08:36:25 AM ET,08:36:25 AM ET,0.0,1,,P4_BURST,NORMAL
AEHL,1.23,1.21155,10,-0.18,-1.5,HARD_STOP,08:36:25 AM ET,08:36:25 AM ET,1.63,2,,P4_BURST,NORMAL
AEHL,1.13,1.1130499999999999,10,-0.17,-1.5,HARD_STOP,08:36:26 AM ET,08:36:26 AM ET,0.0,1,,P4_BURST,NORMAL
AEHL,1.2,1.182,10,-0.18,-1.5,HARD_STOP,08:36:26 AM ET,08:36:26 AM ET,0.0,1,,P4_BURST,NORMAL
IREZ,6.23,6.136550000000001,10,-0.93,-1.5,HARD_STOP,08:36:39 AM ET,08:36:39 AM ET,0.0,1,,P4_BURST,NORMAL
MASK,2.7901,2.9999,3,2.66,9.53,FLOOR_BREACH,08:36:40 AM ET,08:36:40 AM ET,10.39,3,FAST4,P4_BURST,NORMAL
MASK,3.2999,3.2903,10,-0.1,-0.29,FLOOR_BREACH,08:36:40 AM ET,08:36:40 AM ET,1.21,2,,P4_BURST,NORMAL
MASK,3.5099,3.4572515,10,-0.53,-1.5,HARD_STOP,08:36:41 AM ET,08:36:41 AM ET,0.0,1,,P4_BURST,NORMAL
ONEG,1.4606,1.46,10,-0.01,-0.04,FLOOR_BREACH,08:36:42 AM ET,08:36:42 AM ET,1.88,2,,P4_BURST,NORMAL
RPGL,2.62,2.5807,10,-0.39,-1.5,HARD_STOP,08:36:43 AM ET,08:36:43 AM ET,0.0,1,,P4_BURST,NORMAL
RPGL,1.1295,1.1125574999999999,10,-0.17,-1.5,HARD_STOP,08:36:44 AM ET,08:36:44 AM ET,0.0,1,,P4_BURST,NORMAL
AEHL,1.22,1.2017,5,0.11,0.88,HARD_STOP,08:36:53 AM ET,08:36:53 AM ET,4.06,3,PCT2,P4_BURST,NORMAL
AIIO,1.145,1.1301,10,-0.15,-1.3,STOCHK_TIER1,08:36:55 AM ET,08:36:55 AM ET,0.0,1,,P4_BURST,NORMAL
AMBO,3.8511,3.9,5,0.74,1.92,FLOOR_BREACH,08:36:57 AM ET,08:36:57 AM ET,3.09,3,PCT2,P4_BURST,NORMAL
AMBO,3.75,3.69375,10,-0.56,-1.5,HARD_STOP,08:36:57 AM ET,08:36:57 AM ET,0.27,1,,P4_BURST,NORMAL
CLIK,3.98,4.3897,4,2.36,5.93,FLOOR_BREACH,08:36:59 AM ET,08:36:59 AM ET,12.56,3,"PCT2,PCT4_AFTER2",P4_BURST,NORMAL
CLIK,5.095,5.018574999999999,10,-0.76,-1.5,HARD_STOP,08:36:59 AM ET,08:36:59 AM ET,0.0,1,,P4_BURST,NORMAL
CLIK,3.7065,3.6509025,10,-0.56,-1.5,HARD_STOP,08:36:59 AM ET,08:36:59 AM ET,0.0,1,,P4_BURST,NORMAL
CLIK,3.3106,3.260941,10,-0.5,-1.5,HARD_STOP,08:36:59 AM ET,08:36:59 AM ET,0.0,1,,P4_BURST,NORMAL
CLIK,2.1811,2.1483835,10,-0.33,-1.5,HARD_STOP,08:37:00 AM ET,08:37:00 AM ET,1.78,2,,P4_BURST,NORMAL
HTCO,7.6,7.486,10,-1.14,-1.5,HARD_STOP,08:37:18 AM ET,08:37:18 AM ET,0.35,1,,P4_BURST,NORMAL
HTCO,6.8,6.6979999999999995,10,-1.02,-1.5,HARD_STOP,08:37:18 AM ET,08:37:18 AM ET,0.0,1,,P4_BURST,NORMAL
JZXN,1.27,1.25095,10,-0.19,-1.5,HARD_STOP,08:37:19 AM ET,08:37:19 AM ET,0.0,1,,P4_BURST,NORMAL
JZXN,1.318,1.5079,3,1.49,11.31,FLOOR_BREACH,08:37:19 AM ET,08:37:19 AM ET,16.08,3,FAST4,P4_BURST,NORMAL
JZXN,1.325,1.3051249999999999,3,0.47,3.52,HARD_STOP,08:37:19 AM ET,08:37:19 AM ET,5.67,3,FAST4,P4_BURST,NORMAL
JZXN,1.48,1.4578,10,-0.22,-1.5,HARD_STOP,08:37:19 AM ET,08:37:19 AM ET,0.66,1,,P4_BURST,NORMAL
JZXN,1.59,1.5661500000000002,10,-0.24,-1.5,HARD_STOP,08:37:19 AM ET,08:37:19 AM ET,0.0,1,,P4_BURST,NORMAL
JZXN,1.68,1.8212,4,1.03,6.15,FLOOR_BREACH,08:37:19 AM ET,08:37:19 AM ET,10.05,3,"PCT2,PCT4_AFTER2",P4_BURST,NORMAL
JZXN,1.62,1.5957000000000001,10,-0.24,-1.5,HARD_STOP,08:37:19 AM ET,08:37:19 AM ET,0.0,1,,P4_BURST,NORMAL
ODYS,10.81,10.64785,10,-1.62,-1.5,HARD_STOP,08:37:21 AM ET,08:37:21 AM ET,0.0,1,,P4_BURST,NORMAL
ODYS,7.29,7.18065,10,-1.09,-1.5,HARD_STOP,08:37:21 AM ET,08:37:21 AM ET,0.0,1,,P4_BURST,NORMAL
PMAX,3.13,3.08305,10,-0.47,-1.5,HARD_STOP,08:37:24 AM ET,08:37:24 AM ET,0.0,1,,P4_BURST,NORMAL
PRSO,1.5477,1.5244845,10,-0.23,-1.5,HARD_STOP,08:37:26 AM ET,08:37:26 AM ET,0.0,1,,P4_BURST,NORMAL
WOK,0.35,0.3873,3,0.67,19.2,FLOOR_BREACH,08:37:28 AM ET,08:37:28 AM ET,22.86,3,FAST4,P4_BURST,NORMAL
WOK,0.61,0.69,3,1.5,24.59,FLOOR_BREACH,08:37:28 AM ET,08:37:28 AM ET,36.8,3,FAST4,P4_BURST,NORMAL
WOK,0.984,0.96924,10,-0.15,-1.5,HARD_STOP,08:37:28 AM ET,08:37:28 AM ET,0.0,1,,P4_BURST,NORMAL
WOK,0.9927,0.9778095,10,-0.15,-1.5,HARD_STOP,08:37:28 AM ET,08:37:28 AM ET,0.0,1,,P4_BURST,NORMAL
WOK,0.8176,0.8053359999999999,10,-0.12,-1.5,HARD_STOP,08:37:29 AM ET,08:37:29 AM ET,3.96,3,,P4_BURST,NORMAL
WOK,0.9426,0.928461,10,-0.14,-1.5,HARD_STOP,08:37:29 AM ET,08:37:29 AM ET,0.0,1,,P4_BURST,NORMAL
WOK,1.0001,1.0401,3,0.61,6.09,FLOOR_BREACH,08:37:29 AM ET,08:37:29 AM ET,8.21,3,FAST4,P4_BURST,NORMAL
WOK,1.3999,1.3789015,4,0.28,1.98,HARD_STOP,08:37:29 AM ET,08:37:29 AM ET,7.86,3,"PCT2,PCT4_AFTER2",P4_BURST,NORMAL
WOK,1.375,1.3543749999999999,10,-0.21,-1.5,HARD_STOP,08:37:29 AM ET,08:37:29 AM ET,1.72,2,,P4_BURST,NORMAL
WOK,1.7099,1.6842515,10,-0.26,-1.5,HARD_STOP,08:37:29 AM ET,08:37:29 AM ET,0.0,1,,P4_BURST,NORMAL
WOK,1.77,1.74345,10,-0.27,-1.5,HARD_STOP,08:37:30 AM ET,08:37:30 AM ET,0.0,1,,P4_BURST,NORMAL
WOK,1.8001,1.852,3,0.89,4.94,FLOOR_BREACH,08:37:30 AM ET,08:37:30 AM ET,7.77,3,FAST4,P4_BURST,NORMAL
WOK,2.165,2.16,3,0.83,3.81,FLOOR_BREACH,08:37:30 AM ET,08:37:30 AM ET,5.54,3,FAST4,P4_BURST,NORMAL
WOK,3.3899,3.3390515,10,-0.51,-1.5,HARD_STOP,08:37:30 AM ET,08:37:30 AM ET,0.0,1,,P4_BURST,NORMAL
WOK,3.92,3.8611999999999997,10,-0.59,-1.5,HARD_STOP,08:37:31 AM ET,08:37:31 AM ET,0.0,1,,P4_BURST,NORMAL
WOK,2.7003,2.6597955,10,-0.41,-1.5,HARD_STOP,08:37:31 AM ET,08:37:31 AM ET,0.0,1,,P4_BURST,NORMAL
WOK,2.4401,2.409,5,0.19,0.8,FLOOR_BREACH,08:37:33 AM ET,08:37:33 AM ET,2.86,2,PCT2,P4_BURST,NORMAL
AEHL,1.5199,1.4971015,10,-0.23,-1.5,HARD_STOP,08:37:38 AM ET,08:37:38 AM ET,0.01,1,,P4_BURST,NORMAL
AEHL,2.12,2.22,4,0.89,4.2,FLOOR_BREACH,08:37:38 AM ET,08:37:38 AM ET,7.59,3,"PCT2,PCT4_AFTER2",P4_BURST,NORMAL
AEHL,2.349,2.313765,10,-0.35,-1.5,HARD_STOP,08:37:38 AM ET,08:37:38 AM ET,0.0,1,,P4_BURST,NORMAL
AIIO,1.4808,1.4585879999999998,10,-0.22,-1.5,HARD_STOP,08:37:47 AM ET,08:37:47 AM ET,0.0,1,,P4_BURST,NORMAL
AIIO,1.3275,1.3075875,10,-0.2,-1.5,HARD_STOP,08:37:49 AM ET,08:37:49 AM ET,0.19,1,,P4_BURST,NORMAL
AMBO,2.25,2.21625,10,-0.34,-1.5,HARD_STOP,08:37:59 AM ET,08:37:59 AM ET,0.0,1,,P4_BURST,NORMAL
BZFD,1.45,1.44,10,-0.1,-0.69,FLOOR_BREACH,08:38:07 AM ET,08:38:07 AM ET,1.41,2,,P4_BURST,NORMAL
CGTL,0.69,0.67965,10,-0.1,-1.5,HARD_STOP,08:38:24 AM ET,08:38:24 AM ET,0.0,1,,P4_BURST,NORMAL
CGTL,0.80965,0.7975052499999999,10,-0.12,-1.5,HARD_STOP,08:38:24 AM ET,08:38:24 AM ET,0.0,1,,P4_BURST,NORMAL
CGTL,0.7485,0.7372725,10,-0.11,-1.5,HARD_STOP,08:38:24 AM ET,08:38:24 AM ET,0.0,1,,P4_BURST,NORMAL
CGTL,0.8657,0.8527145,10,-0.13,-1.5,HARD_STOP,08:38:24 AM ET,08:38:24 AM ET,0.0,1,,P4_BURST,NORMAL
CGTL,0.928,0.91408,10,-0.14,-1.5,HARD_STOP,08:38:25 AM ET,08:38:25 AM ET,6.44,3,,P4_BURST,NORMAL
CGTL,1.0701,1.0540485,5,0.07,0.65,HARD_STOP,08:38:25 AM ET,08:38:25 AM ET,2.79,2,PCT2,P4_BURST,NORMAL
CGTL,1.1013,1.0847805,10,-0.17,-1.5,HARD_STOP,08:38:25 AM ET,08:38:25 AM ET,0.0,1,,P4_BURST,NORMAL
CGTL,0.9651,0.9506235,10,-0.14,-1.5,HARD_STOP,08:38:25 AM ET,08:38:25 AM ET,0.0,1,,P4_BURST,NORMAL
ELPW,3.17,3.1224499999999997,10,-0.48,-1.5,HARD_STOP,08:38:30 AM ET,08:38:30 AM ET,0.0,1,,P4_BURST,NORMAL
FCHL,1.9803,1.9505955,10,-0.3,-1.5,HARD_STOP,08:38:35 AM ET,08:38:35 AM ET,0.0,1,,P4_BURST,NORMAL
SOBR,2.07,2.03895,10,-0.31,-1.5,HARD_STOP,08:39:08 AM ET,08:39:08 AM ET,0.0,1,,P4_BURST,NORMAL
SOBR,2.27,2.23595,10,-0.34,-1.5,HARD_STOP,08:39:08 AM ET,08:39:08 AM ET,0.0,1,,P4_BURST,NORMAL
SST,3.8,3.743,10,-0.57,-1.5,HARD_STOP,08:39:11 AM ET,08:39:11 AM ET,0.0,1,,P4_BURST,NORMAL
STAK,1.5799,1.6501,3,0.7,4.44,FLOOR_BREACH,08:39:13 AM ET,08:39:13 AM ET,6.27,3,FAST4,P4_BURST,NORMAL
STAK,1.97,2.03,4,0.6,3.05,FLOOR_BREACH,08:39:14 AM ET,08:39:14 AM ET,5.58,3,"PCT2,PCT4_AFTER2",P4_BURST,NORMAL
TDIC,1.66,1.655,10,-0.05,-0.3,STOCHK_TIER1,08:39:19 AM ET,08:39:19 AM ET,0.6,1,,P4_BURST,NORMAL
TDIC,1.7201,1.87,4,0.91,5.28,FLOOR_BREACH,08:39:19 AM ET,08:39:19 AM ET,17.73,3,"PCT2,PCT4_AFTER2",P4_BURST,NORMAL
TDIC,1.6601,1.7601,3,1.24,7.5,FLOOR_BREACH,08:39:19 AM ET,08:39:19 AM ET,10.84,3,FAST4,P4_BURST,NORMAL
TDIC,1.7699,1.7433515,10,-0.27,-1.5,HARD_STOP,08:39:21 AM ET,08:39:21 AM ET,0.0,1,,P4_BURST,NORMAL
TDIC,2.035,2.0044750000000002,10,-0.31,-1.5,HARD_STOP,08:39:21 AM ET,08:39:21 AM ET,0.74,1,,P4_BURST,NORMAL
TDIC,2.1336,2.101596,10,-0.32,-1.5,HARD_STOP,08:39:21 AM ET,08:39:21 AM ET,0.0,1,,P4_BURST,NORMAL
AEHL,1.145,1.127825,10,-0.17,-1.5,HARD_STOP,08:39:24 AM ET,08:39:24 AM ET,0.0,1,,P4_BURST,NORMAL
AEHL,1.39,2.2,3,3.9,28.06,FLOOR_BREACH,08:39:24 AM ET,08:39:24 AM ET,88.49,3,FAST4,P4_BURST,NORMAL
AEHL,0.9683,1.01,3,0.42,4.31,FLOOR_BREACH,08:39:24 AM ET,08:39:24 AM ET,19.79,3,FAST4,P4_BURST,NORMAL
TDIC,2.17,2.13745,10,-0.33,-1.5,HARD_STOP,08:39:25 AM ET,08:39:25 AM ET,0.0,1,,P4_BURST,NORMAL
AEHL,0.9159,0.9807,4,0.45,4.93,FLOOR_BREACH,08:39:25 AM ET,08:39:25 AM ET,8.71,3,"PCT2,PCT4_AFTER2",P4_BURST,NORMAL
AEHL,1.1,1.0835000000000001,10,-0.16,-1.5,HARD_STOP,08:39:25 AM ET,08:39:25 AM ET,0.0,1,,P4_BURST,NORMAL
AEHL,1.3798,1.359103,10,-0.21,-1.5,HARD_STOP,08:39:25 AM ET,08:39:25 AM ET,0.0,1,,P4_BURST,NORMAL
TDIC,2.25,2.22,10,-0.3,-1.33,STOCHK_TIER1,08:39:25 AM ET,08:39:26 AM ET,0.89,1,,P4_BURST,NORMAL
AEHL,1.23,1.21155,10,-0.18,-1.5,HARD_STOP,08:39:26 AM ET,08:39:26 AM ET,1.63,2,,P4_BURST,NORMAL
TDIC,2.53,2.49205,10,-0.38,-1.5,HARD_STOP,08:39:27 AM ET,08:39:27 AM ET,0.0,1,,P4_BURST,NORMAL
AEHL,1.13,1.1130499999999999,10,-0.17,-1.5,HARD_STOP,08:39:27 AM ET,08:39:27 AM ET,0.0,1,,P4_BURST,NORMAL
AEHL,1.2,1.182,10,-0.18,-1.5,HARD_STOP,08:39:27 AM ET,08:39:27 AM ET,0.0,1,,P4_BURST,NORMAL
TDIC,2.5099,2.4722515,10,-0.38,-1.5,HARD_STOP,08:39:29 AM ET,08:39:29 AM ET,0.0,1,,P4_BURST,NORMAL
TDIC,2.6299,2.5904515,10,-0.39,-1.5,HARD_STOP,08:39:29 AM ET,08:39:29 AM ET,1.14,2,,P4_BURST,NORMAL
TDIC,2.39,2.35415,10,-0.36,-1.5,HARD_STOP,08:39:31 AM ET,08:39:31 AM ET,0.0,1,,P4_BURST,NORMAL
TDIC,2.6,2.561,10,-0.39,-1.5,HARD_STOP,08:39:33 AM ET,08:39:33 AM ET,0.0,1,,P4_BURST,NORMAL
TDIC,3.5297,3.5992,5,0.75,2.13,MACD_BEAR_T2,08:39:33 AM ET,08:39:33 AM ET,2.84,2,PCT2,P4_BURST,NORMAL
IREZ,6.23,6.136550000000001,10,-0.93,-1.5,HARD_STOP,08:39:49 AM ET,08:39:49 AM ET,0.0,1,,P4_BURST,NORMAL
MASK,2.7901,2.9999,3,2.66,9.53,FLOOR_BREACH,08:39:51 AM ET,08:39:51 AM ET,10.39,3,FAST4,P4_BURST,NORMAL
MASK,3.2999,3.2903,10,-0.1,-0.29,FLOOR_BREACH,08:39:51 AM ET,08:39:51 AM ET,1.21,2,,P4_BURST,NORMAL
MASK,3.5099,3.4572515,10,-0.53,-1.5,HARD_STOP,08:39:52 AM ET,08:39:52 AM ET,0.0,1,,P4_BURST,NORMAL
BZFD,1.32,1.3002,10,-0.2,-1.5,HARD_STOP,08:39:53 AM ET,08:39:53 AM ET,0.0,1,,P4_BURST,NORMAL
ONEG,1.4606,1.46,10,-0.01,-0.04,FLOOR_BREACH,08:39:54 AM ET,08:39:54 AM ET,1.88,2,,P4_BURST,NORMAL
RPGL,2.62,2.5807,10,-0.39,-1.5,HARD_STOP,08:39:57 AM ET,08:39:57 AM ET,0.0,1,,P4_BURST,NORMAL
RPGL,1.1295,1.1125574999999999,10,-0.17,-1.5,HARD_STOP,08:39:57 AM ET,08:39:57 AM ET,0.0,1,,P4_BURST,NORMAL
AEHL,1.22,1.2017,5,0.11,0.88,HARD_STOP,08:40:11 AM ET,08:40:11 AM ET,4.06,3,PCT2,P4_BURST,NORMAL
AIIO,1.145,1.1301,10,-0.15,-1.3,STOCHK_TIER1,08:40:13 AM ET,08:40:13 AM ET,0.0,1,,P4_BURST,NORMAL
AMBO,3.8511,3.9,5,0.74,1.92,FLOOR_BREACH,08:40:17 AM ET,08:40:17 AM ET,3.09,3,PCT2,P4_BURST,NORMAL
AMBO,3.75,3.69375,10,-0.56,-1.5,HARD_STOP,08:40:17 AM ET,08:40:17 AM ET,0.27,1,,P4_BURST,NORMAL
CLIK,3.98,4.3897,4,2.36,5.93,FLOOR_BREACH,08:40:19 AM ET,08:40:19 AM ET,12.56,3,"PCT2,PCT4_AFTER2",P4_BURST,NORMAL
CLIK,5.095,5.018574999999999,10,-0.76,-1.5,HARD_STOP,08:40:19 AM ET,08:40:19 AM ET,0.0,1,,P4_BURST,NORMAL
CLIK,3.7065,3.6509025,10,-0.56,-1.5,HARD_STOP,08:40:19 AM ET,08:40:19 AM ET,0.0,1,,P4_BURST,NORMAL
CLIK,3.3106,3.260941,10,-0.5,-1.5,HARD_STOP,08:40:19 AM ET,08:40:19 AM ET,0.0,1,,P4_BURST,NORMAL
CLIK,2.1811,2.1483835,10,-0.33,-1.5,HARD_STOP,08:40:21 AM ET,08:40:21 AM ET,1.78,2,,P4_BURST,NORMAL
OCG,2.5,2.5,10,0.0,0.0,EOD_CLOSE,08:40:32 AM ET,08:40:32 AM ET,0.0,1,,P4_BURST,NORMAL
HTCO,7.6,7.486,10,-1.14,-1.5,HARD_STOP,08:40:46 AM ET,08:40:46 AM ET,0.35,1,,P4_BURST,NORMAL
HTCO,6.8,6.6979999999999995,10,-1.02,-1.5,HARD_STOP,08:40:46 AM ET,08:40:46 AM ET,0.0,1,,P4_BURST,NORMAL
JZXN,1.27,1.25095,10,-0.19,-1.5,HARD_STOP,08:40:47 AM ET,08:40:47 AM ET,0.0,1,,P4_BURST,NORMAL
JZXN,1.318,1.5079,3,1.49,11.31,FLOOR_BREACH,08:40:47 AM ET,08:40:47 AM ET,16.08,3,FAST4,P4_BURST,NORMAL
JZXN,1.325,1.3051249999999999,3,0.47,3.52,HARD_STOP,08:40:47 AM ET,08:40:47 AM ET,5.67,3,FAST4,P4_BURST,NORMAL
JZXN,1.48,1.4578,10,-0.22,-1.5,HARD_STOP,08:40:47 AM ET,08:40:47 AM ET,0.66,1,,P4_BURST,NORMAL
JZXN,1.59,1.5661500000000002,10,-0.24,-1.5,HARD_STOP,08:40:48 AM ET,08:40:48 AM ET,0.0,1,,P4_BURST,NORMAL
JZXN,1.68,1.8212,4,1.03,6.15,FLOOR_BREACH,08:40:48 AM ET,08:40:48 AM ET,10.05,3,"PCT2,PCT4_AFTER2",P4_BURST,NORMAL
JZXN,1.62,1.5957000000000001,10,-0.24,-1.5,HARD_STOP,08:40:48 AM ET,08:40:48 AM ET,0.0,1,,P4_BURST,NORMAL
ODYS,10.81,10.64785,10,-1.62,-1.5,HARD_STOP,08:40:51 AM ET,08:40:51 AM ET,0.0,1,,P4_BURST,NORMAL
ODYS,7.29,7.18065,10,-1.09,-1.5,HARD_STOP,08:40:51 AM ET,08:40:51 AM ET,0.0,1,,P4_BURST,NORMAL
STAK,3.22,3.1717,10,-0.48,-1.5,HARD_STOP,08:40:53 AM ET,08:40:53 AM ET,0.0,1,,P4_BURST,NORMAL
STAK,4.6,4.531,10,-0.69,-1.5,HARD_STOP,08:40:54 AM ET,08:40:54 AM ET,0.0,1,,P4_BURST,NORMAL
PMAX,3.13,3.08305,10,-0.47,-1.5,HARD_STOP,08:40:56 AM ET,08:40:56 AM ET,0.0,1,,P4_BURST,NORMAL
PRSO,1.5477,1.5244845,10,-0.23,-1.5,HARD_STOP,08:40:58 AM ET,08:40:58 AM ET,0.0,1,,P4_BURST,NORMAL
AEHL,5.0,4.925,10,-0.75,-1.5,HARD_STOP,08:41:00 AM ET,08:41:00 AM ET,0.0,1,,P4_BURST,NORMAL
WOK,0.35,0.3873,3,0.67,19.2,FLOOR_BREACH,08:41:01 AM ET,08:41:01 AM ET,22.86,3,FAST4,P4_BURST,NORMAL
WOK,0.61,0.69,3,1.5,24.59,FLOOR_BREACH,08:41:01 AM ET,08:41:01 AM ET,36.8,3,FAST4,P4_BURST,NORMAL
WOK,0.984,0.96924,10,-0.15,-1.5,HARD_STOP,08:41:01 AM ET,08:41:01 AM ET,0.0,1,,P4_BURST,NORMAL
WOK,0.9927,0.9778095,10,-0.15,-1.5,HARD_STOP,08:41:02 AM ET,08:41:02 AM ET,0.0,1,,P4_BURST,NORMAL
WOK,0.8176,0.8053359999999999,10,-0.12,-1.5,HARD_STOP,08:41:02 AM ET,08:41:02 AM ET,3.96,3,,P4_BURST,NORMAL
WOK,0.9426,0.928461,10,-0.14,-1.5,HARD_STOP,08:41:02 AM ET,08:41:02 AM ET,0.0,1,,P4_BURST,NORMAL
WOK,1.0001,1.0401,3,0.61,6.09,FLOOR_BREACH,08:41:02 AM ET,08:41:02 AM ET,8.21,3,FAST4,P4_BURST,NORMAL
WOK,1.3999,1.3789015,4,0.28,1.98,HARD_STOP,08:41:02 AM ET,08:41:02 AM ET,7.86,3,"PCT2,PCT4_AFTER2",P4_BURST,NORMAL
WOK,1.375,1.3543749999999999,10,-0.21,-1.5,HARD_STOP,08:41:03 AM ET,08:41:03 AM ET,1.72,2,,P4_BURST,NORMAL
WOK,1.7099,1.6842515,10,-0.26,-1.5,HARD_STOP,08:41:03 AM ET,08:41:03 AM ET,0.0,1,,P4_BURST,NORMAL
WOK,1.77,1.74345,10,-0.27,-1.5,HARD_STOP,08:41:03 AM ET,08:41:03 AM ET,0.0,1,,P4_BURST,NORMAL
WOK,1.8001,1.852,3,0.89,4.94,FLOOR_BREACH,08:41:04 AM ET,08:41:04 AM ET,7.77,3,FAST4,P4_BURST,NORMAL
WOK,2.165,2.16,3,0.83,3.81,FLOOR_BREACH,08:41:04 AM ET,08:41:04 AM ET,5.54,3,FAST4,P4_BURST,NORMAL
WOK,3.3899,3.3390515,10,-0.51,-1.5,HARD_STOP,08:41:04 AM ET,08:41:04 AM ET,0.0,1,,P4_BURST,NORMAL
WOK,3.92,3.8611999999999997,10,-0.59,-1.5,HARD_STOP,08:41:04 AM ET,08:41:04 AM ET,0.0,1,,P4_BURST,NORMAL
WOK,2.7003,2.6597955,10,-0.41,-1.5,HARD_STOP,08:41:06 AM ET,08:41:06 AM ET,0.0,1,,P4_BURST,NORMAL
BNKK,2.8077,2.7655845,10,-0.42,-1.5,HARD_STOP,08:41:06 AM ET,08:41:06 AM ET,1.86,2,,P4_BURST,NORMAL
WOK,2.4401,2.409,5,0.19,0.8,FLOOR_BREACH,08:41:08 AM ET,08:41:08 AM ET,2.86,2,PCT2,P4_BURST,NORMAL
AEHL,1.5199,1.4971015,10,-0.23,-1.5,HARD_STOP,08:41:13 AM ET,08:41:13 AM ET,0.01,1,,P4_BURST,NORMAL
AEHL,2.12,2.22,4,0.89,4.2,FLOOR_BREACH,08:41:13 AM ET,08:41:13 AM ET,7.59,3,"PCT2,PCT4_AFTER2",P4_BURST,NORMAL
AEHL,2.349,2.313765,10,-0.35,-1.5,HARD_STOP,08:41:13 AM ET,08:41:13 AM ET,0.0,1,,P4_BURST,NORMAL
AIIO,1.4808,1.4585879999999998,10,-0.22,-1.5,HARD_STOP,08:41:26 AM ET,08:41:26 AM ET,0.0,1,,P4_BURST,NORMAL
LESL,2.07,2.0601,10,-0.1,-0.48,FLOOR_BREACH,08:41:26 AM ET,08:41:26 AM ET,1.45,2,,P4_BURST,NORMAL
LESL,2.5,2.4625,10,-0.38,-1.5,HARD_STOP,08:41:26 AM ET,08:41:26 AM ET,0.0,1,,P4_BURST,NORMAL
LESL,2.595,2.5560750000000003,5,0.08,0.31,HARD_STOP,08:41:26 AM ET,08:41:26 AM ET,2.12,2,PCT2,P4_BURST,NORMAL
LESL,3.0737,3.11,3,1.27,4.14,FLOOR_BREACH,08:41:27 AM ET,08:41:27 AM ET,5.41,3,FAST4,P4_BURST,NORMAL
LESL,3.53,3.4770499999999998,10,-0.53,-1.5,HARD_STOP,08:41:27 AM ET,08:41:27 AM ET,0.22,1,,P4_BURST,NORMAL
AIIO,1.3275,1.3075875,10,-0.2,-1.5,HARD_STOP,08:41:27 AM ET,08:41:27 AM ET,0.19,1,,P4_BURST,NORMAL
LESL,3.94,3.94,10,0.0,0.0,FLOOR_BREACH,08:41:27 AM ET,08:41:27 AM ET,1.26,2,,P4_BURST,NORMAL
LNKS,1.8496,1.8496,10,0.0,0.0,EOD_CLOSE,08:41:31 AM ET,08:41:31 AM ET,0.0,1,,P4_BURST,NORMAL
MOBX,3.0787,3.0325195,10,-0.46,-1.5,HARD_STOP,08:41:31 AM ET,08:41:31 AM ET,0.0,1,,P4_BURST,NORMAL
MOBX,3.34,3.84,3,4.51,13.5,FLOOR_BREACH,08:41:31 AM ET,08:41:31 AM ET,20.66,3,FAST4,P4_BURST,NORMAL
MOBX,3.3,3.295,5,0.45,1.36,FLOOR_BREACH,08:41:31 AM ET,08:41:31 AM ET,2.87,2,PCT2,P4_BURST,NORMAL
MOBX,3.3901,3.3392485,10,-0.51,-1.5,HARD_STOP,08:41:32 AM ET,08:41:32 AM ET,0.0,1,,P4_BURST,NORMAL
SNAL,1.54,1.54,10,0.0,0.0,FLOOR_BREACH,08:41:40 AM ET,08:41:40 AM ET,1.95,2,,P4_BURST,NORMAL
SNAL,1.4889,1.4665664999999999,10,-0.22,-1.5,HARD_STOP,08:41:41 AM ET,08:41:41 AM ET,0.0,1,,P4_BURST,NORMAL
SNAL,1.3917,1.3994,4,0.33,2.34,FLOOR_BREACH,08:41:41 AM ET,08:41:41 AM ET,4.19,3,"PCT2,PCT4_AFTER2",P4_BURST,NORMAL
SNAL,1.56,1.5366,5,0.06,0.37,HARD_STOP,08:41:42 AM ET,08:41:42 AM ET,2.24,2,PCT2,P4_BURST,NORMAL
AMBO,2.25,2.21625,10,-0.34,-1.5,HARD_STOP,08:41:43 AM ET,08:41:43 AM ET,0.0,1,,P4_BURST,NORMAL
STAK,1.49,1.46765,10,-0.22,-1.5,HARD_STOP,08:41:50 AM ET,08:41:50 AM ET,0.0,1,,P4_BURST,NORMAL
TDIC,17.2,17.2,10,0.0,0.0,EOD_CLOSE,08:41:53 AM ET,08:41:53 AM ET,0.0,1,,P4_BURST,NORMAL
BZFD,1.45,1.44,10,-0.1,-0.69,FLOOR_BREACH,08:41:53 AM ET,08:41:53 AM ET,1.41,2,,P4_BURST,NORMAL
AUUD,2.03,1.9995499999999997,10,-0.3,-1.5,HARD_STOP,08:41:57 AM ET,08:41:57 AM ET,0.0,1,,P4_BURST,NORMAL
AUUD,2.0901,2.0587485,10,-0.31,-1.5,HARD_STOP,08:41:57 AM ET,08:41:57 AM ET,0.0,1,,P4_BURST,NORMAL
AUUD,2.33,2.3097,10,-0.2,-0.87,STOCHK_TIER1,08:41:57 AM ET,08:41:57 AM ET,0.82,1,,P4_BURST,NORMAL
SLE,5.706,6.17,3,5.76,10.09,FLOOR_BREACH,08:42:05 AM ET,08:42:05 AM ET,10.94,3,FAST4,P4_BURST,NORMAL
TOPS,1.19,1.17215,10,-0.18,-1.5,HARD_STOP,08:42:09 AM ET,08:42:09 AM ET,0.0,1,,P4_BURST,NORMAL
WOK,1.0798,1.0798,10,0.0,0.0,EOD_CLOSE,08:42:10 AM ET,08:42:10 AM ET,0.0,1,,P4_BURST,NORMAL
AEHL,1.06,1.0441,10,-0.16,-1.5,HARD_STOP,08:42:10 AM ET,08:42:10 AM ET,0.0,1,,P4_BURST,NORMAL
AEHL,1.26,1.2411,10,-0.19,-1.5,HARD_STOP,08:42:10 AM ET,08:42:10 AM ET,0.0,1,,P4_BURST,NORMAL
AEHL,1.66,2.2,3,3.44,20.72,FLOOR_BREACH,08:42:10 AM ET,08:42:10 AM ET,57.83,3,FAST4,P4_BURST,NORMAL
AEHL,2.0,1.97,10,-0.3,-1.5,HARD_STOP,08:42:10 AM ET,08:42:10 AM ET,0.0,1,,P4_BURST,NORMAL
AEHL,0.8274,0.814989,3,0.39,4.76,HARD_STOP,08:42:10 AM ET,08:42:10 AM ET,7.45,3,FAST4,P4_BURST,NORMAL
AEHL,0.92,0.9062,10,-0.14,-1.5,HARD_STOP,08:42:10 AM ET,08:42:11 AM ET,0.0,1,,P4_BURST,NORMAL
AEHL,0.8131,0.8126,10,-0.01,-0.06,STOCHK_TIER1,08:42:11 AM ET,08:42:11 AM ET,0.85,1,,P4_BURST,NORMAL
AEHL,0.775,0.771971,5,0.11,1.42,FLOOR_BREACH,08:42:11 AM ET,08:42:11 AM ET,3.23,3,PCT2,P4_BURST,NORMAL
AEHL,1.01,1.01,3,0.77,7.62,FLOOR_BREACH,08:42:11 AM ET,08:42:11 AM ET,14.84,3,FAST4,P4_BURST,NORMAL
AEHL,1.0799,1.0637015,10,-0.16,-1.5,HARD_STOP,08:42:11 AM ET,08:42:11 AM ET,0.0,1,,P4_BURST,NORMAL
AEHL,1.0199,1.0046015,10,-0.15,-1.5,HARD_STOP,08:42:11 AM ET,08:42:11 AM ET,0.0,1,,P4_BURST,NORMAL
AEHL,0.9571,0.9912,4,0.29,3.02,FLOOR_BREACH,08:42:11 AM ET,08:42:11 AM ET,5.53,3,"PCT2,PCT4_AFTER2",P4_BURST,NORMAL
AEHL,0.87995,0.9807,3,0.55,6.29,FLOOR_BREACH,08:42:11 AM ET,08:42:11 AM ET,13.15,3,FAST4,P4_BURST,NORMAL
AEHL,0.9264,0.912504,10,-0.14,-1.5,HARD_STOP,08:42:11 AM ET,08:42:11 AM ET,0.0,1,,P4_BURST,NORMAL
AEHL,0.9564,0.9420540000000001,10,-0.14,-1.5,HARD_STOP,08:42:11 AM ET,08:42:11 AM ET,0.0,1,,P4_BURST,NORMAL
AEHL,0.9754,0.9842,5,0.22,2.22,FLOOR_BREACH,08:42:12 AM ET,08:42:12 AM ET,3.55,3,PCT2,P4_BURST,NORMAL
AEHL,0.9877,1.0,5,0.23,2.29,FLOOR_BREACH,08:42:12 AM ET,08:42:12 AM ET,3.34,3,PCT2,P4_BURST,NORMAL
AEHL,1.0098,0.994653,4,0.15,1.49,HARD_STOP,08:42:12 AM ET,08:42:12 AM ET,5.96,3,"PCT2,PCT4_AFTER2",P4_BURST,NORMAL
AEHL,1.1499,1.24,3,0.76,6.62,FLOOR_BREACH,08:42:12 AM ET,08:42:12 AM ET,10.52,3,FAST4,P4_BURST,NORMAL
AEHL,1.2825,1.2632625,10,-0.19,-1.5,HARD_STOP,08:42:12 AM ET,08:42:12 AM ET,0.0,1,,P4_BURST,NORMAL
AEHL,1.2556,1.236766,10,-0.19,-1.5,HARD_STOP,08:42:12 AM ET,08:42:12 AM ET,0.0,1,,P4_BURST,NORMAL
AEHL,1.18,1.1622999999999999,10,-0.18,-1.5,HARD_STOP,08:42:12 AM ET,08:42:12 AM ET,0.0,1,,P4_BURST,NORMAL
AEHL,1.14,1.1228999999999998,10,-0.17,-1.5,HARD_STOP,08:42:12 AM ET,08:42:12 AM ET,0.0,1,,P4_BURST,NORMAL
AEHL,1.25,1.23125,10,-0.19,-1.5,HARD_STOP,08:42:13 AM ET,08:42:13 AM ET,0.0,1,,P4_BURST,NORMAL
AEHL,1.15,1.13275,10,-0.17,-1.5,HARD_STOP,08:42:13 AM ET,08:42:13 AM ET,0.0,1,,P4_BURST,NORMAL
AEHL,1.09,1.07365,10,-0.16,-1.5,HARD_STOP,08:42:13 AM ET,08:42:13 AM ET,0.9,1,,P4_BURST,NORMAL
AEHL,1.07,1.1102,3,0.54,5.05,FLOOR_BREACH,08:42:13 AM ET,08:42:13 AM ET,5.61,3,FAST4,P4_BURST,NORMAL
AEHL,1.26,1.2411,10,-0.19,-1.5,HARD_STOP,08:42:13 AM ET,08:42:13 AM ET,0.0,1,,P4_BURST,NORMAL
AEHL,1.29,1.37,4,0.53,4.1,FLOOR_BREACH,08:42:14 AM ET,08:42:14 AM ET,8.26,3,"PCT2,PCT4_AFTER2",P4_BURST,NORMAL
AEHL,1.29,1.31,4,0.4,3.09,FLOOR_BREACH,08:42:14 AM ET,08:42:14 AM ET,6.21,3,"PCT2,PCT4_AFTER2",P4_BURST,NORMAL
AEHL,1.3299,1.3201,10,-0.1,-0.74,MACD_BEAR_T1,08:42:14 AM ET,08:42:14 AM ET,0.01,1,,P4_BURST,NORMAL
AEHL,1.27,1.28,10,0.1,0.79,STOCHK_TIER2,08:42:14 AM ET,08:42:14 AM ET,1.57,2,,P4_BURST,NORMAL
AIIO,1.095,1.08,10,-0.15,-1.37,STOCHK_TIER1,08:42:18 AM ET,08:42:18 AM ET,0.0,1,,P4_BURST,NORMAL
AIIO,1.065,1.055,10,-0.1,-0.94,STOCHK_TIER1,08:42:18 AM ET,08:42:18 AM ET,0.94,1,,P4_BURST,NORMAL
AIIO,0.9777,0.9630345,10,-0.15,-1.5,HARD_STOP,08:42:18 AM ET,08:42:18 AM ET,0.0,1,,P4_BURST,NORMAL
AIIO,0.9629,0.966699,5,0.14,1.51,FLOOR_BREACH,08:42:18 AM ET,08:42:18 AM ET,2.62,2,PCT2,P4_BURST,NORMAL
AIIO,0.9461,1.0,4,0.39,4.1,FLOOR_BREACH,08:42:18 AM ET,08:42:18 AM ET,7.8,3,"PCT2,PCT4_AFTER2",P4_BURST,NORMAL
AIIO,1.025,1.0302,10,0.05,0.51,STOCHK_TIER2,08:42:18 AM ET,08:42:18 AM ET,1.46,2,,P4_BURST,NORMAL
AIIO,1.0124,0.9972139999999999,10,-0.15,-1.5,HARD_STOP,08:42:18 AM ET,08:42:18 AM ET,0.0,1,,P4_BURST,NORMAL
AIIO,1.005,0.9934,10,-0.12,-1.15,STOCHK_TIER1,08:42:18 AM ET,08:42:18 AM ET,0.33,1,,P4_BURST,NORMAL
AIIO,0.998,0.9862,10,-0.12,-1.18,STOCHK_TIER1,08:42:18 AM ET,08:42:18 AM ET,0.0,1,,P4_BURST,NORMAL
AIIO,0.96675,0.95224875,10,-0.15,-1.5,HARD_STOP,08:42:18 AM ET,08:42:18 AM ET,0.0,1,,P4_BURST,NORMAL
AIIO,0.9042,0.9106,5,0.12,1.37,STOCHK_TIER2,08:42:19 AM ET,08:42:19 AM ET,2.12,2,PCT2,P4_BURST,NORMAL
AIIO,0.9234,0.9095489999999999,10,-0.14,-1.5,HARD_STOP,08:42:19 AM ET,08:42:19 AM ET,0.17,1,,P4_BURST,NORMAL
AIIO,0.9384,0.924324,10,-0.14,-1.5,HARD_STOP,08:42:19 AM ET,08:42:19 AM ET,0.04,1,,P4_BURST,NORMAL
AIIO,0.934,0.9342,10,0.0,0.02,MACD_BEAR_T1,08:42:19 AM ET,08:42:19 AM ET,0.63,1,,P4_BURST,NORMAL
AIIO,0.9349,0.9303,10,-0.05,-0.49,STOCHK_TIER1,08:42:19 AM ET,08:42:19 AM ET,0.55,1,,P4_BURST,NORMAL
AIIO,0.918099,0.91,10,-0.08,-0.88,STOCHK_TIER1,08:42:19 AM ET,08:42:19 AM ET,0.86,1,,P4_BURST,NORMAL
AIIO,0.899,0.8997,5,0.11,1.21,FLOOR_BREACH,08:42:19 AM ET,08:42:19 AM ET,2.34,2,PCT2,P4_BURST,NORMAL
CGTL,0.69,0.67965,10,-0.1,-1.5,HARD_STOP,08:42:20 AM ET,08:42:20 AM ET,0.0,1,,P4_BURST,NORMAL
CGTL,0.80965,0.7975052499999999,10,-0.12,-1.5,HARD_STOP,08:42:20 AM ET,08:42:20 AM ET,0.0,1,,P4_BURST,NORMAL
CGTL,0.7485,0.7372725,10,-0.11,-1.5,HARD_STOP,08:42:20 AM ET,08:42:20 AM ET,0.0,1,,P4_BURST,NORMAL
AIIO,0.8673,0.8654,10,-0.02,-0.22,STOCHK_TIER1,08:42:20 AM ET,08:42:20 AM ET,0.06,1,,P4_BURST,NORMAL
CGTL,0.8657,0.8527145,10,-0.13,-1.5,HARD_STOP,08:42:20 AM ET,08:42:20 AM ET,0.0,1,,P4_BURST,NORMAL
AIIO,0.8555,0.85,10,-0.06,-0.64,STOCHK_TIER1,08:42:20 AM ET,08:42:20 AM ET,0.0,1,,P4_BURST,NORMAL
CGTL,0.928,0.91408,10,-0.14,-1.5,HARD_STOP,08:42:20 AM ET,08:42:20 AM ET,6.44,3,,P4_BURST,NORMAL
CGTL,1.0701,1.0540485,5,0.07,0.65,HARD_STOP,08:42:20 AM ET,08:42:20 AM ET,2.79,2,PCT2,P4_BURST,NORMAL
AIIO,0.8272,0.8259,10,-0.01,-0.16,STOCHK_TIER1,08:42:20 AM ET,08:42:21 AM ET,0.0,1,,P4_BURST,NORMAL
CGTL,1.1013,1.0847805,10,-0.17,-1.5,HARD_STOP,08:42:21 AM ET,08:42:21 AM ET,0.0,1,,P4_BURST,NORMAL
AIIO,0.83,0.8269,10,-0.03,-0.37,STOCHK_TIER1,08:42:21 AM ET,08:42:21 AM ET,0.0,1,,P4_BURST,NORMAL
AIIO,0.8479,0.85,5,0.12,1.43,FLOOR_BREACH,08:42:21 AM ET,08:42:21 AM ET,2.61,2,PCT2,P4_BURST,NORMAL
CGTL,0.9651,0.9506235,10,-0.14,-1.5,HARD_STOP,08:42:21 AM ET,08:42:21 AM ET,0.0,1,,P4_BURST,NORMAL
AIIO,0.86,0.8602,10,0.0,0.02,STOCHK_TIER1,08:42:21 AM ET,08:42:21 AM ET,0.58,1,,P4_BURST,NORMAL
AIIO,0.8498,0.8499,10,0.0,0.01,STOCHK_TIER1,08:42:21 AM ET,08:42:21 AM ET,0.02,1,,P4_BURST,NORMAL
ATRA,9.29,9.28,10,-0.1,-0.11,MACD_BEAR_T1,08:42:25 AM ET,08:42:25 AM ET,0.91,1,,P4_BURST,NORMAL
ATRA,9.2801,9.26,10,-0.2,-0.22,STOCHK_TIER1,08:42:25 AM ET,08:42:25 AM ET,0.97,1,,P4_BURST,NORMAL
ATRA,9.17,9.0838,10,-0.86,-0.94,STOCHK_TIER1,08:42:25 AM ET,08:42:25 AM ET,0.0,1,,P4_BURST,NORMAL
ATRA,8.99,8.9101,10,-0.8,-0.89,STOCHK_TIER1,08:42:26 AM ET,08:42:26 AM ET,0.28,1,,P4_BURST,NORMAL
ATRA,8.85,8.71725,10,-1.33,-1.5,HARD_STOP,08:42:26 AM ET,08:42:26 AM ET,0.56,1,,P4_BURST,NORMAL
ATRA,8.82,8.8,10,-0.2,-0.23,STOCHK_TIER1,08:42:26 AM ET,08:42:26 AM ET,0.53,1,,P4_BURST,NORMAL
ATRA,8.3787,8.4601,10,0.81,0.97,STOCHK_TIER2,08:42:26 AM ET,08:42:26 AM ET,1.45,2,,P4_BURST,NORMAL
ATRA,8.55,8.51,10,-0.4,-0.47,STOCHK_TIER1,08:42:26 AM ET,08:42:26 AM ET,0.35,1,,P4_BURST,NORMAL
ATRA,8.4,8.3134,10,-0.87,-1.03,STOCHK_TIER1,08:42:26 AM ET,08:42:26 AM ET,0.0,1,,P4_BURST,NORMAL
ATRA,8.32,8.1952,10,-1.25,-1.5,HARD_STOP,08:42:27 AM ET,08:42:27 AM ET,0.0,1,,P4_BURST,NORMAL
ATRA,7.98,7.93,10,-0.5,-0.63,STOCHK_TIER1,08:42:27 AM ET,08:42:27 AM ET,0.0,1,,P4_BURST,NORMAL
ATRA,8.09,7.968649999999999,10,-1.21,-1.5,HARD_STOP,08:42:27 AM ET,08:42:27 AM ET,0.0,1,,P4_BURST,NORMAL
BCDA,1.12,1.1201,10,0.0,0.01,STOCHK_TIER2,08:42:27 AM ET,08:42:27 AM ET,1.79,2,,P4_BURST,NORMAL
BCDA,1.14,1.14,10,0.0,0.0,STOCHK_TIER1,08:42:27 AM ET,08:42:27 AM ET,0.87,1,,P4_BURST,NORMAL
BCDA,1.14,1.1228999999999998,10,-0.17,-1.5,HARD_STOP,08:42:27 AM ET,08:42:27 AM ET,0.0,1,,P4_BURST,NORMAL
BCDA,1.13,1.1301,10,0.0,0.01,STOCHK_TIER1,08:42:27 AM ET,08:42:27 AM ET,0.44,1,,P4_BURST,NORMAL
BCDA,1.1376,1.13,10,-0.08,-0.67,STOCHK_TIER1,08:42:27 AM ET,08:42:27 AM ET,0.21,1,,P4_BURST,NORMAL
BCDA,1.13,1.125,10,-0.05,-0.44,STOCHK_TIER1,08:42:27 AM ET,08:42:27 AM ET,0.0,1,,P4_BURST,NORMAL
BCDA,1.09,1.075,10,-0.15,-1.38,STOCHK_TIER1,08:42:27 AM ET,08:42:27 AM ET,0.0,1,,P4_BURST,NORMAL
BCDA,1.0877,1.09,10,0.02,0.21,EOD_CLOSE,08:42:27 AM ET,08:42:28 AM ET,1.13,2,,P4_BURST,NORMAL
BEZ,2.6,2.58,10,-0.2,-0.77,STOCHK_TIER1,08:42:28 AM ET,08:42:28 AM ET,0.0,1,,P4_BURST,NORMAL
BEZ,2.6,2.608,10,0.08,0.31,STOCHK_TIER2,08:42:28 AM ET,08:42:28 AM ET,1.35,2,,P4_BURST,NORMAL
BEZ,2.66,2.725,5,0.65,2.44,MACD_BEAR_T2,08:42:28 AM ET,08:42:28 AM ET,2.44,2,PCT2,P4_BURST,NORMAL
BEZ,2.7499,2.725,10,-0.25,-0.91,STOCHK_TIER1,08:42:28 AM ET,08:42:28 AM ET,0.19,1,,P4_BURST,NORMAL
ELPW,3.17,3.1224499999999997,10,-0.48,-1.5,HARD_STOP,08:42:28 AM ET,08:42:28 AM ET,0.0,1,,P4_BURST,NORMAL
BEZ,2.685,2.665,10,-0.2,-0.74,STOCHK_TIER1,08:42:28 AM ET,08:42:28 AM ET,0.0,1,,P4_BURST,NORMAL
BEZ,2.66,2.68,10,0.2,0.75,STOCHK_TIER2,08:42:28 AM ET,08:42:28 AM ET,1.5,2,,P4_BURST,NORMAL
BEZ,2.71,2.69,10,-0.2,-0.74,STOCHK_TIER1,08:42:28 AM ET,08:42:28 AM ET,0.0,1,,P4_BURST,NORMAL
BEZ,2.67,2.6689,10,-0.01,-0.04,STOCHK_TIER1,08:42:28 AM ET,08:42:28 AM ET,0.37,1,,P4_BURST,NORMAL
BEZ,2.64,2.64,10,0.0,0.0,STOCHK_TIER1,08:42:28 AM ET,08:42:28 AM ET,0.38,1,,P4_BURST,NORMAL
BEZ,2.61,2.5708499999999996,10,-0.39,-1.5,HARD_STOP,08:42:28 AM ET,08:42:28 AM ET,0.0,1,,P4_BURST,NORMAL
BEZ,2.55,2.54,10,-0.1,-0.39,STOCHK_TIER1,08:42:28 AM ET,08:42:28 AM ET,0.0,1,,P4_BURST,NORMAL
BEZ,2.54,2.54,10,0.0,0.0,FLOOR_BREACH,08:42:28 AM ET,08:42:28 AM ET,1.77,2,,P4_BURST,NORMAL
BEZ,2.57,2.58,10,0.1,0.39,STOCHK_TIER1,08:42:28 AM ET,08:42:28 AM ET,0.78,1,,P4_BURST,NORMAL
CODX,2.05,2.01925,10,-0.31,-1.5,HARD_STOP,08:42:28 AM ET,08:42:28 AM ET,0.0,1,,P4_BURST,NORMAL
CODX,1.99,1.96015,10,-0.3,-1.5,HARD_STOP,08:42:28 AM ET,08:42:28 AM ET,0.0,1,,P4_BURST,NORMAL
CODX,2.07,2.03895,10,-0.31,-1.5,HARD_STOP,08:42:28 AM ET,08:42:28 AM ET,0.0,1,,P4_BURST,NORMAL
CODX,2.05,2.01925,10,-0.31,-1.5,HARD_STOP,08:42:28 AM ET,08:42:28 AM ET,0.24,1,,P4_BURST,NORMAL
CODX,2.04,2.0301,10,-0.1,-0.49,STOCHK_TIER1,08:42:28 AM ET,08:42:28 AM ET,0.0,1,,P4_BURST,NORMAL
CODX,2.04,2.04,10,0.0,0.0,STOCHK_TIER1,08:42:28 AM ET,08:42:28 AM ET,0.98,1,,P4_BURST,NORMAL
CODX,2.04,2.0801,5,0.5,2.45,MACD_BEAR_T3,08:42:28 AM ET,08:42:29 AM ET,3.44,3,PCT2,P4_BURST,NORMAL
CODX,2.0601,2.1503,4,0.81,3.93,MACD_BEAR_T3,08:42:29 AM ET,08:42:29 AM ET,4.85,3,"PCT2,PCT4_AFTER2",P4_BURST,NORMAL
CODX,2.1,2.11,5,0.3,1.43,FLOOR_BREACH,08:42:29 AM ET,08:42:29 AM ET,2.86,2,PCT2,P4_BURST,NORMAL
CODX,2.14,2.1949,3,0.86,4.04,FLOOR_BREACH,08:42:29 AM ET,08:42:29 AM ET,4.67,3,FAST4,P4_BURST,NORMAL
CODX,2.23,2.22,10,-0.1,-0.45,STOCHK_TIER1,08:42:29 AM ET,08:42:29 AM ET,0.45,1,,P4_BURST,NORMAL
CODX,2.44,2.4034,10,-0.37,-1.5,HARD_STOP,08:42:29 AM ET,08:42:29 AM ET,0.0,1,,P4_BURST,NORMAL
CODX,2.3899,2.38,10,-0.1,-0.41,STOCHK_TIER1,08:42:29 AM ET,08:42:29 AM ET,0.42,1,,P4_BURST,NORMAL
CODX,2.375,2.36,10,-0.15,-0.63,FLOOR_BREACH,08:42:29 AM ET,08:42:29 AM ET,1.02,2,,P4_BURST,NORMAL
CODX,2.36,2.3404,10,-0.2,-0.83,STOCHK_TIER1,08:42:29 AM ET,08:42:29 AM ET,0.0,1,,P4_BURST,NORMAL
CODX,2.3696,2.365,10,-0.05,-0.19,STOCHK_TIER1,08:42:29 AM ET,08:42:29 AM ET,0.44,1,,P4_BURST,NORMAL
CODX,2.37,2.365,10,-0.05,-0.21,STOCHK_TIER1,08:42:29 AM ET,08:42:30 AM ET,0.84,1,,P4_BURST,NORMAL
CODX,2.3889,2.3605,10,-0.28,-1.19,STOCHK_TIER1,08:42:30 AM ET,08:42:30 AM ET,0.0,1,,P4_BURST,NORMAL
CODX,2.445,2.43,10,-0.15,-0.61,MACD_BEAR_T1,08:42:30 AM ET,08:42:30 AM ET,0.0,1,,P4_BURST,NORMAL
CODX,2.4265,2.3901025,10,-0.36,-1.5,HARD_STOP,08:42:30 AM ET,08:42:30 AM ET,0.0,1,,P4_BURST,NORMAL
CODX,2.387,2.42,5,0.45,1.91,FLOOR_BREACH,08:42:30 AM ET,08:42:30 AM ET,3.06,3,PCT2,P4_BURST,NORMAL
CODX,2.4,2.381,10,-0.19,-0.79,STOCHK_TIER1,08:42:30 AM ET,08:42:30 AM ET,0.0,1,,P4_BURST,NORMAL
CODX,2.41,2.39,10,-0.2,-0.83,STOCHK_TIER1,08:42:30 AM ET,08:42:30 AM ET,0.0,1,,P4_BURST,NORMAL
CODX,2.42,2.4604,4,0.56,2.32,FLOOR_BREACH,08:42:30 AM ET,08:42:30 AM ET,4.13,3,"PCT2,PCT4_AFTER2",P4_BURST,NORMAL
CODX,2.53,2.53,5,0.26,1.01,FLOOR_BREACH,08:42:31 AM ET,08:42:31 AM ET,2.77,2,PCT2,P4_BURST,NORMAL
CODX,2.6798,2.639603,10,-0.4,-1.5,HARD_STOP,08:42:31 AM ET,08:42:31 AM ET,0.0,1,,P4_BURST,NORMAL
CODX,2.59,2.57,10,-0.2,-0.77,STOCHK_TIER1,08:42:31 AM ET,08:42:31 AM ET,0.0,1,,P4_BURST,NORMAL
CODX,2.6,2.561,10,-0.39,-1.5,HARD_STOP,08:42:31 AM ET,08:42:31 AM ET,0.0,1,,P4_BURST,NORMAL
CODX,2.52,2.4822,10,-0.38,-1.5,HARD_STOP,08:42:31 AM ET,08:42:31 AM ET,0.0,1,,P4_BURST,NORMAL
CODX,2.595,2.5560750000000003,10,-0.39,-1.5,HARD_STOP,08:42:31 AM ET,08:42:31 AM ET,1.22,2,,P4_BURST,NORMAL
CODX,2.73,2.68905,10,-0.41,-1.5,HARD_STOP,08:42:32 AM ET,08:42:32 AM ET,0.0,1,,P4_BURST,NORMAL
CODX,2.5577,2.5201,10,-0.38,-1.47,STOCHK_TIER1,08:42:32 AM ET,08:42:32 AM ET,0.0,1,,P4_BURST,NORMAL
CODX,2.55,2.5415,10,-0.08,-0.33,STOCHK_TIER1,08:42:32 AM ET,08:42:32 AM ET,0.0,1,,P4_BURST,NORMAL
CODX,2.55,2.55,10,0.0,0.0,FLOOR_BREACH,08:42:32 AM ET,08:42:32 AM ET,1.18,2,,P4_BURST,NORMAL
CODX,2.5793,2.5406105,10,-0.39,-1.5,HARD_STOP,08:42:32 AM ET,08:42:32 AM ET,0.0,1,,P4_BURST,NORMAL
CODX,2.6,2.59,10,-0.1,-0.38,STOCHK_TIER1,08:42:32 AM ET,08:42:32 AM ET,0.0,1,,P4_BURST,NORMAL
CODX,2.52,2.52,5,0.26,1.02,FLOOR_BREACH,08:42:32 AM ET,08:42:33 AM ET,2.04,2,PCT2,P4_BURST,NORMAL
CODX,2.57,2.55,10,-0.2,-0.78,FLOOR_BREACH,08:42:33 AM ET,08:42:33 AM ET,1.17,2,,P4_BURST,NORMAL
CODX,2.6033,2.57,10,-0.33,-1.28,STOCHK_TIER1,08:42:33 AM ET,08:42:33 AM ET,0.64,1,,P4_BURST,NORMAL
CODX,2.5997,2.59,10,-0.1,-0.37,STOCHK_TIER1,08:42:33 AM ET,08:42:33 AM ET,0.0,1,,P4_BURST,NORMAL
CODX,2.55,2.53,10,-0.2,-0.78,STOCHK_TIER1,08:42:33 AM ET,08:42:33 AM ET,0.0,1,,P4_BURST,NORMAL
CODX,2.59,2.55115,10,-0.39,-1.5,HARD_STOP,08:42:33 AM ET,08:42:34 AM ET,0.0,1,,P4_BURST,NORMAL
CODX,2.56,2.56,10,0.0,0.0,FLOOR_BREACH,08:42:34 AM ET,08:42:34 AM ET,1.22,2,,P4_BURST,NORMAL
FCHL,1.9803,1.9505955,10,-0.3,-1.5,HARD_STOP,08:42:34 AM ET,08:42:34 AM ET,0.0,1,,P4_BURST,NORMAL
CTNT,2.71,2.7502,5,0.54,1.99,FLOOR_BREACH,08:42:36 AM ET,08:42:36 AM ET,3.31,3,PCT2,P4_BURST,NORMAL
CTNT,2.7595,2.74,10,-0.19,-0.71,STOCHK_TIER1,08:42:36 AM ET,08:42:36 AM ET,0.0,1,,P4_BURST,NORMAL
CTNT,2.71,2.7205,10,0.1,0.39,STOCHK_TIER2,08:42:36 AM ET,08:42:36 AM ET,1.33,2,,P4_BURST,NORMAL
CTNT,2.6613,2.65,10,-0.11,-0.42,STOCHK_TIER1,08:42:36 AM ET,08:42:36 AM ET,0.33,1,,P4_BURST,NORMAL
CTNT,2.6693,2.651,10,-0.18,-0.69,STOCHK_TIER1,08:42:36 AM ET,08:42:36 AM ET,0.0,1,,P4_BURST,NORMAL
CTNT,2.63,2.6,10,-0.3,-1.14,STOCHK_TIER1,08:42:36 AM ET,08:42:37 AM ET,0.0,1,,P4_BURST,NORMAL
CTNT,2.7395,2.6984075,10,-0.41,-1.5,HARD_STOP,08:42:37 AM ET,08:42:37 AM ET,0.0,1,,P4_BURST,NORMAL
FABC,4.36,4.345,10,-0.15,-0.34,STOCHK_TIER1,08:42:37 AM ET,08:42:37 AM ET,0.34,1,,P4_BURST,NORMAL
IREZ,6.23,6.136550000000001,10,-0.93,-1.5,HARD_STOP,08:42:37 AM ET,08:42:38 AM ET,0.0,1,,P4_BURST,NORMAL
IREZ,6.8699,6.7703,10,-1.0,-1.45,FLOOR_BREACH,08:42:38 AM ET,08:42:38 AM ET,1.17,2,,P4_BURST,NORMAL
IREZ,7.039,7.23,4,1.82,2.59,FLOOR_BREACH,08:42:38 AM ET,08:42:38 AM ET,4.56,3,"PCT2,PCT4_AFTER2",P4_BURST,NORMAL
IREZ,7.11,7.11,10,0.0,0.0,FLOOR_BREACH,08:42:38 AM ET,08:42:38 AM ET,1.41,2,,P4_BURST,NORMAL
IREZ,6.8486,6.745871,10,-1.03,-1.5,HARD_STOP,08:42:38 AM ET,08:42:38 AM ET,0.0,1,,P4_BURST,NORMAL
IREZ,6.63,6.53055,10,-0.99,-1.5,HARD_STOP,08:42:38 AM ET,08:42:38 AM ET,0.0,1,,P4_BURST,NORMAL
IREZ,6.4899,6.515,5,0.88,1.35,FLOOR_BREACH,08:42:38 AM ET,08:42:38 AM ET,2.31,2,PCT2,P4_BURST,NORMAL
IREZ,6.92,6.9414,5,0.96,1.38,FLOOR_BREACH,08:42:38 AM ET,08:42:38 AM ET,2.46,2,PCT2,P4_BURST,NORMAL
IREZ,6.8198,6.81,10,-0.1,-0.14,FLOOR_BREACH,08:42:38 AM ET,08:42:38 AM ET,1.32,2,,P4_BURST,NORMAL
IREZ,6.8686,6.88,10,0.11,0.17,STOCHK_TIER2,08:42:39 AM ET,08:42:39 AM ET,1.84,2,,P4_BURST,NORMAL
IREZ,6.81,6.73,10,-0.8,-1.17,STOCHK_TIER1,08:42:39 AM ET,08:42:39 AM ET,0.0,1,,P4_BURST,NORMAL
IREZ,6.75,6.7,10,-0.5,-0.74,STOCHK_TIER1,08:42:39 AM ET,08:42:39 AM ET,0.15,1,,P4_BURST,NORMAL
IREZ,6.6314,6.531929,10,-0.99,-1.5,HARD_STOP,08:42:39 AM ET,08:42:39 AM ET,0.0,1,,P4_BURST,NORMAL
IREZ,6.7,7.02,4,2.35,3.51,MACD_BEAR_T3,08:42:39 AM ET,08:42:39 AM ET,5.97,3,"PCT2,PCT4_AFTER2",P4_BURST,NORMAL
IREZ,6.96,7.015,10,0.55,0.79,STOCHK_TIER2,08:42:39 AM ET,08:42:39 AM ET,1.29,2,,P4_BURST,NORMAL
IREZ,6.91,7.1599,4,2.2,3.18,FLOOR_BREACH,08:42:40 AM ET,08:42:40 AM ET,5.21,3,"PCT2,PCT4_AFTER2",P4_BURST,NORMAL
IREZ,7.03,6.99,10,-0.4,-0.57,STOCHK_TIER1,08:42:40 AM ET,08:42:40 AM ET,0.85,1,,P4_BURST,NORMAL
IREZ,7.12,7.17,10,0.5,0.7,STOCHK_TIER2,08:42:40 AM ET,08:42:40 AM ET,1.82,2,,P4_BURST,NORMAL
IREZ,7.32,7.37,10,0.5,0.68,MACD_BEAR_T2,08:42:40 AM ET,08:42:40 AM ET,1.5,2,,P4_BURST,NORMAL
IREZ,7.49,7.53,10,0.4,0.53,MACD_BEAR_T2,08:42:40 AM ET,08:42:40 AM ET,1.67,2,,P4_BURST,NORMAL
IREZ,7.575,7.75,5,1.7,2.25,EOD_CLOSE,08:42:41 AM ET,08:42:41 AM ET,2.31,2,PCT2,P4_BURST,NORMAL
MASK,2.8395,2.805,10,-0.34,-1.22,STOCHK_TIER1,08:42:41 AM ET,08:42:41 AM ET,0.0,1,,P4_BURST,NORMAL
MASK,3.08,3.0338,10,-0.46,-1.5,HARD_STOP,08:42:41 AM ET,08:42:41 AM ET,0.0,1,,P4_BURST,NORMAL
MASK,3.1199,3.0731015,10,-0.47,-1.5,HARD_STOP,08:42:41 AM ET,08:42:41 AM ET,0.0,1,,P4_BURST,NORMAL
MASK,3.32,3.2702,10,-0.5,-1.5,HARD_STOP,08:42:41 AM ET,08:42:41 AM ET,0.0,1,,P4_BURST,NORMAL
MASK,3.2,3.2,10,0.0,0.0,FLOOR_BREACH,08:42:41 AM ET,08:42:41 AM ET,1.56,2,,P4_BURST,NORMAL
MASK,3.1543,3.17,5,0.45,1.44,FLOOR_BREACH,08:42:41 AM ET,08:42:41 AM ET,2.38,2,PCT2,P4_BURST,NORMAL
MASK,3.1982,3.150227,10,-0.48,-1.5,HARD_STOP,08:42:41 AM ET,08:42:41 AM ET,0.0,1,,P4_BURST,NORMAL
MASK,3.16,3.1126,10,-0.47,-1.5,HARD_STOP,08:42:41 AM ET,08:42:41 AM ET,0.32,1,,P4_BURST,NORMAL
MASK,3.05,3.05,10,0.0,0.0,FLOOR_BREACH,08:42:41 AM ET,08:42:41 AM ET,1.31,2,,P4_BURST,NORMAL
MASK,3.199,3.1510149999999997,10,-0.48,-1.5,HARD_STOP,08:42:41 AM ET,08:42:41 AM ET,0.0,1,,P4_BURST,NORMAL
MASK,3.1505,3.14,10,-0.1,-0.33,STOCHK_TIER1,08:42:41 AM ET,08:42:41 AM ET,0.14,1,,P4_BURST,NORMAL
MASK,3.5099,3.4572515,10,-0.53,-1.5,HARD_STOP,08:42:41 AM ET,08:42:41 AM ET,0.0,1,,P4_BURST,NORMAL
MASK,3.49,3.43765,10,-0.52,-1.5,HARD_STOP,08:42:41 AM ET,08:42:41 AM ET,0.57,1,,P4_BURST,NORMAL
MASK,3.3986,3.347621,10,-0.51,-1.5,HARD_STOP,08:42:41 AM ET,08:42:41 AM ET,0.0,1,,P4_BURST,NORMAL
MASK,3.4856,3.56,3,1.23,3.54,FLOOR_BREACH,08:42:41 AM ET,08:42:42 AM ET,4.14,3,FAST4,P4_BURST,NORMAL
MASK,3.4101,3.66,4,1.6,4.69,FLOOR_BREACH,08:42:42 AM ET,08:42:42 AM ET,9.38,3,"PCT2,PCT4_AFTER2",P4_BURST,NORMAL
MASK,3.62,3.5657,10,-0.54,-1.5,HARD_STOP,08:42:42 AM ET,08:42:42 AM ET,0.0,1,,P4_BURST,NORMAL
MASK,3.59,3.5361499999999997,10,-0.54,-1.5,HARD_STOP,08:42:42 AM ET,08:42:42 AM ET,0.28,1,,P4_BURST,NORMAL
MASK,3.275,3.225875,10,-0.49,-1.5,HARD_STOP,08:42:42 AM ET,08:42:42 AM ET,0.0,1,,P4_BURST,NORMAL
MASK,2.73,2.9902,4,1.43,5.22,FLOOR_BREACH,08:42:42 AM ET,08:42:42 AM ET,13.55,3,"PCT2,PCT4_AFTER2",P4_BURST,NORMAL
MNTS,5.3,5.31,10,0.1,0.19,STOCHK_TIER2,08:42:42 AM ET,08:42:42 AM ET,1.51,2,,P4_BURST,NORMAL
MNTS,5.4,5.319,10,-0.81,-1.5,HARD_STOP,08:42:42 AM ET,08:42:42 AM ET,0.0,1,,P4_BURST,NORMAL
MNTS,5.36,5.28,10,-0.8,-1.49,STOCHK_TIER1,08:42:42 AM ET,08:42:42 AM ET,0.0,1,,P4_BURST,NORMAL
MNTS,5.35,5.34,10,-0.1,-0.19,STOCHK_TIER1,08:42:43 AM ET,08:42:43 AM ET,0.65,1,,P4_BURST,NORMAL
MNTS,5.39,5.4501,5,1.14,2.12,FLOOR_BREACH,08:42:43 AM ET,08:42:43 AM ET,3.12,3,PCT2,P4_BURST,NORMAL
MNTS,5.49,5.44,10,-0.5,-0.91,STOCHK_TIER1,08:42:43 AM ET,08:42:43 AM ET,0.0,1,,P4_BURST,NORMAL
MNTS,5.38,5.43,10,0.5,0.93,STOCHK_TIER2,08:42:43 AM ET,08:42:43 AM ET,1.86,2,,P4_BURST,NORMAL
MNTS,5.4,5.36,10,-0.4,-0.74,STOCHK_TIER1,08:42:43 AM ET,08:42:43 AM ET,0.0,1,,P4_BURST,NORMAL
MNTS,5.41,5.3601,10,-0.5,-0.92,STOCHK_TIER1,08:42:43 AM ET,08:42:43 AM ET,0.0,1,,P4_BURST,NORMAL
MNTS,5.3996,5.36,10,-0.4,-0.73,STOCHK_TIER1,08:42:43 AM ET,08:42:43 AM ET,0.0,1,,P4_BURST,NORMAL
MNTS,5.37,5.31,10,-0.6,-1.12,STOCHK_TIER1,08:42:43 AM ET,08:42:43 AM ET,0.19,1,,P4_BURST,NORMAL
ONEG,1.3701,1.37,5,0.14,1.01,FLOOR_BREACH,08:42:43 AM ET,08:42:43 AM ET,2.02,2,PCT2,P4_BURST,NORMAL
ONEG,1.38,1.36,10,-0.2,-1.45,STOCHK_TIER1,08:42:43 AM ET,08:42:43 AM ET,0.04,1,,P4_BURST,NORMAL
ONEG,1.38,1.3593,10,-0.21,-1.5,HARD_STOP,08:42:43 AM ET,08:42:43 AM ET,0.0,1,,P4_BURST,NORMAL
ONEG,1.47,1.5301,3,0.6,4.08,FLOOR_BREACH,08:42:43 AM ET,08:42:43 AM ET,6.12,3,FAST4,P4_BURST,NORMAL
ONEG,1.5263,1.5034055,10,-0.23,-1.5,HARD_STOP,08:42:43 AM ET,08:42:43 AM ET,0.0,1,,P4_BURST,NORMAL
ONEG,1.5,1.53,4,0.34,2.27,FLOOR_BREACH,08:42:44 AM ET,08:42:44 AM ET,6.17,3,"PCT2,PCT4_AFTER2",P4_BURST,NORMAL
ONEG,1.5,1.4902,10,-0.1,-0.65,FLOOR_BREACH,08:42:44 AM ET,08:42:44 AM ET,1.33,2,,P4_BURST,NORMAL
ONEG,1.475,1.48,4,0.31,2.1,FLOOR_BREACH,08:42:44 AM ET,08:42:44 AM ET,4.41,3,"PCT2,PCT4_AFTER2",P4_BURST,NORMAL
ONEG,1.52,1.51,10,-0.1,-0.66,STOCHK_TIER1,08:42:44 AM ET,08:42:44 AM ET,0.0,1,,P4_BURST,NORMAL
ONEG,1.41,1.4001,5,0.1,0.71,FLOOR_BREACH,08:42:44 AM ET,08:42:44 AM ET,2.12,2,PCT2,P4_BURST,NORMAL
ONEG,1.4,1.4,10,0.0,0.0,EOD_CLOSE,08:42:44 AM ET,08:42:44 AM ET,0.0,1,,P4_BURST,NORMAL
PMAX,4.68,4.64,10,-0.4,-0.85,STOCHK_TIER1,08:42:44 AM ET,08:42:44 AM ET,0.0,1,,P4_BURST,NORMAL
PMAX,4.8101,4.7379485,10,-0.72,-1.5,HARD_STOP,08:42:44 AM ET,08:42:44 AM ET,0.0,1,,P4_BURST,NORMAL
PMAX,4.6902,4.6397,10,-0.5,-1.08,STOCHK_TIER1,08:42:44 AM ET,08:42:44 AM ET,0.0,1,,P4_BURST,NORMAL
PMAX,4.2398,4.28,10,0.4,0.95,STOCHK_TIER2,08:42:44 AM ET,08:42:44 AM ET,1.89,2,,P4_BURST,NORMAL
PMAX,4.2213,4.2213,10,0.0,0.0,EOD_CLOSE,08:42:44 AM ET,08:42:44 AM ET,0.0,1,,P4_BURST,NORMAL
RKLZ,6.7001,6.76,5,1.12,1.68,STOCHK_TIER2,08:42:44 AM ET,08:42:44 AM ET,2.54,2,PCT2,P4_BURST,NORMAL
RKLZ,6.54,6.6,5,1.1,1.68,FLOOR_BREACH,08:42:44 AM ET,08:42:44 AM ET,3.06,3,PCT2,P4_BURST,NORMAL
RKLZ,6.5999,6.5009014999999994,10,-0.99,-1.5,HARD_STOP,08:42:44 AM ET,08:42:44 AM ET,0.53,1,,P4_BURST,NORMAL
RKLZ,6.2408,6.1772,10,-0.64,-1.02,STOCHK_TIER1,08:42:44 AM ET,08:42:44 AM ET,0.0,1,,P4_BURST,NORMAL
RKLZ,6.08,6.16,4,1.36,2.23,FLOOR_BREACH,08:42:44 AM ET,08:42:44 AM ET,4.36,3,"PCT2,PCT4_AFTER2",P4_BURST,NORMAL
RKLZ,6.0898,6.11,5,0.75,1.23,FLOOR_BREACH,08:42:44 AM ET,08:42:44 AM ET,3.62,3,PCT2,P4_BURST,NORMAL
RKLZ,5.88,5.9475,5,0.99,1.68,STOCHK_TIER2,08:42:44 AM ET,08:42:44 AM ET,2.55,2,PCT2,P4_BURST,NORMAL
RKLZ,6.04,6.04,10,0.0,0.0,FLOOR_BREACH,08:42:44 AM ET,08:42:44 AM ET,1.32,2,,P4_BURST,NORMAL
RKLZ,6.035,6.02,10,-0.15,-0.25,STOCHK_TIER1,08:42:44 AM ET,08:42:44 AM ET,0.41,1,,P4_BURST,NORMAL
RKLZ,5.89,5.8447,10,-0.45,-0.77,STOCHK_TIER1,08:42:45 AM ET,08:42:45 AM ET,0.17,1,,P4_BURST,NORMAL
RKLZ,6.01,6.01,10,0.0,0.0,EOD_CLOSE,08:42:45 AM ET,08:42:45 AM ET,0.5,1,,P4_BURST,NORMAL
RMSG,1.61,1.6004,10,-0.1,-0.6,STOCHK_TIER1,08:42:45 AM ET,08:42:45 AM ET,0.0,1,,P4_BURST,NORMAL
RMSG,1.606,1.5908,10,-0.15,-0.95,STOCHK_TIER1,08:42:45 AM ET,08:42:45 AM ET,0.0,1,,P4_BURST,NORMAL
RMSG,1.5598,1.55,10,-0.1,-0.63,STOCHK_TIER1,08:42:45 AM ET,08:42:45 AM ET,0.0,1,,P4_BURST,NORMAL
RMSG,1.555,1.5501,10,-0.05,-0.32,STOCHK_TIER1,08:42:45 AM ET,08:42:45 AM ET,0.0,1,,P4_BURST,NORMAL
RMSG,1.56,1.55,10,-0.1,-0.64,STOCHK_TIER1,08:42:45 AM ET,08:42:45 AM ET,0.0,1,,P4_BURST,NORMAL
RMSG,1.455,1.45,10,-0.05,-0.34,FLOOR_BREACH,08:42:45 AM ET,08:42:45 AM ET,1.37,2,,P4_BURST,NORMAL
RPGL,2.54,2.5019,10,-0.38,-1.5,HARD_STOP,08:42:45 AM ET,08:42:45 AM ET,0.0,1,,P4_BURST,NORMAL
RPGL,1.68,1.6547999999999998,10,-0.25,-1.5,HARD_STOP,08:42:45 AM ET,08:42:45 AM ET,1.76,2,,P4_BURST,NORMAL
RPGL,1.48,1.4578,10,-0.22,-1.5,HARD_STOP,08:42:45 AM ET,08:42:45 AM ET,0.68,1,,P4_BURST,NORMAL
RPGL,1.2,1.182,10,-0.18,-1.5,HARD_STOP,08:42:46 AM ET,08:42:46 AM ET,0.0,1,,P4_BURST,NORMAL
RPGL,1.2195,1.2012075,10,-0.18,-1.5,HARD_STOP,08:42:46 AM ET,08:42:46 AM ET,0.0,1,,P4_BURST,NORMAL
RPGL,1.1295,1.1125574999999999,10,-0.17,-1.5,HARD_STOP,08:42:46 AM ET,08:42:46 AM ET,0.0,1,,P4_BURST,NORMAL
RPGL,1.04,1.0244,10,-0.16,-1.5,HARD_STOP,08:42:46 AM ET,08:42:46 AM ET,0.25,1,,P4_BURST,NORMAL
SOBR,1.74,1.72,10,-0.2,-1.15,STOCHK_TIER1,08:42:46 AM ET,08:42:46 AM ET,0.0,1,,P4_BURST,NORMAL
SOBR,1.7023,1.6901,10,-0.12,-0.72,STOCHK_TIER1,08:42:46 AM ET,08:42:46 AM ET,0.75,1,,P4_BURST,NORMAL
SOBR,1.6993,1.6738105,10,-0.25,-1.5,HARD_STOP,08:42:46 AM ET,08:42:46 AM ET,0.0,1,,P4_BURST,NORMAL
SOBR,1.725,1.71,10,-0.15,-0.87,STOCHK_TIER1,08:42:46 AM ET,08:42:46 AM ET,0.28,1,,P4_BURST,NORMAL
SOBR,1.6805,1.67,10,-0.11,-0.62,STOCHK_TIER1,08:42:46 AM ET,08:42:46 AM ET,0.57,1,,P4_BURST,NORMAL
SOBR,1.655,1.6404,10,-0.15,-0.88,STOCHK_TIER1,08:42:46 AM ET,08:42:46 AM ET,0.89,1,,P4_BURST,NORMAL
SOBR,1.6299,1.62,10,-0.1,-0.61,STOCHK_TIER1,08:42:46 AM ET,08:42:46 AM ET,0.01,1,,P4_BURST,NORMAL
SOBR,1.5795,1.5558074999999998,10,-0.24,-1.5,HARD_STOP,08:42:46 AM ET,08:42:46 AM ET,0.0,1,,P4_BURST,NORMAL
SOBR,1.57,1.56,10,-0.1,-0.64,MACD_BEAR_T1,08:42:46 AM ET,08:42:46 AM ET,0.0,1,,P4_BURST,NORMAL
SOBR,1.58,1.57,10,-0.1,-0.63,STOCHK_TIER1,08:42:47 AM ET,08:42:47 AM ET,0.0,1,,P4_BURST,NORMAL
STFS,10.5,10.45,5,1.6,1.52,FLOOR_BREACH,08:42:47 AM ET,08:42:47 AM ET,3.52,3,PCT2,P4_BURST,NORMAL
TRAW,2.3497,2.3144545,10,-0.35,-1.5,HARD_STOP,08:42:47 AM ET,08:42:47 AM ET,0.0,1,,P4_BURST,NORMAL
TRAW,2.21,2.2319,5,0.36,1.62,FLOOR_BREACH,08:42:47 AM ET,08:42:47 AM ET,3.17,3,PCT2,P4_BURST,NORMAL
TRAW,2.11,2.08,10,-0.3,-1.42,STOCHK_TIER1,08:42:47 AM ET,08:42:47 AM ET,0.47,1,,P4_BURST,NORMAL
TRAW,2.0354,2.2189,3,1.28,6.29,FLOOR_BREACH,08:42:47 AM ET,08:42:47 AM ET,11.98,3,FAST4,P4_BURST,NORMAL
TRAW,2.225,2.205,10,-0.2,-0.9,STOCHK_TIER1,08:42:47 AM ET,08:42:47 AM ET,0.0,1,,P4_BURST,NORMAL
TRAW,2.24,2.2064000000000004,10,-0.34,-1.5,HARD_STOP,08:42:47 AM ET,08:42:47 AM ET,0.67,1,,P4_BURST,NORMAL
TRAW,2.2111,2.2,10,-0.11,-0.5,FLOOR_BREACH,08:42:47 AM ET,08:42:47 AM ET,1.3,2,,P4_BURST,NORMAL
TRAW,2.225,2.205,10,-0.2,-0.9,FLOOR_BREACH,08:42:47 AM ET,08:42:47 AM ET,1.57,2,,P4_BURST,NORMAL
TRAW,2.2,2.26,4,0.63,2.87,FLOOR_BREACH,08:42:47 AM ET,08:42:47 AM ET,8.52,3,"PCT2,PCT4_AFTER2",P4_BURST,NORMAL
TRAW,2.09,2.09,10,0.0,0.0,FLOOR_BREACH,08:42:47 AM ET,08:42:47 AM ET,1.44,2,,P4_BURST,NORMAL
TRAW,1.91,1.8813499999999999,10,-0.29,-1.5,HARD_STOP,08:42:48 AM ET,08:42:48 AM ET,0.0,1,,P4_BURST,NORMAL
TRAW,1.9337,1.955,5,0.31,1.62,STOCHK_TIER2,08:42:48 AM ET,08:42:48 AM ET,2.14,2,PCT2,P4_BURST,NORMAL
TRAW,1.9801,1.97,10,-0.1,-0.51,MACD_BEAR_T1,08:42:48 AM ET,08:42:48 AM ET,0.49,1,,P4_BURST,NORMAL
TRAW,2.02,1.9897,10,-0.3,-1.5,HARD_STOP,08:42:48 AM ET,08:42:48 AM ET,0.0,1,,P4_BURST,NORMAL
TRAW,2.01,1.9823,10,-0.28,-1.38,STOCHK_TIER1,08:42:48 AM ET,08:42:48 AM ET,0.0,1,,P4_BURST,NORMAL
TRAW,2.0,1.99,10,-0.1,-0.5,STOCHK_TIER1,08:42:48 AM ET,08:42:48 AM ET,0.25,1,,P4_BURST,NORMAL
TRAW,2.0799,2.1506,4,0.77,3.72,MACD_BEAR_T3,08:42:48 AM ET,08:42:48 AM ET,4.33,3,"PCT2,PCT4_AFTER2",P4_BURST,NORMAL
TRAW,2.18,2.2,10,0.2,0.92,MACD_BEAR_T2,08:42:48 AM ET,08:42:49 AM ET,1.35,2,,P4_BURST,NORMAL
TRAW,2.1461,2.145,10,-0.01,-0.05,STOCHK_TIER1,08:42:49 AM ET,08:42:49 AM ET,0.41,1,,P4_BURST,NORMAL
TRAW,2.14,2.1228,10,-0.17,-0.8,STOCHK_TIER1,08:42:49 AM ET,08:42:49 AM ET,0.0,1,,P4_BURST,NORMAL
TRAW,2.09,2.07,10,-0.2,-0.96,STOCHK_TIER1,08:42:49 AM ET,08:42:49 AM ET,0.0,1,,P4_BURST,NORMAL
TRAW,2.15,2.1701,10,0.2,0.93,STOCHK_TIER2,08:42:49 AM ET,08:42:49 AM ET,1.63,2,,P4_BURST,NORMAL
TRAW,2.155,2.1502,10,-0.05,-0.22,STOCHK_TIER1,08:42:49 AM ET,08:42:49 AM ET,0.23,1,,P4_BURST,NORMAL
TRAW,2.17,2.1401,10,-0.3,-1.38,STOCHK_TIER1,08:42:50 AM ET,08:42:50 AM ET,0.0,1,,P4_BURST,NORMAL
TRAW,2.12,2.1118,10,-0.08,-0.39,STOCHK_TIER1,08:42:50 AM ET,08:42:50 AM ET,0.0,1,,P4_BURST,NORMAL
TRAW,2.1562,2.2,5,0.44,2.03,MACD_BEAR_T3,08:42:50 AM ET,08:42:50 AM ET,3.78,3,PCT2,P4_BURST,NORMAL
TRAW,2.16,2.1397,10,-0.2,-0.94,STOCHK_TIER1,08:42:50 AM ET,08:42:50 AM ET,0.0,1,,P4_BURST,NORMAL
TRAW,2.169,2.15,10,-0.19,-0.88,STOCHK_TIER1,08:42:51 AM ET,08:42:51 AM ET,0.0,1,,P4_BURST,NORMAL
TRAW,2.2198,2.2002,10,-0.2,-0.88,STOCHK_TIER1,08:42:51 AM ET,08:42:51 AM ET,0.0,1,,P4_BURST,NORMAL
TRAW,2.229,2.25,10,0.21,0.94,STOCHK_TIER2,08:42:51 AM ET,08:42:51 AM ET,1.84,2,,P4_BURST,NORMAL
TRAW,2.265,2.2310250000000003,10,-0.34,-1.5,HARD_STOP,08:42:51 AM ET,08:42:51 AM ET,0.0,1,,P4_BURST,NORMAL
TRAW,2.245,2.2517,10,0.07,0.3,STOCHK_TIER2,08:42:51 AM ET,08:42:52 AM ET,1.11,2,,P4_BURST,NORMAL
TRAW,2.2559,2.2220615,10,-0.34,-1.5,HARD_STOP,08:42:52 AM ET,08:42:52 AM ET,0.0,1,,P4_BURST,NORMAL
TRAW,2.185,2.16,10,-0.25,-1.14,STOCHK_TIER1,08:42:52 AM ET,08:42:52 AM ET,0.0,1,,P4_BURST,NORMAL
TRAW,2.2,2.18,10,-0.2,-0.91,STOCHK_TIER1,08:42:52 AM ET,08:42:52 AM ET,0.0,1,,P4_BURST,NORMAL
TRAW,2.17,2.16,10,-0.1,-0.46,STOCHK_TIER1,08:42:53 AM ET,08:42:53 AM ET,0.92,1,,P4_BURST,NORMAL
TRAW,2.239,2.205415,10,-0.34,-1.5,HARD_STOP,08:42:53 AM ET,08:42:53 AM ET,0.0,1,,P4_BURST,NORMAL
TRAW,2.22,2.1867,10,-0.33,-1.5,HARD_STOP,08:42:53 AM ET,08:42:53 AM ET,0.0,1,,P4_BURST,NORMAL
TRAW,2.18,2.1502,10,-0.3,-1.37,STOCHK_TIER1,08:42:54 AM ET,08:42:54 AM ET,0.0,1,,P4_BURST,NORMAL
TRAW,2.19,2.18,10,-0.1,-0.46,STOCHK_TIER1,08:42:54 AM ET,08:42:54 AM ET,0.0,1,,P4_BURST,NORMAL
TRAW,2.19,2.18,10,-0.1,-0.46,STOCHK_TIER1,08:42:55 AM ET,08:42:55 AM ET,0.0,1,,P4_BURST,NORMAL
TRAW,2.19,2.18,10,-0.1,-0.46,STOCHK_TIER1,08:42:55 AM ET,08:42:55 AM ET,0.46,1,,P4_BURST,NORMAL
TRAW,2.18,2.17,10,-0.1,-0.46,STOCHK_TIER1,08:42:55 AM ET,08:42:55 AM ET,0.46,1,,P4_BURST,NORMAL
TRAW,2.18,2.1713,10,-0.09,-0.4,STOCHK_TIER1,08:42:55 AM ET,08:42:55 AM ET,0.0,1,,P4_BURST,NORMAL
TRAW,2.17,2.16,10,-0.1,-0.46,STOCHK_TIER1,08:42:56 AM ET,08:42:56 AM ET,0.0,1,,P4_BURST,NORMAL
TRAW,2.1999,2.21,5,0.3,1.37,FLOOR_BREACH,08:42:56 AM ET,08:42:56 AM ET,2.27,2,PCT2,P4_BURST,NORMAL
TTDU,4.39,4.3241499999999995,10,-0.66,-1.5,HARD_STOP,08:43:00 AM ET,08:43:00 AM ET,0.0,1,,P4_BURST,NORMAL
TTDU,4.23,4.16655,10,-0.63,-1.5,HARD_STOP,08:43:00 AM ET,08:43:00 AM ET,0.24,1,,P4_BURST,NORMAL
TTDU,4.18,4.2201,10,0.4,0.96,MACD_BEAR_T2,08:43:00 AM ET,08:43:00 AM ET,1.77,2,,P4_BURST,NORMAL
TTDU,4.3401,4.41,5,0.8,1.84,STOCHK_TIER2,08:43:00 AM ET,08:43:00 AM ET,2.76,2,PCT2,P4_BURST,NORMAL
TTDU,4.2909,4.33,5,0.64,1.49,STOCHK_TIER2,08:43:00 AM ET,08:43:01 AM ET,2.08,2,PCT2,P4_BURST,NORMAL
TTDU,4.285,4.32,10,0.35,0.82,STOCHK_TIER2,08:43:01 AM ET,08:43:01 AM ET,1.98,2,,P4_BURST,NORMAL
TTDU,4.2963,4.34,5,0.69,1.6,FLOOR_BREACH,08:43:01 AM ET,08:43:01 AM ET,3.23,3,PCT2,P4_BURST,NORMAL
TTDU,4.335,4.34,10,0.05,0.12,STOCHK_TIER1,08:43:01 AM ET,08:43:01 AM ET,0.58,1,,P4_BURST,NORMAL
TTDU,4.295,4.3,10,0.05,0.12,MACD_BEAR_T1,08:43:01 AM ET,08:43:01 AM ET,0.81,1,,P4_BURST,NORMAL
TTDU,4.33,4.31,10,-0.2,-0.46,STOCHK_TIER1,08:43:01 AM ET,08:43:01 AM ET,0.0,1,,P4_BURST,NORMAL
AEHL,1.3609,1.35,10,-0.11,-0.8,STOCHK_TIER1,08:43:02 AM ET,08:43:02 AM ET,0.0,1,,P4_BURST,NORMAL
AEHL,1.12,1.1032000000000002,10,-0.17,-1.5,HARD_STOP,08:43:02 AM ET,08:43:02 AM ET,0.0,1,,P4_BURST,NORMAL
AEHL,1.2799,1.2607015,10,-0.19,-1.5,HARD_STOP,08:43:02 AM ET,08:43:02 AM ET,0.79,1,,P4_BURST,NORMAL
AEHL,1.28,1.2608,10,-0.19,-1.5,HARD_STOP,08:43:02 AM ET,08:43:02 AM ET,0.0,1,,P4_BURST,NORMAL
AEHL,1.2498,1.231053,10,-0.19,-1.5,HARD_STOP,08:43:03 AM ET,08:43:03 AM ET,0.0,1,,P4_BURST,NORMAL
AIIO,1.08,1.0638,10,-0.16,-1.5,HARD_STOP,08:43:03 AM ET,08:43:03 AM ET,0.0,1,,P4_BURST,NORMAL
AIIO,1.1086,1.091971,10,-0.17,-1.5,HARD_STOP,08:43:03 AM ET,08:43:03 AM ET,0.0,1,,P4_BURST,NORMAL
AIIO,1.0796,1.085,10,0.05,0.5,STOCHK_TIER2,08:43:03 AM ET,08:43:03 AM ET,1.87,2,,P4_BURST,NORMAL
AIIO,1.08,1.0675,10,-0.13,-1.16,STOCHK_TIER1,08:43:03 AM ET,08:43:03 AM ET,0.0,1,,P4_BURST,NORMAL
AIIO,1.0301,1.06,4,0.31,3.04,MACD_BEAR_T3,08:43:03 AM ET,08:43:03 AM ET,4.36,3,"PCT2,PCT4_AFTER2",P4_BURST,NORMAL
AIIO,1.0599,1.0440015,10,-0.16,-1.5,HARD_STOP,08:43:03 AM ET,08:43:03 AM ET,0.0,1,,P4_BURST,NORMAL
AIIO,1.05,1.0342500000000001,10,-0.16,-1.5,HARD_STOP,08:43:03 AM ET,08:43:03 AM ET,0.0,1,,P4_BURST,NORMAL
AIIO,1.055,1.05,10,-0.05,-0.47,FLOOR_BREACH,08:43:03 AM ET,08:43:03 AM ET,1.4,2,,P4_BURST,NORMAL
AIIO,1.07,1.065,10,-0.05,-0.47,MACD_BEAR_T1,08:43:03 AM ET,08:43:03 AM ET,0.0,1,,P4_BURST,NORMAL
AIIO,1.065,1.0601,10,-0.05,-0.46,STOCHK_TIER1,08:43:03 AM ET,08:43:03 AM ET,0.27,1,,P4_BURST,NORMAL
AIIO,1.08,1.07,10,-0.1,-0.93,STOCHK_TIER1,08:43:03 AM ET,08:43:03 AM ET,0.0,1,,P4_BURST,NORMAL
AIIO,1.09,1.085,10,-0.05,-0.46,STOCHK_TIER1,08:43:04 AM ET,08:43:04 AM ET,0.49,1,,P4_BURST,NORMAL
AIIO,1.105,1.09,10,-0.15,-1.36,STOCHK_TIER1,08:43:04 AM ET,08:43:04 AM ET,0.0,1,,P4_BURST,NORMAL
AIIO,1.1166,1.105,10,-0.12,-1.04,STOCHK_TIER1,08:43:04 AM ET,08:43:04 AM ET,0.0,1,,P4_BURST,NORMAL
AIIO,1.0983,1.0818255,10,-0.16,-1.5,HARD_STOP,08:43:04 AM ET,08:43:04 AM ET,0.0,1,,P4_BURST,NORMAL
AIIO,1.12,1.11,10,-0.1,-0.89,MACD_BEAR_T1,08:43:04 AM ET,08:43:04 AM ET,0.0,1,,P4_BURST,NORMAL
AIIO,1.12,1.11,10,-0.1,-0.89,STOCHK_TIER1,08:43:04 AM ET,08:43:04 AM ET,0.0,1,,P4_BURST,NORMAL
AIIO,1.12,1.1104,10,-0.1,-0.86,STOCHK_TIER1,08:43:04 AM ET,08:43:04 AM ET,0.0,1,,P4_BURST,NORMAL
AIIO,1.115,1.11,10,-0.05,-0.45,MACD_BEAR_T1,08:43:04 AM ET,08:43:04 AM ET,0.45,1,,P4_BURST,NORMAL
AIIO,1.105,1.1001,10,-0.05,-0.44,STOCHK_TIER1,08:43:04 AM ET,08:43:04 AM ET,0.0,1,,P4_BURST,NORMAL
AIIO,1.135,1.1301,10,-0.05,-0.43,STOCHK_TIER1,08:43:04 AM ET,08:43:05 AM ET,0.44,1,,P4_BURST,NORMAL
AIIO,1.0893,1.0729605,10,-0.16,-1.5,HARD_STOP,08:43:05 AM ET,08:43:05 AM ET,0.0,1,,P4_BURST,NORMAL
AIIO,1.07,1.08,5,0.25,2.34,FLOOR_BREACH,08:43:05 AM ET,08:43:05 AM ET,3.74,3,PCT2,P4_BURST,NORMAL
AIIO,1.0697,1.0601,10,-0.1,-0.9,STOCHK_TIER1,08:43:05 AM ET,08:43:05 AM ET,0.0,1,,P4_BURST,NORMAL
AIIO,1.07,1.0602,10,-0.1,-0.92,STOCHK_TIER1,08:43:06 AM ET,08:43:06 AM ET,0.0,1,,P4_BURST,NORMAL
AIIO,1.09,1.1,10,0.1,0.92,MACD_BEAR_T2,08:43:06 AM ET,08:43:06 AM ET,1.83,2,,P4_BURST,NORMAL
AIIO,1.12,1.1032000000000002,10,-0.17,-1.5,HARD_STOP,08:43:06 AM ET,08:43:06 AM ET,0.0,1,,P4_BURST,NORMAL
AIIO,1.11,1.1003,10,-0.1,-0.87,STOCHK_TIER1,08:43:06 AM ET,08:43:06 AM ET,0.0,1,,P4_BURST,NORMAL
AIIO,1.09,1.08,10,-0.1,-0.92,STOCHK_TIER1,08:43:06 AM ET,08:43:06 AM ET,0.0,1,,P4_BURST,NORMAL
AMBO,3.61,3.55585,10,-0.54,-1.5,HARD_STOP,08:43:09 AM ET,08:43:09 AM ET,0.28,1,,P4_BURST,NORMAL
AMBO,3.97,3.91045,10,-0.6,-1.5,HARD_STOP,08:43:09 AM ET,08:43:09 AM ET,0.0,1,,P4_BURST,NORMAL
AMBO,3.83,3.77255,10,-0.57,-1.5,HARD_STOP,08:43:09 AM ET,08:43:09 AM ET,0.0,1,,P4_BURST,NORMAL
AMBO,3.8,3.8,10,0.0,0.0,FLOOR_BREACH,08:43:09 AM ET,08:43:09 AM ET,1.56,2,,P4_BURST,NORMAL
AMBO,3.76,3.7036,10,-0.56,-1.5,HARD_STOP,08:43:09 AM ET,08:43:09 AM ET,0.0,1,,P4_BURST,NORMAL
AMBO,3.68,3.68,10,0.0,0.0,FLOOR_BREACH,08:43:09 AM ET,08:43:09 AM ET,1.36,2,,P4_BURST,NORMAL
AMBO,3.48,3.49,10,0.1,0.29,STOCHK_TIER1,08:43:09 AM ET,08:43:09 AM ET,0.57,1,,P4_BURST,NORMAL
CGTL,1.65,1.64,10,-0.1,-0.61,STOCHK_TIER1,08:43:11 AM ET,08:43:11 AM ET,0.0,1,,P4_BURST,NORMAL
CLIK,4.09,4.3897,3,2.37,5.79,FLOOR_BREACH,08:43:11 AM ET,08:43:11 AM ET,9.54,3,FAST4,P4_BURST,NORMAL
CLIK,4.67,4.59995,10,-0.7,-1.5,HARD_STOP,08:43:11 AM ET,08:43:11 AM ET,0.64,1,,P4_BURST,NORMAL
CLIK,5.095,5.018574999999999,10,-0.76,-1.5,HARD_STOP,08:43:11 AM ET,08:43:11 AM ET,0.0,1,,P4_BURST,NORMAL
CLIK,4.53,4.4620500000000005,10,-0.68,-1.5,HARD_STOP,08:43:11 AM ET,08:43:11 AM ET,0.22,1,,P4_BURST,NORMAL
CLIK,4.6092,4.540062000000001,10,-0.69,-1.5,HARD_STOP,08:43:11 AM ET,08:43:11 AM ET,0.89,1,,P4_BURST,NORMAL
CLIK,4.19,4.1802,10,-0.1,-0.23,FLOOR_BREACH,08:43:11 AM ET,08:43:11 AM ET,1.26,2,,P4_BURST,NORMAL
CLIK,4.1498,4.1,10,-0.5,-1.2,STOCHK_TIER1,08:43:11 AM ET,08:43:11 AM ET,0.0,1,,P4_BURST,NORMAL
CLIK,4.07,4.0302,10,-0.4,-0.98,STOCHK_TIER1,08:43:11 AM ET,08:43:11 AM ET,0.25,1,,P4_BURST,NORMAL
CLIK,4.0194,3.959109,10,-0.6,-1.5,HARD_STOP,08:43:11 AM ET,08:43:11 AM ET,0.0,1,,P4_BURST,NORMAL
CLIK,3.59,3.5798,10,-0.1,-0.28,STOCHK_TIER1,08:43:11 AM ET,08:43:11 AM ET,0.56,1,,P4_BURST,NORMAL
CLIK,3.7065,3.6509025,10,-0.56,-1.5,HARD_STOP,08:43:11 AM ET,08:43:11 AM ET,0.0,1,,P4_BURST,NORMAL
CLIK,3.39,3.3487,10,-0.41,-1.22,STOCHK_TIER1,08:43:11 AM ET,08:43:11 AM ET,0.0,1,,P4_BURST,NORMAL
CLIK,3.2401,3.1914985,5,0.11,0.33,HARD_STOP,08:43:12 AM ET,08:43:12 AM ET,2.16,2,PCT2,P4_BURST,NORMAL
CLIK,3.18,3.1323000000000003,10,-0.48,-1.5,HARD_STOP,08:43:12 AM ET,08:43:12 AM ET,0.0,1,,P4_BURST,NORMAL
CLIK,2.76,2.7186,10,-0.41,-1.5,HARD_STOP,08:43:12 AM ET,08:43:12 AM ET,1.82,2,,P4_BURST,NORMAL
CLIK,2.7599,2.7185015,10,-0.41,-1.5,HARD_STOP,08:43:12 AM ET,08:43:12 AM ET,0.0,1,,P4_BURST,NORMAL
CLIK,2.66,2.6201000000000003,10,-0.4,-1.5,HARD_STOP,08:43:12 AM ET,08:43:12 AM ET,0.0,1,,P4_BURST,NORMAL
CLIK,2.45,2.4497,10,-0.0,-0.01,FLOOR_BREACH,08:43:12 AM ET,08:43:12 AM ET,1.22,2,,P4_BURST,NORMAL
CLIK,1.9497,1.9204545,10,-0.29,-1.5,HARD_STOP,08:43:13 AM ET,08:43:13 AM ET,0.0,1,,P4_BURST,NORMAL
CLIK,1.9207,2.005,4,0.72,3.76,FLOOR_BREACH,08:43:13 AM ET,08:43:13 AM ET,6.21,3,"PCT2,PCT4_AFTER2",P4_BURST,NORMAL
CLIK,2.1811,2.1483835,10,-0.33,-1.5,HARD_STOP,08:43:13 AM ET,08:43:13 AM ET,1.78,2,,P4_BURST,NORMAL
CLIK,2.17,2.13745,10,-0.33,-1.5,HARD_STOP,08:43:13 AM ET,08:43:13 AM ET,0.0,1,,P4_BURST,NORMAL
CLIK,2.03,2.07,5,0.43,2.09,STOCHK_TIER2,08:43:13 AM ET,08:43:14 AM ET,2.46,2,PCT2,P4_BURST,NORMAL
CLIK,2.08,2.0701,10,-0.1,-0.48,STOCHK_TIER1,08:43:14 AM ET,08:43:14 AM ET,0.0,1,,P4_BURST,NORMAL
CLIK,2.1298,2.1501,10,0.2,0.95,MACD_BEAR_T2,08:43:14 AM ET,08:43:14 AM ET,1.41,2,,P4_BURST,NORMAL
CLIK,2.1391,2.1602,10,0.21,0.99,STOCHK_TIER2,08:43:14 AM ET,08:43:15 AM ET,1.92,2,,P4_BURST,NORMAL
CLIK,2.165,2.16,10,-0.05,-0.23,STOCHK_TIER1,08:43:15 AM ET,08:43:15 AM ET,0.23,1,,P4_BURST,NORMAL
CLIK,2.17,2.175,10,0.05,0.23,STOCHK_TIER2,08:43:15 AM ET,08:43:15 AM ET,1.38,2,,P4_BURST,NORMAL
CLIK,2.27,2.27,10,0.0,0.0,STOCHK_TIER1,08:43:15 AM ET,08:43:15 AM ET,0.43,1,,P4_BURST,NORMAL
CLIK,2.33,2.305,10,-0.25,-1.07,STOCHK_TIER1,08:43:15 AM ET,08:43:15 AM ET,0.0,1,,P4_BURST,NORMAL
CLIK,2.32,2.31,10,-0.1,-0.43,STOCHK_TIER1,08:43:16 AM ET,08:43:16 AM ET,0.0,1,,P4_BURST,NORMAL
CLIK,2.35,2.34,10,-0.1,-0.43,STOCHK_TIER1,08:43:16 AM ET,08:43:16 AM ET,0.0,1,,P4_BURST,NORMAL
CLIK,2.39,2.4188,5,0.44,1.86,MACD_BEAR_T2,08:43:17 AM ET,08:43:17 AM ET,2.51,2,PCT2,P4_BURST,NORMAL
CLIK,2.39,2.37,10,-0.2,-0.84,STOCHK_TIER1,08:43:17 AM ET,08:43:17 AM ET,0.0,1,,P4_BURST,NORMAL
CLIK,2.36,2.34,10,-0.2,-0.85,STOCHK_TIER1,08:43:17 AM ET,08:43:17 AM ET,0.0,1,,P4_BURST,NORMAL
CLIK,2.395,2.359075,10,-0.36,-1.5,HARD_STOP,08:43:18 AM ET,08:43:18 AM ET,0.0,1,,P4_BURST,NORMAL
CLIK,2.46,2.45,10,-0.1,-0.41,FLOOR_BREACH,08:43:19 AM ET,08:43:19 AM ET,1.09,2,,P4_BURST,NORMAL
CLIK,2.24,2.2064000000000004,10,-0.34,-1.5,HARD_STOP,08:43:20 AM ET,08:43:20 AM ET,0.22,1,,P4_BURST,NORMAL
CLIK,2.27,2.27,10,0.0,0.0,EOD_CLOSE,08:43:20 AM ET,08:43:20 AM ET,0.0,1,,P4_BURST,NORMAL
CRCD,3.25,3.20125,10,-0.49,-1.5,HARD_STOP,08:43:20 AM ET,08:43:20 AM ET,0.0,1,,P4_BURST,NORMAL
CRCD,3.11,3.2,4,0.85,2.74,FLOOR_BREACH,08:43:20 AM ET,08:43:20 AM ET,4.5,3,"PCT2,PCT4_AFTER2",P4_BURST,NORMAL
CRCD,3.16,3.15,10,-0.1,-0.32,STOCHK_TIER1,08:43:20 AM ET,08:43:20 AM ET,0.95,1,,P4_BURST,NORMAL
CRCD,3.0,2.99,10,-0.1,-0.33,STOCHK_TIER1,08:43:20 AM ET,08:43:20 AM ET,1.0,1,,P4_BURST,NORMAL
CRCD,3.0341,3.02,10,-0.14,-0.46,STOCHK_TIER1,08:43:21 AM ET,08:43:21 AM ET,0.0,1,,P4_BURST,NORMAL
HPAI,1.47,1.45,10,-0.2,-1.36,STOCHK_TIER1,08:43:21 AM ET,08:43:21 AM ET,0.0,1,,P4_BURST,NORMAL
HPAI,1.395,1.4,5,0.2,1.43,FLOOR_BREACH,08:43:21 AM ET,08:43:21 AM ET,2.51,2,PCT2,P4_BURST,NORMAL
HPAI,1.4,1.405,5,0.17,1.25,FLOOR_BREACH,08:43:21 AM ET,08:43:21 AM ET,2.14,2,PCT2,P4_BURST,NORMAL
HPAI,1.41,1.4,10,-0.1,-0.71,STOCHK_TIER1,08:43:21 AM ET,08:43:21 AM ET,0.0,1,,P4_BURST,NORMAL
HPAI,1.4,1.4,10,0.0,0.0,STOCHK_TIER1,08:43:22 AM ET,08:43:22 AM ET,0.71,1,,P4_BURST,NORMAL
HPAI,1.3702,1.35,10,-0.2,-1.47,STOCHK_TIER1,08:43:22 AM ET,08:43:22 AM ET,0.72,1,,P4_BURST,NORMAL
HPAI,1.3088,1.3,10,-0.09,-0.67,FLOOR_BREACH,08:43:22 AM ET,08:43:22 AM ET,1.62,2,,P4_BURST,NORMAL
HPAI,1.3,1.2805,10,-0.2,-1.5,HARD_STOP,08:43:22 AM ET,08:43:22 AM ET,0.92,1,,P4_BURST,NORMAL
HPAI,1.27,1.27,10,0.0,0.0,FLOOR_BREACH,08:43:22 AM ET,08:43:22 AM ET,1.57,2,,P4_BURST,NORMAL
HPAI,1.31,1.29035,10,-0.2,-1.5,HARD_STOP,08:43:23 AM ET,08:43:23 AM ET,0.0,1,,P4_BURST,NORMAL
HPAI,1.2999,1.325,4,0.41,3.12,FLOOR_BREACH,08:43:23 AM ET,08:43:23 AM ET,4.62,3,"PCT2,PCT4_AFTER2",P4_BURST,NORMAL
HPAI,1.355,1.355,10,0.0,0.0,FLOOR_BREACH,08:43:23 AM ET,08:43:23 AM ET,1.85,2,,P4_BURST,NORMAL
HPAI,1.335,1.33,10,-0.05,-0.37,FLOOR_BREACH,08:43:23 AM ET,08:43:23 AM ET,1.18,2,,P4_BURST,NORMAL
HPAI,1.35,1.32975,10,-0.2,-1.5,HARD_STOP,08:43:23 AM ET,08:43:23 AM ET,0.0,1,,P4_BURST,NORMAL
HPAI,1.2799,1.2607015,10,-0.19,-1.5,HARD_STOP,08:43:24 AM ET,08:43:24 AM ET,0.0,1,,P4_BURST,NORMAL
HPAI,1.32,1.31,10,-0.1,-0.76,STOCHK_TIER1,08:43:24 AM ET,08:43:24 AM ET,0.01,1,,P4_BURST,NORMAL
HPAI,1.33,1.325,10,-0.05,-0.38,FLOOR_BREACH,08:43:24 AM ET,08:43:24 AM ET,1.36,2,,P4_BURST,NORMAL
HPAI,1.3097,1.3002,10,-0.1,-0.73,STOCHK_TIER1,08:43:25 AM ET,08:43:25 AM ET,0.02,1,,P4_BURST,NORMAL
HPAI,1.31,1.29035,10,-0.2,-1.5,HARD_STOP,08:43:25 AM ET,08:43:25 AM ET,0.38,1,,P4_BURST,NORMAL
HPAI,1.2899,1.3301,4,0.37,2.84,FLOOR_BREACH,08:43:25 AM ET,08:43:26 AM ET,4.65,3,"PCT2,PCT4_AFTER2",P4_BURST,NORMAL
HPAI,1.335,1.3324,10,-0.03,-0.19,STOCHK_TIER1,08:43:26 AM ET,08:43:26 AM ET,0.37,1,,P4_BURST,NORMAL
HPAI,1.3799,1.3592015,10,-0.21,-1.5,HARD_STOP,08:43:27 AM ET,08:43:27 AM ET,0.0,1,,P4_BURST,NORMAL
HPAI,1.355,1.3502,10,-0.05,-0.35,STOCHK_TIER1,08:43:27 AM ET,08:43:27 AM ET,0.0,1,,P4_BURST,NORMAL
HPAI,1.36,1.35,10,-0.1,-0.74,STOCHK_TIER1,08:43:27 AM ET,08:43:27 AM ET,0.0,1,,P4_BURST,NORMAL
HPAI,1.34,1.3366,10,-0.03,-0.25,STOCHK_TIER1,08:43:28 AM ET,08:43:28 AM ET,0.75,1,,P4_BURST,NORMAL
HPAI,1.35,1.3403,10,-0.1,-0.72,STOCHK_TIER1,08:43:28 AM ET,08:43:28 AM ET,0.0,1,,P4_BURST,NORMAL
SOBR,2.07,2.03895,10,-0.31,-1.5,HARD_STOP,08:43:29 AM ET,08:43:29 AM ET,0.0,1,,P4_BURST,NORMAL
SOBR,2.27,2.23595,10,-0.34,-1.5,HARD_STOP,08:43:29 AM ET,08:43:29 AM ET,0.0,1,,P4_BURST,NORMAL
HPAI,1.35,1.3701,5,0.25,1.86,STOCHK_TIER2,08:43:29 AM ET,08:43:29 AM ET,2.22,2,PCT2,P4_BURST,NORMAL
HPAI,1.375,1.37,10,-0.05,-0.36,STOCHK_TIER1,08:43:29 AM ET,08:43:29 AM ET,0.0,1,,P4_BURST,NORMAL
HPAI,1.3836,1.385,10,0.01,0.1,MACD_BEAR_T1,08:43:30 AM ET,08:43:30 AM ET,0.46,1,,P4_BURST,NORMAL
HPAI,1.4,1.405,5,0.22,1.6,FLOOR_BREACH,08:43:30 AM ET,08:43:30 AM ET,2.84,2,PCT2,P4_BURST,NORMAL
HPAI,1.382,1.3703,10,-0.12,-0.85,STOCHK_TIER1,08:43:30 AM ET,08:43:30 AM ET,0.58,1,,P4_BURST,NORMAL
HPAI,1.4,1.38,10,-0.2,-1.43,STOCHK_TIER1,08:43:31 AM ET,08:43:31 AM ET,0.0,1,,P4_BURST,NORMAL
HPAI,1.398,1.3911,10,-0.07,-0.49,STOCHK_TIER1,08:43:31 AM ET,08:43:31 AM ET,0.0,1,,P4_BURST,NORMAL
HPAI,1.43,1.40855,10,-0.21,-1.5,HARD_STOP,08:43:31 AM ET,08:43:31 AM ET,0.69,1,,P4_BURST,NORMAL
HPAI,1.42,1.4113,10,-0.09,-0.61,STOCHK_TIER1,08:43:31 AM ET,08:43:31 AM ET,0.0,1,,P4_BURST,NORMAL
HPAI,1.425,1.4218,10,-0.03,-0.22,STOCHK_TIER1,08:43:32 AM ET,08:43:32 AM ET,0.35,1,,P4_BURST,NORMAL
HPAI,1.435,1.495,4,0.46,3.19,FLOOR_BREACH,08:43:32 AM ET,08:43:32 AM ET,5.85,3,"PCT2,PCT4_AFTER2",P4_BURST,NORMAL
HPAI,1.52,1.51,10,-0.1,-0.66,MACD_BEAR_T1,08:43:32 AM ET,08:43:32 AM ET,0.0,1,,P4_BURST,NORMAL
HPAI,1.525,1.502125,10,-0.23,-1.5,HARD_STOP,08:43:33 AM ET,08:43:33 AM ET,1.64,2,,P4_BURST,NORMAL
SST,3.8,3.743,10,-0.57,-1.5,HARD_STOP,08:43:33 AM ET,08:43:33 AM ET,0.0,1,,P4_BURST,NORMAL
HPAI,1.5,1.4918,10,-0.08,-0.55,STOCHK_TIER1,08:43:33 AM ET,08:43:33 AM ET,0.67,1,,P4_BURST,NORMAL
HPAI,1.48,1.48,10,0.0,0.0,FLOOR_BREACH,08:43:33 AM ET,08:43:34 AM ET,1.35,2,,P4_BURST,NORMAL
HPAI,1.4401,1.4208,10,-0.19,-1.34,STOCHK_TIER1,08:43:34 AM ET,08:43:34 AM ET,0.34,1,,P4_BURST,NORMAL
HPAI,1.33,1.3100500000000002,5,0.15,1.13,HARD_STOP,08:43:34 AM ET,08:43:34 AM ET,6.02,3,PCT2,P4_BURST,NORMAL
HPAI,1.4,1.379,10,-0.21,-1.5,HARD_STOP,08:43:35 AM ET,08:43:35 AM ET,0.0,1,,P4_BURST,NORMAL
STAK,1.5799,1.6501,3,0.7,4.44,FLOOR_BREACH,08:43:35 AM ET,08:43:35 AM ET,6.27,3,FAST4,P4_BURST,NORMAL
HPAI,1.43,1.46,4,0.38,2.66,FLOOR_BREACH,08:43:35 AM ET,08:43:35 AM ET,4.2,3,"PCT2,PCT4_AFTER2",P4_BURST,NORMAL
HPAI,1.48,1.47,10,-0.1,-0.68,STOCHK_TIER1,08:43:35 AM ET,08:43:35 AM ET,0.0,1,,P4_BURST,NORMAL
STAK,1.97,2.03,4,0.6,3.05,FLOOR_BREACH,08:43:35 AM ET,08:43:35 AM ET,5.58,3,"PCT2,PCT4_AFTER2",P4_BURST,NORMAL
HPAI,1.4693,1.46,10,-0.09,-0.63,STOCHK_TIER1,08:43:36 AM ET,08:43:36 AM ET,0.0,1,,P4_BURST,NORMAL
HPAI,1.39,1.38,10,-0.1,-0.72,STOCHK_TIER1,08:43:36 AM ET,08:43:36 AM ET,0.0,1,,P4_BURST,NORMAL
HPAI,1.38,1.36,10,-0.2,-1.45,STOCHK_TIER1,08:43:37 AM ET,08:43:37 AM ET,0.0,1,,P4_BURST,NORMAL
HPAI,1.4094,1.388259,5,0.1,0.69,HARD_STOP,08:43:37 AM ET,08:43:38 AM ET,2.88,2,PCT2,P4_BURST,NORMAL
HPAI,1.4,1.39,10,-0.1,-0.71,STOCHK_TIER1,08:43:38 AM ET,08:43:38 AM ET,0.71,1,,P4_BURST,NORMAL
HPAI,1.4,1.39,10,-0.1,-0.71,STOCHK_TIER1,08:43:38 AM ET,08:43:38 AM ET,0.0,1,,P4_BURST,NORMAL
TDIC,1.66,1.655,10,-0.05,-0.3,STOCHK_TIER1,08:43:41 AM ET,08:43:41 AM ET,0.6,1,,P4_BURST,NORMAL
TDIC,1.7201,1.87,4,0.91,5.28,FLOOR_BREACH,08:43:41 AM ET,08:43:41 AM ET,17.73,3,"PCT2,PCT4_AFTER2",P4_BURST,NORMAL
TDIC,1.6601,1.7601,3,1.24,7.5,FLOOR_BREACH,08:43:42 AM ET,08:43:42 AM ET,10.84,3,FAST4,P4_BURST,NORMAL
HTCO,6.9,7.32,4,3.22,4.67,FLOOR_BREACH,08:43:43 AM ET,08:43:43 AM ET,8.12,3,"PCT2,PCT4_AFTER2",P4_BURST,NORMAL
HTCO,7.4,7.395,10,-0.05,-0.07,FLOOR_BREACH,08:43:43 AM ET,08:43:43 AM ET,1.22,2,,P4_BURST,NORMAL
HTCO,6.6497,6.5499545,10,-1.0,-1.5,HARD_STOP,08:43:43 AM ET,08:43:43 AM ET,0.0,1,,P4_BURST,NORMAL
HTCO,6.6,6.61,10,0.1,0.15,STOCHK_TIER2,08:43:43 AM ET,08:43:43 AM ET,1.82,2,,P4_BURST,NORMAL
INBS,3.12,3.175,4,0.85,2.72,FLOOR_BREACH,08:43:43 AM ET,08:43:43 AM ET,4.17,3,"PCT2,PCT4_AFTER2",P4_BURST,NORMAL
IONZ,3.6799,3.66,10,-0.2,-0.54,STOCHK_TIER1,08:43:43 AM ET,08:43:43 AM ET,0.0,1,,P4_BURST,NORMAL
IONZ,3.485,3.4601,10,-0.25,-0.71,STOCHK_TIER1,08:43:43 AM ET,08:43:43 AM ET,0.0,1,,P4_BURST,NORMAL
IONZ,3.52,3.53,10,0.1,0.28,STOCHK_TIER2,08:43:43 AM ET,08:43:43 AM ET,1.85,2,,P4_BURST,NORMAL
IONZ,3.49,3.57,5,0.8,2.29,MACD_BEAR_T3,08:43:43 AM ET,08:43:43 AM ET,3.72,3,PCT2,P4_BURST,NORMAL
IONZ,3.5379,3.485,10,-0.53,-1.5,STOCHK_TIER1,08:43:43 AM ET,08:43:43 AM ET,0.0,1,,P4_BURST,NORMAL
IONZ,3.505,3.565,5,0.72,2.04,EOD_CLOSE,08:43:43 AM ET,08:43:43 AM ET,2.38,2,PCT2,P4_BURST,NORMAL
IREZ,7.82,7.7695,10,-0.51,-0.65,STOCHK_TIER1,08:43:43 AM ET,08:43:43 AM ET,0.0,1,,P4_BURST,NORMAL
IREZ,7.87,7.96,5,1.3,1.65,STOCHK_TIER2,08:43:43 AM ET,08:43:43 AM ET,2.24,2,PCT2,P4_BURST,NORMAL
IREZ,7.99,8.0295,10,0.4,0.49,STOCHK_TIER2,08:43:43 AM ET,08:43:43 AM ET,1.19,2,,P4_BURST,NORMAL
IREZ,8.289,8.18,10,-1.09,-1.31,STOCHK_TIER1,08:43:43 AM ET,08:43:43 AM ET,0.0,1,,P4_BURST,NORMAL
TDIC,1.7699,1.7433515,10,-0.27,-1.5,HARD_STOP,08:43:43 AM ET,08:43:43 AM ET,0.0,1,,P4_BURST,NORMAL
IREZ,8.13,8.13,10,0.0,0.0,STOCHK_TIER1,08:43:44 AM ET,08:43:44 AM ET,0.26,1,,P4_BURST,NORMAL
IREZ,8.2284,8.169,10,-0.59,-0.72,STOCHK_TIER1,08:43:44 AM ET,08:43:44 AM ET,0.0,1,,P4_BURST,NORMAL
IREZ,8.09,8.07,10,-0.2,-0.25,STOCHK_TIER1,08:43:44 AM ET,08:43:44 AM ET,0.5,1,,P4_BURST,NORMAL
IREZ,8.0762,8.041,10,-0.35,-0.44,STOCHK_TIER1,08:43:44 AM ET,08:43:44 AM ET,0.05,1,,P4_BURST,NORMAL
IREZ,8.121,8.1201,10,-0.01,-0.01,STOCHK_TIER1,08:43:44 AM ET,08:43:44 AM ET,0.48,1,,P4_BURST,NORMAL
IREZ,8.2295,8.21,10,-0.19,-0.24,STOCHK_TIER1,08:43:44 AM ET,08:43:44 AM ET,0.24,1,,P4_BURST,NORMAL
IREZ,8.24,8.225,10,-0.15,-0.18,STOCHK_TIER1,08:43:44 AM ET,08:43:44 AM ET,0.36,1,,P4_BURST,NORMAL
TDIC,2.035,2.0044750000000002,10,-0.31,-1.5,HARD_STOP,08:43:44 AM ET,08:43:44 AM ET,0.74,1,,P4_BURST,NORMAL
IREZ,8.1301,8.08,10,-0.5,-0.62,STOCHK_TIER1,08:43:44 AM ET,08:43:44 AM ET,0.0,1,,P4_BURST,NORMAL
IREZ,8.15,8.6532,4,3.39,4.16,FLOOR_BREACH,08:43:44 AM ET,08:43:44 AM ET,7.85,3,"PCT2,PCT4_AFTER2",P4_BURST,NORMAL
IREZ,8.2386,8.23,10,-0.09,-0.1,FLOOR_BREACH,08:43:44 AM ET,08:43:44 AM ET,1.23,2,,P4_BURST,NORMAL
JZXN,1.04,1.04,10,0.0,0.0,FLOOR_BREACH,08:43:44 AM ET,08:43:44 AM ET,1.92,2,,P4_BURST,NORMAL
JZXN,1.14,1.21,4,0.61,5.35,FLOOR_BREACH,08:43:44 AM ET,08:43:44 AM ET,11.4,3,"PCT2,PCT4_AFTER2",P4_BURST,NORMAL
TDIC,2.1336,2.101596,10,-0.32,-1.5,HARD_STOP,08:43:44 AM ET,08:43:44 AM ET,0.0,1,,P4_BURST,NORMAL
JZXN,1.318,1.5079,3,1.49,11.31,FLOOR_BREACH,08:43:44 AM ET,08:43:44 AM ET,16.08,3,FAST4,P4_BURST,NORMAL
JZXN,1.65,1.6252499999999999,10,-0.25,-1.5,HARD_STOP,08:43:44 AM ET,08:43:44 AM ET,0.0,1,,P4_BURST,NORMAL
JZXN,1.29,1.27065,5,0.06,0.43,HARD_STOP,08:43:44 AM ET,08:43:44 AM ET,2.36,2,PCT2,P4_BURST,NORMAL
JZXN,1.365,1.344525,10,-0.2,-1.5,HARD_STOP,08:43:44 AM ET,08:43:44 AM ET,0.0,1,,P4_BURST,NORMAL
JZXN,1.3399,1.3198015,10,-0.2,-1.5,HARD_STOP,08:43:44 AM ET,08:43:44 AM ET,0.0,1,,P4_BURST,NORMAL
JZXN,1.48,1.4578,10,-0.22,-1.5,HARD_STOP,08:43:44 AM ET,08:43:44 AM ET,0.66,1,,P4_BURST,NORMAL
JZXN,1.55,1.52675,10,-0.23,-1.5,HARD_STOP,08:43:44 AM ET,08:43:44 AM ET,0.0,1,,P4_BURST,NORMAL
JZXN,1.465,1.51,4,0.43,2.94,FLOOR_BREACH,08:43:45 AM ET,08:43:45 AM ET,5.13,3,"PCT2,PCT4_AFTER2",P4_BURST,NORMAL
JZXN,1.5199,1.4971015,10,-0.23,-1.5,HARD_STOP,08:43:45 AM ET,08:43:45 AM ET,0.0,1,,P4_BURST,NORMAL
JZXN,1.68,1.8212,4,1.03,6.15,FLOOR_BREACH,08:43:45 AM ET,08:43:45 AM ET,10.05,3,"PCT2,PCT4_AFTER2",P4_BURST,NORMAL
JZXN,1.55,1.5601,5,0.25,1.62,FLOOR_BREACH,08:43:45 AM ET,08:43:45 AM ET,3.22,3,PCT2,P4_BURST,NORMAL
JZXN,1.62,1.5957000000000001,10,-0.24,-1.5,HARD_STOP,08:43:45 AM ET,08:43:45 AM ET,0.0,1,,P4_BURST,NORMAL
JZXN,1.615,1.590775,10,-0.24,-1.5,HARD_STOP,08:43:45 AM ET,08:43:45 AM ET,0.0,1,,P4_BURST,NORMAL
JZXN,1.56,1.5366,10,-0.23,-1.5,HARD_STOP,08:43:45 AM ET,08:43:45 AM ET,0.0,1,,P4_BURST,NORMAL
JZXN,1.54,1.52,10,-0.2,-1.3,MACD_BEAR_T1,08:43:45 AM ET,08:43:45 AM ET,0.0,1,,P4_BURST,NORMAL
JZXN,1.5492,1.5259619999999998,10,-0.23,-1.5,HARD_STOP,08:43:45 AM ET,08:43:45 AM ET,0.0,1,,P4_BURST,NORMAL
JZXN,1.3999,1.405,10,0.05,0.36,STOCHK_TIER2,08:43:45 AM ET,08:43:45 AM ET,1.44,2,,P4_BURST,NORMAL
JZXN,1.42,1.4101,10,-0.1,-0.7,STOCHK_TIER1,08:43:45 AM ET,08:43:45 AM ET,0.0,1,,P4_BURST,NORMAL
JZXN,1.385,1.41,4,0.39,2.82,FLOOR_BREACH,08:43:46 AM ET,08:43:46 AM ET,4.69,3,"PCT2,PCT4_AFTER2",P4_BURST,NORMAL
JZXN,1.43,1.4301,10,0.0,0.01,STOCHK_TIER2,08:43:46 AM ET,08:43:46 AM ET,1.4,2,,P4_BURST,NORMAL
JZXN,1.4,1.4101,5,0.2,1.41,STOCHK_TIER2,08:43:46 AM ET,08:43:46 AM ET,2.11,2,PCT2,P4_BURST,NORMAL
JZXN,1.41,1.51,4,0.62,4.39,FLOOR_BREACH,08:43:46 AM ET,08:43:46 AM ET,9.22,3,"PCT2,PCT4_AFTER2",P4_BURST,NORMAL
JZXN,1.495,1.48,10,-0.15,-1.0,STOCHK_TIER1,08:43:46 AM ET,08:43:46 AM ET,0.33,1,,P4_BURST,NORMAL
JZXN,1.46,1.45,10,-0.1,-0.68,STOCHK_TIER1,08:43:47 AM ET,08:43:47 AM ET,0.0,1,,P4_BURST,NORMAL
JZXN,1.455,1.44,10,-0.15,-1.03,MACD_BEAR_T1,08:43:47 AM ET,08:43:47 AM ET,0.0,1,,P4_BURST,NORMAL
JZXN,1.43,1.42,10,-0.1,-0.7,MACD_BEAR_T1,08:43:47 AM ET,08:43:47 AM ET,0.0,1,,P4_BURST,NORMAL
MASK,2.26,2.28,10,0.2,0.88,STOCHK_TIER2,08:43:47 AM ET,08:43:47 AM ET,1.77,2,,P4_BURST,NORMAL
MASK,2.2854,2.251119,10,-0.34,-1.5,HARD_STOP,08:43:47 AM ET,08:43:47 AM ET,0.0,1,,P4_BURST,NORMAL
MASK,2.1,2.09,10,-0.1,-0.48,EOD_CLOSE,08:43:47 AM ET,08:43:47 AM ET,0.0,1,,P4_BURST,NORMAL
MNTS,6.25,6.26,10,0.1,0.16,STOCHK_TIER1,08:43:48 AM ET,08:43:48 AM ET,0.64,1,,P4_BURST,NORMAL
MNTS,5.8732,5.785101999999999,10,-0.88,-1.5,HARD_STOP,08:43:48 AM ET,08:43:48 AM ET,0.0,1,,P4_BURST,NORMAL
MNTS,6.0595,5.9686075,10,-0.91,-1.5,HARD_STOP,08:43:48 AM ET,08:43:48 AM ET,0.04,1,,P4_BURST,NORMAL
NBIZ,2.29,2.2601,10,-0.3,-1.31,STOCHK_TIER1,08:43:48 AM ET,08:43:48 AM ET,0.0,1,,P4_BURST,NORMAL
TDIC,2.17,2.13745,10,-0.33,-1.5,HARD_STOP,08:43:48 AM ET,08:43:48 AM ET,0.0,1,,P4_BURST,NORMAL
NBIZ,2.21,2.19,10,-0.2,-0.9,STOCHK_TIER1,08:43:48 AM ET,08:43:48 AM ET,0.0,1,,P4_BURST,NORMAL
NBIZ,2.2101,2.2,10,-0.1,-0.46,STOCHK_TIER1,08:43:48 AM ET,08:43:48 AM ET,0.01,1,,P4_BURST,NORMAL
NBIZ,2.23,2.22,10,-0.1,-0.45,STOCHK_TIER1,08:43:48 AM ET,08:43:48 AM ET,0.22,1,,P4_BURST,NORMAL
NBIZ,2.215,2.21,10,-0.05,-0.23,STOCHK_TIER1,08:43:48 AM ET,08:43:48 AM ET,0.23,1,,P4_BURST,NORMAL
ODYS,9.5,9.37,5,0.75,0.79,FLOOR_BREACH,08:43:48 AM ET,08:43:48 AM ET,2.95,2,PCT2,P4_BURST,NORMAL
ODYS,9.2,9.54,4,3.3,3.59,FLOOR_BREACH,08:43:48 AM ET,08:43:48 AM ET,7.17,3,"PCT2,PCT4_AFTER2",P4_BURST,NORMAL
ODYS,10.81,10.64785,10,-1.62,-1.5,HARD_STOP,08:43:48 AM ET,08:43:48 AM ET,0.0,1,,P4_BURST,NORMAL
ODYS,8.74,8.6089,10,-1.31,-1.5,HARD_STOP,08:43:48 AM ET,08:43:48 AM ET,0.0,1,,P4_BURST,NORMAL
ODYS,8.4999,8.3724015,10,-1.27,-1.5,HARD_STOP,08:43:48 AM ET,08:43:48 AM ET,0.0,1,,P4_BURST,NORMAL
ODYS,8.408,8.28188,10,-1.26,-1.5,HARD_STOP,08:43:48 AM ET,08:43:48 AM ET,1.09,2,,P4_BURST,NORMAL
ODYS,6.75,6.9983,3,4.52,6.7,FLOOR_BREACH,08:43:48 AM ET,08:43:48 AM ET,8.0,3,FAST4,P4_BURST,NORMAL
ODYS,7.48,7.3678,5,0.34,0.45,HARD_STOP,08:43:48 AM ET,08:43:48 AM ET,2.81,2,PCT2,P4_BURST,NORMAL
ODYS,6.68,6.7213,4,1.33,2.0,FLOOR_BREACH,08:43:48 AM ET,08:43:48 AM ET,4.77,3,"PCT2,PCT4_AFTER2",P4_BURST,NORMAL
ODYS,6.7899,6.74,10,-0.5,-0.73,MACD_BEAR_T1,08:43:49 AM ET,08:43:49 AM ET,0.31,1,,P4_BURST,NORMAL
ODYS,6.69,6.67,10,-0.2,-0.3,FLOOR_BREACH,08:43:49 AM ET,08:43:49 AM ET,1.64,2,,P4_BURST,NORMAL
ODYS,6.71,6.60935,10,-1.01,-1.5,HARD_STOP,08:43:49 AM ET,08:43:49 AM ET,0.0,1,,P4_BURST,NORMAL
TDIC,2.25,2.22,10,-0.3,-1.33,STOCHK_TIER1,08:43:49 AM ET,08:43:49 AM ET,0.89,1,,P4_BURST,NORMAL
ODYS,6.16,6.102,10,-0.58,-0.94,FLOOR_BREACH,08:43:49 AM ET,08:43:49 AM ET,1.79,2,,P4_BURST,NORMAL
ODYS,5.98,5.890300000000001,10,-0.9,-1.5,HARD_STOP,08:43:49 AM ET,08:43:49 AM ET,0.0,1,,P4_BURST,NORMAL
ODYS,5.9,5.8115000000000006,10,-0.88,-1.5,HARD_STOP,08:43:50 AM ET,08:43:50 AM ET,0.17,1,,P4_BURST,NORMAL
ODYS,5.595,5.511075,10,-0.84,-1.5,HARD_STOP,08:43:50 AM ET,08:43:50 AM ET,0.0,1,,P4_BURST,NORMAL
ODYS,5.51,5.65,4,1.47,2.66,FLOOR_BREACH,08:43:50 AM ET,08:43:50 AM ET,5.19,3,"PCT2,PCT4_AFTER2",P4_BURST,NORMAL
ODYS,5.63,5.5455499999999995,10,-0.84,-1.5,HARD_STOP,08:43:50 AM ET,08:43:50 AM ET,0.0,1,,P4_BURST,NORMAL
TDIC,2.53,2.49205,10,-0.38,-1.5,HARD_STOP,08:43:50 AM ET,08:43:50 AM ET,0.0,1,,P4_BURST,NORMAL
ODYS,5.45,5.4,10,-0.5,-0.92,STOCHK_TIER1,08:43:50 AM ET,08:43:50 AM ET,0.18,1,,P4_BURST,NORMAL
ODYS,5.18,5.11,10,-0.7,-1.35,STOCHK_TIER1,08:43:51 AM ET,08:43:51 AM ET,0.0,1,,P4_BURST,NORMAL
ODYS,4.89,5.45,4,2.98,6.1,FLOOR_BREACH,08:43:51 AM ET,08:43:51 AM ET,13.09,3,"PCT2,PCT4_AFTER2",P4_BURST,NORMAL
ODYS,5.365,5.284525,10,-0.8,-1.5,HARD_STOP,08:43:51 AM ET,08:43:51 AM ET,0.0,1,,P4_BURST,NORMAL
ODYS,5.38,5.4,10,0.2,0.37,STOCHK_TIER2,08:43:51 AM ET,08:43:51 AM ET,1.49,2,,P4_BURST,NORMAL
ODYS,5.37,5.28945,10,-0.81,-1.5,HARD_STOP,08:43:52 AM ET,08:43:52 AM ET,0.0,1,,P4_BURST,NORMAL
TDIC,2.5099,2.4722515,10,-0.38,-1.5,HARD_STOP,08:43:52 AM ET,08:43:52 AM ET,0.0,1,,P4_BURST,NORMAL
ODYS,5.23,5.24,10,0.1,0.19,STOCHK_TIER2,08:43:52 AM ET,08:43:52 AM ET,1.72,2,,P4_BURST,NORMAL
TDIC,2.6299,2.5904515,10,-0.39,-1.5,HARD_STOP,08:43:52 AM ET,08:43:52 AM ET,1.14,2,,P4_BURST,NORMAL
ODYS,5.0797,5.0035045,10,-0.76,-1.5,HARD_STOP,08:43:52 AM ET,08:43:52 AM ET,0.0,1,,P4_BURST,NORMAL
ODYS,4.9699,4.8953515,10,-0.75,-1.5,HARD_STOP,08:43:53 AM ET,08:43:53 AM ET,0.0,1,,P4_BURST,NORMAL
ODYS,4.8,4.7975,10,-0.02,-0.05,FLOOR_BREACH,08:43:53 AM ET,08:43:53 AM ET,1.15,2,,P4_BURST,NORMAL
ODYS,4.44,4.5509,5,1.1,2.49,EOD_CLOSE,08:43:53 AM ET,08:43:54 AM ET,3.15,3,PCT2,P4_BURST,NORMAL
OXBR,0.8812,0.8679819999999999,10,-0.13,-1.5,HARD_STOP,08:43:54 AM ET,08:43:54 AM ET,0.0,1,,P4_BURST,NORMAL
OXBR,0.91,0.89635,10,-0.14,-1.5,HARD_STOP,08:43:54 AM ET,08:43:54 AM ET,0.0,1,,P4_BURST,NORMAL
OXBR,0.757,0.7655,3,0.33,4.31,FLOOR_BREACH,08:43:54 AM ET,08:43:54 AM ET,5.68,3,FAST4,P4_BURST,NORMAL
PMAX,2.565,2.5599,10,-0.05,-0.2,FLOOR_BREACH,08:43:54 AM ET,08:43:54 AM ET,1.75,2,,P4_BURST,NORMAL
PMAX,2.6,2.58,10,-0.2,-0.77,STOCHK_TIER1,08:43:54 AM ET,08:43:54 AM ET,0.0,1,,P4_BURST,NORMAL
PMAX,3.13,3.08305,10,-0.47,-1.5,HARD_STOP,08:43:54 AM ET,08:43:54 AM ET,0.0,1,,P4_BURST,NORMAL
PMAX,3.11,3.06335,10,-0.47,-1.5,HARD_STOP,08:43:54 AM ET,08:43:54 AM ET,0.0,1,,P4_BURST,NORMAL
PRSO,1.15,1.14,10,-0.1,-0.87,STOCHK_TIER1,08:43:54 AM ET,08:43:54 AM ET,0.0,1,,P4_BURST,NORMAL
PRSO,1.15,1.23,4,0.58,5.04,FLOOR_BREACH,08:43:54 AM ET,08:43:54 AM ET,8.7,3,"PCT2,PCT4_AFTER2",P4_BURST,NORMAL
PRSO,1.16,1.15,10,-0.1,-0.86,STOCHK_TIER1,08:43:54 AM ET,08:43:54 AM ET,0.09,1,,P4_BURST,NORMAL
PRSO,1.19,1.17215,10,-0.18,-1.5,HARD_STOP,08:43:54 AM ET,08:43:54 AM ET,0.0,1,,P4_BURST,NORMAL
PRSO,1.195,1.2,5,0.24,2.05,FLOOR_BREACH,08:43:54 AM ET,08:43:54 AM ET,3.67,3,PCT2,P4_BURST,NORMAL
PRSO,1.24,1.2214,10,-0.19,-1.5,HARD_STOP,08:43:54 AM ET,08:43:54 AM ET,0.81,1,,P4_BURST,NORMAL
PRSO,1.255,1.2501,10,-0.05,-0.39,MACD_BEAR_T1,08:43:54 AM ET,08:43:54 AM ET,0.0,1,,P4_BURST,NORMAL
PRSO,1.235,1.216475,10,-0.19,-1.5,HARD_STOP,08:43:54 AM ET,08:43:54 AM ET,0.0,1,,P4_BURST,NORMAL
PRSO,1.2199,1.2107,10,-0.09,-0.75,STOCHK_TIER1,08:43:54 AM ET,08:43:54 AM ET,0.0,1,,P4_BURST,NORMAL
TDIC,2.39,2.35415,10,-0.36,-1.5,HARD_STOP,08:43:54 AM ET,08:43:54 AM ET,0.0,1,,P4_BURST,NORMAL
PRSO,1.2386,1.23,10,-0.09,-0.69,STOCHK_TIER1,08:43:55 AM ET,08:43:55 AM ET,0.1,1,,P4_BURST,NORMAL
PRSO,1.2599,1.2410015,10,-0.19,-1.5,HARD_STOP,08:43:55 AM ET,08:43:55 AM ET,0.0,1,,P4_BURST,NORMAL
PRSO,1.27,1.25095,10,-0.19,-1.5,HARD_STOP,08:43:55 AM ET,08:43:55 AM ET,0.0,1,,P4_BURST,NORMAL
PRSO,1.2603,1.305,4,0.39,3.13,FLOOR_BREACH,08:43:55 AM ET,08:43:55 AM ET,6.32,3,"PCT2,PCT4_AFTER2",P4_BURST,NORMAL
PRSO,1.33,1.365,4,0.37,2.78,FLOOR_BREACH,08:43:55 AM ET,08:43:55 AM ET,4.14,3,"PCT2,PCT4_AFTER2",P4_BURST,NORMAL
PRSO,1.3392,1.3511,10,0.12,0.89,STOCHK_TIER2,08:43:55 AM ET,08:43:55 AM ET,1.54,2,,P4_BURST,NORMAL
PRSO,1.4295,1.4299,5,0.2,1.43,FLOOR_BREACH,08:43:55 AM ET,08:43:55 AM ET,2.84,2,PCT2,P4_BURST,NORMAL
PRSO,1.4103,1.3891455000000001,10,-0.21,-1.5,HARD_STOP,08:43:55 AM ET,08:43:55 AM ET,1.31,2,,P4_BURST,NORMAL
PRSO,1.379,1.41,4,0.34,2.44,FLOOR_BREACH,08:43:55 AM ET,08:43:55 AM ET,4.06,3,"PCT2,PCT4_AFTER2",P4_BURST,NORMAL
PRSO,1.3898,1.3913,10,0.02,0.11,STOCHK_TIER2,08:43:55 AM ET,08:43:55 AM ET,1.44,2,,P4_BURST,NORMAL
PRSO,1.4,1.3908,10,-0.09,-0.66,STOCHK_TIER1,08:43:55 AM ET,08:43:56 AM ET,0.0,1,,P4_BURST,NORMAL
PRSO,1.435,1.44,5,0.17,1.22,FLOOR_BREACH,08:43:56 AM ET,08:43:56 AM ET,2.3,2,PCT2,P4_BURST,NORMAL
TDIC,2.6,2.561,10,-0.39,-1.5,HARD_STOP,08:43:56 AM ET,08:43:56 AM ET,0.0,1,,P4_BURST,NORMAL
PRSO,1.4989,1.4764164999999998,10,-0.22,-1.5,HARD_STOP,08:43:56 AM ET,08:43:56 AM ET,0.0,1,,P4_BURST,NORMAL
PRSO,1.48,1.52,3,0.59,4.01,FLOOR_BREACH,08:43:56 AM ET,08:43:56 AM ET,4.57,3,FAST4,P4_BURST,NORMAL
PRSO,1.515,1.535,5,0.28,1.82,FLOOR_BREACH,08:43:56 AM ET,08:43:56 AM ET,3.64,3,PCT2,P4_BURST,NORMAL
PRSO,1.5393,1.5162105,10,-0.23,-1.5,HARD_STOP,08:43:56 AM ET,08:43:56 AM ET,0.0,1,,P4_BURST,NORMAL
TDIC,3.5297,3.5992,5,0.75,2.13,MACD_BEAR_T2,08:43:56 AM ET,08:43:56 AM ET,2.84,2,PCT2,P4_BURST,NORMAL
PRSO,1.509,1.5012,10,-0.08,-0.52,STOCHK_TIER1,08:43:56 AM ET,08:43:56 AM ET,0.0,1,,P4_BURST,NORMAL
PRSO,1.4501,1.4701,5,0.25,1.72,STOCHK_TIER2,08:43:56 AM ET,08:43:57 AM ET,2.06,2,PCT2,P4_BURST,NORMAL
PRSO,1.4799,1.47,10,-0.1,-0.67,MACD_BEAR_T1,08:43:57 AM ET,08:43:57 AM ET,0.0,1,,P4_BURST,NORMAL
RGTZ,9.3501,9.27,10,-0.8,-0.86,STOCHK_TIER1,08:43:57 AM ET,08:43:57 AM ET,0.0,1,,P4_BURST,NORMAL
RGTZ,9.17,9.17,10,0.0,0.0,STOCHK_TIER1,08:43:57 AM ET,08:43:57 AM ET,0.54,1,,P4_BURST,NORMAL
RKLZ,3.115,3.0682750000000003,10,-0.47,-1.5,HARD_STOP,08:43:57 AM ET,08:43:57 AM ET,0.0,1,,P4_BURST,NORMAL
RKLZ,3.035,3.03,10,-0.05,-0.16,EOD_CLOSE,08:43:57 AM ET,08:43:57 AM ET,0.0,1,,P4_BURST,NORMAL
VEEE,7.8,7.683,10,-1.17,-1.5,HARD_STOP,08:43:57 AM ET,08:43:57 AM ET,0.0,1,,P4_BURST,NORMAL
VEEE,7.715,7.68,10,-0.35,-0.45,MACD_BEAR_T1,08:43:57 AM ET,08:43:57 AM ET,0.19,1,,P4_BURST,NORMAL
VEEE,7.8,7.7814,10,-0.19,-0.24,STOCHK_TIER1,08:43:57 AM ET,08:43:57 AM ET,0.0,1,,P4_BURST,NORMAL
VEEE,7.78,7.72,10,-0.6,-0.77,STOCHK_TIER1,08:43:57 AM ET,08:43:57 AM ET,0.42,1,,P4_BURST,NORMAL
VEEE,7.84,7.8149,10,-0.25,-0.32,FLOOR_BREACH,08:43:57 AM ET,08:43:57 AM ET,1.88,2,,P4_BURST,NORMAL
VEEE,8.24,8.2039,10,-0.36,-0.44,STOCHK_TIER1,08:43:57 AM ET,08:43:57 AM ET,0.73,1,,P4_BURST,NORMAL
VEEE,8.1881,8.0652785,10,-1.23,-1.5,HARD_STOP,08:43:57 AM ET,08:43:57 AM ET,0.0,1,,P4_BURST,NORMAL
VEEE,8.0,7.98,10,-0.2,-0.25,STOCHK_TIER1,08:43:57 AM ET,08:43:57 AM ET,0.0,1,,P4_BURST,NORMAL
VEEE,8.155,8.15,10,-0.05,-0.06,STOCHK_TIER1,08:43:58 AM ET,08:43:58 AM ET,0.55,1,,P4_BURST,NORMAL
VEEE,8.2399,8.1163015,10,-1.24,-1.5,HARD_STOP,08:43:58 AM ET,08:43:58 AM ET,0.0,1,,P4_BURST,NORMAL
VEEE,7.995,7.875075,10,-1.2,-1.5,HARD_STOP,08:43:58 AM ET,08:43:58 AM ET,0.77,1,,P4_BURST,NORMAL
VEEE,7.545,7.5,10,-0.45,-0.6,FLOOR_BREACH,08:43:58 AM ET,08:43:58 AM ET,1.26,2,,P4_BURST,NORMAL
VEEE,7.74,7.7,10,-0.4,-0.52,STOCHK_TIER1,08:43:58 AM ET,08:43:58 AM ET,0.52,1,,P4_BURST,NORMAL
VEEE,7.84,7.8,10,-0.4,-0.51,MACD_BEAR_T1,08:43:58 AM ET,08:43:58 AM ET,0.13,1,,P4_BURST,NORMAL
VEEE,7.84,7.8,10,-0.4,-0.51,STOCHK_TIER1,08:43:58 AM ET,08:43:58 AM ET,0.0,1,,P4_BURST,NORMAL
WOK,0.24445,0.24078325,10,-0.04,-1.5,HARD_STOP,08:43:59 AM ET,08:43:59 AM ET,0.1,1,,P4_BURST,NORMAL
WOK,0.2877,0.2911,5,0.05,1.72,FLOOR_BREACH,08:43:59 AM ET,08:43:59 AM ET,3.61,3,PCT2,P4_BURST,NORMAL
WOK,0.35,0.3873,3,0.67,19.2,FLOOR_BREACH,08:43:59 AM ET,08:43:59 AM ET,22.86,3,FAST4,P4_BURST,NORMAL
WOK,0.49,0.69,3,1.44,29.39,FLOOR_BREACH,08:43:59 AM ET,08:43:59 AM ET,70.3,3,FAST4,P4_BURST,NORMAL
WOK,0.8076,0.795486,10,-0.12,-1.5,HARD_STOP,08:43:59 AM ET,08:43:59 AM ET,0.0,1,,P4_BURST,NORMAL
WOK,0.9259,0.9120115,10,-0.14,-1.5,HARD_STOP,08:43:59 AM ET,08:43:59 AM ET,0.0,1,,P4_BURST,NORMAL
WOK,0.9927,0.9778095,10,-0.15,-1.5,HARD_STOP,08:43:59 AM ET,08:43:59 AM ET,0.0,1,,P4_BURST,NORMAL
WOK,0.8899,0.8765515,10,-0.13,-1.5,HARD_STOP,08:43:59 AM ET,08:43:59 AM ET,1.83,2,,P4_BURST,NORMAL
WOK,0.92,0.9081,10,-0.12,-1.29,STOCHK_TIER1,08:43:59 AM ET,08:43:59 AM ET,0.9,1,,P4_BURST,NORMAL
WOK,0.895,0.881575,10,-0.13,-1.5,HARD_STOP,08:43:59 AM ET,08:43:59 AM ET,0.0,1,,P4_BURST,NORMAL
WOK,0.8,0.788,10,-0.12,-1.5,HARD_STOP,08:43:59 AM ET,08:43:59 AM ET,0.0,1,,P4_BURST,NORMAL
WOK,0.8,0.788,10,-0.12,-1.5,HARD_STOP,08:43:59 AM ET,08:43:59 AM ET,0.0,1,,P4_BURST,NORMAL
WOK,0.7579,0.88005,3,0.58,7.72,FLOOR_BREACH,08:43:59 AM ET,08:43:59 AM ET,22.19,3,FAST4,P4_BURST,NORMAL
WOK,0.8655,0.8662,5,0.12,1.35,FLOOR_BREACH,08:43:59 AM ET,08:43:59 AM ET,2.82,2,PCT2,P4_BURST,NORMAL
WOK,0.82005,0.80774925,10,-0.12,-1.5,HARD_STOP,08:43:59 AM ET,08:43:59 AM ET,0.69,1,,P4_BURST,NORMAL
WOK,0.8172,0.804942,10,-0.12,-1.5,HARD_STOP,08:43:59 AM ET,08:43:59 AM ET,0.0,1,,P4_BURST,NORMAL
WOK,0.7934,0.7851,10,-0.08,-1.05,MACD_BEAR_T1,08:44:00 AM ET,08:44:00 AM ET,0.0,1,,P4_BURST,NORMAL
WOK,0.785,0.915,3,0.95,12.16,FLOOR_BREACH,08:44:00 AM ET,08:44:00 AM ET,20.08,3,FAST4,P4_BURST,NORMAL
WOK,1.0001,1.0401,3,0.61,6.09,FLOOR_BREACH,08:44:00 AM ET,08:44:00 AM ET,8.21,3,FAST4,P4_BURST,NORMAL
WOK,1.3999,1.3789015,4,0.28,1.98,HARD_STOP,08:44:00 AM ET,08:44:00 AM ET,7.86,3,"PCT2,PCT4_AFTER2",P4_BURST,NORMAL
WOK,1.3299,1.3099515000000002,10,-0.2,-1.5,HARD_STOP,08:44:00 AM ET,08:44:00 AM ET,0.0,1,,P4_BURST,NORMAL
WOK,1.35,1.32975,5,0.12,0.92,HARD_STOP,08:44:00 AM ET,08:44:00 AM ET,3.7,3,PCT2,P4_BURST,NORMAL
WOK,1.3088,1.2891679999999999,10,-0.2,-1.5,HARD_STOP,08:44:00 AM ET,08:44:00 AM ET,0.86,1,,P4_BURST,NORMAL
WOK,1.4002,1.3791969999999998,10,-0.21,-1.5,HARD_STOP,08:44:00 AM ET,08:44:00 AM ET,0.0,1,,P4_BURST,NORMAL
WOK,1.725,1.71,3,0.58,3.39,FLOOR_BREACH,08:44:00 AM ET,08:44:00 AM ET,14.78,3,FAST4,P4_BURST,NORMAL
WOK,1.705,1.679425,10,-0.26,-1.5,HARD_STOP,08:44:00 AM ET,08:44:00 AM ET,0.0,1,,P4_BURST,NORMAL
WOK,1.77,1.74345,10,-0.27,-1.5,HARD_STOP,08:44:01 AM ET,08:44:01 AM ET,0.0,1,,P4_BURST,NORMAL
WOK,1.8899,1.8615514999999998,10,-0.28,-1.5,HARD_STOP,08:44:01 AM ET,08:44:01 AM ET,0.01,1,,P4_BURST,NORMAL
WOK,1.8089,1.7817665,10,-0.27,-1.5,HARD_STOP,08:44:01 AM ET,08:44:01 AM ET,1.17,2,,P4_BURST,NORMAL
WOK,1.73,1.70405,10,-0.26,-1.5,HARD_STOP,08:44:01 AM ET,08:44:01 AM ET,0.0,1,,P4_BURST,NORMAL
WOK,1.645,1.6401,10,-0.05,-0.3,FLOOR_BREACH,08:44:01 AM ET,08:44:01 AM ET,1.51,2,,P4_BURST,NORMAL
WOK,1.8001,1.852,3,0.89,4.94,FLOOR_BREACH,08:44:01 AM ET,08:44:01 AM ET,7.77,3,FAST4,P4_BURST,NORMAL
WOK,2.165,2.16,3,0.83,3.81,FLOOR_BREACH,08:44:01 AM ET,08:44:01 AM ET,5.54,3,FAST4,P4_BURST,NORMAL
WOK,2.9903,2.9454455,10,-0.45,-1.5,HARD_STOP,08:44:01 AM ET,08:44:01 AM ET,0.0,1,,P4_BURST,NORMAL
WOK,3.685,3.629725,10,-0.55,-1.5,HARD_STOP,08:44:01 AM ET,08:44:01 AM ET,0.0,1,,P4_BURST,NORMAL
WOK,3.57,3.51645,10,-0.54,-1.5,HARD_STOP,08:44:02 AM ET,08:44:02 AM ET,0.14,1,,P4_BURST,NORMAL
WOK,2.59,2.55115,10,-0.39,-1.5,HARD_STOP,08:44:02 AM ET,08:44:02 AM ET,0.0,1,,P4_BURST,NORMAL
WOK,2.5848,2.5460279999999997,10,-0.39,-1.5,HARD_STOP,08:44:02 AM ET,08:44:02 AM ET,0.0,1,,P4_BURST,NORMAL
WOK,2.66,2.6201000000000003,10,-0.4,-1.5,HARD_STOP,08:44:02 AM ET,08:44:02 AM ET,0.38,1,,P4_BURST,NORMAL
WOK,2.72,2.6792000000000002,10,-0.41,-1.5,HARD_STOP,08:44:02 AM ET,08:44:02 AM ET,0.0,1,,P4_BURST,NORMAL
WOK,2.53,2.54,5,0.4,1.58,FLOOR_BREACH,08:44:03 AM ET,08:44:03 AM ET,2.77,2,PCT2,P4_BURST,NORMAL
WOK,2.7003,2.6597955,10,-0.41,-1.5,HARD_STOP,08:44:03 AM ET,08:44:03 AM ET,0.0,1,,P4_BURST,NORMAL
WOK,2.96,3.09,4,1.08,3.66,FLOOR_BREACH,08:44:03 AM ET,08:44:03 AM ET,6.42,3,"PCT2,PCT4_AFTER2",P4_BURST,NORMAL
WOK,2.73,2.73,10,0.0,0.0,FLOOR_BREACH,08:44:03 AM ET,08:44:03 AM ET,1.1,2,,P4_BURST,NORMAL
WOK,2.6,2.561,10,-0.39,-1.5,HARD_STOP,08:44:04 AM ET,08:44:04 AM ET,0.38,1,,P4_BURST,NORMAL
WOK,2.48,2.46,10,-0.2,-0.81,FLOOR_BREACH,08:44:04 AM ET,08:44:04 AM ET,1.96,2,,P4_BURST,NORMAL
WOK,2.2,2.29,3,1.39,6.32,FLOOR_BREACH,08:44:04 AM ET,08:44:04 AM ET,7.27,3,FAST4,P4_BURST,NORMAL
XGN,3.65,3.7,5,0.85,2.33,FLOOR_BREACH,08:44:08 AM ET,08:44:08 AM ET,3.29,3,PCT2,P4_BURST,NORMAL
XGN,3.705,3.69,10,-0.15,-0.4,STOCHK_TIER1,08:44:08 AM ET,08:44:08 AM ET,0.4,1,,P4_BURST,NORMAL
XGN,3.57,3.657,4,0.87,2.44,FLOOR_BREACH,08:44:08 AM ET,08:44:08 AM ET,4.34,3,"PCT2,PCT4_AFTER2",P4_BURST,NORMAL
XGN,3.69,3.78,3,1.32,3.58,FLOOR_BREACH,08:44:08 AM ET,08:44:08 AM ET,4.07,3,FAST4,P4_BURST,NORMAL
XGN,3.7634,3.7983,5,0.56,1.48,MACD_BEAR_T2,08:44:08 AM ET,08:44:08 AM ET,2.03,2,PCT2,P4_BURST,NORMAL
XGN,3.8,3.763,10,-0.37,-0.97,STOCHK_TIER1,08:44:08 AM ET,08:44:08 AM ET,0.0,1,,P4_BURST,NORMAL
XGN,3.77,3.7502,10,-0.2,-0.53,STOCHK_TIER1,08:44:09 AM ET,08:44:09 AM ET,0.26,1,,P4_BURST,NORMAL
XGN,3.759,3.7601,10,0.01,0.03,STOCHK_TIER1,08:44:09 AM ET,08:44:09 AM ET,0.56,1,,P4_BURST,NORMAL
XGN,3.7875,3.7548,10,-0.33,-0.86,STOCHK_TIER1,08:44:09 AM ET,08:44:09 AM ET,0.78,1,,P4_BURST,NORMAL
XGN,3.81,3.8,10,-0.1,-0.26,STOCHK_TIER1,08:44:09 AM ET,08:44:09 AM ET,0.0,1,,P4_BURST,NORMAL
XGN,3.8,3.77,10,-0.3,-0.79,STOCHK_TIER1,08:44:09 AM ET,08:44:09 AM ET,0.0,1,,P4_BURST,NORMAL
XGN,3.7899,3.775,10,-0.15,-0.39,STOCHK_TIER1,08:44:09 AM ET,08:44:09 AM ET,0.0,1,,P4_BURST,NORMAL
XGN,3.79,3.77,10,-0.2,-0.53,STOCHK_TIER1,08:44:09 AM ET,08:44:09 AM ET,0.0,1,,P4_BURST,NORMAL
XGN,3.74,3.6839,10,-0.56,-1.5,HARD_STOP,08:44:09 AM ET,08:44:09 AM ET,0.27,1,,P4_BURST,NORMAL
XOS,2.49,2.49,5,0.35,1.41,FLOOR_BREACH,08:44:09 AM ET,08:44:09 AM ET,2.81,2,PCT2,P4_BURST,NORMAL
XOS,2.439,2.402415,10,-0.37,-1.5,HARD_STOP,08:44:09 AM ET,08:44:09 AM ET,0.45,1,,P4_BURST,NORMAL
XOS,2.41,2.39,10,-0.2,-0.83,MACD_BEAR_T1,08:44:09 AM ET,08:44:09 AM ET,0.0,1,,P4_BURST,NORMAL
XOS,2.41,2.3996,10,-0.1,-0.43,MACD_BEAR_T1,08:44:09 AM ET,08:44:09 AM ET,0.41,1,,P4_BURST,NORMAL
AEHL,1.4599,1.45,10,-0.1,-0.68,STOCHK_TIER1,08:44:10 AM ET,08:44:10 AM ET,0.69,1,,P4_BURST,NORMAL
AEHL,1.5907,1.5668395,4,0.22,1.39,HARD_STOP,08:44:10 AM ET,08:44:10 AM ET,4.36,3,"PCT2,PCT4_AFTER2",P4_BURST,NORMAL
AEHL,1.66,1.6351,10,-0.25,-1.5,HARD_STOP,08:44:10 AM ET,08:44:10 AM ET,0.0,1,,P4_BURST,NORMAL
AEHL,1.62,1.6399,5,0.3,1.85,FLOOR_BREACH,08:44:10 AM ET,08:44:10 AM ET,3.08,3,PCT2,P4_BURST,NORMAL
AEHL,1.829,1.82,10,-0.09,-0.49,FLOOR_BREACH,08:44:10 AM ET,08:44:10 AM ET,1.14,2,,P4_BURST,NORMAL
AEHL,1.84,1.8124,10,-0.28,-1.5,HARD_STOP,08:44:10 AM ET,08:44:10 AM ET,0.0,1,,P4_BURST,NORMAL
AEHL,2.2809,2.2466865,10,-0.34,-1.5,HARD_STOP,08:44:10 AM ET,08:44:10 AM ET,0.0,1,,P4_BURST,NORMAL
AEHL,2.349,2.313765,10,-0.35,-1.5,HARD_STOP,08:44:10 AM ET,08:44:10 AM ET,0.0,1,,P4_BURST,NORMAL
AEHL,2.16,2.1509,10,-0.09,-0.42,FLOOR_BREACH,08:44:10 AM ET,08:44:10 AM ET,1.85,2,,P4_BURST,NORMAL
AEHL,2.0292,2.0608,4,0.57,2.81,FLOOR_BREACH,08:44:11 AM ET,08:44:11 AM ET,4.23,3,"PCT2,PCT4_AFTER2",P4_BURST,NORMAL
AEHL,2.0601,2.3393,4,1.5,7.29,FLOOR_BREACH,08:44:11 AM ET,08:44:11 AM ET,16.01,3,"PCT2,PCT4_AFTER2",P4_BURST,NORMAL
AEHL,2.34,2.3049,10,-0.35,-1.5,HARD_STOP,08:44:11 AM ET,08:44:11 AM ET,0.0,1,,P4_BURST,NORMAL
AEHL,2.18,2.21,3,0.71,3.24,FLOOR_BREACH,08:44:11 AM ET,08:44:11 AM ET,4.04,3,FAST4,P4_BURST,NORMAL
AEHL,2.22,2.2,10,-0.2,-0.9,MACD_BEAR_T1,08:44:11 AM ET,08:44:11 AM ET,0.0,1,,P4_BURST,NORMAL
AEHL,2.07,2.05,10,-0.2,-0.97,STOCHK_TIER1,08:44:11 AM ET,08:44:11 AM ET,0.97,1,,P4_BURST,NORMAL
AEHL,1.94,1.9301,10,-0.1,-0.51,FLOOR_BREACH,08:44:11 AM ET,08:44:11 AM ET,1.07,2,,P4_BURST,NORMAL
AEHL,1.92,2.085,3,1.12,5.86,FLOOR_BREACH,08:44:11 AM ET,08:44:11 AM ET,10.46,3,FAST4,P4_BURST,NORMAL
AEHL,2.0692,2.0698,5,0.23,1.12,FLOOR_BREACH,08:44:11 AM ET,08:44:11 AM ET,2.21,2,PCT2,P4_BURST,NORMAL
AEHL,2.0399,2.0093015,10,-0.31,-1.5,HARD_STOP,08:44:11 AM ET,08:44:11 AM ET,0.0,1,,P4_BURST,NORMAL
AEHL,1.9999,1.97,10,-0.3,-1.5,STOCHK_TIER1,08:44:12 AM ET,08:44:12 AM ET,0.51,1,,P4_BURST,NORMAL
AEHL,2.06,2.0408,10,-0.19,-0.93,STOCHK_TIER1,08:44:12 AM ET,08:44:12 AM ET,0.0,1,,P4_BURST,NORMAL
AEHL,2.22,2.1867,10,-0.33,-1.5,HARD_STOP,08:44:12 AM ET,08:44:12 AM ET,0.0,1,,P4_BURST,NORMAL
AEHL,2.125,2.1101,10,-0.15,-0.7,STOCHK_TIER1,08:44:12 AM ET,08:44:12 AM ET,0.0,1,,P4_BURST,NORMAL
AEHL,2.12,2.0882,10,-0.32,-1.5,HARD_STOP,08:44:12 AM ET,08:44:12 AM ET,0.0,1,,P4_BURST,NORMAL
AEHL,2.0891,2.09,10,0.01,0.04,STOCHK_TIER2,08:44:12 AM ET,08:44:12 AM ET,1.95,2,,P4_BURST,NORMAL
AEHL,2.2103,2.1771455,10,-0.33,-1.5,HARD_STOP,08:44:12 AM ET,08:44:12 AM ET,0.0,1,,P4_BURST,NORMAL
AEHL,2.125,2.11,10,-0.15,-0.71,STOCHK_TIER1,08:44:12 AM ET,08:44:12 AM ET,0.23,1,,P4_BURST,NORMAL
AEHL,2.2,2.185,10,-0.15,-0.68,STOCHK_TIER1,08:44:12 AM ET,08:44:12 AM ET,0.45,1,,P4_BURST,NORMAL
AEHL,2.225,2.21,10,-0.15,-0.67,MACD_BEAR_T1,08:44:13 AM ET,08:44:13 AM ET,0.0,1,,P4_BURST,NORMAL
AEHL,2.27,2.3316,4,0.6,2.63,FLOOR_BREACH,08:44:13 AM ET,08:44:13 AM ET,4.41,3,"PCT2,PCT4_AFTER2",P4_BURST,NORMAL
AEHL,2.3291,2.445,4,1.01,4.34,FLOOR_BREACH,08:44:13 AM ET,08:44:13 AM ET,6.69,3,"PCT2,PCT4_AFTER2",P4_BURST,NORMAL
AEHL,2.29,2.365,4,0.71,3.1,FLOOR_BREACH,08:44:13 AM ET,08:44:13 AM ET,4.8,3,"PCT2,PCT4_AFTER2",P4_BURST,NORMAL
AEHL,2.17,2.1699,10,-0.0,-0.0,FLOOR_BREACH,08:44:13 AM ET,08:44:13 AM ET,1.85,2,,P4_BURST,NORMAL
AEHL,2.225,2.2,10,-0.25,-1.12,STOCHK_TIER1,08:44:14 AM ET,08:44:14 AM ET,0.67,1,,P4_BURST,NORMAL
AEHL,2.22,2.1867,10,-0.33,-1.5,HARD_STOP,08:44:14 AM ET,08:44:14 AM ET,0.0,1,,P4_BURST,NORMAL
AEHL,2.2,2.24,5,0.45,2.05,MACD_BEAR_T3,08:44:14 AM ET,08:44:14 AM ET,3.18,3,PCT2,P4_BURST,NORMAL
AEHL,2.24,2.22,10,-0.2,-0.89,MACD_BEAR_T1,08:44:14 AM ET,08:44:14 AM ET,0.44,1,,P4_BURST,NORMAL
AEHL,2.25,2.25,10,0.0,0.0,STOCHK_TIER1,08:44:14 AM ET,08:44:15 AM ET,0.22,1,,P4_BURST,NORMAL
AEHL,2.14,2.1079,10,-0.32,-1.5,HARD_STOP,08:44:15 AM ET,08:44:15 AM ET,0.0,1,,P4_BURST,NORMAL
AEHL,2.09,2.0702,10,-0.2,-0.95,STOCHK_TIER1,08:44:15 AM ET,08:44:15 AM ET,0.0,1,,P4_BURST,NORMAL
AEHL,2.04,2.03,10,-0.1,-0.49,STOCHK_TIER1,08:44:15 AM ET,08:44:15 AM ET,0.0,1,,P4_BURST,NORMAL
AEHL,2.0999,2.09,10,-0.1,-0.47,STOCHK_TIER1,08:44:16 AM ET,08:44:16 AM ET,0.48,1,,P4_BURST,NORMAL
AEHL,2.07,2.19,4,0.99,4.78,FLOOR_BREACH,08:44:16 AM ET,08:44:16 AM ET,7.73,3,"PCT2,PCT4_AFTER2",P4_BURST,NORMAL
AEHL,2.17,2.13745,10,-0.33,-1.5,HARD_STOP,08:44:17 AM ET,08:44:17 AM ET,1.38,2,,P4_BURST,NORMAL
AEHL,2.15,2.12,10,-0.3,-1.4,STOCHK_TIER1,08:44:17 AM ET,08:44:17 AM ET,0.0,1,,P4_BURST,NORMAL
AEHL,2.1302,2.13,10,-0.0,-0.01,STOCHK_TIER1,08:44:18 AM ET,08:44:18 AM ET,0.0,1,,P4_BURST,NORMAL
AEHL,2.09,2.1,10,0.1,0.48,STOCHK_TIER1,08:44:18 AM ET,08:44:18 AM ET,0.96,1,,P4_BURST,NORMAL
BZFD,1.32,1.3002,10,-0.2,-1.5,HARD_STOP,08:44:20 AM ET,08:44:20 AM ET,0.0,1,,P4_BURST,NORMAL
AIIO,1.2898,1.2813,10,-0.08,-0.66,STOCHK_TIER1,08:44:23 AM ET,08:44:23 AM ET,0.0,1,,P4_BURST,NORMAL
AIIO,1.2598,1.3303,4,0.53,4.22,FLOOR_BREACH,08:44:23 AM ET,08:44:23 AM ET,10.33,3,"PCT2,PCT4_AFTER2",P4_BURST,NORMAL
AIIO,1.3,1.3003,10,0.0,0.02,STOCHK_TIER1,08:44:23 AM ET,08:44:23 AM ET,0.77,1,,P4_BURST,NORMAL
AIIO,1.2697,1.3,5,0.3,2.37,MACD_BEAR_T3,08:44:23 AM ET,08:44:24 AM ET,3.96,3,PCT2,P4_BURST,NORMAL
AIIO,1.3,1.29,10,-0.1,-0.77,STOCHK_TIER1,08:44:24 AM ET,08:44:24 AM ET,0.0,1,,P4_BURST,NORMAL
AIIO,1.2609,1.29,5,0.34,2.69,MACD_BEAR_T3,08:44:24 AM ET,08:44:24 AM ET,3.1,3,PCT2,P4_BURST,NORMAL
AIIO,1.2997,1.2903,10,-0.09,-0.72,STOCHK_TIER1,08:44:24 AM ET,08:44:24 AM ET,0.0,1,,P4_BURST,NORMAL
AIIO,1.3,1.2901,10,-0.1,-0.76,STOCHK_TIER1,08:44:24 AM ET,08:44:24 AM ET,0.0,1,,P4_BURST,NORMAL
AIIO,1.3,1.2903,10,-0.1,-0.75,STOCHK_TIER1,08:44:24 AM ET,08:44:24 AM ET,0.0,1,,P4_BURST,NORMAL
AIIO,1.33,1.35,5,0.25,1.87,STOCHK_TIER2,08:44:25 AM ET,08:44:25 AM ET,2.26,2,PCT2,P4_BURST,NORMAL
AIIO,1.43,1.40855,10,-0.21,-1.5,HARD_STOP,08:44:25 AM ET,08:44:25 AM ET,0.0,1,,P4_BURST,NORMAL
AIIO,1.335,1.3499,5,0.3,2.27,FLOOR_BREACH,08:44:25 AM ET,08:44:25 AM ET,3.89,3,PCT2,P4_BURST,NORMAL
AIIO,1.38,1.3593,10,-0.21,-1.5,HARD_STOP,08:44:26 AM ET,08:44:26 AM ET,0.0,1,,P4_BURST,NORMAL
AIIO,1.4,1.455,3,0.73,5.22,FLOOR_BREACH,08:44:26 AM ET,08:44:26 AM ET,5.77,3,FAST4,P4_BURST,NORMAL
AIIO,1.395,1.39,10,-0.05,-0.36,STOCHK_TIER1,08:44:26 AM ET,08:44:26 AM ET,0.0,1,,P4_BURST,NORMAL
AIIO,1.3993,1.3783105,10,-0.21,-1.5,HARD_STOP,08:44:26 AM ET,08:44:26 AM ET,0.05,1,,P4_BURST,NORMAL
AIIO,1.38,1.37,10,-0.1,-0.72,STOCHK_TIER1,08:44:26 AM ET,08:44:26 AM ET,0.0,1,,P4_BURST,NORMAL
AIIO,1.2195,1.2605,4,0.39,3.21,FLOOR_BREACH,08:44:27 AM ET,08:44:27 AM ET,4.92,3,"PCT2,PCT4_AFTER2",P4_BURST,NORMAL
AIIO,1.239,1.2401,10,0.01,0.09,STOCHK_TIER1,08:44:27 AM ET,08:44:27 AM ET,0.89,1,,P4_BURST,NORMAL
AIIO,1.3275,1.3075875,10,-0.2,-1.5,HARD_STOP,08:44:27 AM ET,08:44:27 AM ET,0.19,1,,P4_BURST,NORMAL
AIIO,1.3069,1.3003,10,-0.07,-0.51,STOCHK_TIER1,08:44:28 AM ET,08:44:28 AM ET,0.0,1,,P4_BURST,NORMAL
AIIO,1.3295,1.3095575,10,-0.2,-1.5,HARD_STOP,08:44:29 AM ET,08:44:29 AM ET,0.04,1,,P4_BURST,NORMAL
AIIO,1.298,1.3005,10,0.02,0.19,STOCHK_TIER1,08:44:29 AM ET,08:44:29 AM ET,0.92,1,,P4_BURST,NORMAL
AIIO,1.296,1.2831,10,-0.13,-1.0,STOCHK_TIER1,08:44:30 AM ET,08:44:30 AM ET,0.0,1,,P4_BURST,NORMAL
AIIO,1.2901,1.2707485,10,-0.19,-1.5,HARD_STOP,08:44:30 AM ET,08:44:30 AM ET,0.0,1,,P4_BURST,NORMAL
AIIO,1.28,1.27,10,-0.1,-0.78,STOCHK_TIER1,08:44:31 AM ET,08:44:31 AM ET,0.0,1,,P4_BURST,NORMAL
AIIO,1.26,1.25,10,-0.1,-0.79,STOCHK_TIER1,08:44:31 AM ET,08:44:31 AM ET,0.0,1,,P4_BURST,NORMAL
AIIO,1.25,1.23125,10,-0.19,-1.5,HARD_STOP,08:44:32 AM ET,08:44:32 AM ET,0.0,1,,P4_BURST,NORMAL
AIIO,1.24,1.23,10,-0.1,-0.81,STOCHK_TIER1,08:44:33 AM ET,08:44:33 AM ET,0.0,1,,P4_BURST,NORMAL
AMBO,2.683,2.6427549999999997,10,-0.4,-1.5,HARD_STOP,08:44:38 AM ET,08:44:38 AM ET,0.0,1,,P4_BURST,NORMAL
AMBO,2.64,2.63,10,-0.1,-0.38,STOCHK_TIER1,08:44:38 AM ET,08:44:38 AM ET,0.38,1,,P4_BURST,NORMAL
AMBO,2.64,2.63,10,-0.1,-0.38,STOCHK_TIER1,08:44:38 AM ET,08:44:38 AM ET,0.76,1,,P4_BURST,NORMAL
AMBO,2.53,2.54,10,0.1,0.4,STOCHK_TIER2,08:44:38 AM ET,08:44:39 AM ET,1.19,2,,P4_BURST,NORMAL
AMBO,2.56,2.55,10,-0.1,-0.39,MACD_BEAR_T1,08:44:39 AM ET,08:44:39 AM ET,0.39,1,,P4_BURST,NORMAL
AMBO,2.61,2.5708499999999996,10,-0.39,-1.5,HARD_STOP,08:44:39 AM ET,08:44:39 AM ET,0.0,1,,P4_BURST,NORMAL
AMBO,2.55,2.54,10,-0.1,-0.39,STOCHK_TIER1,08:44:39 AM ET,08:44:40 AM ET,0.0,1,,P4_BURST,NORMAL
AMBO,2.57,2.5402,10,-0.3,-1.16,STOCHK_TIER1,08:44:40 AM ET,08:44:40 AM ET,0.0,1,,P4_BURST,NORMAL
AMBO,2.62,2.5807,10,-0.39,-1.5,HARD_STOP,08:44:40 AM ET,08:44:40 AM ET,0.37,1,,P4_BURST,NORMAL
AMBO,2.52,2.4822,10,-0.38,-1.5,HARD_STOP,08:44:40 AM ET,08:44:40 AM ET,0.0,1,,P4_BURST,NORMAL
AMBO,2.525,2.487125,10,-0.38,-1.5,HARD_STOP,08:44:40 AM ET,08:44:40 AM ET,0.0,1,,P4_BURST,NORMAL
AMBO,2.2148,2.2001,10,-0.15,-0.66,STOCHK_TIER1,08:44:41 AM ET,08:44:41 AM ET,0.0,1,,P4_BURST,NORMAL
AMBO,2.2,2.2215,5,0.36,1.62,STOCHK_TIER2,08:44:41 AM ET,08:44:41 AM ET,2.73,2,PCT2,P4_BURST,NORMAL
AMBO,2.26,2.2260999999999997,10,-0.34,-1.5,HARD_STOP,08:44:41 AM ET,08:44:41 AM ET,0.0,1,,P4_BURST,NORMAL
AMBO,2.25,2.21625,10,-0.34,-1.5,HARD_STOP,08:44:42 AM ET,08:44:42 AM ET,0.0,1,,P4_BURST,NORMAL
AMBO,2.18,2.22,5,0.5,2.29,MACD_BEAR_T3,08:44:42 AM ET,08:44:43 AM ET,3.21,3,PCT2,P4_BURST,NORMAL
AMBO,2.1,2.0701,10,-0.3,-1.42,STOCHK_TIER1,08:44:43 AM ET,08:44:43 AM ET,0.0,1,,P4_BURST,NORMAL
AMBO,2.27,2.26,10,-0.1,-0.44,FLOOR_BREACH,08:44:43 AM ET,08:44:43 AM ET,1.32,2,,P4_BURST,NORMAL
AMBO,2.33,2.32,10,-0.1,-0.43,STOCHK_TIER1,08:44:44 AM ET,08:44:44 AM ET,0.0,1,,P4_BURST,NORMAL
AMBO,2.32,2.29,10,-0.3,-1.29,STOCHK_TIER1,08:44:44 AM ET,08:44:44 AM ET,0.0,1,,P4_BURST,NORMAL
AMBO,2.31,2.35,3,1.03,4.46,FLOOR_BREACH,08:44:44 AM ET,08:44:44 AM ET,5.63,3,FAST4,P4_BURST,NORMAL
AMBO,2.46,2.4231,10,-0.37,-1.5,HARD_STOP,08:44:44 AM ET,08:44:44 AM ET,0.0,1,,P4_BURST,NORMAL
AMBO,2.46,2.4231,10,-0.37,-1.5,HARD_STOP,08:44:45 AM ET,08:44:45 AM ET,0.0,1,,P4_BURST,NORMAL
AMBO,2.45,2.41325,10,-0.37,-1.5,HARD_STOP,08:44:45 AM ET,08:44:45 AM ET,0.0,1,,P4_BURST,NORMAL
AMBO,2.41,2.38,4,0.33,1.37,FLOOR_BREACH,08:44:45 AM ET,08:44:45 AM ET,4.15,3,"PCT2,PCT4_AFTER2",P4_BURST,NORMAL
AMBO,2.35,2.33,10,-0.2,-0.85,STOCHK_TIER1,08:44:45 AM ET,08:44:45 AM ET,0.0,1,,P4_BURST,NORMAL
AMBO,2.18,2.1473,10,-0.33,-1.5,HARD_STOP,08:44:46 AM ET,08:44:46 AM ET,1.38,2,,P4_BURST,NORMAL
BWEN,3.03,3.0,10,-0.3,-0.99,STOCHK_TIER1,08:44:49 AM ET,08:44:49 AM ET,0.0,1,,P4_BURST,NORMAL
BWEN,2.95,2.9318,10,-0.18,-0.62,STOCHK_TIER1,08:44:49 AM ET,08:44:49 AM ET,0.68,1,,P4_BURST,NORMAL
BWEN,3.1599,3.1125015,10,-0.47,-1.5,HARD_STOP,08:44:49 AM ET,08:44:49 AM ET,0.0,1,,P4_BURST,NORMAL
BWEN,2.87,2.855,10,-0.15,-0.52,STOCHK_TIER1,08:44:49 AM ET,08:44:49 AM ET,0.0,1,,P4_BURST,NORMAL
BWEN,2.845,2.84,10,-0.05,-0.18,FLOOR_BREACH,08:44:49 AM ET,08:44:49 AM ET,1.41,2,,P4_BURST,NORMAL
BWEN,2.875,2.855,10,-0.2,-0.7,STOCHK_TIER1,08:44:49 AM ET,08:44:49 AM ET,0.17,1,,P4_BURST,NORMAL
BWEN,2.925,2.91,10,-0.15,-0.51,STOCHK_TIER1,08:44:49 AM ET,08:44:49 AM ET,0.0,1,,P4_BURST,NORMAL
BWEN,2.9701,2.961,10,-0.09,-0.31,STOCHK_TIER1,08:44:49 AM ET,08:44:49 AM ET,0.0,1,,P4_BURST,NORMAL
BWEN,3.0698,3.0237529999999997,10,-0.46,-1.5,HARD_STOP,08:44:49 AM ET,08:44:49 AM ET,0.0,1,,P4_BURST,NORMAL
BWEN,3.1,3.0701,10,-0.3,-0.96,STOCHK_TIER1,08:44:49 AM ET,08:44:49 AM ET,0.0,1,,P4_BURST,NORMAL
BWEN,3.0911,3.155,5,0.64,2.06,STOCHK_TIER2,08:44:49 AM ET,08:44:49 AM ET,2.88,2,PCT2,P4_BURST,NORMAL
BWEN,3.2399,3.225,10,-0.15,-0.46,MACD_BEAR_T1,08:44:49 AM ET,08:44:49 AM ET,0.0,1,,P4_BURST,NORMAL
BWEN,3.2317,3.33,4,1.04,3.23,MACD_BEAR_T3,08:44:49 AM ET,08:44:49 AM ET,4.43,3,"PCT2,PCT4_AFTER2",P4_BURST,NORMAL
BWEN,3.435,3.4,10,-0.35,-1.02,STOCHK_TIER1,08:44:49 AM ET,08:44:49 AM ET,0.92,1,,P4_BURST,NORMAL
BWEN,3.37,3.4201,5,0.65,1.93,STOCHK_TIER2,08:44:50 AM ET,08:44:50 AM ET,2.97,2,PCT2,P4_BURST,NORMAL
BWEN,3.41,3.4201,10,0.1,0.3,STOCHK_TIER2,08:44:50 AM ET,08:44:50 AM ET,1.47,2,,P4_BURST,NORMAL
BWEN,3.65,3.65,10,0.0,0.0,FLOOR_BREACH,08:44:50 AM ET,08:44:50 AM ET,1.65,2,,P4_BURST,NORMAL
BWEN,3.66,3.6051,10,-0.55,-1.5,HARD_STOP,08:44:50 AM ET,08:44:50 AM ET,0.0,1,,P4_BURST,NORMAL
BWEN,3.5795,3.5258075,10,-0.54,-1.5,HARD_STOP,08:44:50 AM ET,08:44:50 AM ET,0.0,1,,P4_BURST,NORMAL
BWEN,3.62,3.5657,10,-0.54,-1.5,HARD_STOP,08:44:50 AM ET,08:44:50 AM ET,0.55,1,,P4_BURST,NORMAL
BWEN,3.57,3.51645,10,-0.54,-1.5,HARD_STOP,08:44:50 AM ET,08:44:50 AM ET,0.0,1,,P4_BURST,NORMAL
BWEN,3.56,3.88,4,1.8,5.06,FLOOR_BREACH,08:44:50 AM ET,08:44:50 AM ET,10.96,3,"PCT2,PCT4_AFTER2",P4_BURST,NORMAL
BWEN,4.065,4.0206,10,-0.44,-1.09,STOCHK_TIER1,08:44:51 AM ET,08:44:51 AM ET,0.86,1,,P4_BURST,NORMAL
BWEN,4.11,4.06,10,-0.5,-1.22,STOCHK_TIER1,08:44:51 AM ET,08:44:51 AM ET,0.0,1,,P4_BURST,NORMAL
BWEN,4.73,4.659050000000001,5,0.29,0.62,HARD_STOP,08:44:51 AM ET,08:44:51 AM ET,2.75,2,PCT2,P4_BURST,NORMAL
BWEN,4.39,4.3241499999999995,10,-0.66,-1.5,HARD_STOP,08:44:51 AM ET,08:44:51 AM ET,0.0,1,,P4_BURST,NORMAL
BWEN,4.28,4.2158,10,-0.64,-1.5,HARD_STOP,08:44:51 AM ET,08:44:51 AM ET,0.0,1,,P4_BURST,NORMAL
BWEN,4.24,4.1764,10,-0.64,-1.5,HARD_STOP,08:44:51 AM ET,08:44:51 AM ET,0.23,1,,P4_BURST,NORMAL
BWEN,4.18,4.16,10,-0.2,-0.48,STOCHK_TIER1,08:44:51 AM ET,08:44:51 AM ET,0.44,1,,P4_BURST,NORMAL
BWEN,4.2499,4.1861515,10,-0.64,-1.5,HARD_STOP,08:44:52 AM ET,08:44:52 AM ET,0.0,1,,P4_BURST,NORMAL
BWEN,4.17,4.37,4,1.47,3.53,FLOOR_BREACH,08:44:52 AM ET,08:44:52 AM ET,6.95,3,"PCT2,PCT4_AFTER2",P4_BURST,NORMAL
BWEN,4.15,4.1497,10,-0.0,-0.01,FLOOR_BREACH,08:44:52 AM ET,08:44:52 AM ET,1.55,2,,P4_BURST,NORMAL
BWEN,4.1639,4.1406,10,-0.23,-0.56,STOCHK_TIER1,08:44:52 AM ET,08:44:52 AM ET,0.0,1,,P4_BURST,NORMAL
BWEN,4.16,4.21,10,0.5,1.2,STOCHK_TIER2,08:44:53 AM ET,08:44:53 AM ET,1.92,2,,P4_BURST,NORMAL
BWEN,4.21,4.18,10,-0.3,-0.71,STOCHK_TIER1,08:44:53 AM ET,08:44:53 AM ET,0.0,1,,P4_BURST,NORMAL
BWEN,4.22,4.18,10,-0.4,-0.95,STOCHK_TIER1,08:44:53 AM ET,08:44:53 AM ET,0.0,1,,P4_BURST,NORMAL
BZFD,1.4704,1.4483439999999999,10,-0.22,-1.5,HARD_STOP,08:44:57 AM ET,08:44:57 AM ET,0.0,1,,P4_BURST,NORMAL
BZFD,1.4601,1.47,5,0.2,1.36,STOCHK_TIER2,08:44:57 AM ET,08:44:57 AM ET,2.05,2,PCT2,P4_BURST,NORMAL
BZFD,1.515,1.4922749999999998,10,-0.23,-1.5,HARD_STOP,08:44:57 AM ET,08:44:57 AM ET,0.98,1,,P4_BURST,NORMAL
BZFD,1.4998,1.477303,10,-0.22,-1.5,HARD_STOP,08:44:57 AM ET,08:44:57 AM ET,0.0,1,,P4_BURST,NORMAL
BZFD,1.48,1.4578,10,-0.22,-1.5,HARD_STOP,08:44:57 AM ET,08:44:57 AM ET,0.0,1,,P4_BURST,NORMAL
BZFD,1.4609,1.4513,10,-0.1,-0.66,FLOOR_BREACH,08:44:57 AM ET,08:44:57 AM ET,1.07,2,,P4_BURST,NORMAL
BZFD,1.49,1.52,4,0.37,2.51,FLOOR_BREACH,08:44:57 AM ET,08:44:57 AM ET,4.03,3,"PCT2,PCT4_AFTER2",P4_BURST,NORMAL
BZFD,1.48,1.49,10,0.1,0.68,STOCHK_TIER2,08:44:58 AM ET,08:44:58 AM ET,1.35,2,,P4_BURST,NORMAL
BZFD,1.52,1.4972,10,-0.23,-1.5,HARD_STOP,08:44:58 AM ET,08:44:58 AM ET,0.0,1,,P4_BURST,NORMAL
BZFD,1.6635,1.76,4,0.76,4.54,FLOOR_BREACH,08:44:58 AM ET,08:44:58 AM ET,8.81,3,"PCT2,PCT4_AFTER2",P4_BURST,NORMAL
BZFD,1.79,1.76315,10,-0.27,-1.5,HARD_STOP,08:44:58 AM ET,08:44:58 AM ET,1.7,2,,P4_BURST,NORMAL
BZFD,1.68,1.6547999999999998,10,-0.25,-1.5,HARD_STOP,08:44:59 AM ET,08:44:59 AM ET,1.19,2,,P4_BURST,NORMAL
BZFD,1.7801,1.7533985,10,-0.27,-1.5,HARD_STOP,08:44:59 AM ET,08:44:59 AM ET,0.0,1,,P4_BURST,NORMAL
BZFD,1.7711,1.7445335,10,-0.27,-1.5,HARD_STOP,08:44:59 AM ET,08:44:59 AM ET,0.0,1,,P4_BURST,NORMAL
BZFD,1.585,1.5612249999999999,10,-0.24,-1.5,HARD_STOP,08:44:59 AM ET,08:44:59 AM ET,0.0,1,,P4_BURST,NORMAL
BZFD,1.53,1.515,10,-0.15,-0.98,FLOOR_BREACH,08:44:59 AM ET,08:44:59 AM ET,1.81,2,,P4_BURST,NORMAL
BZFD,1.539,1.57,4,0.41,2.64,FLOOR_BREACH,08:45:00 AM ET,08:45:00 AM ET,4.62,3,"PCT2,PCT4_AFTER2",P4_BURST,NORMAL
BZFD,1.4599,1.454,10,-0.06,-0.4,FLOOR_BREACH,08:45:00 AM ET,08:45:00 AM ET,1.38,2,,P4_BURST,NORMAL
BZFD,1.465,1.4601,10,-0.05,-0.33,STOCHK_TIER1,08:45:00 AM ET,08:45:00 AM ET,0.32,1,,P4_BURST,NORMAL
BZFD,1.435,1.445,5,0.2,1.43,FLOOR_BREACH,08:45:00 AM ET,08:45:01 AM ET,3.13,3,PCT2,P4_BURST,NORMAL
BZFD,1.4951,1.51,10,0.15,1.0,STOCHK_TIER2,08:45:01 AM ET,08:45:01 AM ET,1.67,2,,P4_BURST,NORMAL
BZFD,1.5068,1.484198,10,-0.23,-1.5,HARD_STOP,08:45:02 AM ET,08:45:02 AM ET,0.0,1,,P4_BURST,NORMAL
BZFD,1.5072,1.5101,10,0.03,0.19,STOCHK_TIER1,08:45:02 AM ET,08:45:02 AM ET,0.85,1,,P4_BURST,NORMAL
BZFD,1.6,1.576,10,-0.24,-1.5,HARD_STOP,08:45:03 AM ET,08:45:03 AM ET,0.0,1,,P4_BURST,NORMAL
BZFD,1.5952,1.7,4,0.66,4.15,FLOOR_BREACH,08:45:03 AM ET,08:45:03 AM ET,9.39,3,"PCT2,PCT4_AFTER2",P4_BURST,NORMAL
BZFD,1.6056,1.581516,10,-0.24,-1.5,HARD_STOP,08:45:04 AM ET,08:45:04 AM ET,1.52,2,,P4_BURST,NORMAL
BZFD,1.6198,1.595503,10,-0.24,-1.5,HARD_STOP,08:45:05 AM ET,08:45:05 AM ET,0.0,1,,P4_BURST,NORMAL
BZFD,1.596,1.6,10,0.04,0.25,STOCHK_TIER2,08:45:05 AM ET,08:45:05 AM ET,1.19,2,,P4_BURST,NORMAL
BZFD,1.59,1.59,10,0.0,0.0,FLOOR_BREACH,08:45:06 AM ET,08:45:06 AM ET,1.89,2,,P4_BURST,NORMAL
OCG,2.5,2.5,10,0.0,0.0,EOD_CLOSE,08:45:06 AM ET,08:45:06 AM ET,0.0,1,,P4_BURST,NORMAL
BZFD,1.6099,1.6001,10,-0.1,-0.61,STOCHK_TIER1,08:45:06 AM ET,08:45:07 AM ET,0.8,1,,P4_BURST,NORMAL
BZFD,1.5699,1.5463515,10,-0.24,-1.5,HARD_STOP,08:45:07 AM ET,08:45:07 AM ET,0.0,1,,P4_BURST,NORMAL
BZFD,1.59,1.62,5,0.35,2.2,MACD_BEAR_T3,08:45:07 AM ET,08:45:08 AM ET,3.46,3,PCT2,P4_BURST,NORMAL
BZFD,1.645,1.645,10,0.0,0.0,FLOOR_BREACH,08:45:08 AM ET,08:45:08 AM ET,1.46,2,,P4_BURST,NORMAL
BZFD,1.6289,1.6044665,10,-0.24,-1.5,HARD_STOP,08:45:09 AM ET,08:45:09 AM ET,0.07,1,,P4_BURST,NORMAL
BZFD,1.5899,1.57,10,-0.2,-1.25,STOCHK_TIER1,08:45:09 AM ET,08:45:09 AM ET,0.0,1,,P4_BURST,NORMAL
BZFD,1.515,1.5006,10,-0.14,-0.95,STOCHK_TIER1,08:45:09 AM ET,08:45:10 AM ET,0.33,1,,P4_BURST,NORMAL
BZFD,1.4973,1.4748405,10,-0.22,-1.5,HARD_STOP,08:45:10 AM ET,08:45:10 AM ET,0.18,1,,P4_BURST,NORMAL
BZFD,1.5301,1.535,10,0.05,0.32,STOCHK_TIER2,08:45:12 AM ET,08:45:12 AM ET,1.88,2,,P4_BURST,NORMAL
BZFD,1.568,1.54448,10,-0.24,-1.5,HARD_STOP,08:45:12 AM ET,08:45:12 AM ET,0.0,1,,P4_BURST,NORMAL
BZFD,1.5373,1.5142405,10,-0.23,-1.5,HARD_STOP,08:45:13 AM ET,08:45:13 AM ET,0.0,1,,P4_BURST,NORMAL
BZFD,1.455,1.4436,10,-0.11,-0.78,STOCHK_TIER1,08:45:13 AM ET,08:45:13 AM ET,0.0,1,,P4_BURST,NORMAL
BZFD,1.365,1.3701,10,0.05,0.37,STOCHK_TIER2,08:45:14 AM ET,08:45:14 AM ET,1.83,2,,P4_BURST,NORMAL
BZFD,1.35,1.33,10,-0.2,-1.48,STOCHK_TIER1,08:45:14 AM ET,08:45:14 AM ET,0.0,1,,P4_BURST,NORMAL
BZFD,1.39,1.38,5,0.15,1.08,FLOOR_BREACH,08:45:15 AM ET,08:45:15 AM ET,2.88,2,PCT2,P4_BURST,NORMAL
BZFD,1.41,1.39,10,-0.2,-1.42,STOCHK_TIER1,08:45:15 AM ET,08:45:15 AM ET,0.0,1,,P4_BURST,NORMAL
BZFD,1.42,1.4002,10,-0.2,-1.39,STOCHK_TIER1,08:45:16 AM ET,08:45:16 AM ET,0.7,1,,P4_BURST,NORMAL
BZFD,1.41,1.43,5,0.25,1.77,STOCHK_TIER2,08:45:17 AM ET,08:45:17 AM ET,2.13,2,PCT2,P4_BURST,NORMAL
BZFD,1.44,1.42,10,-0.2,-1.39,STOCHK_TIER1,08:45:19 AM ET,08:45:19 AM ET,0.0,1,,P4_BURST,NORMAL
BZFD,1.43,1.42,10,-0.1,-0.7,STOCHK_TIER1,08:45:19 AM ET,08:45:19 AM ET,0.0,1,,P4_BURST,NORMAL
CGTL,1.01,0.99485,10,-0.15,-1.5,HARD_STOP,08:45:27 AM ET,08:45:27 AM ET,0.0,1,,P4_BURST,NORMAL
CGTL,0.6,0.71,3,0.96,16.0,FLOOR_BREACH,08:45:27 AM ET,08:45:27 AM ET,21.18,3,FAST4,P4_BURST,NORMAL
CGTL,0.7387,0.7276195,3,0.46,6.27,HARD_STOP,08:45:27 AM ET,08:45:27 AM ET,9.6,3,FAST4,P4_BURST,NORMAL
CGTL,0.808,0.79588,10,-0.12,-1.5,HARD_STOP,08:45:27 AM ET,08:45:27 AM ET,0.0,1,,P4_BURST,NORMAL
CGTL,0.73,0.71905,10,-0.11,-1.5,HARD_STOP,08:45:27 AM ET,08:45:27 AM ET,0.0,1,,P4_BURST,NORMAL
CGTL,0.697449,0.686987265,4,0.1,1.48,HARD_STOP,08:45:27 AM ET,08:45:27 AM ET,4.67,3,"PCT2,PCT4_AFTER2",P4_BURST,NORMAL
CGTL,0.7198,0.8277,3,0.68,9.44,FLOOR_BREACH,08:45:27 AM ET,08:45:27 AM ET,20.27,3,FAST4,P4_BURST,NORMAL
CGTL,0.809899,0.8008,10,-0.09,-1.12,FLOOR_BREACH,08:45:27 AM ET,08:45:27 AM ET,1.25,2,,P4_BURST,NORMAL
CGTL,0.8299,0.8174515,10,-0.12,-1.5,HARD_STOP,08:45:27 AM ET,08:45:27 AM ET,0.0,1,,P4_BURST,NORMAL
CGTL,0.8287,0.8162695,10,-0.12,-1.5,HARD_STOP,08:45:27 AM ET,08:45:27 AM ET,0.0,1,,P4_BURST,NORMAL
CGTL,0.801,0.8005,10,-0.01,-0.06,STOCHK_TIER1,08:45:27 AM ET,08:45:27 AM ET,0.0,1,,P4_BURST,NORMAL
CGTL,0.8485,0.8466,10,-0.02,-0.22,STOCHK_TIER1,08:45:27 AM ET,08:45:27 AM ET,0.18,1,,P4_BURST,NORMAL
CGTL,0.779501,0.7794,10,-0.0,-0.01,STOCHK_TIER1,08:45:27 AM ET,08:45:27 AM ET,0.0,1,,P4_BURST,NORMAL
CGTL,0.815,0.9899,4,0.85,10.43,FLOOR_BREACH,08:45:27 AM ET,08:45:27 AM ET,38.65,3,"PCT2,PCT4_AFTER2",P4_BURST,NORMAL
CGTL,1.04,1.1,3,0.71,6.85,FLOOR_BREACH,08:45:27 AM ET,08:45:27 AM ET,7.32,3,FAST4,P4_BURST,NORMAL
CGTL,1.03,1.01455,10,-0.15,-1.5,HARD_STOP,08:45:28 AM ET,08:45:28 AM ET,0.97,1,,P4_BURST,NORMAL
CGTL,1.0102,0.995047,10,-0.15,-1.5,HARD_STOP,08:45:28 AM ET,08:45:28 AM ET,0.0,1,,P4_BURST,NORMAL
CGTL,0.98,0.9652999999999999,10,-0.15,-1.5,HARD_STOP,08:45:28 AM ET,08:45:28 AM ET,0.0,1,,P4_BURST,NORMAL
CGTL,0.94,0.9321,10,-0.08,-0.84,STOCHK_TIER1,08:45:28 AM ET,08:45:28 AM ET,0.14,1,,P4_BURST,NORMAL
CGTL,0.865,0.8601,10,-0.05,-0.57,FLOOR_BREACH,08:45:28 AM ET,08:45:28 AM ET,1.61,2,,P4_BURST,NORMAL
CGTL,0.9335,0.9194975,10,-0.14,-1.5,HARD_STOP,08:45:28 AM ET,08:45:28 AM ET,0.0,1,,P4_BURST,NORMAL
CGTL,0.92,0.9062,10,-0.14,-1.5,HARD_STOP,08:45:28 AM ET,08:45:28 AM ET,0.12,1,,P4_BURST,NORMAL
CGTL,0.9321,0.9261,10,-0.06,-0.64,FLOOR_BREACH,08:45:28 AM ET,08:45:28 AM ET,1.56,2,,P4_BURST,NORMAL
CGTL,0.9097,0.8960545,10,-0.14,-1.5,HARD_STOP,08:45:28 AM ET,08:45:28 AM ET,0.0,1,,P4_BURST,NORMAL
CGTL,0.9,0.89,10,-0.1,-1.11,STOCHK_TIER1,08:45:29 AM ET,08:45:29 AM ET,0.0,1,,P4_BURST,NORMAL
CGTL,0.9001,0.8901,10,-0.1,-1.11,STOCHK_TIER1,08:45:29 AM ET,08:45:29 AM ET,0.0,1,,P4_BURST,NORMAL
STAK,3.22,3.1717,10,-0.48,-1.5,HARD_STOP,08:45:31 AM ET,08:45:31 AM ET,0.0,1,,P4_BURST,NORMAL
STAK,4.6,4.531,10,-0.69,-1.5,HARD_STOP,08:45:31 AM ET,08:45:31 AM ET,0.0,1,,P4_BURST,NORMAL
CRCD,2.305,2.2899,10,-0.15,-0.66,FLOOR_BREACH,08:45:31 AM ET,08:45:31 AM ET,1.08,2,,P4_BURST,NORMAL
CRCD,2.31,2.365,5,0.51,2.21,MACD_BEAR_T3,08:45:31 AM ET,08:45:31 AM ET,3.89,3,PCT2,P4_BURST,NORMAL
CRCD,2.37,2.4301,5,0.61,2.55,MACD_BEAR_T3,08:45:31 AM ET,08:45:31 AM ET,3.79,3,PCT2,P4_BURST,NORMAL
CRCD,2.46,2.471,10,0.11,0.45,MACD_BEAR_T1,08:45:31 AM ET,08:45:31 AM ET,0.81,1,,P4_BURST,NORMAL
CRCD,2.46,2.43,10,-0.3,-1.22,STOCHK_TIER1,08:45:31 AM ET,08:45:31 AM ET,0.0,1,,P4_BURST,NORMAL
CRCD,2.4999,2.48,10,-0.2,-0.8,STOCHK_TIER1,08:45:31 AM ET,08:45:31 AM ET,0.0,1,,P4_BURST,NORMAL
CRCD,2.4899,2.491,10,0.01,0.04,STOCHK_TIER2,08:45:31 AM ET,08:45:31 AM ET,1.2,2,,P4_BURST,NORMAL
CRCD,2.44,2.4299,10,-0.1,-0.41,STOCHK_TIER1,08:45:31 AM ET,08:45:31 AM ET,0.04,1,,P4_BURST,NORMAL
CRCD,2.41,2.42,10,0.1,0.41,STOCHK_TIER2,08:45:31 AM ET,08:45:31 AM ET,1.16,2,,P4_BURST,NORMAL
CRCD,2.4597,2.4301,10,-0.3,-1.2,STOCHK_TIER1,08:45:31 AM ET,08:45:31 AM ET,0.0,1,,P4_BURST,NORMAL
CRCD,2.415,2.4101,10,-0.05,-0.2,STOCHK_TIER1,08:45:31 AM ET,08:45:31 AM ET,0.25,1,,P4_BURST,NORMAL
CRCD,2.415,2.411,10,-0.04,-0.17,STOCHK_TIER1,08:45:31 AM ET,08:45:31 AM ET,0.21,1,,P4_BURST,NORMAL
CRCD,2.455,2.46,10,0.05,0.2,STOCHK_TIER1,08:45:32 AM ET,08:45:32 AM ET,0.58,1,,P4_BURST,NORMAL
CRCD,2.48,2.4735,10,-0.06,-0.26,MACD_BEAR_T1,08:45:32 AM ET,08:45:32 AM ET,0.0,1,,P4_BURST,NORMAL
CRCD,2.52,2.555,10,0.35,1.39,STOCHK_TIER2,08:45:32 AM ET,08:45:32 AM ET,1.98,2,,P4_BURST,NORMAL
CRCD,2.5398,2.54,10,0.0,0.01,STOCHK_TIER1,08:45:32 AM ET,08:45:32 AM ET,0.99,1,,P4_BURST,NORMAL
CRCD,2.495,2.49,10,-0.05,-0.2,STOCHK_TIER1,08:45:32 AM ET,08:45:32 AM ET,0.0,1,,P4_BURST,NORMAL
CRCD,2.45,2.46,10,0.1,0.41,STOCHK_TIER2,08:45:32 AM ET,08:45:32 AM ET,1.43,2,,P4_BURST,NORMAL
CRCD,2.455,2.4499,10,-0.05,-0.21,STOCHK_TIER1,08:45:32 AM ET,08:45:32 AM ET,0.2,1,,P4_BURST,NORMAL
CRCD,2.45,2.45,10,0.0,0.0,STOCHK_TIER1,08:45:32 AM ET,08:45:32 AM ET,0.78,1,,P4_BURST,NORMAL
CRCD,2.44,2.4701,5,0.45,1.85,STOCHK_TIER2,08:45:32 AM ET,08:45:32 AM ET,2.46,2,PCT2,P4_BURST,NORMAL
CRCD,2.46,2.445,10,-0.15,-0.61,STOCHK_TIER1,08:45:33 AM ET,08:45:33 AM ET,0.52,1,,P4_BURST,NORMAL
CRCD,2.455,2.46,10,0.05,0.2,STOCHK_TIER2,08:45:33 AM ET,08:45:33 AM ET,1.43,2,,P4_BURST,NORMAL
CRCD,2.4899,2.495,10,0.05,0.2,STOCHK_TIER1,08:45:33 AM ET,08:45:33 AM ET,0.81,1,,P4_BURST,NORMAL
CRCD,2.43,2.4302,10,0.0,0.01,STOCHK_TIER1,08:45:33 AM ET,08:45:33 AM ET,0.01,1,,P4_BURST,NORMAL
CRCD,2.46,2.46,10,0.0,0.0,FLOOR_BREACH,08:45:33 AM ET,08:45:33 AM ET,1.22,2,,P4_BURST,NORMAL
CRCD,2.45,2.46,10,0.1,0.41,STOCHK_TIER1,08:45:33 AM ET,08:45:34 AM ET,0.82,1,,P4_BURST,NORMAL
CRCD,2.43,2.42,10,-0.1,-0.41,STOCHK_TIER1,08:45:34 AM ET,08:45:34 AM ET,0.41,1,,P4_BURST,NORMAL
CVM,1.0465,1.0403,10,-0.06,-0.59,STOCHK_TIER1,08:45:34 AM ET,08:45:34 AM ET,0.0,1,,P4_BURST,NORMAL
ELPW,2.76,2.75,10,-0.1,-0.36,STOCHK_TIER1,08:45:35 AM ET,08:45:35 AM ET,0.72,1,,P4_BURST,NORMAL
ELPW,2.74,2.8,3,1.02,3.72,FLOOR_BREACH,08:45:35 AM ET,08:45:35 AM ET,4.38,3,FAST4,P4_BURST,NORMAL
ELPW,2.77,2.72845,10,-0.42,-1.5,HARD_STOP,08:45:35 AM ET,08:45:35 AM ET,0.0,1,,P4_BURST,NORMAL
ELPW,2.73,2.71,10,-0.2,-0.73,STOCHK_TIER1,08:45:35 AM ET,08:45:35 AM ET,0.73,1,,P4_BURST,NORMAL
ELPW,2.65,2.65,5,0.35,1.32,FLOOR_BREACH,08:45:35 AM ET,08:45:35 AM ET,2.64,2,PCT2,P4_BURST,NORMAL
ELPW,2.67,2.63,10,-0.4,-1.5,STOCHK_TIER1,08:45:35 AM ET,08:45:35 AM ET,0.36,1,,P4_BURST,NORMAL
ELPW,2.7,2.67,10,-0.3,-1.11,STOCHK_TIER1,08:45:35 AM ET,08:45:35 AM ET,0.2,1,,P4_BURST,NORMAL
ELPW,3.03,3.031,3,0.98,3.24,FLOOR_BREACH,08:45:35 AM ET,08:45:35 AM ET,4.62,3,FAST4,P4_BURST,NORMAL
ELPW,2.9003,2.8607,10,-0.4,-1.37,STOCHK_TIER1,08:45:35 AM ET,08:45:35 AM ET,0.0,1,,P4_BURST,NORMAL
ELPW,2.93,2.88605,10,-0.44,-1.5,HARD_STOP,08:45:35 AM ET,08:45:35 AM ET,0.0,1,,P4_BURST,NORMAL
ELPW,2.92,2.89,10,-0.3,-1.03,MACD_BEAR_T1,08:45:35 AM ET,08:45:35 AM ET,0.0,1,,P4_BURST,NORMAL
ELPW,2.9,2.92,5,0.45,1.55,STOCHK_TIER2,08:45:35 AM ET,08:45:35 AM ET,2.41,2,PCT2,P4_BURST,NORMAL
ELPW,2.9203,2.94,5,0.4,1.36,STOCHK_TIER2,08:45:35 AM ET,08:45:35 AM ET,2.73,2,PCT2,P4_BURST,NORMAL
ELPW,2.98,2.94,10,-0.4,-1.34,STOCHK_TIER1,08:45:36 AM ET,08:45:36 AM ET,0.0,1,,P4_BURST,NORMAL
ELPW,2.95,2.9057500000000003,10,-0.44,-1.5,HARD_STOP,08:45:36 AM ET,08:45:36 AM ET,0.0,1,,P4_BURST,NORMAL
ELPW,2.88,2.8367999999999998,10,-0.43,-1.5,HARD_STOP,08:45:36 AM ET,08:45:36 AM ET,0.0,1,,P4_BURST,NORMAL
ELPW,2.85,2.83,10,-0.2,-0.7,MACD_BEAR_T1,08:45:36 AM ET,08:45:36 AM ET,0.0,1,,P4_BURST,NORMAL
FABC,4.1999,4.1369015000000005,10,-0.63,-1.5,HARD_STOP,08:45:37 AM ET,08:45:37 AM ET,0.0,1,,P4_BURST,NORMAL
FABC,4.06,3.9990999999999994,10,-0.61,-1.5,HARD_STOP,08:45:37 AM ET,08:45:37 AM ET,0.0,1,,P4_BURST,NORMAL
FABC,4.085,4.023725,10,-0.61,-1.5,HARD_STOP,08:45:37 AM ET,08:45:37 AM ET,0.0,1,,P4_BURST,NORMAL
FABC,3.99,3.95,10,-0.4,-1.0,STOCHK_TIER1,08:45:37 AM ET,08:45:37 AM ET,0.0,1,,P4_BURST,NORMAL
FABC,4.0,3.975,10,-0.25,-0.62,STOCHK_TIER1,08:45:37 AM ET,08:45:37 AM ET,0.25,1,,P4_BURST,NORMAL
FABC,3.9101,4.1,4,1.37,3.5,FLOOR_BREACH,08:45:37 AM ET,08:45:37 AM ET,6.38,3,"PCT2,PCT4_AFTER2",P4_BURST,NORMAL
FABC,4.3499,4.3125,10,-0.37,-0.86,STOCHK_TIER1,08:45:37 AM ET,08:45:37 AM ET,0.0,1,,P4_BURST,NORMAL
FABC,4.31,4.34,5,0.6,1.39,STOCHK_TIER2,08:45:37 AM ET,08:45:37 AM ET,2.09,2,PCT2,P4_BURST,NORMAL
FABC,4.3,4.2355,10,-0.64,-1.5,HARD_STOP,08:45:37 AM ET,08:45:37 AM ET,0.93,1,,P4_BURST,NORMAL
AEHL,5.0,4.925,10,-0.75,-1.5,HARD_STOP,08:45:37 AM ET,08:45:37 AM ET,0.0,1,,P4_BURST,NORMAL
FABC,4.1799,4.22,5,0.8,1.9,FLOOR_BREACH,08:45:37 AM ET,08:45:37 AM ET,3.35,3,PCT2,P4_BURST,NORMAL
FABC,4.27,4.262,10,-0.08,-0.19,STOCHK_TIER1,08:45:37 AM ET,08:45:37 AM ET,0.91,1,,P4_BURST,NORMAL
FABC,4.24,4.23,10,-0.1,-0.24,STOCHK_TIER1,08:45:37 AM ET,08:45:37 AM ET,0.71,1,,P4_BURST,NORMAL
FABC,4.248,4.18428,10,-0.64,-1.5,HARD_STOP,08:45:37 AM ET,08:45:37 AM ET,0.05,1,,P4_BURST,NORMAL
FABC,4.24,4.281,10,0.41,0.97,STOCHK_TIER2,08:45:38 AM ET,08:45:38 AM ET,1.89,2,,P4_BURST,NORMAL
FABC,4.2664,4.241,10,-0.25,-0.6,STOCHK_TIER1,08:45:38 AM ET,08:45:38 AM ET,0.2,1,,P4_BURST,NORMAL
FABC,4.23,4.415,4,1.56,3.69,FLOOR_BREACH,08:45:38 AM ET,08:45:38 AM ET,5.91,3,"PCT2,PCT4_AFTER2",P4_BURST,NORMAL
FABC,4.57,4.5507,10,-0.19,-0.42,FLOOR_BREACH,08:45:38 AM ET,08:45:38 AM ET,1.53,2,,P4_BURST,NORMAL
FABC,4.58,4.5202,10,-0.6,-1.31,STOCHK_TIER1,08:45:38 AM ET,08:45:38 AM ET,0.0,1,,P4_BURST,NORMAL
FABC,4.6199,4.58,10,-0.4,-0.86,FLOOR_BREACH,08:45:38 AM ET,08:45:38 AM ET,1.3,2,,P4_BURST,NORMAL
FABC,4.74,4.6689,10,-0.71,-1.5,HARD_STOP,08:45:38 AM ET,08:45:38 AM ET,1.05,2,,P4_BURST,NORMAL
FABC,4.69,4.6501,10,-0.4,-0.85,STOCHK_TIER1,08:45:38 AM ET,08:45:38 AM ET,0.0,1,,P4_BURST,NORMAL
FABC,4.8299,4.7877,10,-0.42,-0.87,MACD_BEAR_T1,08:45:39 AM ET,08:45:39 AM ET,0.42,1,,P4_BURST,NORMAL
FABC,4.88,4.8068,10,-0.73,-1.5,HARD_STOP,08:45:39 AM ET,08:45:39 AM ET,0.0,1,,P4_BURST,NORMAL
FABC,4.9497,4.8754545,10,-0.74,-1.5,HARD_STOP,08:45:39 AM ET,08:45:39 AM ET,0.0,1,,P4_BURST,NORMAL
FABC,5.0099,4.975,10,-0.35,-0.7,MACD_BEAR_T1,08:45:39 AM ET,08:45:39 AM ET,0.0,1,,P4_BURST,NORMAL
FABC,4.8291,4.92,5,1.13,2.35,MACD_BEAR_T3,08:45:39 AM ET,08:45:39 AM ET,3.54,3,PCT2,P4_BURST,NORMAL
FABC,4.94,4.93,10,-0.1,-0.2,FLOOR_BREACH,08:45:39 AM ET,08:45:39 AM ET,1.27,2,,P4_BURST,NORMAL
FABC,4.85,4.825,10,-0.25,-0.52,STOCHK_TIER1,08:45:39 AM ET,08:45:39 AM ET,0.52,1,,P4_BURST,NORMAL
FABC,4.9211,4.8472835,5,0.13,0.25,HARD_STOP,08:45:40 AM ET,08:45:40 AM ET,2.01,2,PCT2,P4_BURST,NORMAL
FABC,4.82,4.8,5,0.4,0.83,FLOOR_BREACH,08:45:40 AM ET,08:45:40 AM ET,2.9,2,PCT2,P4_BURST,NORMAL
FABC,4.85,4.81,10,-0.4,-0.82,STOCHK_TIER1,08:45:40 AM ET,08:45:40 AM ET,0.0,1,,P4_BURST,NORMAL
FABC,4.89,4.816649999999999,10,-0.73,-1.5,HARD_STOP,08:45:40 AM ET,08:45:40 AM ET,0.0,1,,P4_BURST,NORMAL
FABC,4.8448,4.82,10,-0.25,-0.51,STOCHK_TIER1,08:45:40 AM ET,08:45:40 AM ET,0.09,1,,P4_BURST,NORMAL
FABC,4.85,4.78,10,-0.7,-1.44,STOCHK_TIER1,08:45:41 AM ET,08:45:41 AM ET,0.0,1,,P4_BURST,NORMAL
FABC,4.8,4.83,5,0.65,1.35,FLOOR_BREACH,08:45:41 AM ET,08:45:41 AM ET,3.75,3,PCT2,P4_BURST,NORMAL
FCHL,1.78,1.7533,10,-0.27,-1.5,HARD_STOP,08:45:42 AM ET,08:45:42 AM ET,0.0,1,,P4_BURST,NORMAL
FCHL,1.78,1.82,4,0.5,2.81,FLOOR_BREACH,08:45:42 AM ET,08:45:42 AM ET,5.06,3,"PCT2,PCT4_AFTER2",P4_BURST,NORMAL
FCHL,1.79,1.7899,10,-0.0,-0.01,FLOOR_BREACH,08:45:42 AM ET,08:45:42 AM ET,1.12,2,,P4_BURST,NORMAL
FCHL,1.77,1.95,4,1.1,6.21,FLOOR_BREACH,08:45:42 AM ET,08:45:42 AM ET,11.88,3,"PCT2,PCT4_AFTER2",P4_BURST,NORMAL
FCHL,1.79,1.81,5,0.4,2.23,FLOOR_BREACH,08:45:42 AM ET,08:45:42 AM ET,3.35,3,PCT2,P4_BURST,NORMAL
FCHL,1.84,1.83,10,-0.1,-0.54,MACD_BEAR_T1,08:45:42 AM ET,08:45:42 AM ET,0.0,1,,P4_BURST,NORMAL
BNKK,2.8077,2.7655845,10,-0.42,-1.5,HARD_STOP,08:45:42 AM ET,08:45:42 AM ET,1.86,2,,P4_BURST,NORMAL
HPAI,1.19,1.17215,10,-0.18,-1.5,HARD_STOP,08:45:44 AM ET,08:45:44 AM ET,0.0,1,,P4_BURST,NORMAL
HTCO,8.9922,8.857317,10,-1.35,-1.5,HARD_STOP,08:45:45 AM ET,08:45:45 AM ET,0.0,1,,P4_BURST,NORMAL
HTCO,9.09,8.95365,10,-1.36,-1.5,HARD_STOP,08:45:45 AM ET,08:45:45 AM ET,1.23,2,,P4_BURST,NORMAL
HTCO,9.04,8.904399999999999,10,-1.36,-1.5,HARD_STOP,08:45:45 AM ET,08:45:45 AM ET,0.0,1,,P4_BURST,NORMAL
HTCO,9.03,8.96,10,-0.7,-0.78,STOCHK_TIER1,08:45:45 AM ET,08:45:45 AM ET,0.11,1,,P4_BURST,NORMAL
HTCO,9.8,9.653,10,-1.47,-1.5,HARD_STOP,08:45:45 AM ET,08:45:45 AM ET,0.92,1,,P4_BURST,NORMAL
HTCO,9.6,9.456,10,-1.44,-1.5,HARD_STOP,08:45:45 AM ET,08:45:45 AM ET,0.0,1,,P4_BURST,NORMAL
HTCO,9.57,9.42645,10,-1.44,-1.5,HARD_STOP,08:45:45 AM ET,08:45:45 AM ET,0.0,1,,P4_BURST,NORMAL
HTCO,9.8,9.653,10,-1.47,-1.5,HARD_STOP,08:45:46 AM ET,08:45:46 AM ET,0.0,1,,P4_BURST,NORMAL
HTCO,9.58,9.5,10,-0.8,-0.84,STOCHK_TIER1,08:45:46 AM ET,08:45:46 AM ET,0.0,1,,P4_BURST,NORMAL
HTCO,9.76,9.6136,10,-1.46,-1.5,HARD_STOP,08:45:46 AM ET,08:45:46 AM ET,0.0,1,,P4_BURST,NORMAL
HTCO,9.74,10.04,4,2.67,2.74,FLOOR_BREACH,08:45:46 AM ET,08:45:46 AM ET,4.83,3,"PCT2,PCT4_AFTER2",P4_BURST,NORMAL
HTCO,9.35,9.3,10,-0.5,-0.53,FLOOR_BREACH,08:45:46 AM ET,08:45:46 AM ET,1.07,2,,P4_BURST,NORMAL
HTCO,9.21,9.14,10,-0.7,-0.76,STOCHK_TIER1,08:45:46 AM ET,08:45:47 AM ET,0.0,1,,P4_BURST,NORMAL
HTCO,9.1,8.9635,10,-1.36,-1.5,HARD_STOP,08:45:47 AM ET,08:45:47 AM ET,0.14,1,,P4_BURST,NORMAL
HTCO,9.34,9.1999,10,-1.4,-1.5,HARD_STOP,08:45:47 AM ET,08:45:47 AM ET,0.0,1,,P4_BURST,NORMAL
HTCO,9.35,9.20975,10,-1.4,-1.5,HARD_STOP,08:45:47 AM ET,08:45:47 AM ET,0.0,1,,P4_BURST,NORMAL
HTCO,8.74,8.6089,10,-1.31,-1.5,HARD_STOP,08:45:48 AM ET,08:45:48 AM ET,0.0,1,,P4_BURST,NORMAL
HTCO,7.94,7.8209,10,-1.19,-1.5,HARD_STOP,08:45:48 AM ET,08:45:48 AM ET,0.0,1,,P4_BURST,NORMAL
HTCO,8.38,8.2543,10,-1.26,-1.5,HARD_STOP,08:45:48 AM ET,08:45:48 AM ET,0.0,1,,P4_BURST,NORMAL
HTCO,8.6,8.471,10,-1.29,-1.5,HARD_STOP,08:45:49 AM ET,08:45:49 AM ET,0.0,1,,P4_BURST,NORMAL
HTCO,8.8,8.865,10,0.65,0.74,MACD_BEAR_T2,08:45:49 AM ET,08:45:49 AM ET,1.65,2,,P4_BURST,NORMAL
HTCO,8.79,9.07,3,3.85,4.38,FLOOR_BREACH,08:45:49 AM ET,08:45:49 AM ET,6.37,3,FAST4,P4_BURST,NORMAL
HTCO,9.0999,9.19,5,1.45,1.59,MACD_BEAR_T2,08:45:50 AM ET,08:45:50 AM ET,2.2,2,PCT2,P4_BURST,NORMAL
HTCO,9.2102,9.24,10,0.3,0.32,STOCHK_TIER2,08:45:50 AM ET,08:45:50 AM ET,1.41,2,,P4_BURST,NORMAL
HTCO,9.25,9.89,4,4.03,4.36,FLOOR_BREACH,08:45:50 AM ET,08:45:50 AM ET,9.41,3,"PCT2,PCT4_AFTER2",P4_BURST,NORMAL
HTCO,10.08,10.54,4,3.88,3.85,FLOOR_BREACH,08:45:51 AM ET,08:45:51 AM ET,6.85,3,"PCT2,PCT4_AFTER2",P4_BURST,NORMAL
HTCO,10.34,10.184899999999999,10,-1.55,-1.5,HARD_STOP,08:45:51 AM ET,08:45:51 AM ET,0.0,1,,P4_BURST,NORMAL
HTCO,10.315,10.160274999999999,10,-1.55,-1.5,HARD_STOP,08:45:51 AM ET,08:45:51 AM ET,0.53,1,,P4_BURST,NORMAL
HTCO,10.87,10.706949999999999,10,-1.63,-1.5,HARD_STOP,08:45:51 AM ET,08:45:51 AM ET,0.0,1,,P4_BURST,NORMAL
HTCO,10.7,10.539499999999999,10,-1.61,-1.5,HARD_STOP,08:45:51 AM ET,08:45:51 AM ET,0.0,1,,P4_BURST,NORMAL
HTCO,10.6,10.47,10,-1.3,-1.23,STOCHK_TIER1,08:45:52 AM ET,08:45:52 AM ET,0.0,1,,P4_BURST,NORMAL
HTCO,10.51,11.45,4,5.4,5.14,FLOOR_BREACH,08:45:52 AM ET,08:45:52 AM ET,13.59,3,"PCT2,PCT4_AFTER2",P4_BURST,NORMAL
HTCO,11.2,11.13,10,-0.7,-0.62,STOCHK_TIER1,08:45:52 AM ET,08:45:52 AM ET,0.71,1,,P4_BURST,NORMAL
HTCO,10.7599,10.5985015,10,-1.61,-1.5,HARD_STOP,08:45:53 AM ET,08:45:53 AM ET,0.0,1,,P4_BURST,NORMAL
HTCO,10.6391,10.51,10,-1.29,-1.21,STOCHK_TIER1,08:45:53 AM ET,08:45:53 AM ET,0.57,1,,P4_BURST,NORMAL
HTCO,10.56,10.5,10,-0.6,-0.57,MACD_BEAR_T1,08:45:53 AM ET,08:45:53 AM ET,0.0,1,,P4_BURST,NORMAL
HTCO,10.4,10.38,10,-0.2,-0.19,STOCHK_TIER1,08:45:53 AM ET,08:45:53 AM ET,0.58,1,,P4_BURST,NORMAL
HTCO,10.945,10.780825,10,-1.64,-1.5,HARD_STOP,08:45:53 AM ET,08:45:53 AM ET,0.0,1,,P4_BURST,NORMAL
HTCO,10.85,10.687249999999999,10,-1.63,-1.5,HARD_STOP,08:45:54 AM ET,08:45:54 AM ET,0.0,1,,P4_BURST,NORMAL
HTCO,10.57,10.51,10,-0.6,-0.57,STOCHK_TIER1,08:45:54 AM ET,08:45:54 AM ET,0.0,1,,P4_BURST,NORMAL
HTCO,9.96,9.8106,10,-1.49,-1.5,HARD_STOP,08:45:54 AM ET,08:45:54 AM ET,0.0,1,,P4_BURST,NORMAL
HTCO,9.955,10.22,3,4.12,4.14,FLOOR_BREACH,08:45:54 AM ET,08:45:55 AM ET,4.77,3,FAST4,P4_BURST,NORMAL
HTCO,10.245,10.2207,10,-0.24,-0.24,STOCHK_TIER1,08:45:55 AM ET,08:45:55 AM ET,0.54,1,,P4_BURST,NORMAL
HTCO,10.0282,10.02,10,-0.08,-0.08,STOCHK_TIER1,08:45:55 AM ET,08:45:55 AM ET,0.99,1,,P4_BURST,NORMAL
HTCO,9.97,9.8807,10,-0.89,-0.9,STOCHK_TIER1,08:45:55 AM ET,08:45:55 AM ET,0.3,1,,P4_BURST,NORMAL
HTCO,9.94,9.8,10,-1.4,-1.41,STOCHK_TIER1,08:45:56 AM ET,08:45:56 AM ET,0.0,1,,P4_BURST,NORMAL
HTCO,10.13,10.3816,4,2.52,2.48,FLOOR_BREACH,08:45:56 AM ET,08:45:57 AM ET,4.15,3,"PCT2,PCT4_AFTER2",P4_BURST,NORMAL
HTCO,10.6976,10.537136,10,-1.6,-1.5,HARD_STOP,08:45:57 AM ET,08:45:57 AM ET,0.0,1,,P4_BURST,NORMAL
HTCO,11.2,11.1,10,-1.0,-0.89,STOCHK_TIER1,08:45:58 AM ET,08:45:58 AM ET,0.0,1,,P4_BURST,NORMAL
HTCO,11.03,10.86455,10,-1.65,-1.5,HARD_STOP,08:45:58 AM ET,08:45:58 AM ET,0.0,1,,P4_BURST,NORMAL
HTCO,10.7,10.539499999999999,10,-1.61,-1.5,HARD_STOP,08:45:58 AM ET,08:45:58 AM ET,0.0,1,,P4_BURST,NORMAL
HTCO,10.49,10.33265,10,-1.57,-1.5,HARD_STOP,08:45:58 AM ET,08:45:58 AM ET,0.0,1,,P4_BURST,NORMAL
HTCO,10.5,10.3425,10,-1.58,-1.5,HARD_STOP,08:45:59 AM ET,08:45:59 AM ET,0.0,1,,P4_BURST,NORMAL
HTCO,10.2497,10.095954500000001,10,-1.54,-1.5,HARD_STOP,08:45:59 AM ET,08:45:59 AM ET,0.0,1,,P4_BURST,NORMAL
HTCO,10.1106,9.958941,10,-1.52,-1.5,HARD_STOP,08:46:00 AM ET,08:46:00 AM ET,1.08,2,,P4_BURST,NORMAL
HTCO,10.2,10.046999999999999,10,-1.53,-1.5,HARD_STOP,08:46:00 AM ET,08:46:00 AM ET,0.0,1,,P4_BURST,NORMAL
HTCO,10.1697,10.0171545,10,-1.53,-1.5,HARD_STOP,08:46:00 AM ET,08:46:00 AM ET,0.0,1,,P4_BURST,NORMAL
HTCO,10.01,10.01,10,0.0,0.0,STOCHK_TIER1,08:46:00 AM ET,08:46:00 AM ET,0.9,1,,P4_BURST,NORMAL
IONZ,3.4882,3.5599,4,0.81,2.33,FLOOR_BREACH,08:46:05 AM ET,08:46:05 AM ET,4.93,3,"PCT2,PCT4_AFTER2",P4_BURST,NORMAL
LESL,2.07,2.0601,10,-0.1,-0.48,FLOOR_BREACH,08:46:05 AM ET,08:46:05 AM ET,1.45,2,,P4_BURST,NORMAL
IONZ,3.555,3.6101,5,0.7,1.97,MACD_BEAR_T3,08:46:05 AM ET,08:46:05 AM ET,3.23,3,PCT2,P4_BURST,NORMAL
IONZ,3.6199,3.62,10,0.0,0.0,STOCHK_TIER1,08:46:05 AM ET,08:46:05 AM ET,0.83,1,,P4_BURST,NORMAL
IONZ,3.68,3.7819,4,0.93,2.53,FLOOR_BREACH,08:46:05 AM ET,08:46:05 AM ET,4.48,3,"PCT2,PCT4_AFTER2",P4_BURST,NORMAL
IONZ,3.8999,3.875,10,-0.25,-0.64,STOCHK_TIER1,08:46:05 AM ET,08:46:05 AM ET,0.0,1,,P4_BURST,NORMAL
IONZ,3.86,3.85,10,-0.1,-0.26,STOCHK_TIER1,08:46:05 AM ET,08:46:05 AM ET,0.39,1,,P4_BURST,NORMAL
IONZ,3.8703,3.8601,10,-0.1,-0.26,STOCHK_TIER1,08:46:05 AM ET,08:46:05 AM ET,0.12,1,,P4_BURST,NORMAL
LESL,2.5,2.4625,10,-0.38,-1.5,HARD_STOP,08:46:05 AM ET,08:46:05 AM ET,0.0,1,,P4_BURST,NORMAL
IONZ,3.89,3.915,10,0.25,0.64,STOCHK_TIER2,08:46:05 AM ET,08:46:05 AM ET,1.79,2,,P4_BURST,NORMAL
IONZ,3.865,3.87,10,0.05,0.13,STOCHK_TIER1,08:46:05 AM ET,08:46:05 AM ET,0.91,1,,P4_BURST,NORMAL
IONZ,3.88,3.8901,10,0.1,0.26,STOCHK_TIER1,08:46:05 AM ET,08:46:05 AM ET,0.52,1,,P4_BURST,NORMAL
IONZ,3.91,3.902,10,-0.08,-0.2,STOCHK_TIER1,08:46:05 AM ET,08:46:05 AM ET,0.26,1,,P4_BURST,NORMAL
LESL,2.595,2.5560750000000003,5,0.08,0.31,HARD_STOP,08:46:05 AM ET,08:46:05 AM ET,2.12,2,PCT2,P4_BURST,NORMAL
IONZ,3.94,3.9522,10,0.12,0.31,STOCHK_TIER1,08:46:05 AM ET,08:46:05 AM ET,0.51,1,,P4_BURST,NORMAL
IONZ,4.02,4.0278,10,0.08,0.19,STOCHK_TIER1,08:46:05 AM ET,08:46:05 AM ET,0.5,1,,P4_BURST,NORMAL
IONZ,4.065,4.045,10,-0.2,-0.49,STOCHK_TIER1,08:46:05 AM ET,08:46:05 AM ET,0.0,1,,P4_BURST,NORMAL
LESL,3.0737,3.11,3,1.27,4.14,FLOOR_BREACH,08:46:05 AM ET,08:46:05 AM ET,5.41,3,FAST4,P4_BURST,NORMAL
IONZ,4.01,3.9902,10,-0.2,-0.49,STOCHK_TIER1,08:46:05 AM ET,08:46:05 AM ET,0.12,1,,P4_BURST,NORMAL
IONZ,3.94,3.931,10,-0.09,-0.23,STOCHK_TIER1,08:46:06 AM ET,08:46:06 AM ET,0.0,1,,P4_BURST,NORMAL
LESL,3.53,3.4770499999999998,10,-0.53,-1.5,HARD_STOP,08:46:06 AM ET,08:46:06 AM ET,0.22,1,,P4_BURST,NORMAL
IONZ,3.9,3.94,10,0.4,1.03,STOCHK_TIER2,08:46:06 AM ET,08:46:06 AM ET,1.54,2,,P4_BURST,NORMAL
LESL,3.94,3.94,10,0.0,0.0,FLOOR_BREACH,08:46:06 AM ET,08:46:06 AM ET,1.26,2,,P4_BURST,NORMAL
IONZ,3.88,3.8601,10,-0.2,-0.51,STOCHK_TIER1,08:46:06 AM ET,08:46:06 AM ET,0.26,1,,P4_BURST,NORMAL
IONZ,3.89,3.8984,10,0.08,0.22,STOCHK_TIER1,08:46:06 AM ET,08:46:06 AM ET,0.77,1,,P4_BURST,NORMAL
IONZ,3.925,3.91,10,-0.15,-0.38,STOCHK_TIER1,08:46:06 AM ET,08:46:06 AM ET,0.0,1,,P4_BURST,NORMAL
IONZ,3.8883,3.831,10,-0.57,-1.47,STOCHK_TIER1,08:46:06 AM ET,08:46:06 AM ET,0.0,1,,P4_BURST,NORMAL
IONZ,3.8,3.7801,10,-0.2,-0.52,STOCHK_TIER1,08:46:06 AM ET,08:46:06 AM ET,0.0,1,,P4_BURST,NORMAL
IONZ,3.7299,3.72,10,-0.1,-0.27,STOCHK_TIER1,08:46:06 AM ET,08:46:06 AM ET,0.27,1,,P4_BURST,NORMAL
IONZ,3.75,3.74,10,-0.1,-0.27,STOCHK_TIER1,08:46:06 AM ET,08:46:07 AM ET,0.13,1,,P4_BURST,NORMAL
IONZ,3.7099,3.68,10,-0.3,-0.81,STOCHK_TIER1,08:46:07 AM ET,08:46:07 AM ET,0.0,1,,P4_BURST,NORMAL
IONZ,3.745,3.74,10,-0.05,-0.13,MACD_BEAR_T1,08:46:07 AM ET,08:46:07 AM ET,0.27,1,,P4_BURST,NORMAL
IONZ,3.81,3.7918,10,-0.18,-0.48,STOCHK_TIER1,08:46:07 AM ET,08:46:07 AM ET,0.0,1,,P4_BURST,NORMAL
IONZ,3.74,3.73,10,-0.1,-0.27,STOCHK_TIER1,08:46:07 AM ET,08:46:07 AM ET,0.13,1,,P4_BURST,NORMAL
IONZ,3.76,3.74,10,-0.2,-0.53,STOCHK_TIER1,08:46:07 AM ET,08:46:08 AM ET,0.0,1,,P4_BURST,NORMAL
IONZ,3.6485,3.635,10,-0.14,-0.37,STOCHK_TIER1,08:46:08 AM ET,08:46:08 AM ET,0.0,1,,P4_BURST,NORMAL
IONZ,3.6202,3.6322,10,0.12,0.33,STOCHK_TIER1,08:46:08 AM ET,08:46:08 AM ET,0.55,1,,P4_BURST,NORMAL
IONZ,3.65,3.62,10,-0.3,-0.82,STOCHK_TIER1,08:46:08 AM ET,08:46:08 AM ET,0.82,1,,P4_BURST,NORMAL
IONZ,3.65,3.64,10,-0.1,-0.27,STOCHK_TIER1,08:46:09 AM ET,08:46:09 AM ET,0.0,1,,P4_BURST,NORMAL
IONZ,3.6303,3.63,10,-0.0,-0.01,STOCHK_TIER1,08:46:09 AM ET,08:46:09 AM ET,0.27,1,,P4_BURST,NORMAL
IONZ,3.62,3.61,10,-0.1,-0.28,STOCHK_TIER1,08:46:09 AM ET,08:46:09 AM ET,0.0,1,,P4_BURST,NORMAL
LNKS,1.8496,1.8496,10,0.0,0.0,EOD_CLOSE,08:46:10 AM ET,08:46:10 AM ET,0.0,1,,P4_BURST,NORMAL
MOBX,3.0787,3.0325195,10,-0.46,-1.5,HARD_STOP,08:46:10 AM ET,08:46:10 AM ET,0.0,1,,P4_BURST,NORMAL
IONZ,3.55,3.54,10,-0.1,-0.28,STOCHK_TIER1,08:46:10 AM ET,08:46:10 AM ET,0.0,1,,P4_BURST,NORMAL
MOBX,3.34,3.84,3,4.51,13.5,FLOOR_BREACH,08:46:10 AM ET,08:46:10 AM ET,20.66,3,FAST4,P4_BURST,NORMAL
MOBX,3.3,3.295,5,0.45,1.36,FLOOR_BREACH,08:46:10 AM ET,08:46:10 AM ET,2.87,2,PCT2,P4_BURST,NORMAL
MOBX,3.3901,3.3392485,10,-0.51,-1.5,HARD_STOP,08:46:11 AM ET,08:46:11 AM ET,0.0,1,,P4_BURST,NORMAL
IREZ,8.665,8.68,10,0.15,0.17,STOCHK_TIER1,08:46:13 AM ET,08:46:13 AM ET,0.98,1,,P4_BURST,NORMAL
IREZ,8.5873,8.63,10,0.43,0.5,STOCHK_TIER2,08:46:13 AM ET,08:46:13 AM ET,1.89,2,,P4_BURST,NORMAL
IREZ,8.7689,8.72,10,-0.49,-0.56,STOCHK_TIER1,08:46:13 AM ET,08:46:13 AM ET,0.13,1,,P4_BURST,NORMAL
IREZ,8.705,8.67,10,-0.35,-0.4,STOCHK_TIER1,08:46:13 AM ET,08:46:13 AM ET,0.4,1,,P4_BURST,NORMAL
IREZ,8.3962,8.36,10,-0.36,-0.43,STOCHK_TIER1,08:46:13 AM ET,08:46:13 AM ET,0.7,1,,P4_BURST,NORMAL
IREZ,8.4,8.545,5,1.57,1.87,STOCHK_TIER2,08:46:13 AM ET,08:46:13 AM ET,2.62,2,PCT2,P4_BURST,NORMAL
IREZ,8.485,8.435,10,-0.5,-0.59,STOCHK_TIER1,08:46:13 AM ET,08:46:13 AM ET,0.65,1,,P4_BURST,NORMAL
IREZ,8.61,8.63,10,0.2,0.23,STOCHK_TIER1,08:46:13 AM ET,08:46:13 AM ET,0.75,1,,P4_BURST,NORMAL
IREZ,8.72,8.67,10,-0.5,-0.57,STOCHK_TIER1,08:46:13 AM ET,08:46:13 AM ET,0.0,1,,P4_BURST,NORMAL
IREZ,8.8,8.755,10,-0.45,-0.51,STOCHK_TIER1,08:46:13 AM ET,08:46:13 AM ET,0.34,1,,P4_BURST,NORMAL
IREZ,8.9,8.88,10,-0.2,-0.22,STOCHK_TIER1,08:46:13 AM ET,08:46:13 AM ET,0.17,1,,P4_BURST,NORMAL
IREZ,8.711,8.66,10,-0.51,-0.59,STOCHK_TIER1,08:46:13 AM ET,08:46:13 AM ET,0.22,1,,P4_BURST,NORMAL
IREZ,8.495,8.435,10,-0.6,-0.71,STOCHK_TIER1,08:46:13 AM ET,08:46:13 AM ET,0.06,1,,P4_BURST,NORMAL
IREZ,8.14,8.06,10,-0.8,-0.98,STOCHK_TIER1,08:46:14 AM ET,08:46:14 AM ET,0.0,1,,P4_BURST,NORMAL
IREZ,8.1698,8.16,10,-0.1,-0.12,STOCHK_TIER1,08:46:14 AM ET,08:46:14 AM ET,0.25,1,,P4_BURST,NORMAL
IREZ,8.2002,8.16,10,-0.4,-0.49,STOCHK_TIER1,08:46:14 AM ET,08:46:14 AM ET,0.0,1,,P4_BURST,NORMAL
IREZ,7.99,8.03,10,0.4,0.5,STOCHK_TIER2,08:46:14 AM ET,08:46:14 AM ET,1.25,2,,P4_BURST,NORMAL
IREZ,7.98,7.9401,10,-0.4,-0.5,STOCHK_TIER1,08:46:14 AM ET,08:46:14 AM ET,0.0,1,,P4_BURST,NORMAL
IREZ,7.965,7.965,10,0.0,0.0,FLOOR_BREACH,08:46:14 AM ET,08:46:14 AM ET,1.07,2,,P4_BURST,NORMAL
IREZ,7.995,7.95,10,-0.45,-0.56,STOCHK_TIER1,08:46:14 AM ET,08:46:14 AM ET,0.0,1,,P4_BURST,NORMAL
IREZ,7.99,8.05,10,0.6,0.75,STOCHK_TIER2,08:46:15 AM ET,08:46:15 AM ET,1.63,2,,P4_BURST,NORMAL
IREZ,8.19,8.11,10,-0.8,-0.98,STOCHK_TIER1,08:46:15 AM ET,08:46:15 AM ET,0.23,1,,P4_BURST,NORMAL
IREZ,8.095,8.0401,10,-0.55,-0.68,STOCHK_TIER1,08:46:15 AM ET,08:46:15 AM ET,0.0,1,,P4_BURST,NORMAL
IREZ,8.14,8.13,10,-0.1,-0.12,STOCHK_TIER1,08:46:15 AM ET,08:46:15 AM ET,0.25,1,,P4_BURST,NORMAL
IREZ,7.85,7.9401,10,0.9,1.15,STOCHK_TIER2,08:46:16 AM ET,08:46:16 AM ET,1.91,2,,P4_BURST,NORMAL
IREZ,7.88,7.9,10,0.2,0.25,STOCHK_TIER1,08:46:16 AM ET,08:46:16 AM ET,0.76,1,,P4_BURST,NORMAL
IREZ,7.84,7.8403,10,0.0,0.0,STOCHK_TIER1,08:46:16 AM ET,08:46:16 AM ET,0.13,1,,P4_BURST,NORMAL
IREZ,7.9,7.86,10,-0.4,-0.51,STOCHK_TIER1,08:46:17 AM ET,08:46:17 AM ET,0.0,1,,P4_BURST,NORMAL
LHAI,1.1487,1.1314695000000001,10,-0.17,-1.5,HARD_STOP,08:46:19 AM ET,08:46:19 AM ET,0.0,1,,P4_BURST,NORMAL
LHAI,1.05,1.0401,10,-0.1,-0.94,STOCHK_TIER1,08:46:19 AM ET,08:46:19 AM ET,0.0,1,,P4_BURST,NORMAL
LHAI,1.0326,1.02,10,-0.13,-1.22,STOCHK_TIER1,08:46:19 AM ET,08:46:19 AM ET,0.72,1,,P4_BURST,NORMAL
LHAI,1.02,1.0047,10,-0.15,-1.5,HARD_STOP,08:46:19 AM ET,08:46:19 AM ET,0.0,1,,P4_BURST,NORMAL
MOBX,2.1401,2.11,10,-0.3,-1.41,STOCHK_TIER1,08:46:20 AM ET,08:46:20 AM ET,0.0,1,,P4_BURST,NORMAL
MOBX,2.09,2.08,10,-0.1,-0.48,STOCHK_TIER1,08:46:20 AM ET,08:46:20 AM ET,0.0,1,,P4_BURST,NORMAL
MOBX,2.0498,2.035,10,-0.15,-0.72,STOCHK_TIER1,08:46:20 AM ET,08:46:20 AM ET,0.0,1,,P4_BURST,NORMAL
MOBX,2.0594,2.04,10,-0.19,-0.94,STOCHK_TIER1,08:46:20 AM ET,08:46:20 AM ET,0.03,1,,P4_BURST,NORMAL
MOBX,1.995,1.995,10,0.0,0.0,STOCHK_TIER1,08:46:20 AM ET,08:46:20 AM ET,0.25,1,,P4_BURST,NORMAL
MOBX,1.9799,1.9729,10,-0.07,-0.35,STOCHK_TIER1,08:46:20 AM ET,08:46:20 AM ET,0.0,1,,P4_BURST,NORMAL
MOBX,1.92,1.9101,10,-0.1,-0.52,STOCHK_TIER1,08:46:20 AM ET,08:46:20 AM ET,0.0,1,,P4_BURST,NORMAL
SNAL,1.54,1.54,10,0.0,0.0,FLOOR_BREACH,08:46:20 AM ET,08:46:20 AM ET,1.95,2,,P4_BURST,NORMAL
MOBX,1.92,1.91,10,-0.1,-0.52,STOCHK_TIER1,08:46:21 AM ET,08:46:21 AM ET,0.0,1,,P4_BURST,NORMAL
MOBX,1.9,1.925,10,0.25,1.32,STOCHK_TIER2,08:46:21 AM ET,08:46:21 AM ET,1.58,2,,P4_BURST,NORMAL
MOBX,1.94,1.94,10,0.0,0.0,STOCHK_TIER1,08:46:21 AM ET,08:46:21 AM ET,0.52,1,,P4_BURST,NORMAL
SNAL,1.4889,1.4665664999999999,10,-0.22,-1.5,HARD_STOP,08:46:21 AM ET,08:46:21 AM ET,0.0,1,,P4_BURST,NORMAL
MOBX,1.9413,1.9413,10,0.0,0.0,STOCHK_TIER1,08:46:21 AM ET,08:46:21 AM ET,0.45,1,,P4_BURST,NORMAL
SNAL,1.3917,1.3994,4,0.33,2.34,FLOOR_BREACH,08:46:22 AM ET,08:46:22 AM ET,4.19,3,"PCT2,PCT4_AFTER2",P4_BURST,NORMAL
RGTZ,8.985,8.92,10,-0.65,-0.72,STOCHK_TIER1,08:46:22 AM ET,08:46:22 AM ET,0.83,1,,P4_BURST,NORMAL
RGTZ,9.33,9.37,5,1.15,1.23,FLOOR_BREACH,08:46:22 AM ET,08:46:22 AM ET,2.04,2,PCT2,P4_BURST,NORMAL
RGTZ,9.405,9.39,10,-0.15,-0.16,FLOOR_BREACH,08:46:22 AM ET,08:46:22 AM ET,1.12,2,,P4_BURST,NORMAL
RGTZ,9.74,9.7292,10,-0.11,-0.11,MACD_BEAR_T1,08:46:22 AM ET,08:46:22 AM ET,0.62,1,,P4_BURST,NORMAL
RGTZ,9.39,9.7904,4,3.33,3.54,MACD_BEAR_T3,08:46:22 AM ET,08:46:22 AM ET,5.43,3,"PCT2,PCT4_AFTER2",P4_BURST,NORMAL
RGTZ,9.86,9.7121,10,-1.48,-1.5,HARD_STOP,08:46:22 AM ET,08:46:22 AM ET,0.1,1,,P4_BURST,NORMAL
RGTZ,9.89,9.85,10,-0.4,-0.4,MACD_BEAR_T1,08:46:22 AM ET,08:46:22 AM ET,0.0,1,,P4_BURST,NORMAL
RGTZ,10.1,10.19,5,1.51,1.49,STOCHK_TIER2,08:46:22 AM ET,08:46:22 AM ET,2.09,2,PCT2,P4_BURST,NORMAL
RGTZ,10.48,10.352,10,-1.28,-1.22,STOCHK_TIER1,08:46:22 AM ET,08:46:22 AM ET,0.0,1,,P4_BURST,NORMAL
RGTZ,10.26,10.1901,10,-0.7,-0.68,STOCHK_TIER1,08:46:22 AM ET,08:46:22 AM ET,0.1,1,,P4_BURST,NORMAL
RGTZ,10.29,10.28,10,-0.1,-0.1,STOCHK_TIER1,08:46:22 AM ET,08:46:22 AM ET,0.0,1,,P4_BURST,NORMAL
RGTZ,10.4,10.57,5,1.97,1.9,STOCHK_TIER2,08:46:23 AM ET,08:46:23 AM ET,2.83,2,PCT2,P4_BURST,NORMAL
RGTZ,10.5368,10.5,10,-0.37,-0.35,STOCHK_TIER1,08:46:23 AM ET,08:46:23 AM ET,0.0,1,,P4_BURST,NORMAL
SNAL,1.56,1.5366,5,0.06,0.37,HARD_STOP,08:46:23 AM ET,08:46:23 AM ET,2.24,2,PCT2,P4_BURST,NORMAL
RGTZ,10.4,10.53,5,1.7,1.63,MACD_BEAR_T2,08:46:23 AM ET,08:46:23 AM ET,2.02,2,PCT2,P4_BURST,NORMAL
RGTZ,10.51,10.54,10,0.3,0.29,STOCHK_TIER1,08:46:23 AM ET,08:46:23 AM ET,0.67,1,,P4_BURST,NORMAL
RGTZ,10.6209,10.9439,5,2.86,2.69,MACD_BEAR_T3,08:46:23 AM ET,08:46:23 AM ET,3.04,3,PCT2,P4_BURST,NORMAL
RGTZ,10.94,10.815,10,-1.25,-1.14,STOCHK_TIER1,08:46:23 AM ET,08:46:23 AM ET,0.0,1,,P4_BURST,NORMAL
RGTZ,10.415,10.53,5,1.65,1.58,STOCHK_TIER2,08:46:23 AM ET,08:46:24 AM ET,2.28,2,PCT2,P4_BURST,NORMAL
RGTZ,10.38,10.4,10,0.2,0.19,STOCHK_TIER1,08:46:24 AM ET,08:46:24 AM ET,0.48,1,,P4_BURST,NORMAL
RGTZ,10.55,10.61,10,0.6,0.57,STOCHK_TIER2,08:46:24 AM ET,08:46:24 AM ET,1.09,2,,P4_BURST,NORMAL
RGTZ,10.52,10.46,10,-0.6,-0.57,STOCHK_TIER1,08:46:24 AM ET,08:46:24 AM ET,0.0,1,,P4_BURST,NORMAL
RGTZ,10.44,10.32,10,-1.2,-1.15,STOCHK_TIER1,08:46:24 AM ET,08:46:24 AM ET,0.0,1,,P4_BURST,NORMAL
RGTZ,10.2522,10.36,5,1.88,1.83,STOCHK_TIER2,08:46:24 AM ET,08:46:24 AM ET,2.61,2,PCT2,P4_BURST,NORMAL
RGTZ,10.3,10.36,10,0.6,0.58,STOCHK_TIER1,08:46:24 AM ET,08:46:24 AM ET,0.78,1,,P4_BURST,NORMAL
RGTZ,10.545,10.5,10,-0.45,-0.43,STOCHK_TIER1,08:46:24 AM ET,08:46:24 AM ET,0.24,1,,P4_BURST,NORMAL
RGTZ,10.66,10.67,10,0.1,0.09,STOCHK_TIER1,08:46:25 AM ET,08:46:25 AM ET,0.38,1,,P4_BURST,NORMAL
RGTZ,10.58,10.53,10,-0.5,-0.47,STOCHK_TIER1,08:46:25 AM ET,08:46:25 AM ET,0.0,1,,P4_BURST,NORMAL
RGTZ,10.43,10.41,10,-0.2,-0.19,STOCHK_TIER1,08:46:25 AM ET,08:46:25 AM ET,0.38,1,,P4_BURST,NORMAL
RGTZ,10.6,10.46,10,-1.4,-1.32,STOCHK_TIER1,08:46:25 AM ET,08:46:25 AM ET,0.0,1,,P4_BURST,NORMAL
RGTZ,10.31,10.26,10,-0.5,-0.48,STOCHK_TIER1,08:46:25 AM ET,08:46:25 AM ET,0.0,1,,P4_BURST,NORMAL
RGTZ,10.285,10.21,10,-0.75,-0.73,STOCHK_TIER1,08:46:25 AM ET,08:46:25 AM ET,0.0,1,,P4_BURST,NORMAL
RGTZ,10.28,10.28,10,0.0,0.0,FLOOR_BREACH,08:46:25 AM ET,08:46:25 AM ET,1.02,2,,P4_BURST,NORMAL
RGTZ,10.2022,10.2,10,-0.02,-0.02,STOCHK_TIER1,08:46:26 AM ET,08:46:26 AM ET,0.57,1,,P4_BURST,NORMAL
RGTZ,10.2,10.185,10,-0.15,-0.15,STOCHK_TIER1,08:46:26 AM ET,08:46:26 AM ET,0.0,1,,P4_BURST,NORMAL
RGTZ,10.164,10.15,10,-0.14,-0.14,STOCHK_TIER1,08:46:26 AM ET,08:46:26 AM ET,0.0,1,,P4_BURST,NORMAL
RGTZ,10.142,10.1401,10,-0.02,-0.02,STOCHK_TIER1,08:46:26 AM ET,08:46:26 AM ET,0.0,1,,P4_BURST,NORMAL
RGTZ,10.1593,10.13,10,-0.29,-0.29,STOCHK_TIER1,08:46:26 AM ET,08:46:26 AM ET,0.0,1,,P4_BURST,NORMAL
RGTZ,10.1406,10.14,10,-0.01,-0.01,STOCHK_TIER1,08:46:26 AM ET,08:46:26 AM ET,0.01,1,,P4_BURST,NORMAL
RGTZ,10.0992,10.07,10,-0.29,-0.29,STOCHK_TIER1,08:46:26 AM ET,08:46:26 AM ET,0.01,1,,P4_BURST,NORMAL
RKLZ,3.005,3.0,10,-0.05,-0.17,STOCHK_TIER1,08:46:28 AM ET,08:46:28 AM ET,1.0,1,,P4_BURST,NORMAL
RKLZ,3.1599,3.135,10,-0.25,-0.79,FLOOR_BREACH,08:46:28 AM ET,08:46:28 AM ET,1.11,2,,P4_BURST,NORMAL
RKLZ,3.055,3.1,5,0.55,1.8,FLOOR_BREACH,08:46:28 AM ET,08:46:28 AM ET,3.93,3,PCT2,P4_BURST,NORMAL
RKLZ,3.1866,3.1475,10,-0.39,-1.23,STOCHK_TIER1,08:46:28 AM ET,08:46:28 AM ET,0.0,1,,P4_BURST,NORMAL
RKLZ,3.1787,3.16,10,-0.19,-0.59,STOCHK_TIER1,08:46:28 AM ET,08:46:28 AM ET,0.0,1,,P4_BURST,NORMAL
RKLZ,3.16,3.2,5,0.55,1.74,MACD_BEAR_T2,08:46:28 AM ET,08:46:28 AM ET,2.85,2,PCT2,P4_BURST,NORMAL
RKLZ,3.29,3.25,10,-0.4,-1.22,STOCHK_TIER1,08:46:28 AM ET,08:46:28 AM ET,0.0,1,,P4_BURST,NORMAL
RKLZ,3.22,3.18,10,-0.4,-1.24,STOCHK_TIER1,08:46:28 AM ET,08:46:28 AM ET,0.0,1,,P4_BURST,NORMAL
RKLZ,3.2,3.2886,5,0.79,2.48,MACD_BEAR_T3,08:46:28 AM ET,08:46:29 AM ET,3.12,3,PCT2,P4_BURST,NORMAL
RKLZ,3.14,3.11,10,-0.3,-0.96,STOCHK_TIER1,08:46:29 AM ET,08:46:29 AM ET,0.8,1,,P4_BURST,NORMAL
RKLZ,3.095,3.11,10,0.15,0.48,STOCHK_TIER2,08:46:29 AM ET,08:46:29 AM ET,1.45,2,,P4_BURST,NORMAL
RKLZ,3.1513,3.135,10,-0.16,-0.52,STOCHK_TIER1,08:46:29 AM ET,08:46:29 AM ET,0.0,1,,P4_BURST,NORMAL
RKLZ,3.195,3.16,10,-0.35,-1.1,STOCHK_TIER1,08:46:29 AM ET,08:46:29 AM ET,0.0,1,,P4_BURST,NORMAL
RKLZ,3.215,3.2113,10,-0.04,-0.12,STOCHK_TIER1,08:46:29 AM ET,08:46:29 AM ET,0.16,1,,P4_BURST,NORMAL
RKLZ,3.26,3.2301,10,-0.3,-0.92,STOCHK_TIER1,08:46:29 AM ET,08:46:29 AM ET,0.06,1,,P4_BURST,NORMAL
RKLZ,3.24,3.225,10,-0.15,-0.46,STOCHK_TIER1,08:46:29 AM ET,08:46:29 AM ET,0.15,1,,P4_BURST,NORMAL
RKLZ,3.19,3.21,10,0.2,0.63,STOCHK_TIER2,08:46:29 AM ET,08:46:29 AM ET,1.57,2,,P4_BURST,NORMAL
RKLZ,3.15,3.125,10,-0.25,-0.79,STOCHK_TIER1,08:46:29 AM ET,08:46:30 AM ET,0.32,1,,P4_BURST,NORMAL
RKLZ,3.08,3.1211,10,0.41,1.33,STOCHK_TIER2,08:46:30 AM ET,08:46:30 AM ET,1.79,2,,P4_BURST,NORMAL
RKLZ,3.07,3.0701,10,0.0,0.0,STOCHK_TIER1,08:46:30 AM ET,08:46:30 AM ET,0.53,1,,P4_BURST,NORMAL
RKLZ,3.0379,3.0389,10,0.01,0.03,STOCHK_TIER2,08:46:30 AM ET,08:46:30 AM ET,1.05,2,,P4_BURST,NORMAL
RKLZ,3.0401,3.04,10,-0.0,-0.0,STOCHK_TIER1,08:46:30 AM ET,08:46:30 AM ET,0.33,1,,P4_BURST,NORMAL
RKLZ,3.085,3.0801,10,-0.05,-0.16,STOCHK_TIER1,08:46:31 AM ET,08:46:31 AM ET,0.77,1,,P4_BURST,NORMAL
STAK,1.49,1.46765,10,-0.22,-1.5,HARD_STOP,08:46:31 AM ET,08:46:31 AM ET,0.0,1,,P4_BURST,NORMAL
RKLZ,3.015,3.04,10,0.25,0.83,STOCHK_TIER2,08:46:31 AM ET,08:46:31 AM ET,1.6,2,,P4_BURST,NORMAL
RKLZ,3.035,3.02,10,-0.15,-0.49,STOCHK_TIER1,08:46:31 AM ET,08:46:31 AM ET,0.0,1,,P4_BURST,NORMAL
RKLZ,2.9688,2.9601,10,-0.09,-0.29,STOCHK_TIER1,08:46:31 AM ET,08:46:31 AM ET,0.0,1,,P4_BURST,NORMAL
RKLZ,3.0112,3.05,10,0.39,1.29,STOCHK_TIER2,08:46:32 AM ET,08:46:32 AM ET,1.62,2,,P4_BURST,NORMAL
TDIC,17.2,17.2,10,0.0,0.0,EOD_CLOSE,08:46:34 AM ET,08:46:34 AM ET,0.0,1,,P4_BURST,NORMAL
SOBR,1.855,1.9101,4,0.66,3.56,FLOOR_BREACH,08:46:35 AM ET,08:46:35 AM ET,4.85,3,"PCT2,PCT4_AFTER2",P4_BURST,NORMAL
SOBR,1.89,1.8803,10,-0.1,-0.51,STOCHK_TIER1,08:46:35 AM ET,08:46:35 AM ET,0.8,1,,P4_BURST,NORMAL
SOBR,1.8685,1.86,10,-0.08,-0.45,STOCHK_TIER1,08:46:35 AM ET,08:46:35 AM ET,0.58,1,,P4_BURST,NORMAL
SOBR,1.94,2.0101,3,1.12,5.77,FLOOR_BREACH,08:46:35 AM ET,08:46:35 AM ET,6.7,3,FAST4,P4_BURST,NORMAL
SOBR,1.9812,1.951482,10,-0.3,-1.5,HARD_STOP,08:46:35 AM ET,08:46:35 AM ET,0.0,1,,P4_BURST,NORMAL
SOBR,2.01,1.9798499999999997,10,-0.3,-1.5,HARD_STOP,08:46:35 AM ET,08:46:35 AM ET,0.0,1,,P4_BURST,NORMAL
SOBR,2.05,2.01925,10,-0.31,-1.5,HARD_STOP,08:46:35 AM ET,08:46:35 AM ET,0.0,1,,P4_BURST,NORMAL
SOBR,2.0496,2.2136,4,1.02,5.0,FLOOR_BREACH,08:46:35 AM ET,08:46:35 AM ET,10.75,3,"PCT2,PCT4_AFTER2",P4_BURST,NORMAL
SOBR,2.14,2.1079,10,-0.32,-1.5,HARD_STOP,08:46:35 AM ET,08:46:35 AM ET,0.0,1,,P4_BURST,NORMAL
SOBR,2.18,2.16,10,-0.2,-0.92,STOCHK_TIER1,08:46:35 AM ET,08:46:35 AM ET,0.0,1,,P4_BURST,NORMAL
SOBR,2.17,2.15,10,-0.2,-0.92,STOCHK_TIER1,08:46:36 AM ET,08:46:36 AM ET,0.0,1,,P4_BURST,NORMAL
SOBR,2.145,2.14,10,-0.05,-0.23,STOCHK_TIER1,08:46:36 AM ET,08:46:36 AM ET,0.69,1,,P4_BURST,NORMAL
SOBR,2.0195,1.99,10,-0.29,-1.46,STOCHK_TIER1,08:46:36 AM ET,08:46:36 AM ET,0.0,1,,P4_BURST,NORMAL
SOBR,2.015,2.01,10,-0.05,-0.25,STOCHK_TIER1,08:46:36 AM ET,08:46:36 AM ET,0.0,1,,P4_BURST,NORMAL
SOBR,2.035,2.0208,10,-0.14,-0.7,STOCHK_TIER1,08:46:36 AM ET,08:46:36 AM ET,0.25,1,,P4_BURST,NORMAL
SOBR,1.95,1.9501,10,0.0,0.01,STOCHK_TIER2,08:46:36 AM ET,08:46:36 AM ET,1.03,2,,P4_BURST,NORMAL
SOBR,1.945,1.93,10,-0.15,-0.77,STOCHK_TIER1,08:46:36 AM ET,08:46:36 AM ET,0.77,1,,P4_BURST,NORMAL
SOBR,1.905,1.8908,10,-0.14,-0.75,STOCHK_TIER1,08:46:36 AM ET,08:46:36 AM ET,0.0,1,,P4_BURST,NORMAL
SOBR,1.925,1.9085,10,-0.16,-0.86,STOCHK_TIER1,08:46:37 AM ET,08:46:37 AM ET,0.0,1,,P4_BURST,NORMAL
SOBR,1.84,1.84,10,0.0,0.0,FLOOR_BREACH,08:46:37 AM ET,08:46:37 AM ET,1.09,2,,P4_BURST,NORMAL
AUUD,2.03,1.9995499999999997,10,-0.3,-1.5,HARD_STOP,08:46:37 AM ET,08:46:37 AM ET,0.0,1,,P4_BURST,NORMAL
SOBR,1.83,1.8808,4,0.48,2.64,FLOOR_BREACH,08:46:37 AM ET,08:46:38 AM ET,4.37,3,"PCT2,PCT4_AFTER2",P4_BURST,NORMAL
AUUD,2.0901,2.0587485,10,-0.31,-1.5,HARD_STOP,08:46:38 AM ET,08:46:38 AM ET,0.0,1,,P4_BURST,NORMAL
SOBR,1.88,1.88,10,0.0,0.0,FLOOR_BREACH,08:46:38 AM ET,08:46:38 AM ET,1.06,2,,P4_BURST,NORMAL
AUUD,2.33,2.3097,10,-0.2,-0.87,STOCHK_TIER1,08:46:38 AM ET,08:46:38 AM ET,0.82,1,,P4_BURST,NORMAL
SOBR,1.8315,1.8312,10,-0.0,-0.02,FLOOR_BREACH,08:46:38 AM ET,08:46:38 AM ET,1.56,2,,P4_BURST,NORMAL
SOBR,1.89,1.8616499999999998,10,-0.28,-1.5,HARD_STOP,08:46:38 AM ET,08:46:38 AM ET,0.0,1,,P4_BURST,NORMAL
SOBR,1.94,1.9108999999999998,10,-0.29,-1.5,HARD_STOP,08:46:39 AM ET,08:46:39 AM ET,0.0,1,,P4_BURST,NORMAL
SST,4.8009,4.728886500000001,10,-0.72,-1.5,HARD_STOP,08:46:39 AM ET,08:46:39 AM ET,0.0,1,,P4_BURST,NORMAL
SST,4.57,4.50145,10,-0.69,-1.5,HARD_STOP,08:46:40 AM ET,08:46:40 AM ET,0.0,1,,P4_BURST,NORMAL
SST,4.657,4.587145,10,-0.7,-1.5,HARD_STOP,08:46:40 AM ET,08:46:40 AM ET,0.0,1,,P4_BURST,NORMAL
SST,4.43,4.3902,10,-0.4,-0.9,STOCHK_TIER1,08:46:40 AM ET,08:46:40 AM ET,0.0,1,,P4_BURST,NORMAL
SST,4.11,4.11,3,1.19,2.9,FLOOR_BREACH,08:46:40 AM ET,08:46:40 AM ET,4.14,3,FAST4,P4_BURST,NORMAL
SST,3.8,3.743,10,-0.57,-1.5,HARD_STOP,08:46:40 AM ET,08:46:40 AM ET,0.0,1,,P4_BURST,NORMAL
SST,3.7923,3.7354154999999998,10,-0.57,-1.5,HARD_STOP,08:46:40 AM ET,08:46:40 AM ET,0.0,1,,P4_BURST,NORMAL
SST,3.4498,3.398053,10,-0.52,-1.5,HARD_STOP,08:46:40 AM ET,08:46:40 AM ET,0.0,1,,P4_BURST,NORMAL
SST,3.0,2.97,10,-0.3,-1.0,STOCHK_TIER1,08:46:40 AM ET,08:46:40 AM ET,0.0,1,,P4_BURST,NORMAL
SST,3.1,3.0535,10,-0.46,-1.5,HARD_STOP,08:46:41 AM ET,08:46:41 AM ET,0.0,1,,P4_BURST,NORMAL
STAK,1.5249,1.5020265,10,-0.23,-1.5,HARD_STOP,08:46:42 AM ET,08:46:42 AM ET,3.61,3,,P4_BURST,NORMAL
STAK,1.6701,1.6501,10,-0.2,-1.2,STOCHK_TIER1,08:46:42 AM ET,08:46:42 AM ET,0.29,1,,P4_BURST,NORMAL
STAK,1.64,1.6154,10,-0.25,-1.5,HARD_STOP,08:46:42 AM ET,08:46:42 AM ET,0.0,1,,P4_BURST,NORMAL
STAK,1.51,1.48735,10,-0.23,-1.5,HARD_STOP,08:46:42 AM ET,08:46:42 AM ET,0.33,1,,P4_BURST,NORMAL
STAK,1.5801,1.5563985,10,-0.24,-1.5,HARD_STOP,08:46:42 AM ET,08:46:42 AM ET,0.0,1,,P4_BURST,NORMAL
STAK,1.545,1.5302,10,-0.15,-0.96,STOCHK_TIER1,08:46:42 AM ET,08:46:42 AM ET,0.0,1,,P4_BURST,NORMAL
STAK,1.57,1.7207,4,0.9,5.71,FLOOR_BREACH,08:46:42 AM ET,08:46:42 AM ET,11.46,3,"PCT2,PCT4_AFTER2",P4_BURST,NORMAL
STAK,1.72,1.6942,10,-0.26,-1.5,HARD_STOP,08:46:42 AM ET,08:46:42 AM ET,0.0,1,,P4_BURST,NORMAL
STAK,1.74,1.77,4,0.36,2.1,FLOOR_BREACH,08:46:42 AM ET,08:46:42 AM ET,4.02,3,"PCT2,PCT4_AFTER2",P4_BURST,NORMAL
STAK,1.76,1.8002,4,0.44,2.5,FLOOR_BREACH,08:46:42 AM ET,08:46:43 AM ET,4.5,3,"PCT2,PCT4_AFTER2",P4_BURST,NORMAL
STAK,1.835,1.83,10,-0.05,-0.27,MACD_BEAR_T1,08:46:43 AM ET,08:46:43 AM ET,0.54,1,,P4_BURST,NORMAL
STAK,1.8798,1.8516029999999999,10,-0.28,-1.5,HARD_STOP,08:46:43 AM ET,08:46:43 AM ET,0.0,1,,P4_BURST,NORMAL
STAK,1.88,2.03,3,1.08,5.74,FLOOR_BREACH,08:46:43 AM ET,08:46:43 AM ET,10.64,3,FAST4,P4_BURST,NORMAL
STAK,2.03,1.9995499999999997,10,-0.3,-1.5,HARD_STOP,08:46:43 AM ET,08:46:43 AM ET,0.0,1,,P4_BURST,NORMAL
STAK,2.01,2.0008,10,-0.09,-0.46,FLOOR_BREACH,08:46:43 AM ET,08:46:43 AM ET,1.24,2,,P4_BURST,NORMAL
STAK,1.97,1.955,10,-0.15,-0.76,FLOOR_BREACH,08:46:43 AM ET,08:46:43 AM ET,1.02,2,,P4_BURST,NORMAL
STAK,1.995,2.02,5,0.35,1.75,FLOOR_BREACH,08:46:43 AM ET,08:46:43 AM ET,3.76,3,PCT2,P4_BURST,NORMAL
STAK,1.97,1.94045,10,-0.3,-1.5,HARD_STOP,08:46:43 AM ET,08:46:43 AM ET,0.0,1,,P4_BURST,NORMAL
STAK,2.02,2.0,10,-0.2,-0.99,STOCHK_TIER1,08:46:43 AM ET,08:46:43 AM ET,0.0,1,,P4_BURST,NORMAL
STAK,1.99,1.98,10,-0.1,-0.5,STOCHK_TIER1,08:46:43 AM ET,08:46:43 AM ET,0.45,1,,P4_BURST,NORMAL
STAK,2.2,2.1670000000000003,10,-0.33,-1.5,HARD_STOP,08:46:44 AM ET,08:46:44 AM ET,0.0,1,,P4_BURST,NORMAL
STAK,2.05,2.1452,4,0.79,3.87,FLOOR_BREACH,08:46:44 AM ET,08:46:44 AM ET,7.32,3,"PCT2,PCT4_AFTER2",P4_BURST,NORMAL
STAK,2.13,2.0980499999999997,10,-0.32,-1.5,HARD_STOP,08:46:44 AM ET,08:46:44 AM ET,0.0,1,,P4_BURST,NORMAL
STAK,2.08,2.06,10,-0.2,-0.96,STOCHK_TIER1,08:46:44 AM ET,08:46:44 AM ET,0.49,1,,P4_BURST,NORMAL
STAK,2.07,2.05,10,-0.2,-0.97,STOCHK_TIER1,08:46:44 AM ET,08:46:44 AM ET,0.0,1,,P4_BURST,NORMAL
STAK,2.01,1.9798499999999997,10,-0.3,-1.5,HARD_STOP,08:46:44 AM ET,08:46:44 AM ET,0.0,1,,P4_BURST,NORMAL
STAK,2.04,2.0094,10,-0.31,-1.5,HARD_STOP,08:46:44 AM ET,08:46:44 AM ET,0.0,1,,P4_BURST,NORMAL
STAK,2.04,2.07,5,0.45,2.21,FLOOR_BREACH,08:46:45 AM ET,08:46:45 AM ET,3.43,3,PCT2,P4_BURST,NORMAL
STAK,2.09,2.0586499999999996,10,-0.31,-1.5,HARD_STOP,08:46:45 AM ET,08:46:45 AM ET,0.0,1,,P4_BURST,NORMAL
TDIC,1.74,1.78,4,0.57,3.28,FLOOR_BREACH,08:46:47 AM ET,08:46:47 AM ET,6.32,3,"PCT2,PCT4_AFTER2",P4_BURST,NORMAL
TDIC,1.61,1.6265,4,0.33,2.06,FLOOR_BREACH,08:46:47 AM ET,08:46:47 AM ET,4.04,3,"PCT2,PCT4_AFTER2",P4_BURST,NORMAL
TDIC,1.6199,1.61,10,-0.1,-0.61,STOCHK_TIER1,08:46:47 AM ET,08:46:47 AM ET,0.01,1,,P4_BURST,NORMAL
TDIC,1.5897,1.57,10,-0.2,-1.24,STOCHK_TIER1,08:46:47 AM ET,08:46:47 AM ET,0.02,1,,P4_BURST,NORMAL
TDIC,1.6701,1.6450485,10,-0.25,-1.5,HARD_STOP,08:46:47 AM ET,08:46:47 AM ET,0.0,1,,P4_BURST,NORMAL
TDIC,1.7,1.6744999999999999,10,-0.26,-1.5,HARD_STOP,08:46:47 AM ET,08:46:47 AM ET,0.0,1,,P4_BURST,NORMAL
TDIC,1.6186,1.594321,10,-0.24,-1.5,HARD_STOP,08:46:47 AM ET,08:46:47 AM ET,0.0,1,,P4_BURST,NORMAL
SLE,5.706,6.17,3,5.76,10.09,FLOOR_BREACH,08:46:47 AM ET,08:46:47 AM ET,10.94,3,FAST4,P4_BURST,NORMAL
TDIC,1.54,1.57,4,0.44,2.86,FLOOR_BREACH,08:46:47 AM ET,08:46:47 AM ET,4.55,3,"PCT2,PCT4_AFTER2",P4_BURST,NORMAL
TDIC,1.56,1.5366,10,-0.23,-1.5,HARD_STOP,08:46:47 AM ET,08:46:48 AM ET,0.0,1,,P4_BURST,NORMAL
TDIC,1.57,1.5701,10,0.0,0.01,STOCHK_TIER2,08:46:48 AM ET,08:46:48 AM ET,1.91,2,,P4_BURST,NORMAL
TDIC,1.57,1.5701,5,0.2,1.28,FLOOR_BREACH,08:46:48 AM ET,08:46:48 AM ET,2.55,2,PCT2,P4_BURST,NORMAL
TDIC,1.5901,1.5701,10,-0.2,-1.26,STOCHK_TIER1,08:46:48 AM ET,08:46:48 AM ET,0.61,1,,P4_BURST,NORMAL
TDIC,1.56,1.87,4,1.6,10.26,FLOOR_BREACH,08:46:48 AM ET,08:46:48 AM ET,29.81,3,"PCT2,PCT4_AFTER2",P4_BURST,NORMAL
TDIC,1.6501,1.6253484999999999,10,-0.25,-1.5,HARD_STOP,08:46:48 AM ET,08:46:48 AM ET,0.0,1,,P4_BURST,NORMAL
TDIC,1.5698,1.546253,10,-0.24,-1.5,HARD_STOP,08:46:48 AM ET,08:46:48 AM ET,0.02,1,,P4_BURST,NORMAL
TDIC,1.585,1.7601,3,1.05,6.63,FLOOR_BREACH,08:46:49 AM ET,08:46:49 AM ET,16.09,3,FAST4,P4_BURST,NORMAL
TDIC,1.635,1.6104749999999999,10,-0.25,-1.5,HARD_STOP,08:46:49 AM ET,08:46:49 AM ET,0.0,1,,P4_BURST,NORMAL
TDIC,1.6199,1.5956015,10,-0.24,-1.5,HARD_STOP,08:46:49 AM ET,08:46:49 AM ET,0.0,1,,P4_BURST,NORMAL
TDIC,1.4499,1.4281515,10,-0.22,-1.5,HARD_STOP,08:46:49 AM ET,08:46:49 AM ET,0.0,1,,P4_BURST,NORMAL
TDIC,1.4811,1.48,5,0.19,1.28,FLOOR_BREACH,08:46:49 AM ET,08:46:50 AM ET,2.7,2,PCT2,P4_BURST,NORMAL
TDIC,1.56,1.695,3,1.66,10.67,FLOOR_BREACH,08:46:50 AM ET,08:46:50 AM ET,11.54,3,FAST4,P4_BURST,NORMAL
TDIC,1.7501,1.7238485,10,-0.26,-1.5,HARD_STOP,08:46:50 AM ET,08:46:50 AM ET,0.0,1,,P4_BURST,NORMAL
TDIC,1.81,1.97,4,1.03,5.72,FLOOR_BREACH,08:46:50 AM ET,08:46:50 AM ET,11.88,3,"PCT2,PCT4_AFTER2",P4_BURST,NORMAL
TDIC,1.97,1.97,4,0.41,2.06,FLOOR_BREACH,08:46:50 AM ET,08:46:50 AM ET,4.06,3,"PCT2,PCT4_AFTER2",P4_BURST,NORMAL
TDIC,2.0211,1.9907835,10,-0.3,-1.5,HARD_STOP,08:46:51 AM ET,08:46:51 AM ET,0.0,1,,P4_BURST,NORMAL
TDIC,1.9599,2.035,3,0.89,4.55,FLOOR_BREACH,08:46:51 AM ET,08:46:51 AM ET,6.13,3,FAST4,P4_BURST,NORMAL
TDIC,1.931,1.9206,10,-0.1,-0.54,STOCHK_TIER1,08:46:51 AM ET,08:46:51 AM ET,0.47,1,,P4_BURST,NORMAL
TOPS,1.19,1.17215,10,-0.18,-1.5,HARD_STOP,08:46:51 AM ET,08:46:51 AM ET,0.0,1,,P4_BURST,NORMAL
TDIC,1.9103,1.905,10,-0.05,-0.28,FLOOR_BREACH,08:46:51 AM ET,08:46:51 AM ET,1.29,2,,P4_BURST,NORMAL
TDIC,1.8902,1.9,5,0.25,1.31,STOCHK_TIER2,08:46:51 AM ET,08:46:52 AM ET,2.63,2,PCT2,P4_BURST,NORMAL
WOK,1.0798,1.0798,10,0.0,0.0,EOD_CLOSE,08:46:52 AM ET,08:46:52 AM ET,0.0,1,,P4_BURST,NORMAL
TDIC,1.9001,1.92,5,0.35,1.84,STOCHK_TIER2,08:46:52 AM ET,08:46:52 AM ET,2.94,2,PCT2,P4_BURST,NORMAL
TDIC,1.9799,1.9712,5,0.16,0.79,FLOOR_BREACH,08:46:52 AM ET,08:46:52 AM ET,2.03,2,PCT2,P4_BURST,NORMAL
AEHL,1.06,1.0441,10,-0.16,-1.5,HARD_STOP,08:46:52 AM ET,08:46:52 AM ET,0.0,1,,P4_BURST,NORMAL
AEHL,1.26,1.2411,10,-0.19,-1.5,HARD_STOP,08:46:52 AM ET,08:46:52 AM ET,0.0,1,,P4_BURST,NORMAL
AEHL,1.66,2.2,3,3.44,20.72,FLOOR_BREACH,08:46:52 AM ET,08:46:52 AM ET,57.83,3,FAST4,P4_BURST,NORMAL
AEHL,2.0,1.97,10,-0.3,-1.5,HARD_STOP,08:46:52 AM ET,08:46:52 AM ET,0.0,1,,P4_BURST,NORMAL
AEHL,0.8274,0.814989,3,0.39,4.76,HARD_STOP,08:46:52 AM ET,08:46:52 AM ET,7.45,3,FAST4,P4_BURST,NORMAL
AEHL,0.92,0.9062,10,-0.14,-1.5,HARD_STOP,08:46:52 AM ET,08:46:52 AM ET,0.0,1,,P4_BURST,NORMAL
AEHL,0.8131,0.8126,10,-0.01,-0.06,STOCHK_TIER1,08:46:52 AM ET,08:46:52 AM ET,0.85,1,,P4_BURST,NORMAL
AEHL,0.775,0.771971,5,0.11,1.42,FLOOR_BREACH,08:46:52 AM ET,08:46:52 AM ET,3.23,3,PCT2,P4_BURST,NORMAL
AEHL,1.01,1.01,3,0.77,7.62,FLOOR_BREACH,08:46:52 AM ET,08:46:52 AM ET,14.84,3,FAST4,P4_BURST,NORMAL
TDIC,1.9956,2.02,5,0.34,1.72,STOCHK_TIER2,08:46:52 AM ET,08:46:52 AM ET,2.73,2,PCT2,P4_BURST,NORMAL
AEHL,1.0799,1.0637015,10,-0.16,-1.5,HARD_STOP,08:46:52 AM ET,08:46:52 AM ET,0.0,1,,P4_BURST,NORMAL
AEHL,1.0199,1.0046015,10,-0.15,-1.5,HARD_STOP,08:46:52 AM ET,08:46:52 AM ET,0.0,1,,P4_BURST,NORMAL
TDIC,2.235,2.201475,10,-0.34,-1.5,HARD_STOP,08:46:52 AM ET,08:46:52 AM ET,0.0,1,,P4_BURST,NORMAL
AEHL,0.9571,0.9912,4,0.29,3.02,FLOOR_BREACH,08:46:52 AM ET,08:46:53 AM ET,5.53,3,"PCT2,PCT4_AFTER2",P4_BURST,NORMAL
TDIC,2.25,2.21625,10,-0.34,-1.5,HARD_STOP,08:46:53 AM ET,08:46:53 AM ET,0.0,1,,P4_BURST,NORMAL
AEHL,0.87995,0.9807,3,0.55,6.29,FLOOR_BREACH,08:46:53 AM ET,08:46:53 AM ET,13.15,3,FAST4,P4_BURST,NORMAL
TDIC,2.3975,2.3615375,10,-0.36,-1.5,HARD_STOP,08:46:53 AM ET,08:46:53 AM ET,0.0,1,,P4_BURST,NORMAL
AEHL,0.9264,0.912504,10,-0.14,-1.5,HARD_STOP,08:46:53 AM ET,08:46:53 AM ET,0.0,1,,P4_BURST,NORMAL
AEHL,0.9564,0.9420540000000001,10,-0.14,-1.5,HARD_STOP,08:46:53 AM ET,08:46:53 AM ET,0.0,1,,P4_BURST,NORMAL
TDIC,2.26,2.2260999999999997,10,-0.34,-1.5,HARD_STOP,08:46:53 AM ET,08:46:53 AM ET,0.0,1,,P4_BURST,NORMAL
AEHL,0.9754,0.9842,5,0.22,2.22,FLOOR_BREACH,08:46:53 AM ET,08:46:53 AM ET,3.55,3,PCT2,P4_BURST,NORMAL
AEHL,0.9877,1.0,5,0.23,2.29,FLOOR_BREACH,08:46:53 AM ET,08:46:53 AM ET,3.34,3,PCT2,P4_BURST,NORMAL
TDIC,2.2,2.1670000000000003,10,-0.33,-1.5,HARD_STOP,08:46:53 AM ET,08:46:53 AM ET,0.0,1,,P4_BURST,NORMAL
AEHL,1.0098,0.994653,4,0.15,1.49,HARD_STOP,08:46:53 AM ET,08:46:53 AM ET,5.96,3,"PCT2,PCT4_AFTER2",P4_BURST,NORMAL
AEHL,1.1499,1.24,3,0.76,6.62,FLOOR_BREACH,08:46:53 AM ET,08:46:53 AM ET,10.52,3,FAST4,P4_BURST,NORMAL
AEHL,1.2825,1.2632625,10,-0.19,-1.5,HARD_STOP,08:46:53 AM ET,08:46:53 AM ET,0.0,1,,P4_BURST,NORMAL
AEHL,1.2556,1.236766,10,-0.19,-1.5,HARD_STOP,08:46:54 AM ET,08:46:54 AM ET,0.0,1,,P4_BURST,NORMAL
TDIC,2.03,2.075,4,0.55,2.72,FLOOR_BREACH,08:46:53 AM ET,08:46:54 AM ET,4.24,3,"PCT2,PCT4_AFTER2",P4_BURST,NORMAL
AEHL,1.18,1.1622999999999999,10,-0.18,-1.5,HARD_STOP,08:46:54 AM ET,08:46:54 AM ET,0.0,1,,P4_BURST,NORMAL
AEHL,1.14,1.1228999999999998,10,-0.17,-1.5,HARD_STOP,08:46:54 AM ET,08:46:54 AM ET,0.0,1,,P4_BURST,NORMAL
TDIC,2.1063,2.08,10,-0.26,-1.25,STOCHK_TIER1,08:46:54 AM ET,08:46:54 AM ET,0.18,1,,P4_BURST,NORMAL
AEHL,1.25,1.23125,10,-0.19,-1.5,HARD_STOP,08:46:54 AM ET,08:46:54 AM ET,0.0,1,,P4_BURST,NORMAL
TDIC,2.1089,2.0772665000000003,10,-0.32,-1.5,HARD_STOP,08:46:54 AM ET,08:46:54 AM ET,0.0,1,,P4_BURST,NORMAL
AEHL,1.15,1.13275,10,-0.17,-1.5,HARD_STOP,08:46:54 AM ET,08:46:54 AM ET,0.0,1,,P4_BURST,NORMAL
AEHL,1.09,1.07365,10,-0.16,-1.5,HARD_STOP,08:46:54 AM ET,08:46:54 AM ET,0.9,1,,P4_BURST,NORMAL
TDIC,2.1099,2.111,10,0.01,0.05,STOCHK_TIER2,08:46:54 AM ET,08:46:54 AM ET,1.9,2,,P4_BURST,NORMAL
AEHL,1.07,1.1102,3,0.54,5.05,FLOOR_BREACH,08:46:55 AM ET,08:46:55 AM ET,5.61,3,FAST4,P4_BURST,NORMAL
TDIC,2.1106,2.22,4,0.83,3.91,FLOOR_BREACH,08:46:55 AM ET,08:46:55 AM ET,7.55,3,"PCT2,PCT4_AFTER2",P4_BURST,NORMAL
AEHL,1.26,1.2411,10,-0.19,-1.5,HARD_STOP,08:46:55 AM ET,08:46:55 AM ET,0.0,1,,P4_BURST,NORMAL
TDIC,2.32,2.2851999999999997,10,-0.35,-1.5,HARD_STOP,08:46:55 AM ET,08:46:55 AM ET,1.35,2,,P4_BURST,NORMAL
AEHL,1.29,1.37,4,0.53,4.1,FLOOR_BREACH,08:46:55 AM ET,08:46:55 AM ET,8.26,3,"PCT2,PCT4_AFTER2",P4_BURST,NORMAL
TDIC,2.27,2.2502,10,-0.2,-0.87,STOCHK_TIER1,08:46:55 AM ET,08:46:55 AM ET,0.44,1,,P4_BURST,NORMAL
AEHL,1.29,1.31,4,0.4,3.09,FLOOR_BREACH,08:46:55 AM ET,08:46:55 AM ET,6.21,3,"PCT2,PCT4_AFTER2",P4_BURST,NORMAL
AEHL,1.3299,1.3201,10,-0.1,-0.74,MACD_BEAR_T1,08:46:55 AM ET,08:46:55 AM ET,0.01,1,,P4_BURST,NORMAL
TDIC,2.3,2.2655,10,-0.34,-1.5,HARD_STOP,08:46:55 AM ET,08:46:55 AM ET,0.0,1,,P4_BURST,NORMAL
AEHL,1.27,1.28,10,0.1,0.79,STOCHK_TIER2,08:46:56 AM ET,08:46:56 AM ET,1.57,2,,P4_BURST,NORMAL
TDIC,2.2911,2.4811,4,1.39,6.08,FLOOR_BREACH,08:46:56 AM ET,08:46:56 AM ET,10.43,3,"PCT2,PCT4_AFTER2",P4_BURST,NORMAL
TDIC,2.6698,2.66,10,-0.1,-0.37,FLOOR_BREACH,08:46:56 AM ET,08:46:56 AM ET,1.13,2,,P4_BURST,NORMAL
TDIC,2.6601,2.6201985,10,-0.4,-1.5,HARD_STOP,08:46:56 AM ET,08:46:56 AM ET,0.0,1,,P4_BURST,NORMAL
TDIC,2.4401,2.4701,4,0.48,1.99,FLOOR_BREACH,08:46:56 AM ET,08:46:57 AM ET,4.71,3,"PCT2,PCT4_AFTER2",P4_BURST,NORMAL
TDIC,2.42,2.3836999999999997,10,-0.36,-1.5,HARD_STOP,08:46:57 AM ET,08:46:57 AM ET,0.0,1,,P4_BURST,NORMAL
TDIC,2.5789,2.5402165,10,-0.39,-1.5,HARD_STOP,08:46:57 AM ET,08:46:57 AM ET,0.0,1,,P4_BURST,NORMAL
TDIC,2.5401,2.5019984999999996,10,-0.38,-1.5,HARD_STOP,08:46:57 AM ET,08:46:57 AM ET,0.0,1,,P4_BURST,NORMAL
TDIC,2.7201,2.7181,10,-0.02,-0.07,MACD_BEAR_T1,08:46:57 AM ET,08:46:58 AM ET,0.0,1,,P4_BURST,NORMAL
TDIC,2.6299,2.645,5,0.5,1.91,FLOOR_BREACH,08:46:58 AM ET,08:46:58 AM ET,3.24,3,PCT2,P4_BURST,NORMAL
TDIC,2.495,2.471,10,-0.24,-0.96,FLOOR_BREACH,08:46:58 AM ET,08:46:58 AM ET,1.4,2,,P4_BURST,NORMAL
AIIO,1.095,1.08,10,-0.15,-1.37,STOCHK_TIER1,08:46:59 AM ET,08:46:59 AM ET,0.0,1,,P4_BURST,NORMAL
AIIO,1.065,1.055,10,-0.1,-0.94,STOCHK_TIER1,08:46:59 AM ET,08:46:59 AM ET,0.94,1,,P4_BURST,NORMAL
AIIO,0.9777,0.9630345,10,-0.15,-1.5,HARD_STOP,08:46:59 AM ET,08:46:59 AM ET,0.0,1,,P4_BURST,NORMAL
AIIO,0.9629,0.966699,5,0.14,1.51,FLOOR_BREACH,08:46:59 AM ET,08:46:59 AM ET,2.62,2,PCT2,P4_BURST,NORMAL
TDIC,2.28,2.2457999999999996,10,-0.34,-1.5,HARD_STOP,08:46:59 AM ET,08:46:59 AM ET,0.44,1,,P4_BURST,NORMAL
AIIO,0.9461,1.0,4,0.39,4.1,FLOOR_BREACH,08:46:59 AM ET,08:46:59 AM ET,7.8,3,"PCT2,PCT4_AFTER2",P4_BURST,NORMAL
AIIO,1.025,1.0302,10,0.05,0.51,STOCHK_TIER2,08:46:59 AM ET,08:46:59 AM ET,1.46,2,,P4_BURST,NORMAL
AIIO,1.0124,0.9972139999999999,10,-0.15,-1.5,HARD_STOP,08:46:59 AM ET,08:46:59 AM ET,0.0,1,,P4_BURST,NORMAL
AIIO,1.005,0.9934,10,-0.12,-1.15,STOCHK_TIER1,08:46:59 AM ET,08:46:59 AM ET,0.33,1,,P4_BURST,NORMAL
AIIO,0.998,0.9862,10,-0.12,-1.18,STOCHK_TIER1,08:46:59 AM ET,08:46:59 AM ET,0.0,1,,P4_BURST,NORMAL
AIIO,0.96675,0.95224875,10,-0.15,-1.5,HARD_STOP,08:46:59 AM ET,08:46:59 AM ET,0.0,1,,P4_BURST,NORMAL
AIIO,0.9042,0.9106,5,0.12,1.37,STOCHK_TIER2,08:46:59 AM ET,08:46:59 AM ET,2.12,2,PCT2,P4_BURST,NORMAL
TDIC,2.24,2.2064000000000004,10,-0.34,-1.5,HARD_STOP,08:46:59 AM ET,08:46:59 AM ET,0.0,1,,P4_BURST,NORMAL
AIIO,0.9234,0.9095489999999999,10,-0.14,-1.5,HARD_STOP,08:46:59 AM ET,08:46:59 AM ET,0.17,1,,P4_BURST,NORMAL
AIIO,0.9384,0.924324,10,-0.14,-1.5,HARD_STOP,08:46:59 AM ET,08:46:59 AM ET,0.04,1,,P4_BURST,NORMAL
TDIC,2.32,2.32,10,0.0,0.0,FLOOR_BREACH,08:47:00 AM ET,08:47:00 AM ET,1.29,2,,P4_BURST,NORMAL
AIIO,0.934,0.9342,10,0.0,0.02,MACD_BEAR_T1,08:47:00 AM ET,08:47:00 AM ET,0.63,1,,P4_BURST,NORMAL
AIIO,0.9349,0.9303,10,-0.05,-0.49,STOCHK_TIER1,08:47:00 AM ET,08:47:00 AM ET,0.55,1,,P4_BURST,NORMAL
TDIC,2.34,2.32,10,-0.2,-0.85,MACD_BEAR_T1,08:47:00 AM ET,08:47:00 AM ET,0.0,1,,P4_BURST,NORMAL
AIIO,0.918099,0.91,10,-0.08,-0.88,STOCHK_TIER1,08:47:00 AM ET,08:47:00 AM ET,0.86,1,,P4_BURST,NORMAL
TDIC,2.2767,2.2425495,10,-0.34,-1.5,HARD_STOP,08:47:00 AM ET,08:47:00 AM ET,0.0,1,,P4_BURST,NORMAL
AIIO,0.899,0.8997,5,0.11,1.21,FLOOR_BREACH,08:47:00 AM ET,08:47:00 AM ET,2.34,2,PCT2,P4_BURST,NORMAL
AIIO,0.8673,0.8654,10,-0.02,-0.22,STOCHK_TIER1,08:47:00 AM ET,08:47:00 AM ET,0.06,1,,P4_BURST,NORMAL
TDIC,2.35,2.47,3,1.06,4.51,FLOOR_BREACH,08:47:00 AM ET,08:47:01 AM ET,8.51,3,FAST4,P4_BURST,NORMAL
AIIO,0.8555,0.85,10,-0.06,-0.64,STOCHK_TIER1,08:47:01 AM ET,08:47:01 AM ET,0.0,1,,P4_BURST,NORMAL
TDIC,3.12,3.3598,3,2.89,9.26,FLOOR_BREACH,08:47:01 AM ET,08:47:01 AM ET,9.94,3,FAST4,P4_BURST,NORMAL
AIIO,0.8272,0.8259,10,-0.01,-0.16,STOCHK_TIER1,08:47:01 AM ET,08:47:01 AM ET,0.0,1,,P4_BURST,NORMAL
TDIC,3.5297,3.5992,5,0.75,2.13,MACD_BEAR_T2,08:47:01 AM ET,08:47:01 AM ET,2.84,2,PCT2,P4_BURST,NORMAL
AIIO,0.83,0.8269,10,-0.03,-0.37,STOCHK_TIER1,08:47:01 AM ET,08:47:01 AM ET,0.0,1,,P4_BURST,NORMAL
AIIO,0.8479,0.85,5,0.12,1.43,FLOOR_BREACH,08:47:01 AM ET,08:47:02 AM ET,2.61,2,PCT2,P4_BURST,NORMAL
TDIC,3.08,3.08,10,0.0,0.0,FLOOR_BREACH,08:47:02 AM ET,08:47:02 AM ET,1.3,2,,P4_BURST,NORMAL
AIIO,0.86,0.8602,10,0.0,0.02,STOCHK_TIER1,08:47:02 AM ET,08:47:02 AM ET,0.58,1,,P4_BURST,NORMAL
TDIC,3.21,3.16185,10,-0.48,-1.5,HARD_STOP,08:47:02 AM ET,08:47:02 AM ET,0.62,1,,P4_BURST,NORMAL
AIIO,0.8498,0.8499,10,0.0,0.01,STOCHK_TIER1,08:47:02 AM ET,08:47:02 AM ET,0.02,1,,P4_BURST,NORMAL
TDIC,3.19,3.17,10,-0.2,-0.63,MACD_BEAR_T1,08:47:02 AM ET,08:47:02 AM ET,0.0,1,,P4_BURST,NORMAL
TDIC,3.25,3.20125,10,-0.49,-1.5,HARD_STOP,08:47:03 AM ET,08:47:03 AM ET,0.0,1,,P4_BURST,NORMAL
TDIC,3.0835,3.12,5,0.57,1.83,FLOOR_BREACH,08:47:04 AM ET,08:47:04 AM ET,3.78,3,PCT2,P4_BURST,NORMAL
ATRA,9.29,9.28,10,-0.1,-0.11,MACD_BEAR_T1,08:47:06 AM ET,08:47:06 AM ET,0.91,1,,P4_BURST,NORMAL
ATRA,9.2801,9.26,10,-0.2,-0.22,STOCHK_TIER1,08:47:06 AM ET,08:47:06 AM ET,0.97,1,,P4_BURST,NORMAL
ATRA,9.17,9.0838,10,-0.86,-0.94,STOCHK_TIER1,08:47:07 AM ET,08:47:07 AM ET,0.0,1,,P4_BURST,NORMAL
ATRA,8.99,8.9101,10,-0.8,-0.89,STOCHK_TIER1,08:47:07 AM ET,08:47:07 AM ET,0.28,1,,P4_BURST,NORMAL
ATRA,8.85,8.71725,10,-1.33,-1.5,HARD_STOP,08:47:07 AM ET,08:47:07 AM ET,0.56,1,,P4_BURST,NORMAL
ATRA,8.82,8.8,10,-0.2,-0.23,STOCHK_TIER1,08:47:07 AM ET,08:47:07 AM ET,0.53,1,,P4_BURST,NORMAL
ATRA,8.3787,8.4601,10,0.81,0.97,STOCHK_TIER2,08:47:07 AM ET,08:47:07 AM ET,1.45,2,,P4_BURST,NORMAL
ATRA,8.55,8.51,10,-0.4,-0.47,STOCHK_TIER1,08:47:07 AM ET,08:47:07 AM ET,0.35,1,,P4_BURST,NORMAL
ATRA,8.4,8.3134,10,-0.87,-1.03,STOCHK_TIER1,08:47:07 AM ET,08:47:07 AM ET,0.0,1,,P4_BURST,NORMAL
ATRA,8.32,8.1952,10,-1.25,-1.5,HARD_STOP,08:47:08 AM ET,08:47:08 AM ET,0.0,1,,P4_BURST,NORMAL
ATRA,7.98,7.93,10,-0.5,-0.63,STOCHK_TIER1,08:47:08 AM ET,08:47:08 AM ET,0.0,1,,P4_BURST,NORMAL
ATRA,8.09,7.968649999999999,10,-1.21,-1.5,HARD_STOP,08:47:08 AM ET,08:47:08 AM ET,0.0,1,,P4_BURST,NORMAL
BCDA,1.12,1.1201,10,0.0,0.01,STOCHK_TIER2,08:47:08 AM ET,08:47:08 AM ET,1.79,2,,P4_BURST,NORMAL
BCDA,1.14,1.14,10,0.0,0.0,STOCHK_TIER1,08:47:08 AM ET,08:47:08 AM ET,0.87,1,,P4_BURST,NORMAL
BCDA,1.14,1.1228999999999998,10,-0.17,-1.5,HARD_STOP,08:47:08 AM ET,08:47:08 AM ET,0.0,1,,P4_BURST,NORMAL
BCDA,1.13,1.1301,10,0.0,0.01,STOCHK_TIER1,08:47:08 AM ET,08:47:08 AM ET,0.44,1,,P4_BURST,NORMAL
BCDA,1.1376,1.13,10,-0.08,-0.67,STOCHK_TIER1,08:47:08 AM ET,08:47:08 AM ET,0.21,1,,P4_BURST,NORMAL
BCDA,1.13,1.125,10,-0.05,-0.44,STOCHK_TIER1,08:47:08 AM ET,08:47:08 AM ET,0.0,1,,P4_BURST,NORMAL
BCDA,1.09,1.075,10,-0.15,-1.38,STOCHK_TIER1,08:47:08 AM ET,08:47:08 AM ET,0.0,1,,P4_BURST,NORMAL
BCDA,1.0877,1.09,10,0.02,0.21,EOD_CLOSE,08:47:08 AM ET,08:47:09 AM ET,1.13,2,,P4_BURST,NORMAL
BEZ,2.6,2.58,10,-0.2,-0.77,STOCHK_TIER1,08:47:09 AM ET,08:47:09 AM ET,0.0,1,,P4_BURST,NORMAL
BEZ,2.6,2.608,10,0.08,0.31,STOCHK_TIER2,08:47:09 AM ET,08:47:09 AM ET,1.35,2,,P4_BURST,NORMAL
BEZ,2.66,2.725,5,0.65,2.44,MACD_BEAR_T2,08:47:09 AM ET,08:47:09 AM ET,2.44,2,PCT2,P4_BURST,NORMAL
BEZ,2.7499,2.725,10,-0.25,-0.91,STOCHK_TIER1,08:47:09 AM ET,08:47:09 AM ET,0.19,1,,P4_BURST,NORMAL
BEZ,2.685,2.665,10,-0.2,-0.74,STOCHK_TIER1,08:47:09 AM ET,08:47:09 AM ET,0.0,1,,P4_BURST,NORMAL
BEZ,2.66,2.68,10,0.2,0.75,STOCHK_TIER2,08:47:09 AM ET,08:47:09 AM ET,1.5,2,,P4_BURST,NORMAL
BEZ,2.71,2.69,10,-0.2,-0.74,STOCHK_TIER1,08:47:09 AM ET,08:47:09 AM ET,0.0,1,,P4_BURST,NORMAL
BEZ,2.67,2.6689,10,-0.01,-0.04,STOCHK_TIER1,08:47:09 AM ET,08:47:09 AM ET,0.37,1,,P4_BURST,NORMAL
BEZ,2.64,2.64,10,0.0,0.0,STOCHK_TIER1,08:47:09 AM ET,08:47:09 AM ET,0.38,1,,P4_BURST,NORMAL
BEZ,2.61,2.5708499999999996,10,-0.39,-1.5,HARD_STOP,08:47:09 AM ET,08:47:09 AM ET,0.0,1,,P4_BURST,NORMAL
BEZ,2.55,2.54,10,-0.1,-0.39,STOCHK_TIER1,08:47:09 AM ET,08:47:09 AM ET,0.0,1,,P4_BURST,NORMAL
BEZ,2.54,2.54,10,0.0,0.0,FLOOR_BREACH,08:47:09 AM ET,08:47:09 AM ET,1.77,2,,P4_BURST,NORMAL
BEZ,2.57,2.58,10,0.1,0.39,STOCHK_TIER1,08:47:09 AM ET,08:47:09 AM ET,0.78,1,,P4_BURST,NORMAL
CODX,2.05,2.01925,10,-0.31,-1.5,HARD_STOP,08:47:09 AM ET,08:47:09 AM ET,0.0,1,,P4_BURST,NORMAL
CODX,1.99,1.96015,10,-0.3,-1.5,HARD_STOP,08:47:09 AM ET,08:47:09 AM ET,0.0,1,,P4_BURST,NORMAL
CODX,2.07,2.03895,10,-0.31,-1.5,HARD_STOP,08:47:09 AM ET,08:47:09 AM ET,0.0,1,,P4_BURST,NORMAL
CODX,2.05,2.01925,10,-0.31,-1.5,HARD_STOP,08:47:09 AM ET,08:47:09 AM ET,0.24,1,,P4_BURST,NORMAL
CODX,2.04,2.0301,10,-0.1,-0.49,STOCHK_TIER1,08:47:09 AM ET,08:47:09 AM ET,0.0,1,,P4_BURST,NORMAL
CODX,2.04,2.04,10,0.0,0.0,STOCHK_TIER1,08:47:09 AM ET,08:47:09 AM ET,0.98,1,,P4_BURST,NORMAL
CODX,2.04,2.0801,5,0.5,2.45,MACD_BEAR_T3,08:47:09 AM ET,08:47:10 AM ET,3.44,3,PCT2,P4_BURST,NORMAL
CODX,2.0601,2.1503,4,0.81,3.93,MACD_BEAR_T3,08:47:10 AM ET,08:47:10 AM ET,4.85,3,"PCT2,PCT4_AFTER2",P4_BURST,NORMAL
CODX,2.1,2.11,5,0.3,1.43,FLOOR_BREACH,08:47:10 AM ET,08:47:10 AM ET,2.86,2,PCT2,P4_BURST,NORMAL
CODX,2.14,2.1949,3,0.86,4.04,FLOOR_BREACH,08:47:10 AM ET,08:47:10 AM ET,4.67,3,FAST4,P4_BURST,NORMAL
CODX,2.23,2.22,10,-0.1,-0.45,STOCHK_TIER1,08:47:10 AM ET,08:47:10 AM ET,0.45,1,,P4_BURST,NORMAL
CODX,2.44,2.4034,10,-0.37,-1.5,HARD_STOP,08:47:10 AM ET,08:47:10 AM ET,0.0,1,,P4_BURST,NORMAL
CODX,2.3899,2.38,10,-0.1,-0.41,STOCHK_TIER1,08:47:10 AM ET,08:47:10 AM ET,0.42,1,,P4_BURST,NORMAL
CODX,2.375,2.36,10,-0.15,-0.63,FLOOR_BREACH,08:47:10 AM ET,08:47:10 AM ET,1.02,2,,P4_BURST,NORMAL
CODX,2.36,2.3404,10,-0.2,-0.83,STOCHK_TIER1,08:47:10 AM ET,08:47:10 AM ET,0.0,1,,P4_BURST,NORMAL
TLIH,3.57,3.61,5,0.8,2.24,FLOOR_BREACH,08:47:10 AM ET,08:47:10 AM ET,3.36,3,PCT2,P4_BURST,NORMAL
TLIH,3.66,3.6051,10,-0.55,-1.5,HARD_STOP,08:47:10 AM ET,08:47:10 AM ET,0.0,1,,P4_BURST,NORMAL
TLIH,3.6999,3.7,10,0.0,0.0,STOCHK_TIER1,08:47:10 AM ET,08:47:10 AM ET,0.03,1,,P4_BURST,NORMAL
CODX,2.3696,2.365,10,-0.05,-0.19,STOCHK_TIER1,08:47:10 AM ET,08:47:10 AM ET,0.44,1,,P4_BURST,NORMAL
CODX,2.37,2.365,10,-0.05,-0.21,STOCHK_TIER1,08:47:10 AM ET,08:47:10 AM ET,0.84,1,,P4_BURST,NORMAL
CODX,2.3889,2.3605,10,-0.28,-1.19,STOCHK_TIER1,08:47:11 AM ET,08:47:11 AM ET,0.0,1,,P4_BURST,NORMAL
CODX,2.445,2.43,10,-0.15,-0.61,MACD_BEAR_T1,08:47:11 AM ET,08:47:11 AM ET,0.0,1,,P4_BURST,NORMAL
CODX,2.4265,2.3901025,10,-0.36,-1.5,HARD_STOP,08:47:11 AM ET,08:47:11 AM ET,0.0,1,,P4_BURST,NORMAL
CODX,2.387,2.42,5,0.45,1.91,FLOOR_BREACH,08:47:11 AM ET,08:47:11 AM ET,3.06,3,PCT2,P4_BURST,NORMAL
CODX,2.4,2.381,10,-0.19,-0.79,STOCHK_TIER1,08:47:11 AM ET,08:47:11 AM ET,0.0,1,,P4_BURST,NORMAL
CODX,2.41,2.39,10,-0.2,-0.83,STOCHK_TIER1,08:47:11 AM ET,08:47:11 AM ET,0.0,1,,P4_BURST,NORMAL
CODX,2.42,2.4604,4,0.56,2.32,FLOOR_BREACH,08:47:11 AM ET,08:47:11 AM ET,4.13,3,"PCT2,PCT4_AFTER2",P4_BURST,NORMAL
CODX,2.53,2.53,5,0.26,1.01,FLOOR_BREACH,08:47:11 AM ET,08:47:12 AM ET,2.77,2,PCT2,P4_BURST,NORMAL
CODX,2.6798,2.639603,10,-0.4,-1.5,HARD_STOP,08:47:12 AM ET,08:47:12 AM ET,0.0,1,,P4_BURST,NORMAL
CODX,2.59,2.57,10,-0.2,-0.77,STOCHK_TIER1,08:47:12 AM ET,08:47:12 AM ET,0.0,1,,P4_BURST,NORMAL
CODX,2.6,2.561,10,-0.39,-1.5,HARD_STOP,08:47:12 AM ET,08:47:12 AM ET,0.0,1,,P4_BURST,NORMAL
CODX,2.52,2.4822,10,-0.38,-1.5,HARD_STOP,08:47:12 AM ET,08:47:12 AM ET,0.0,1,,P4_BURST,NORMAL
CODX,2.595,2.5560750000000003,10,-0.39,-1.5,HARD_STOP,08:47:12 AM ET,08:47:12 AM ET,1.22,2,,P4_BURST,NORMAL
CODX,2.73,2.68905,10,-0.41,-1.5,HARD_STOP,08:47:12 AM ET,08:47:12 AM ET,0.0,1,,P4_BURST,NORMAL
CODX,2.5577,2.5201,10,-0.38,-1.47,STOCHK_TIER1,08:47:13 AM ET,08:47:13 AM ET,0.0,1,,P4_BURST,NORMAL
CODX,2.55,2.5415,10,-0.08,-0.33,STOCHK_TIER1,08:47:13 AM ET,08:47:13 AM ET,0.0,1,,P4_BURST,NORMAL
CODX,2.55,2.55,10,0.0,0.0,FLOOR_BREACH,08:47:13 AM ET,08:47:13 AM ET,1.18,2,,P4_BURST,NORMAL
CODX,2.5793,2.5406105,10,-0.39,-1.5,HARD_STOP,08:47:13 AM ET,08:47:13 AM ET,0.0,1,,P4_BURST,NORMAL
CODX,2.6,2.59,10,-0.1,-0.38,STOCHK_TIER1,08:47:13 AM ET,08:47:13 AM ET,0.0,1,,P4_BURST,NORMAL
CODX,2.52,2.52,5,0.26,1.02,FLOOR_BREACH,08:47:13 AM ET,08:47:13 AM ET,2.04,2,PCT2,P4_BURST,NORMAL
AIIO,1.36,1.3503,10,-0.1,-0.71,STOCHK_TIER1,08:47:14 AM ET,08:47:14 AM ET,0.0,1,,P4_BURST,NORMAL
CODX,2.57,2.55,10,-0.2,-0.78,FLOOR_BREACH,08:47:13 AM ET,08:47:14 AM ET,1.17,2,,P4_BURST,NORMAL
AIIO,1.3597,1.3501,10,-0.1,-0.71,STOCHK_TIER1,08:47:14 AM ET,08:47:14 AM ET,0.0,1,,P4_BURST,NORMAL
AIIO,1.35,1.3413,10,-0.09,-0.64,STOCHK_TIER1,08:47:14 AM ET,08:47:14 AM ET,0.0,1,,P4_BURST,NORMAL
CODX,2.6033,2.57,10,-0.33,-1.28,STOCHK_TIER1,08:47:14 AM ET,08:47:14 AM ET,0.64,1,,P4_BURST,NORMAL
AIIO,1.4901,1.5135,5,0.27,1.79,STOCHK_TIER2,08:47:14 AM ET,08:47:14 AM ET,2.68,2,PCT2,P4_BURST,NORMAL
CODX,2.5997,2.59,10,-0.1,-0.37,STOCHK_TIER1,08:47:14 AM ET,08:47:14 AM ET,0.0,1,,P4_BURST,NORMAL
AIIO,1.41,1.39,10,-0.2,-1.42,STOCHK_TIER1,08:47:14 AM ET,08:47:14 AM ET,0.71,1,,P4_BURST,NORMAL
CODX,2.55,2.53,10,-0.2,-0.78,STOCHK_TIER1,08:47:14 AM ET,08:47:14 AM ET,0.0,1,,P4_BURST,NORMAL
AMBO,1.954,1.95,10,-0.04,-0.2,EOD_CLOSE,08:47:14 AM ET,08:47:14 AM ET,0.0,1,,P4_BURST,NORMAL
BESS,3.2398,3.191203,10,-0.49,-1.5,HARD_STOP,08:47:14 AM ET,08:47:14 AM ET,0.01,1,,P4_BURST,NORMAL
BESS,3.24,3.4,3,1.46,4.51,FLOOR_BREACH,08:47:14 AM ET,08:47:14 AM ET,7.72,3,FAST4,P4_BURST,NORMAL
BESS,3.4657,3.4137144999999998,10,-0.52,-1.5,HARD_STOP,08:47:14 AM ET,08:47:14 AM ET,0.0,1,,P4_BURST,NORMAL
CODX,2.59,2.55115,10,-0.39,-1.5,HARD_STOP,08:47:14 AM ET,08:47:14 AM ET,0.0,1,,P4_BURST,NORMAL
BESS,3.41,3.445,5,0.57,1.69,STOCHK_TIER2,08:47:14 AM ET,08:47:14 AM ET,2.35,2,PCT2,P4_BURST,NORMAL
BESS,3.4622,3.44,10,-0.22,-0.64,FLOOR_BREACH,08:47:14 AM ET,08:47:14 AM ET,1.09,2,,P4_BURST,NORMAL
BESS,3.41,3.35885,10,-0.51,-1.5,HARD_STOP,08:47:14 AM ET,08:47:14 AM ET,0.0,1,,P4_BURST,NORMAL
BESS,3.4148,3.363578,10,-0.51,-1.5,HARD_STOP,08:47:14 AM ET,08:47:14 AM ET,0.15,1,,P4_BURST,NORMAL
BESS,3.47,3.4611,10,-0.09,-0.26,STOCHK_TIER1,08:47:14 AM ET,08:47:14 AM ET,0.0,1,,P4_BURST,NORMAL
CODX,2.56,2.56,10,0.0,0.0,FLOOR_BREACH,08:47:14 AM ET,08:47:14 AM ET,1.22,2,,P4_BURST,NORMAL
BEZ,2.14,2.115,10,-0.25,-1.17,STOCHK_TIER1,08:47:14 AM ET,08:47:14 AM ET,0.0,1,,P4_BURST,NORMAL
BEZ,2.035,2.04,10,0.05,0.25,STOCHK_TIER1,08:47:15 AM ET,08:47:15 AM ET,0.74,1,,P4_BURST,NORMAL
BEZ,1.9999,1.99,10,-0.1,-0.5,STOCHK_TIER1,08:47:15 AM ET,08:47:15 AM ET,0.51,1,,P4_BURST,NORMAL
BEZ,1.96,1.97,10,0.1,0.51,STOCHK_TIER2,08:47:15 AM ET,08:47:15 AM ET,1.53,2,,P4_BURST,NORMAL
BEZ,1.98,1.96,10,-0.2,-1.01,STOCHK_TIER1,08:47:15 AM ET,08:47:15 AM ET,0.0,1,,P4_BURST,NORMAL
BEZ,1.9501,1.9301,10,-0.2,-1.03,STOCHK_TIER1,08:47:15 AM ET,08:47:15 AM ET,0.0,1,,P4_BURST,NORMAL
BEZ,1.9,1.89,10,-0.1,-0.53,STOCHK_TIER1,08:47:15 AM ET,08:47:15 AM ET,0.0,1,,P4_BURST,NORMAL
BEZ,1.92,1.9,10,-0.2,-1.04,STOCHK_TIER1,08:47:16 AM ET,08:47:16 AM ET,0.0,1,,P4_BURST,NORMAL
BEZ,2.01,1.99,10,-0.2,-1.0,STOCHK_TIER1,08:47:16 AM ET,08:47:16 AM ET,0.0,1,,P4_BURST,NORMAL
CTNT,2.71,2.7502,5,0.54,1.99,FLOOR_BREACH,08:47:16 AM ET,08:47:16 AM ET,3.31,3,PCT2,P4_BURST,NORMAL
CTNT,2.7595,2.74,10,-0.19,-0.71,STOCHK_TIER1,08:47:17 AM ET,08:47:17 AM ET,0.0,1,,P4_BURST,NORMAL
CTNT,2.71,2.7205,10,0.1,0.39,STOCHK_TIER2,08:47:17 AM ET,08:47:17 AM ET,1.33,2,,P4_BURST,NORMAL
CTNT,2.6613,2.65,10,-0.11,-0.42,STOCHK_TIER1,08:47:17 AM ET,08:47:17 AM ET,0.33,1,,P4_BURST,NORMAL
CTNT,2.6693,2.651,10,-0.18,-0.69,STOCHK_TIER1,08:47:17 AM ET,08:47:17 AM ET,0.0,1,,P4_BURST,NORMAL
CTNT,2.63,2.6,10,-0.3,-1.14,STOCHK_TIER1,08:47:17 AM ET,08:47:17 AM ET,0.0,1,,P4_BURST,NORMAL
BWEN,4.4609,4.4011,10,-0.6,-1.34,STOCHK_TIER1,08:47:17 AM ET,08:47:17 AM ET,0.11,1,,P4_BURST,NORMAL
BWEN,4.49,4.42265,10,-0.67,-1.5,HARD_STOP,08:47:17 AM ET,08:47:17 AM ET,0.0,1,,P4_BURST,NORMAL
CTNT,2.7395,2.6984075,10,-0.41,-1.5,HARD_STOP,08:47:17 AM ET,08:47:17 AM ET,0.0,1,,P4_BURST,NORMAL
BWEN,4.48,4.45,10,-0.3,-0.67,STOCHK_TIER1,08:47:17 AM ET,08:47:17 AM ET,0.0,1,,P4_BURST,NORMAL
BWEN,4.5996,4.65,10,0.5,1.1,EOD_CLOSE,08:47:17 AM ET,08:47:17 AM ET,1.53,2,,P4_BURST,NORMAL
FABC,4.36,4.345,10,-0.15,-0.34,STOCHK_TIER1,08:47:17 AM ET,08:47:17 AM ET,0.34,1,,P4_BURST,NORMAL
BZFD,1.38,1.36,10,-0.2,-1.45,STOCHK_TIER1,08:47:18 AM ET,08:47:18 AM ET,0.0,1,,P4_BURST,NORMAL
BZFD,1.15,1.145,10,-0.05,-0.43,STOCHK_TIER1,08:47:18 AM ET,08:47:18 AM ET,0.87,1,,P4_BURST,NORMAL
IREZ,6.23,6.136550000000001,10,-0.93,-1.5,HARD_STOP,08:47:18 AM ET,08:47:18 AM ET,0.0,1,,P4_BURST,NORMAL
BZFD,1.135,1.135,10,0.0,0.0,FLOOR_BREACH,08:47:18 AM ET,08:47:18 AM ET,1.09,2,,P4_BURST,NORMAL
IREZ,6.8699,6.7703,10,-1.0,-1.45,FLOOR_BREACH,08:47:18 AM ET,08:47:18 AM ET,1.17,2,,P4_BURST,NORMAL
BZFD,1.1496,1.132356,10,-0.17,-1.5,HARD_STOP,08:47:18 AM ET,08:47:18 AM ET,0.0,1,,P4_BURST,NORMAL
IREZ,7.039,7.23,4,1.82,2.59,FLOOR_BREACH,08:47:18 AM ET,08:47:18 AM ET,4.56,3,"PCT2,PCT4_AFTER2",P4_BURST,NORMAL
BZFD,1.13,1.1362,10,0.06,0.55,STOCHK_TIER2,08:47:18 AM ET,08:47:18 AM ET,1.76,2,,P4_BURST,NORMAL
IREZ,7.11,7.11,10,0.0,0.0,FLOOR_BREACH,08:47:18 AM ET,08:47:18 AM ET,1.41,2,,P4_BURST,NORMAL
IREZ,6.8486,6.745871,10,-1.03,-1.5,HARD_STOP,08:47:18 AM ET,08:47:18 AM ET,0.0,1,,P4_BURST,NORMAL
BZFD,1.15,1.14,10,-0.1,-0.87,STOCHK_TIER1,08:47:18 AM ET,08:47:18 AM ET,0.0,1,,P4_BURST,NORMAL
IREZ,6.63,6.53055,10,-0.99,-1.5,HARD_STOP,08:47:18 AM ET,08:47:18 AM ET,0.0,1,,P4_BURST,NORMAL
BZFD,1.1498,1.16,10,0.1,0.89,STOCHK_TIER2,08:47:18 AM ET,08:47:18 AM ET,1.76,2,,P4_BURST,NORMAL
IREZ,6.4899,6.515,5,0.88,1.35,FLOOR_BREACH,08:47:18 AM ET,08:47:18 AM ET,2.31,2,PCT2,P4_BURST,NORMAL
BZFD,1.2,1.24,4,0.42,3.47,FLOOR_BREACH,08:47:18 AM ET,08:47:19 AM ET,5.0,3,"PCT2,PCT4_AFTER2",P4_BURST,NORMAL
IREZ,6.92,6.9414,5,0.96,1.38,FLOOR_BREACH,08:47:18 AM ET,08:47:19 AM ET,2.46,2,PCT2,P4_BURST,NORMAL
IREZ,6.8198,6.81,10,-0.1,-0.14,FLOOR_BREACH,08:47:19 AM ET,08:47:19 AM ET,1.32,2,,P4_BURST,NORMAL
BZFD,1.2351,1.2475,5,0.19,1.51,STOCHK_TIER2,08:47:19 AM ET,08:47:19 AM ET,2.02,2,PCT2,P4_BURST,NORMAL
IREZ,6.8686,6.88,10,0.11,0.17,STOCHK_TIER2,08:47:19 AM ET,08:47:19 AM ET,1.84,2,,P4_BURST,NORMAL
IREZ,6.81,6.73,10,-0.8,-1.17,STOCHK_TIER1,08:47:19 AM ET,08:47:19 AM ET,0.0,1,,P4_BURST,NORMAL
BZFD,1.2597,1.255,10,-0.05,-0.37,STOCHK_TIER1,08:47:19 AM ET,08:47:19 AM ET,0.02,1,,P4_BURST,NORMAL
IREZ,6.75,6.7,10,-0.5,-0.74,STOCHK_TIER1,08:47:19 AM ET,08:47:19 AM ET,0.15,1,,P4_BURST,NORMAL
BZFD,1.26,1.27,10,0.1,0.79,STOCHK_TIER2,08:47:19 AM ET,08:47:19 AM ET,1.59,2,,P4_BURST,NORMAL
IREZ,6.6314,6.531929,10,-0.99,-1.5,HARD_STOP,08:47:19 AM ET,08:47:19 AM ET,0.0,1,,P4_BURST,NORMAL
BZFD,1.25,1.23125,10,-0.19,-1.5,HARD_STOP,08:47:19 AM ET,08:47:19 AM ET,0.0,1,,P4_BURST,NORMAL
BZFD,1.215,1.2101,10,-0.05,-0.4,STOCHK_TIER1,08:47:19 AM ET,08:47:19 AM ET,0.0,1,,P4_BURST,NORMAL
IREZ,6.7,7.02,4,2.35,3.51,MACD_BEAR_T3,08:47:19 AM ET,08:47:19 AM ET,5.97,3,"PCT2,PCT4_AFTER2",P4_BURST,NORMAL
IREZ,6.96,7.015,10,0.55,0.79,STOCHK_TIER2,08:47:20 AM ET,08:47:20 AM ET,1.29,2,,P4_BURST,NORMAL
BZFD,1.28,1.2801,10,0.0,0.01,STOCHK_TIER1,08:47:20 AM ET,08:47:20 AM ET,0.78,1,,P4_BURST,NORMAL
BZFD,1.2695,1.2605,10,-0.09,-0.71,STOCHK_TIER1,08:47:20 AM ET,08:47:20 AM ET,0.0,1,,P4_BURST,NORMAL
IREZ,6.91,7.1599,4,2.2,3.18,FLOOR_BREACH,08:47:20 AM ET,08:47:20 AM ET,5.21,3,"PCT2,PCT4_AFTER2",P4_BURST,NORMAL
BZFD,1.28,1.27,10,-0.1,-0.78,STOCHK_TIER1,08:47:20 AM ET,08:47:20 AM ET,0.0,1,,P4_BURST,NORMAL
IREZ,7.03,6.99,10,-0.4,-0.57,STOCHK_TIER1,08:47:20 AM ET,08:47:20 AM ET,0.85,1,,P4_BURST,NORMAL
BZFD,1.275,1.271,10,-0.04,-0.31,STOCHK_TIER1,08:47:20 AM ET,08:47:20 AM ET,0.0,1,,P4_BURST,NORMAL
BZFD,1.2799,1.2702,10,-0.1,-0.76,STOCHK_TIER1,08:47:20 AM ET,08:47:20 AM ET,0.0,1,,P4_BURST,NORMAL
IREZ,7.12,7.17,10,0.5,0.7,STOCHK_TIER2,08:47:20 AM ET,08:47:20 AM ET,1.82,2,,P4_BURST,NORMAL
BZFD,1.2882,1.2801,10,-0.08,-0.63,STOCHK_TIER1,08:47:20 AM ET,08:47:20 AM ET,0.13,1,,P4_BURST,NORMAL
IREZ,7.32,7.37,10,0.5,0.68,MACD_BEAR_T2,08:47:20 AM ET,08:47:20 AM ET,1.5,2,,P4_BURST,NORMAL
BZFD,1.29,1.28,10,-0.1,-0.78,STOCHK_TIER1,08:47:20 AM ET,08:47:21 AM ET,0.0,1,,P4_BURST,NORMAL
IREZ,7.49,7.53,10,0.4,0.53,MACD_BEAR_T2,08:47:21 AM ET,08:47:21 AM ET,1.67,2,,P4_BURST,NORMAL
BZFD,1.285,1.2801,10,-0.05,-0.38,STOCHK_TIER1,08:47:21 AM ET,08:47:21 AM ET,0.0,1,,P4_BURST,NORMAL
IREZ,7.575,7.75,5,1.7,2.25,EOD_CLOSE,08:47:21 AM ET,08:47:21 AM ET,2.31,2,PCT2,P4_BURST,NORMAL
MASK,2.8395,2.805,10,-0.34,-1.22,STOCHK_TIER1,08:47:21 AM ET,08:47:21 AM ET,0.0,1,,P4_BURST,NORMAL
BZFD,1.285,1.2701,10,-0.15,-1.16,STOCHK_TIER1,08:47:21 AM ET,08:47:21 AM ET,0.0,1,,P4_BURST,NORMAL
MASK,3.08,3.0338,10,-0.46,-1.5,HARD_STOP,08:47:21 AM ET,08:47:21 AM ET,0.0,1,,P4_BURST,NORMAL
MASK,3.1199,3.0731015,10,-0.47,-1.5,HARD_STOP,08:47:21 AM ET,08:47:21 AM ET,0.0,1,,P4_BURST,NORMAL
MASK,3.32,3.2702,10,-0.5,-1.5,HARD_STOP,08:47:21 AM ET,08:47:21 AM ET,0.0,1,,P4_BURST,NORMAL
MASK,3.2,3.2,10,0.0,0.0,FLOOR_BREACH,08:47:21 AM ET,08:47:21 AM ET,1.56,2,,P4_BURST,NORMAL
BZFD,1.28,1.28,10,0.0,0.0,STOCHK_TIER1,08:47:21 AM ET,08:47:21 AM ET,0.78,1,,P4_BURST,NORMAL
MASK,3.1543,3.17,5,0.45,1.44,FLOOR_BREACH,08:47:21 AM ET,08:47:21 AM ET,2.38,2,PCT2,P4_BURST,NORMAL
MASK,3.1982,3.150227,10,-0.48,-1.5,HARD_STOP,08:47:21 AM ET,08:47:21 AM ET,0.0,1,,P4_BURST,NORMAL
MASK,3.16,3.1126,10,-0.47,-1.5,HARD_STOP,08:47:21 AM ET,08:47:21 AM ET,0.32,1,,P4_BURST,NORMAL
MASK,3.05,3.05,10,0.0,0.0,FLOOR_BREACH,08:47:21 AM ET,08:47:21 AM ET,1.31,2,,P4_BURST,NORMAL
MASK,3.199,3.1510149999999997,10,-0.48,-1.5,HARD_STOP,08:47:21 AM ET,08:47:21 AM ET,0.0,1,,P4_BURST,NORMAL
BZFD,1.29,1.31,5,0.25,1.94,MACD_BEAR_T3,08:47:21 AM ET,08:47:21 AM ET,3.1,3,PCT2,P4_BURST,NORMAL
MASK,3.1505,3.14,10,-0.1,-0.33,STOCHK_TIER1,08:47:21 AM ET,08:47:21 AM ET,0.14,1,,P4_BURST,NORMAL
MASK,3.5099,3.4572515,10,-0.53,-1.5,HARD_STOP,08:47:21 AM ET,08:47:21 AM ET,0.0,1,,P4_BURST,NORMAL
MASK,3.49,3.43765,10,-0.52,-1.5,HARD_STOP,08:47:22 AM ET,08:47:22 AM ET,0.57,1,,P4_BURST,NORMAL
BZFD,1.345,1.34,10,-0.05,-0.37,STOCHK_TIER1,08:47:22 AM ET,08:47:22 AM ET,0.0,1,,P4_BURST,NORMAL
MASK,3.3986,3.347621,10,-0.51,-1.5,HARD_STOP,08:47:22 AM ET,08:47:22 AM ET,0.0,1,,P4_BURST,NORMAL
MASK,3.4856,3.56,3,1.23,3.54,FLOOR_BREACH,08:47:22 AM ET,08:47:22 AM ET,4.14,3,FAST4,P4_BURST,NORMAL
BZFD,1.36,1.365,10,0.05,0.37,MACD_BEAR_T1,08:47:22 AM ET,08:47:22 AM ET,0.74,1,,P4_BURST,NORMAL
MASK,3.4101,3.66,4,1.6,4.69,FLOOR_BREACH,08:47:22 AM ET,08:47:22 AM ET,9.38,3,"PCT2,PCT4_AFTER2",P4_BURST,NORMAL
MASK,3.62,3.5657,10,-0.54,-1.5,HARD_STOP,08:47:22 AM ET,08:47:22 AM ET,0.0,1,,P4_BURST,NORMAL
BZFD,1.3681,1.3643,10,-0.04,-0.28,MACD_BEAR_T1,08:47:22 AM ET,08:47:22 AM ET,0.14,1,,P4_BURST,NORMAL
MASK,3.59,3.5361499999999997,10,-0.54,-1.5,HARD_STOP,08:47:22 AM ET,08:47:22 AM ET,0.28,1,,P4_BURST,NORMAL
MASK,3.275,3.225875,10,-0.49,-1.5,HARD_STOP,08:47:22 AM ET,08:47:22 AM ET,0.0,1,,P4_BURST,NORMAL
BZFD,1.3598,1.339403,10,-0.2,-1.5,HARD_STOP,08:47:22 AM ET,08:47:22 AM ET,0.0,1,,P4_BURST,NORMAL
BZFD,1.34,1.3199,10,-0.2,-1.5,HARD_STOP,08:47:22 AM ET,08:47:22 AM ET,0.0,1,,P4_BURST,NORMAL
MASK,2.73,2.9902,4,1.43,5.22,FLOOR_BREACH,08:47:23 AM ET,08:47:23 AM ET,13.55,3,"PCT2,PCT4_AFTER2",P4_BURST,NORMAL
BZFD,1.37,1.35,10,-0.2,-1.46,STOCHK_TIER1,08:47:23 AM ET,08:47:23 AM ET,0.0,1,,P4_BURST,NORMAL
MNTS,5.3,5.31,10,0.1,0.19,STOCHK_TIER2,08:47:23 AM ET,08:47:23 AM ET,1.51,2,,P4_BURST,NORMAL
MNTS,5.4,5.319,10,-0.81,-1.5,HARD_STOP,08:47:23 AM ET,08:47:23 AM ET,0.0,1,,P4_BURST,NORMAL
MNTS,5.36,5.28,10,-0.8,-1.49,STOCHK_TIER1,08:47:23 AM ET,08:47:23 AM ET,0.0,1,,P4_BURST,NORMAL
MNTS,5.35,5.34,10,-0.1,-0.19,STOCHK_TIER1,08:47:23 AM ET,08:47:23 AM ET,0.65,1,,P4_BURST,NORMAL
BZFD,1.3699,1.36,10,-0.1,-0.72,MACD_BEAR_T1,08:47:23 AM ET,08:47:23 AM ET,0.52,1,,P4_BURST,NORMAL
MNTS,5.39,5.4501,5,1.14,2.12,FLOOR_BREACH,08:47:23 AM ET,08:47:23 AM ET,3.12,3,PCT2,P4_BURST,NORMAL
MNTS,5.49,5.44,10,-0.5,-0.91,STOCHK_TIER1,08:47:23 AM ET,08:47:23 AM ET,0.0,1,,P4_BURST,NORMAL
MNTS,5.38,5.43,10,0.5,0.93,STOCHK_TIER2,08:47:23 AM ET,08:47:23 AM ET,1.86,2,,P4_BURST,NORMAL
BZFD,1.36,1.3511,10,-0.09,-0.65,STOCHK_TIER1,08:47:23 AM ET,08:47:23 AM ET,0.0,1,,P4_BURST,NORMAL
MNTS,5.4,5.36,10,-0.4,-0.74,STOCHK_TIER1,08:47:23 AM ET,08:47:23 AM ET,0.0,1,,P4_BURST,NORMAL
MNTS,5.41,5.3601,10,-0.5,-0.92,STOCHK_TIER1,08:47:23 AM ET,08:47:23 AM ET,0.0,1,,P4_BURST,NORMAL
MNTS,5.3996,5.36,10,-0.4,-0.73,STOCHK_TIER1,08:47:23 AM ET,08:47:23 AM ET,0.0,1,,P4_BURST,NORMAL
MNTS,5.37,5.31,10,-0.6,-1.12,STOCHK_TIER1,08:47:23 AM ET,08:47:23 AM ET,0.19,1,,P4_BURST,NORMAL
BZFD,1.36,1.3505,10,-0.1,-0.7,STOCHK_TIER1,08:47:23 AM ET,08:47:24 AM ET,0.0,1,,P4_BURST,NORMAL
BZFD,1.36,1.35,10,-0.1,-0.74,STOCHK_TIER1,08:47:24 AM ET,08:47:24 AM ET,0.0,1,,P4_BURST,NORMAL
ONEG,1.3701,1.37,5,0.14,1.01,FLOOR_BREACH,08:47:24 AM ET,08:47:24 AM ET,2.02,2,PCT2,P4_BURST,NORMAL
ONEG,1.38,1.36,10,-0.2,-1.45,STOCHK_TIER1,08:47:24 AM ET,08:47:24 AM ET,0.04,1,,P4_BURST,NORMAL
BZFD,1.35,1.32975,10,-0.2,-1.5,HARD_STOP,08:47:24 AM ET,08:47:24 AM ET,0.0,1,,P4_BURST,NORMAL
ONEG,1.38,1.3593,10,-0.21,-1.5,HARD_STOP,08:47:24 AM ET,08:47:24 AM ET,0.0,1,,P4_BURST,NORMAL
ONEG,1.47,1.5301,3,0.6,4.08,FLOOR_BREACH,08:47:24 AM ET,08:47:24 AM ET,6.12,3,FAST4,P4_BURST,NORMAL
ONEG,1.5263,1.5034055,10,-0.23,-1.5,HARD_STOP,08:47:24 AM ET,08:47:24 AM ET,0.0,1,,P4_BURST,NORMAL
ONEG,1.5,1.53,4,0.34,2.27,FLOOR_BREACH,08:47:24 AM ET,08:47:24 AM ET,6.17,3,"PCT2,PCT4_AFTER2",P4_BURST,NORMAL
ONEG,1.5,1.4902,10,-0.1,-0.65,FLOOR_BREACH,08:47:24 AM ET,08:47:24 AM ET,1.33,2,,P4_BURST,NORMAL
ONEG,1.475,1.48,4,0.31,2.1,FLOOR_BREACH,08:47:24 AM ET,08:47:24 AM ET,4.41,3,"PCT2,PCT4_AFTER2",P4_BURST,NORMAL
ONEG,1.52,1.51,10,-0.1,-0.66,STOCHK_TIER1,08:47:24 AM ET,08:47:24 AM ET,0.0,1,,P4_BURST,NORMAL
BZFD,1.33,1.3100500000000002,10,-0.2,-1.5,HARD_STOP,08:47:24 AM ET,08:47:24 AM ET,0.0,1,,P4_BURST,NORMAL
ONEG,1.41,1.4001,5,0.1,0.71,FLOOR_BREACH,08:47:24 AM ET,08:47:24 AM ET,2.12,2,PCT2,P4_BURST,NORMAL
ONEG,1.4,1.4,10,0.0,0.0,EOD_CLOSE,08:47:25 AM ET,08:47:25 AM ET,0.0,1,,P4_BURST,NORMAL
PMAX,4.68,4.64,10,-0.4,-0.85,STOCHK_TIER1,08:47:25 AM ET,08:47:25 AM ET,0.0,1,,P4_BURST,NORMAL
PMAX,4.8101,4.7379485,10,-0.72,-1.5,HARD_STOP,08:47:25 AM ET,08:47:25 AM ET,0.0,1,,P4_BURST,NORMAL
PMAX,4.6902,4.6397,10,-0.5,-1.08,STOCHK_TIER1,08:47:25 AM ET,08:47:25 AM ET,0.0,1,,P4_BURST,NORMAL
PMAX,4.2398,4.28,10,0.4,0.95,STOCHK_TIER2,08:47:25 AM ET,08:47:25 AM ET,1.89,2,,P4_BURST,NORMAL
PMAX,4.2213,4.2213,10,0.0,0.0,EOD_CLOSE,08:47:25 AM ET,08:47:25 AM ET,0.0,1,,P4_BURST,NORMAL
BZFD,1.26,1.2411,10,-0.19,-1.5,HARD_STOP,08:47:25 AM ET,08:47:25 AM ET,0.0,1,,P4_BURST,NORMAL
RKLZ,6.7001,6.76,5,1.12,1.68,STOCHK_TIER2,08:47:25 AM ET,08:47:25 AM ET,2.54,2,PCT2,P4_BURST,NORMAL
RKLZ,6.54,6.6,5,1.1,1.68,FLOOR_BREACH,08:47:25 AM ET,08:47:25 AM ET,3.06,3,PCT2,P4_BURST,NORMAL
RKLZ,6.5999,6.5009014999999994,10,-0.99,-1.5,HARD_STOP,08:47:25 AM ET,08:47:25 AM ET,0.53,1,,P4_BURST,NORMAL
RKLZ,6.2408,6.1772,10,-0.64,-1.02,STOCHK_TIER1,08:47:25 AM ET,08:47:25 AM ET,0.0,1,,P4_BURST,NORMAL
RKLZ,6.08,6.16,4,1.36,2.23,FLOOR_BREACH,08:47:25 AM ET,08:47:25 AM ET,4.36,3,"PCT2,PCT4_AFTER2",P4_BURST,NORMAL
RKLZ,6.0898,6.11,5,0.75,1.23,FLOOR_BREACH,08:47:25 AM ET,08:47:25 AM ET,3.62,3,PCT2,P4_BURST,NORMAL
RKLZ,5.88,5.9475,5,0.99,1.68,STOCHK_TIER2,08:47:25 AM ET,08:47:25 AM ET,2.55,2,PCT2,P4_BURST,NORMAL
BZFD,1.2935,1.2740975,10,-0.19,-1.5,HARD_STOP,08:47:25 AM ET,08:47:25 AM ET,0.0,1,,P4_BURST,NORMAL
RKLZ,6.04,6.04,10,0.0,0.0,FLOOR_BREACH,08:47:25 AM ET,08:47:25 AM ET,1.32,2,,P4_BURST,NORMAL
RKLZ,6.035,6.02,10,-0.15,-0.25,STOCHK_TIER1,08:47:25 AM ET,08:47:25 AM ET,0.41,1,,P4_BURST,NORMAL
RKLZ,5.89,5.8447,10,-0.45,-0.77,STOCHK_TIER1,08:47:25 AM ET,08:47:25 AM ET,0.17,1,,P4_BURST,NORMAL
RKLZ,6.01,6.01,10,0.0,0.0,EOD_CLOSE,08:47:25 AM ET,08:47:25 AM ET,0.5,1,,P4_BURST,NORMAL
BZFD,1.2708,1.2725,10,0.02,0.13,STOCHK_TIER1,08:47:25 AM ET,08:47:25 AM ET,0.13,1,,P4_BURST,NORMAL
RMSG,1.61,1.6004,10,-0.1,-0.6,STOCHK_TIER1,08:47:26 AM ET,08:47:26 AM ET,0.0,1,,P4_BURST,NORMAL
RMSG,1.606,1.5908,10,-0.15,-0.95,STOCHK_TIER1,08:47:26 AM ET,08:47:26 AM ET,0.0,1,,P4_BURST,NORMAL
BZFD,1.3,1.3,10,0.0,0.0,FLOOR_BREACH,08:47:26 AM ET,08:47:26 AM ET,1.54,2,,P4_BURST,NORMAL
RMSG,1.5598,1.55,10,-0.1,-0.63,STOCHK_TIER1,08:47:26 AM ET,08:47:26 AM ET,0.0,1,,P4_BURST,NORMAL
RMSG,1.555,1.5501,10,-0.05,-0.32,STOCHK_TIER1,08:47:26 AM ET,08:47:26 AM ET,0.0,1,,P4_BURST,NORMAL
RMSG,1.56,1.55,10,-0.1,-0.64,STOCHK_TIER1,08:47:26 AM ET,08:47:26 AM ET,0.0,1,,P4_BURST,NORMAL
BZFD,1.31,1.3,10,-0.1,-0.76,STOCHK_TIER1,08:47:26 AM ET,08:47:26 AM ET,0.44,1,,P4_BURST,NORMAL
RMSG,1.455,1.45,10,-0.05,-0.34,FLOOR_BREACH,08:47:26 AM ET,08:47:26 AM ET,1.37,2,,P4_BURST,NORMAL
RPGL,2.54,2.5019,10,-0.38,-1.5,HARD_STOP,08:47:26 AM ET,08:47:26 AM ET,0.0,1,,P4_BURST,NORMAL
BZFD,1.3006,1.3,10,-0.01,-0.05,FLOOR_BREACH,08:47:26 AM ET,08:47:26 AM ET,1.49,2,,P4_BURST,NORMAL
RPGL,1.68,1.6547999999999998,10,-0.25,-1.5,HARD_STOP,08:47:26 AM ET,08:47:26 AM ET,1.76,2,,P4_BURST,NORMAL
RPGL,1.48,1.4578,10,-0.22,-1.5,HARD_STOP,08:47:26 AM ET,08:47:26 AM ET,0.68,1,,P4_BURST,NORMAL
BZFD,1.31,1.3003,10,-0.1,-0.74,STOCHK_TIER1,08:47:26 AM ET,08:47:26 AM ET,0.0,1,,P4_BURST,NORMAL
RPGL,1.2,1.182,10,-0.18,-1.5,HARD_STOP,08:47:26 AM ET,08:47:26 AM ET,0.0,1,,P4_BURST,NORMAL
RPGL,1.2195,1.2012075,10,-0.18,-1.5,HARD_STOP,08:47:27 AM ET,08:47:27 AM ET,0.0,1,,P4_BURST,NORMAL
RPGL,1.1295,1.1125574999999999,10,-0.17,-1.5,HARD_STOP,08:47:27 AM ET,08:47:27 AM ET,0.0,1,,P4_BURST,NORMAL
RPGL,1.04,1.0244,10,-0.16,-1.5,HARD_STOP,08:47:27 AM ET,08:47:27 AM ET,0.25,1,,P4_BURST,NORMAL
BZFD,1.31,1.31,10,0.0,0.0,STOCHK_TIER1,08:47:27 AM ET,08:47:27 AM ET,0.76,1,,P4_BURST,NORMAL
SOBR,1.74,1.72,10,-0.2,-1.15,STOCHK_TIER1,08:47:27 AM ET,08:47:27 AM ET,0.0,1,,P4_BURST,NORMAL
SOBR,1.7023,1.6901,10,-0.12,-0.72,STOCHK_TIER1,08:47:27 AM ET,08:47:27 AM ET,0.75,1,,P4_BURST,NORMAL
SOBR,1.6993,1.6738105,10,-0.25,-1.5,HARD_STOP,08:47:27 AM ET,08:47:27 AM ET,0.0,1,,P4_BURST,NORMAL
SOBR,1.725,1.71,10,-0.15,-0.87,STOCHK_TIER1,08:47:27 AM ET,08:47:27 AM ET,0.28,1,,P4_BURST,NORMAL
SOBR,1.6805,1.67,10,-0.11,-0.62,STOCHK_TIER1,08:47:27 AM ET,08:47:27 AM ET,0.57,1,,P4_BURST,NORMAL
SOBR,1.655,1.6404,10,-0.15,-0.88,STOCHK_TIER1,08:47:27 AM ET,08:47:27 AM ET,0.89,1,,P4_BURST,NORMAL
SOBR,1.6299,1.62,10,-0.1,-0.61,STOCHK_TIER1,08:47:27 AM ET,08:47:27 AM ET,0.01,1,,P4_BURST,NORMAL
SOBR,1.5795,1.5558074999999998,10,-0.24,-1.5,HARD_STOP,08:47:27 AM ET,08:47:27 AM ET,0.0,1,,P4_BURST,NORMAL
SOBR,1.57,1.56,10,-0.1,-0.64,MACD_BEAR_T1,08:47:27 AM ET,08:47:27 AM ET,0.0,1,,P4_BURST,NORMAL
SOBR,1.58,1.57,10,-0.1,-0.63,STOCHK_TIER1,08:47:28 AM ET,08:47:28 AM ET,0.0,1,,P4_BURST,NORMAL
STFS,10.5,10.45,5,1.6,1.52,FLOOR_BREACH,08:47:28 AM ET,08:47:28 AM ET,3.52,3,PCT2,P4_BURST,NORMAL
TRAW,2.3497,2.3144545,10,-0.35,-1.5,HARD_STOP,08:47:28 AM ET,08:47:28 AM ET,0.0,1,,P4_BURST,NORMAL
TRAW,2.21,2.2319,5,0.36,1.62,FLOOR_BREACH,08:47:28 AM ET,08:47:28 AM ET,3.17,3,PCT2,P4_BURST,NORMAL
TRAW,2.11,2.08,10,-0.3,-1.42,STOCHK_TIER1,08:47:28 AM ET,08:47:28 AM ET,0.47,1,,P4_BURST,NORMAL
TRAW,2.0354,2.2189,3,1.28,6.29,FLOOR_BREACH,08:47:28 AM ET,08:47:28 AM ET,11.98,3,FAST4,P4_BURST,NORMAL
TRAW,2.225,2.205,10,-0.2,-0.9,STOCHK_TIER1,08:47:28 AM ET,08:47:28 AM ET,0.0,1,,P4_BURST,NORMAL
TRAW,2.24,2.2064000000000004,10,-0.34,-1.5,HARD_STOP,08:47:28 AM ET,08:47:28 AM ET,0.67,1,,P4_BURST,NORMAL
TRAW,2.2111,2.2,10,-0.11,-0.5,FLOOR_BREACH,08:47:28 AM ET,08:47:28 AM ET,1.3,2,,P4_BURST,NORMAL
TRAW,2.225,2.205,10,-0.2,-0.9,FLOOR_BREACH,08:47:28 AM ET,08:47:28 AM ET,1.57,2,,P4_BURST,NORMAL
TRAW,2.2,2.26,4,0.63,2.87,FLOOR_BREACH,08:47:28 AM ET,08:47:28 AM ET,8.52,3,"PCT2,PCT4_AFTER2",P4_BURST,NORMAL
TRAW,2.09,2.09,10,0.0,0.0,FLOOR_BREACH,08:47:28 AM ET,08:47:28 AM ET,1.44,2,,P4_BURST,NORMAL
TRAW,1.91,1.8813499999999999,10,-0.29,-1.5,HARD_STOP,08:47:28 AM ET,08:47:28 AM ET,0.0,1,,P4_BURST,NORMAL
TRAW,1.9337,1.955,5,0.31,1.62,STOCHK_TIER2,08:47:28 AM ET,08:47:28 AM ET,2.14,2,PCT2,P4_BURST,NORMAL
TRAW,1.9801,1.97,10,-0.1,-0.51,MACD_BEAR_T1,08:47:29 AM ET,08:47:29 AM ET,0.49,1,,P4_BURST,NORMAL
TRAW,2.02,1.9897,10,-0.3,-1.5,HARD_STOP,08:47:29 AM ET,08:47:29 AM ET,0.0,1,,P4_BURST,NORMAL
TRAW,2.01,1.9823,10,-0.28,-1.38,STOCHK_TIER1,08:47:29 AM ET,08:47:29 AM ET,0.0,1,,P4_BURST,NORMAL
TRAW,2.0,1.99,10,-0.1,-0.5,STOCHK_TIER1,08:47:29 AM ET,08:47:29 AM ET,0.25,1,,P4_BURST,NORMAL
CORD,6.035,6.08,10,0.45,0.75,STOCHK_TIER2,08:47:29 AM ET,08:47:29 AM ET,1.24,2,,P4_BURST,NORMAL
CORD,5.89,5.905,10,0.15,0.25,STOCHK_TIER1,08:47:29 AM ET,08:47:29 AM ET,0.74,1,,P4_BURST,NORMAL
CORD,5.92,5.9,10,-0.2,-0.34,STOCHK_TIER1,08:47:29 AM ET,08:47:29 AM ET,0.0,1,,P4_BURST,NORMAL
TRAW,2.0799,2.1506,4,0.77,3.72,MACD_BEAR_T3,08:47:29 AM ET,08:47:29 AM ET,4.33,3,"PCT2,PCT4_AFTER2",P4_BURST,NORMAL
CORD,5.7672,5.74,10,-0.27,-0.47,STOCHK_TIER1,08:47:29 AM ET,08:47:29 AM ET,0.31,1,,P4_BURST,NORMAL
CORD,5.77,5.79,10,0.2,0.35,STOCHK_TIER2,08:47:29 AM ET,08:47:29 AM ET,1.56,2,,P4_BURST,NORMAL
CORD,5.815,5.795,10,-0.2,-0.34,STOCHK_TIER1,08:47:29 AM ET,08:47:29 AM ET,0.26,1,,P4_BURST,NORMAL
CORD,5.65,5.62,10,-0.3,-0.53,STOCHK_TIER1,08:47:29 AM ET,08:47:29 AM ET,0.0,1,,P4_BURST,NORMAL
TRAW,2.18,2.2,10,0.2,0.92,MACD_BEAR_T2,08:47:29 AM ET,08:47:29 AM ET,1.35,2,,P4_BURST,NORMAL
CORD,5.655,5.63,10,-0.25,-0.44,STOCHK_TIER1,08:47:29 AM ET,08:47:29 AM ET,0.18,1,,P4_BURST,NORMAL
CORD,5.68,5.7007,10,0.21,0.36,STOCHK_TIER2,08:47:30 AM ET,08:47:30 AM ET,1.06,2,,P4_BURST,NORMAL
CORD,5.63,5.6,10,-0.3,-0.53,STOCHK_TIER1,08:47:30 AM ET,08:47:30 AM ET,0.0,1,,P4_BURST,NORMAL
TRAW,2.1461,2.145,10,-0.01,-0.05,STOCHK_TIER1,08:47:30 AM ET,08:47:30 AM ET,0.41,1,,P4_BURST,NORMAL
CORD,5.6,5.595,10,-0.05,-0.09,STOCHK_TIER1,08:47:30 AM ET,08:47:30 AM ET,0.18,1,,P4_BURST,NORMAL
TRAW,2.14,2.1228,10,-0.17,-0.8,STOCHK_TIER1,08:47:30 AM ET,08:47:30 AM ET,0.0,1,,P4_BURST,NORMAL
CORD,5.53,5.49,10,-0.4,-0.72,STOCHK_TIER1,08:47:30 AM ET,08:47:30 AM ET,0.0,1,,P4_BURST,NORMAL
CORD,5.565,5.535,10,-0.3,-0.54,STOCHK_TIER1,08:47:30 AM ET,08:47:30 AM ET,0.4,1,,P4_BURST,NORMAL
TRAW,2.09,2.07,10,-0.2,-0.96,STOCHK_TIER1,08:47:30 AM ET,08:47:30 AM ET,0.0,1,,P4_BURST,NORMAL
CORD,5.58,5.58,10,0.0,0.0,STOCHK_TIER1,08:47:30 AM ET,08:47:30 AM ET,0.36,1,,P4_BURST,NORMAL
TRAW,2.15,2.1701,10,0.2,0.93,STOCHK_TIER2,08:47:30 AM ET,08:47:30 AM ET,1.63,2,,P4_BURST,NORMAL
CORD,5.5397,5.53,10,-0.1,-0.18,STOCHK_TIER1,08:47:30 AM ET,08:47:30 AM ET,0.19,1,,P4_BURST,NORMAL
CORD,5.5219,5.5551,10,0.33,0.6,STOCHK_TIER2,08:47:30 AM ET,08:47:30 AM ET,1.23,2,,P4_BURST,NORMAL
TRAW,2.155,2.1502,10,-0.05,-0.22,STOCHK_TIER1,08:47:30 AM ET,08:47:30 AM ET,0.23,1,,P4_BURST,NORMAL
CORD,5.56,5.545,10,-0.15,-0.27,STOCHK_TIER1,08:47:30 AM ET,08:47:30 AM ET,0.0,1,,P4_BURST,NORMAL
TRAW,2.17,2.1401,10,-0.3,-1.38,STOCHK_TIER1,08:47:30 AM ET,08:47:30 AM ET,0.0,1,,P4_BURST,NORMAL
CORD,5.48,5.46,10,-0.2,-0.36,STOCHK_TIER1,08:47:31 AM ET,08:47:31 AM ET,0.0,1,,P4_BURST,NORMAL
TRAW,2.12,2.1118,10,-0.08,-0.39,STOCHK_TIER1,08:47:31 AM ET,08:47:31 AM ET,0.0,1,,P4_BURST,NORMAL
CORD,5.46,5.445,10,-0.15,-0.27,STOCHK_TIER1,08:47:31 AM ET,08:47:31 AM ET,0.37,1,,P4_BURST,NORMAL
CORD,5.5,5.55,10,0.5,0.91,STOCHK_TIER2,08:47:31 AM ET,08:47:31 AM ET,1.82,2,,P4_BURST,NORMAL
TRAW,2.1562,2.2,5,0.44,2.03,MACD_BEAR_T3,08:47:31 AM ET,08:47:31 AM ET,3.78,3,PCT2,P4_BURST,NORMAL
CORD,5.56,5.56,10,0.0,0.0,STOCHK_TIER1,08:47:31 AM ET,08:47:31 AM ET,0.45,1,,P4_BURST,NORMAL
TRAW,2.16,2.1397,10,-0.2,-0.94,STOCHK_TIER1,08:47:31 AM ET,08:47:31 AM ET,0.0,1,,P4_BURST,NORMAL
TRAW,2.169,2.15,10,-0.19,-0.88,STOCHK_TIER1,08:47:32 AM ET,08:47:32 AM ET,0.0,1,,P4_BURST,NORMAL
CORD,5.53,5.53,10,0.0,0.0,STOCHK_TIER1,08:47:32 AM ET,08:47:32 AM ET,0.54,1,,P4_BURST,NORMAL
TRAW,2.2198,2.2002,10,-0.2,-0.88,STOCHK_TIER1,08:47:32 AM ET,08:47:32 AM ET,0.0,1,,P4_BURST,NORMAL
TRAW,2.229,2.25,10,0.21,0.94,STOCHK_TIER2,08:47:32 AM ET,08:47:32 AM ET,1.84,2,,P4_BURST,NORMAL
TRAW,2.265,2.2310250000000003,10,-0.34,-1.5,HARD_STOP,08:47:32 AM ET,08:47:32 AM ET,0.0,1,,P4_BURST,NORMAL
CRCD,2.55,2.635,4,0.76,2.97,MACD_BEAR_T3,08:47:32 AM ET,08:47:32 AM ET,4.71,3,"PCT2,PCT4_AFTER2",P4_BURST,NORMAL
CRCD,2.61,2.605,10,-0.05,-0.19,STOCHK_TIER1,08:47:32 AM ET,08:47:32 AM ET,0.38,1,,P4_BURST,NORMAL
CRCD,2.46,2.44,10,-0.2,-0.81,FLOOR_BREACH,08:47:33 AM ET,08:47:33 AM ET,1.22,2,,P4_BURST,NORMAL
TRAW,2.245,2.2517,10,0.07,0.3,STOCHK_TIER2,08:47:32 AM ET,08:47:33 AM ET,1.11,2,,P4_BURST,NORMAL
CRCD,2.42,2.42,10,0.0,0.0,STOCHK_TIER1,08:47:33 AM ET,08:47:33 AM ET,0.83,1,,P4_BURST,NORMAL
CRCD,2.42,2.4,10,-0.2,-0.83,STOCHK_TIER1,08:47:33 AM ET,08:47:33 AM ET,0.0,1,,P4_BURST,NORMAL
TRAW,2.2559,2.2220615,10,-0.34,-1.5,HARD_STOP,08:47:33 AM ET,08:47:33 AM ET,0.0,1,,P4_BURST,NORMAL
CRCD,2.31,2.33,10,0.2,0.87,STOCHK_TIER2,08:47:33 AM ET,08:47:33 AM ET,1.3,2,,P4_BURST,NORMAL
CRCD,2.2998,2.3,10,0.0,0.01,STOCHK_TIER1,08:47:33 AM ET,08:47:33 AM ET,0.44,1,,P4_BURST,NORMAL
TRAW,2.185,2.16,10,-0.25,-1.14,STOCHK_TIER1,08:47:33 AM ET,08:47:33 AM ET,0.0,1,,P4_BURST,NORMAL
CRCD,2.335,2.33,10,-0.05,-0.21,STOCHK_TIER1,08:47:33 AM ET,08:47:33 AM ET,0.43,1,,P4_BURST,NORMAL
TRAW,2.2,2.18,10,-0.2,-0.91,STOCHK_TIER1,08:47:33 AM ET,08:47:33 AM ET,0.0,1,,P4_BURST,NORMAL
CRCD,2.4399,2.435,5,0.27,1.09,FLOOR_BREACH,08:47:33 AM ET,08:47:33 AM ET,2.39,2,PCT2,P4_BURST,NORMAL
CRCD,2.43,2.41,10,-0.2,-0.82,STOCHK_TIER1,08:47:33 AM ET,08:47:33 AM ET,0.0,1,,P4_BURST,NORMAL
CRCD,2.36,2.34,10,-0.2,-0.85,STOCHK_TIER1,08:47:34 AM ET,08:47:34 AM ET,0.0,1,,P4_BURST,NORMAL
TRAW,2.17,2.16,10,-0.1,-0.46,STOCHK_TIER1,08:47:34 AM ET,08:47:34 AM ET,0.92,1,,P4_BURST,NORMAL
CRCD,2.3298,2.3309,10,0.01,0.05,STOCHK_TIER2,08:47:34 AM ET,08:47:34 AM ET,1.3,2,,P4_BURST,NORMAL
TRAW,2.239,2.205415,10,-0.34,-1.5,HARD_STOP,08:47:34 AM ET,08:47:34 AM ET,0.0,1,,P4_BURST,NORMAL
CRCD,2.2898,2.311,10,0.21,0.93,STOCHK_TIER2,08:47:34 AM ET,08:47:34 AM ET,1.76,2,,P4_BURST,NORMAL
TRAW,2.22,2.1867,10,-0.33,-1.5,HARD_STOP,08:47:34 AM ET,08:47:34 AM ET,0.0,1,,P4_BURST,NORMAL
CRCD,2.32,2.335,10,0.15,0.65,STOCHK_TIER2,08:47:34 AM ET,08:47:34 AM ET,1.29,2,,P4_BURST,NORMAL
CRCD,2.2995,2.27,10,-0.3,-1.28,STOCHK_TIER1,08:47:34 AM ET,08:47:34 AM ET,0.0,1,,P4_BURST,NORMAL
CRCD,2.27,2.2603,10,-0.1,-0.43,STOCHK_TIER1,08:47:35 AM ET,08:47:35 AM ET,0.01,1,,P4_BURST,NORMAL
TRAW,2.18,2.1502,10,-0.3,-1.37,STOCHK_TIER1,08:47:35 AM ET,08:47:35 AM ET,0.0,1,,P4_BURST,NORMAL
CRCD,2.2199,2.21,10,-0.1,-0.45,STOCHK_TIER1,08:47:35 AM ET,08:47:35 AM ET,0.0,1,,P4_BURST,NORMAL
CRCD,2.21,2.195,10,-0.15,-0.68,STOCHK_TIER1,08:47:35 AM ET,08:47:35 AM ET,0.0,1,,P4_BURST,NORMAL
TRAW,2.19,2.18,10,-0.1,-0.46,STOCHK_TIER1,08:47:35 AM ET,08:47:35 AM ET,0.0,1,,P4_BURST,NORMAL
TRAW,2.19,2.18,10,-0.1,-0.46,STOCHK_TIER1,08:47:35 AM ET,08:47:35 AM ET,0.0,1,,P4_BURST,NORMAL
CRCD,2.27,2.2601,10,-0.1,-0.44,STOCHK_TIER1,08:47:35 AM ET,08:47:35 AM ET,0.0,1,,P4_BURST,NORMAL
CRCD,2.3,2.31,10,0.1,0.43,STOCHK_TIER1,08:47:36 AM ET,08:47:36 AM ET,0.44,1,,P4_BURST,NORMAL
TRAW,2.19,2.18,10,-0.1,-0.46,STOCHK_TIER1,08:47:36 AM ET,08:47:36 AM ET,0.46,1,,P4_BURST,NORMAL
CRCD,2.32,2.355,10,0.35,1.51,MACD_BEAR_T2,08:47:36 AM ET,08:47:36 AM ET,1.73,2,,P4_BURST,NORMAL
TRAW,2.18,2.17,10,-0.1,-0.46,STOCHK_TIER1,08:47:36 AM ET,08:47:36 AM ET,0.46,1,,P4_BURST,NORMAL
CRCD,2.245,2.23,10,-0.15,-0.67,STOCHK_TIER1,08:47:36 AM ET,08:47:36 AM ET,0.0,1,,P4_BURST,NORMAL
TRAW,2.18,2.1713,10,-0.09,-0.4,STOCHK_TIER1,08:47:36 AM ET,08:47:36 AM ET,0.0,1,,P4_BURST,NORMAL
TRAW,2.17,2.16,10,-0.1,-0.46,STOCHK_TIER1,08:47:37 AM ET,08:47:37 AM ET,0.0,1,,P4_BURST,NORMAL
CRCD,2.25,2.25,10,0.0,0.0,STOCHK_TIER1,08:47:37 AM ET,08:47:37 AM ET,0.89,1,,P4_BURST,NORMAL
CRCD,2.3384,2.355,10,0.17,0.71,STOCHK_TIER2,08:47:37 AM ET,08:47:37 AM ET,1.35,2,,P4_BURST,NORMAL
TRAW,2.1999,2.21,5,0.3,1.37,FLOOR_BREACH,08:47:37 AM ET,08:47:37 AM ET,2.27,2,PCT2,P4_BURST,NORMAL
DJTU,1.4334,1.455,5,0.27,1.86,MACD_BEAR_T2,08:47:38 AM ET,08:47:38 AM ET,2.2,2,PCT2,P4_BURST,NORMAL
DJTU,1.45,1.45,10,0.0,0.0,STOCHK_TIER1,08:47:38 AM ET,08:47:38 AM ET,0.45,1,,P4_BURST,NORMAL
ELAB,2.015,2.005,10,-0.1,-0.5,STOCHK_TIER1,08:47:38 AM ET,08:47:38 AM ET,0.25,1,,P4_BURST,NORMAL
ELAB,2.0051,2.0285,5,0.39,1.95,MACD_BEAR_T2,08:47:39 AM ET,08:47:39 AM ET,2.74,2,PCT2,P4_BURST,NORMAL
ELAB,2.05,2.0401,10,-0.1,-0.48,STOCHK_TIER1,08:47:39 AM ET,08:47:39 AM ET,0.0,1,,P4_BURST,NORMAL
ELAB,2.0306,2.0316,10,0.01,0.05,STOCHK_TIER2,08:47:39 AM ET,08:47:39 AM ET,1.45,2,,P4_BURST,NORMAL
ELAB,2.0137,2.0,10,-0.14,-0.68,STOCHK_TIER1,08:47:39 AM ET,08:47:39 AM ET,0.31,1,,P4_BURST,NORMAL
ELAB,1.99,1.97,10,-0.2,-1.01,STOCHK_TIER1,08:47:39 AM ET,08:47:39 AM ET,0.0,1,,P4_BURST,NORMAL
ELAB,1.96,1.97,10,0.1,0.51,STOCHK_TIER1,08:47:39 AM ET,08:47:39 AM ET,0.77,1,,P4_BURST,NORMAL
ELAB,2.0,1.99,10,-0.1,-0.5,STOCHK_TIER1,08:47:39 AM ET,08:47:39 AM ET,0.0,1,,P4_BURST,NORMAL
ELAB,1.9589,1.95,10,-0.09,-0.45,STOCHK_TIER1,08:47:39 AM ET,08:47:39 AM ET,0.57,1,,P4_BURST,NORMAL
ELAB,1.9397,1.9301,10,-0.1,-0.49,STOCHK_TIER1,08:47:39 AM ET,08:47:39 AM ET,0.0,1,,P4_BURST,NORMAL
ELAB,1.9595,1.94,10,-0.2,-1.0,STOCHK_TIER1,08:47:39 AM ET,08:47:39 AM ET,0.0,1,,P4_BURST,NORMAL
ELAB,1.9811,1.9702,10,-0.11,-0.55,STOCHK_TIER1,08:47:39 AM ET,08:47:39 AM ET,0.0,1,,P4_BURST,NORMAL
ELAB,1.97,1.98,10,0.1,0.51,STOCHK_TIER1,08:47:40 AM ET,08:47:40 AM ET,0.55,1,,P4_BURST,NORMAL
FABC,5.01,4.93485,10,-0.75,-1.5,HARD_STOP,08:47:42 AM ET,08:47:42 AM ET,0.0,1,,P4_BURST,NORMAL
FABC,4.94,4.8895,10,-0.51,-1.02,STOCHK_TIER1,08:47:42 AM ET,08:47:42 AM ET,0.0,1,,P4_BURST,NORMAL
FABC,5.0713,5.07,10,-0.01,-0.03,EOD_CLOSE,08:47:42 AM ET,08:47:42 AM ET,0.0,1,,P4_BURST,NORMAL
TTDU,4.39,4.3241499999999995,10,-0.66,-1.5,HARD_STOP,08:47:42 AM ET,08:47:42 AM ET,0.0,1,,P4_BURST,NORMAL
TTDU,4.23,4.16655,10,-0.63,-1.5,HARD_STOP,08:47:42 AM ET,08:47:42 AM ET,0.24,1,,P4_BURST,NORMAL
TTDU,4.18,4.2201,10,0.4,0.96,MACD_BEAR_T2,08:47:42 AM ET,08:47:42 AM ET,1.77,2,,P4_BURST,NORMAL
TTDU,4.3401,4.41,5,0.8,1.84,STOCHK_TIER2,08:47:42 AM ET,08:47:42 AM ET,2.76,2,PCT2,P4_BURST,NORMAL
TTDU,4.2909,4.33,5,0.64,1.49,STOCHK_TIER2,08:47:42 AM ET,08:47:42 AM ET,2.08,2,PCT2,P4_BURST,NORMAL
TTDU,4.285,4.32,10,0.35,0.82,STOCHK_TIER2,08:47:42 AM ET,08:47:42 AM ET,1.98,2,,P4_BURST,NORMAL
TTDU,4.2963,4.34,5,0.69,1.6,FLOOR_BREACH,08:47:42 AM ET,08:47:42 AM ET,3.23,3,PCT2,P4_BURST,NORMAL
TTDU,4.335,4.34,10,0.05,0.12,STOCHK_TIER1,08:47:42 AM ET,08:47:42 AM ET,0.58,1,,P4_BURST,NORMAL
TTDU,4.295,4.3,10,0.05,0.12,MACD_BEAR_T1,08:47:42 AM ET,08:47:42 AM ET,0.81,1,,P4_BURST,NORMAL
TTDU,4.33,4.31,10,-0.2,-0.46,STOCHK_TIER1,08:47:42 AM ET,08:47:42 AM ET,0.0,1,,P4_BURST,NORMAL
FCHL,1.6398,1.62,10,-0.2,-1.21,STOCHK_TIER1,08:47:43 AM ET,08:47:43 AM ET,0.0,1,,P4_BURST,NORMAL
FCHL,1.6,1.611,10,0.11,0.69,STOCHK_TIER2,08:47:43 AM ET,08:47:43 AM ET,1.87,2,,P4_BURST,NORMAL
FCHL,1.71,1.7203,3,0.52,3.03,FLOOR_BREACH,08:47:43 AM ET,08:47:43 AM ET,4.07,3,FAST4,P4_BURST,NORMAL
FCHL,1.79,1.79,10,0.0,0.0,EOD_CLOSE,08:47:43 AM ET,08:47:43 AM ET,0.0,1,,P4_BURST,NORMAL
AEHL,1.3609,1.35,10,-0.11,-0.8,STOCHK_TIER1,08:47:43 AM ET,08:47:43 AM ET,0.0,1,,P4_BURST,NORMAL
HTCO,10.1394,10.1,10,-0.39,-0.39,STOCHK_TIER1,08:47:43 AM ET,08:47:43 AM ET,0.0,1,,P4_BURST,NORMAL
AEHL,1.12,1.1032000000000002,10,-0.17,-1.5,HARD_STOP,08:47:43 AM ET,08:47:43 AM ET,0.0,1,,P4_BURST,NORMAL
HTCO,10.16,10.1246,10,-0.35,-0.35,STOCHK_TIER1,08:47:43 AM ET,08:47:43 AM ET,0.0,1,,P4_BURST,NORMAL
HTCO,10.4597,10.302804499999999,10,-1.57,-1.5,HARD_STOP,08:47:43 AM ET,08:47:43 AM ET,0.0,1,,P4_BURST,NORMAL
AEHL,1.2799,1.2607015,10,-0.19,-1.5,HARD_STOP,08:47:43 AM ET,08:47:43 AM ET,0.79,1,,P4_BURST,NORMAL
AEHL,1.28,1.2608,10,-0.19,-1.5,HARD_STOP,08:47:44 AM ET,08:47:44 AM ET,0.0,1,,P4_BURST,NORMAL
AEHL,1.2498,1.231053,10,-0.19,-1.5,HARD_STOP,08:47:44 AM ET,08:47:44 AM ET,0.0,1,,P4_BURST,NORMAL
AIIO,1.08,1.0638,10,-0.16,-1.5,HARD_STOP,08:47:44 AM ET,08:47:44 AM ET,0.0,1,,P4_BURST,NORMAL
AIIO,1.1086,1.091971,10,-0.17,-1.5,HARD_STOP,08:47:44 AM ET,08:47:44 AM ET,0.0,1,,P4_BURST,NORMAL
AIIO,1.0796,1.085,10,0.05,0.5,STOCHK_TIER2,08:47:44 AM ET,08:47:44 AM ET,1.87,2,,P4_BURST,NORMAL
IONZ,3.9,3.96,5,0.73,1.86,MACD_BEAR_T2,08:47:44 AM ET,08:47:44 AM ET,2.18,2,PCT2,P4_BURST,NORMAL
AIIO,1.08,1.0675,10,-0.13,-1.16,STOCHK_TIER1,08:47:44 AM ET,08:47:44 AM ET,0.0,1,,P4_BURST,NORMAL
IONZ,3.85,3.89,10,0.4,1.04,MACD_BEAR_T2,08:47:44 AM ET,08:47:44 AM ET,1.43,2,,P4_BURST,NORMAL
AIIO,1.0301,1.06,4,0.31,3.04,MACD_BEAR_T3,08:47:44 AM ET,08:47:44 AM ET,4.36,3,"PCT2,PCT4_AFTER2",P4_BURST,NORMAL
AIIO,1.0599,1.0440015,10,-0.16,-1.5,HARD_STOP,08:47:44 AM ET,08:47:44 AM ET,0.0,1,,P4_BURST,NORMAL
IONZ,3.91,3.87,10,-0.4,-1.02,STOCHK_TIER1,08:47:44 AM ET,08:47:44 AM ET,0.2,1,,P4_BURST,NORMAL
AIIO,1.05,1.0342500000000001,10,-0.16,-1.5,HARD_STOP,08:47:44 AM ET,08:47:44 AM ET,0.0,1,,P4_BURST,NORMAL
IONZ,3.88,3.8217999999999996,10,-0.58,-1.5,HARD_STOP,08:47:44 AM ET,08:47:44 AM ET,0.0,1,,P4_BURST,NORMAL
AIIO,1.055,1.05,10,-0.05,-0.47,FLOOR_BREACH,08:47:44 AM ET,08:47:44 AM ET,1.4,2,,P4_BURST,NORMAL
AIIO,1.07,1.065,10,-0.05,-0.47,MACD_BEAR_T1,08:47:44 AM ET,08:47:44 AM ET,0.0,1,,P4_BURST,NORMAL
IONZ,3.74,3.78,5,0.57,1.54,STOCHK_TIER2,08:47:44 AM ET,08:47:44 AM ET,2.6,2,PCT2,P4_BURST,NORMAL
AIIO,1.065,1.0601,10,-0.05,-0.46,STOCHK_TIER1,08:47:44 AM ET,08:47:44 AM ET,0.27,1,,P4_BURST,NORMAL
IONZ,3.825,3.815,10,-0.1,-0.26,STOCHK_TIER1,08:47:44 AM ET,08:47:44 AM ET,0.17,1,,P4_BURST,NORMAL
AIIO,1.08,1.07,10,-0.1,-0.93,STOCHK_TIER1,08:47:44 AM ET,08:47:44 AM ET,0.0,1,,P4_BURST,NORMAL
IONZ,3.8,3.795,10,-0.05,-0.13,STOCHK_TIER1,08:47:44 AM ET,08:47:44 AM ET,0.39,1,,P4_BURST,NORMAL
AIIO,1.09,1.085,10,-0.05,-0.46,STOCHK_TIER1,08:47:45 AM ET,08:47:45 AM ET,0.49,1,,P4_BURST,NORMAL
IONZ,3.7399,3.745,10,0.05,0.14,STOCHK_TIER1,08:47:45 AM ET,08:47:45 AM ET,0.67,1,,P4_BURST,NORMAL
AIIO,1.105,1.09,10,-0.15,-1.36,STOCHK_TIER1,08:47:45 AM ET,08:47:45 AM ET,0.0,1,,P4_BURST,NORMAL
AIIO,1.1166,1.105,10,-0.12,-1.04,STOCHK_TIER1,08:47:45 AM ET,08:47:45 AM ET,0.0,1,,P4_BURST,NORMAL
AIIO,1.0983,1.0818255,10,-0.16,-1.5,HARD_STOP,08:47:45 AM ET,08:47:45 AM ET,0.0,1,,P4_BURST,NORMAL
AIIO,1.12,1.11,10,-0.1,-0.89,MACD_BEAR_T1,08:47:45 AM ET,08:47:45 AM ET,0.0,1,,P4_BURST,NORMAL
IONZ,3.725,3.71,10,-0.15,-0.4,STOCHK_TIER1,08:47:45 AM ET,08:47:45 AM ET,0.67,1,,P4_BURST,NORMAL
AIIO,1.12,1.11,10,-0.1,-0.89,STOCHK_TIER1,08:47:45 AM ET,08:47:45 AM ET,0.0,1,,P4_BURST,NORMAL
AIIO,1.12,1.1104,10,-0.1,-0.86,STOCHK_TIER1,08:47:45 AM ET,08:47:45 AM ET,0.0,1,,P4_BURST,NORMAL
IONZ,3.69,3.69,10,0.0,0.0,STOCHK_TIER1,08:47:45 AM ET,08:47:45 AM ET,0.54,1,,P4_BURST,NORMAL
AIIO,1.115,1.11,10,-0.05,-0.45,MACD_BEAR_T1,08:47:45 AM ET,08:47:45 AM ET,0.45,1,,P4_BURST,NORMAL
IONZ,3.73,3.73,10,0.0,0.0,STOCHK_TIER1,08:47:45 AM ET,08:47:45 AM ET,0.54,1,,P4_BURST,NORMAL
AIIO,1.105,1.1001,10,-0.05,-0.44,STOCHK_TIER1,08:47:45 AM ET,08:47:45 AM ET,0.0,1,,P4_BURST,NORMAL
IONZ,3.825,3.7886,10,-0.36,-0.95,STOCHK_TIER1,08:47:45 AM ET,08:47:45 AM ET,0.0,1,,P4_BURST,NORMAL
AIIO,1.135,1.1301,10,-0.05,-0.43,STOCHK_TIER1,08:47:45 AM ET,08:47:45 AM ET,0.44,1,,P4_BURST,NORMAL
AIIO,1.0893,1.0729605,10,-0.16,-1.5,HARD_STOP,08:47:46 AM ET,08:47:46 AM ET,0.0,1,,P4_BURST,NORMAL
IONZ,3.705,3.695,10,-0.1,-0.27,STOCHK_TIER1,08:47:46 AM ET,08:47:46 AM ET,0.0,1,,P4_BURST,NORMAL
IONZ,3.67,3.65,10,-0.2,-0.54,STOCHK_TIER1,08:47:46 AM ET,08:47:46 AM ET,0.28,1,,P4_BURST,NORMAL
AIIO,1.07,1.08,5,0.25,2.34,FLOOR_BREACH,08:47:46 AM ET,08:47:46 AM ET,3.74,3,PCT2,P4_BURST,NORMAL
IONZ,3.62,3.61,10,-0.1,-0.28,STOCHK_TIER1,08:47:46 AM ET,08:47:46 AM ET,0.14,1,,P4_BURST,NORMAL
AIIO,1.0697,1.0601,10,-0.1,-0.9,STOCHK_TIER1,08:47:46 AM ET,08:47:46 AM ET,0.0,1,,P4_BURST,NORMAL
IONZ,3.64,3.66,10,0.2,0.55,STOCHK_TIER2,08:47:46 AM ET,08:47:46 AM ET,1.37,2,,P4_BURST,NORMAL
AIIO,1.07,1.0602,10,-0.1,-0.92,STOCHK_TIER1,08:47:46 AM ET,08:47:46 AM ET,0.0,1,,P4_BURST,NORMAL
IONZ,3.645,3.64,10,-0.05,-0.14,STOCHK_TIER1,08:47:46 AM ET,08:47:46 AM ET,0.14,1,,P4_BURST,NORMAL
IONZ,3.67,3.65,10,-0.2,-0.54,STOCHK_TIER1,08:47:47 AM ET,08:47:47 AM ET,0.0,1,,P4_BURST,NORMAL
AIIO,1.09,1.1,10,0.1,0.92,MACD_BEAR_T2,08:47:47 AM ET,08:47:47 AM ET,1.83,2,,P4_BURST,NORMAL
IONZ,3.71,3.69,10,-0.2,-0.54,STOCHK_TIER1,08:47:47 AM ET,08:47:47 AM ET,0.0,1,,P4_BURST,NORMAL
AIIO,1.12,1.1032000000000002,10,-0.17,-1.5,HARD_STOP,08:47:47 AM ET,08:47:47 AM ET,0.0,1,,P4_BURST,NORMAL
AIIO,1.11,1.1003,10,-0.1,-0.87,STOCHK_TIER1,08:47:47 AM ET,08:47:47 AM ET,0.0,1,,P4_BURST,NORMAL
IONZ,3.6797,3.6701,10,-0.1,-0.26,STOCHK_TIER1,08:47:47 AM ET,08:47:47 AM ET,0.01,1,,P4_BURST,NORMAL
AIIO,1.09,1.08,10,-0.1,-0.92,STOCHK_TIER1,08:47:47 AM ET,08:47:47 AM ET,0.0,1,,P4_BURST,NORMAL
IONZ,3.655,3.67,10,0.15,0.41,STOCHK_TIER2,08:47:47 AM ET,08:47:47 AM ET,1.23,2,,P4_BURST,NORMAL
IONZ,3.66,3.665,10,0.05,0.14,STOCHK_TIER2,08:47:47 AM ET,08:47:47 AM ET,1.1,2,,P4_BURST,NORMAL
IONZ,3.69,3.6814,10,-0.09,-0.23,STOCHK_TIER1,08:47:48 AM ET,08:47:48 AM ET,0.54,1,,P4_BURST,NORMAL
IONZ,3.68,3.662,10,-0.18,-0.49,STOCHK_TIER1,08:47:48 AM ET,08:47:48 AM ET,0.54,1,,P4_BURST,NORMAL
IONZ,3.75,3.73,10,-0.2,-0.53,STOCHK_TIER1,08:47:48 AM ET,08:47:48 AM ET,0.0,1,,P4_BURST,NORMAL
IONZ,3.76,3.7303,10,-0.3,-0.79,STOCHK_TIER1,08:47:49 AM ET,08:47:49 AM ET,0.24,1,,P4_BURST,NORMAL
AMBO,3.61,3.55585,10,-0.54,-1.5,HARD_STOP,08:47:49 AM ET,08:47:49 AM ET,0.28,1,,P4_BURST,NORMAL
AMBO,3.97,3.91045,10,-0.6,-1.5,HARD_STOP,08:47:49 AM ET,08:47:49 AM ET,0.0,1,,P4_BURST,NORMAL
AMBO,3.83,3.77255,10,-0.57,-1.5,HARD_STOP,08:47:49 AM ET,08:47:49 AM ET,0.0,1,,P4_BURST,NORMAL
AMBO,3.8,3.8,10,0.0,0.0,FLOOR_BREACH,08:47:49 AM ET,08:47:49 AM ET,1.56,2,,P4_BURST,NORMAL
AMBO,3.76,3.7036,10,-0.56,-1.5,HARD_STOP,08:47:49 AM ET,08:47:49 AM ET,0.0,1,,P4_BURST,NORMAL
AMBO,3.68,3.68,10,0.0,0.0,FLOOR_BREACH,08:47:49 AM ET,08:47:49 AM ET,1.36,2,,P4_BURST,NORMAL
AMBO,3.48,3.49,10,0.1,0.29,STOCHK_TIER1,08:47:50 AM ET,08:47:50 AM ET,0.57,1,,P4_BURST,NORMAL
IONZ,3.7,3.69,10,-0.1,-0.27,STOCHK_TIER1,08:47:50 AM ET,08:47:50 AM ET,0.27,1,,P4_BURST,NORMAL
IONZ,3.6897,3.68,10,-0.1,-0.26,STOCHK_TIER1,08:47:51 AM ET,08:47:51 AM ET,0.0,1,,P4_BURST,NORMAL
CGTL,1.65,1.64,10,-0.1,-0.61,STOCHK_TIER1,08:47:51 AM ET,08:47:51 AM ET,0.0,1,,P4_BURST,NORMAL
CLIK,4.09,4.3897,3,2.37,5.79,FLOOR_BREACH,08:47:51 AM ET,08:47:51 AM ET,9.54,3,FAST4,P4_BURST,NORMAL
CLIK,4.67,4.59995,10,-0.7,-1.5,HARD_STOP,08:47:51 AM ET,08:47:51 AM ET,0.64,1,,P4_BURST,NORMAL
CLIK,5.095,5.018574999999999,10,-0.76,-1.5,HARD_STOP,08:47:51 AM ET,08:47:51 AM ET,0.0,1,,P4_BURST,NORMAL
CLIK,4.53,4.4620500000000005,10,-0.68,-1.5,HARD_STOP,08:47:51 AM ET,08:47:51 AM ET,0.22,1,,P4_BURST,NORMAL
CLIK,4.6092,4.540062000000001,10,-0.69,-1.5,HARD_STOP,08:47:51 AM ET,08:47:52 AM ET,0.89,1,,P4_BURST,NORMAL
CLIK,4.19,4.1802,10,-0.1,-0.23,FLOOR_BREACH,08:47:52 AM ET,08:47:52 AM ET,1.26,2,,P4_BURST,NORMAL
CLIK,4.1498,4.1,10,-0.5,-1.2,STOCHK_TIER1,08:47:52 AM ET,08:47:52 AM ET,0.0,1,,P4_BURST,NORMAL
CLIK,4.07,4.0302,10,-0.4,-0.98,STOCHK_TIER1,08:47:52 AM ET,08:47:52 AM ET,0.25,1,,P4_BURST,NORMAL
CLIK,4.0194,3.959109,10,-0.6,-1.5,HARD_STOP,08:47:52 AM ET,08:47:52 AM ET,0.0,1,,P4_BURST,NORMAL
CLIK,3.59,3.5798,10,-0.1,-0.28,STOCHK_TIER1,08:47:52 AM ET,08:47:52 AM ET,0.56,1,,P4_BURST,NORMAL
CLIK,3.7065,3.6509025,10,-0.56,-1.5,HARD_STOP,08:47:52 AM ET,08:47:52 AM ET,0.0,1,,P4_BURST,NORMAL
CLIK,3.39,3.3487,10,-0.41,-1.22,STOCHK_TIER1,08:47:52 AM ET,08:47:52 AM ET,0.0,1,,P4_BURST,NORMAL
CLIK,3.2401,3.1914985,5,0.11,0.33,HARD_STOP,08:47:52 AM ET,08:47:52 AM ET,2.16,2,PCT2,P4_BURST,NORMAL
CLIK,3.18,3.1323000000000003,10,-0.48,-1.5,HARD_STOP,08:47:52 AM ET,08:47:52 AM ET,0.0,1,,P4_BURST,NORMAL
CLIK,2.76,2.7186,10,-0.41,-1.5,HARD_STOP,08:47:53 AM ET,08:47:53 AM ET,1.82,2,,P4_BURST,NORMAL
CLIK,2.7599,2.7185015,10,-0.41,-1.5,HARD_STOP,08:47:53 AM ET,08:47:53 AM ET,0.0,1,,P4_BURST,NORMAL
IREZ,7.75,7.66,10,-0.9,-1.16,STOCHK_TIER1,08:47:53 AM ET,08:47:53 AM ET,0.0,1,,P4_BURST,NORMAL
IREZ,7.5215,7.51,10,-0.11,-0.15,STOCHK_TIER1,08:47:53 AM ET,08:47:53 AM ET,0.0,1,,P4_BURST,NORMAL
CLIK,2.66,2.6201000000000003,10,-0.4,-1.5,HARD_STOP,08:47:53 AM ET,08:47:53 AM ET,0.0,1,,P4_BURST,NORMAL
IREZ,7.53,8.14,3,5.53,7.34,FLOOR_BREACH,08:47:53 AM ET,08:47:53 AM ET,9.76,3,FAST4,P4_BURST,NORMAL
CLIK,2.45,2.4497,10,-0.0,-0.01,FLOOR_BREACH,08:47:53 AM ET,08:47:53 AM ET,1.22,2,,P4_BURST,NORMAL
IREZ,8.365,8.36,10,-0.05,-0.06,FLOOR_BREACH,08:47:53 AM ET,08:47:53 AM ET,1.49,2,,P4_BURST,NORMAL
CLIK,1.9497,1.9204545,10,-0.29,-1.5,HARD_STOP,08:47:53 AM ET,08:47:53 AM ET,0.0,1,,P4_BURST,NORMAL
IREZ,8.33,8.3814,10,0.51,0.62,STOCHK_TIER2,08:47:53 AM ET,08:47:53 AM ET,1.74,2,,P4_BURST,NORMAL
IREZ,8.465,8.36,10,-1.05,-1.24,STOCHK_TIER1,08:47:53 AM ET,08:47:53 AM ET,0.3,1,,P4_BURST,NORMAL
CLIK,1.9207,2.005,4,0.72,3.76,FLOOR_BREACH,08:47:53 AM ET,08:47:53 AM ET,6.21,3,"PCT2,PCT4_AFTER2",P4_BURST,NORMAL
IREZ,8.46,8.46,10,0.0,0.0,STOCHK_TIER1,08:47:53 AM ET,08:47:53 AM ET,0.71,1,,P4_BURST,NORMAL
IREZ,8.25,8.22,10,-0.3,-0.36,STOCHK_TIER1,08:47:53 AM ET,08:47:53 AM ET,0.0,1,,P4_BURST,NORMAL
CLIK,2.1811,2.1483835,10,-0.33,-1.5,HARD_STOP,08:47:53 AM ET,08:47:53 AM ET,1.78,2,,P4_BURST,NORMAL
CLIK,2.17,2.13745,10,-0.33,-1.5,HARD_STOP,08:47:53 AM ET,08:47:54 AM ET,0.0,1,,P4_BURST,NORMAL
IREZ,8.47,8.54,10,0.7,0.83,STOCHK_TIER2,08:47:53 AM ET,08:47:54 AM ET,1.36,2,,P4_BURST,NORMAL
IREZ,8.5599,8.44,10,-1.2,-1.4,STOCHK_TIER1,08:47:54 AM ET,08:47:54 AM ET,0.0,1,,P4_BURST,NORMAL
IREZ,8.3901,8.4,10,0.1,0.12,STOCHK_TIER1,08:47:54 AM ET,08:47:54 AM ET,0.71,1,,P4_BURST,NORMAL
IREZ,8.495,8.46,10,-0.35,-0.41,STOCHK_TIER1,08:47:54 AM ET,08:47:54 AM ET,0.29,1,,P4_BURST,NORMAL
CLIK,2.03,2.07,5,0.43,2.09,STOCHK_TIER2,08:47:54 AM ET,08:47:54 AM ET,2.46,2,PCT2,P4_BURST,NORMAL
CLIK,2.08,2.0701,10,-0.1,-0.48,STOCHK_TIER1,08:47:54 AM ET,08:47:54 AM ET,0.0,1,,P4_BURST,NORMAL
IREZ,8.4501,8.47,10,0.2,0.24,STOCHK_TIER1,08:47:54 AM ET,08:47:54 AM ET,0.47,1,,P4_BURST,NORMAL
IREZ,8.5,8.47,10,-0.3,-0.35,STOCHK_TIER1,08:47:54 AM ET,08:47:54 AM ET,0.0,1,,P4_BURST,NORMAL
IREZ,8.49,8.46,10,-0.3,-0.35,MACD_BEAR_T1,08:47:54 AM ET,08:47:54 AM ET,0.12,1,,P4_BURST,NORMAL
IREZ,8.45,8.385,10,-0.65,-0.77,STOCHK_TIER1,08:47:54 AM ET,08:47:54 AM ET,0.0,1,,P4_BURST,NORMAL
CLIK,2.1298,2.1501,10,0.2,0.95,MACD_BEAR_T2,08:47:54 AM ET,08:47:54 AM ET,1.41,2,,P4_BURST,NORMAL
IREZ,8.46,8.5312,5,1.21,1.43,STOCHK_TIER2,08:47:54 AM ET,08:47:55 AM ET,2.01,2,PCT2,P4_BURST,NORMAL
IREZ,8.5,8.465,10,-0.35,-0.41,STOCHK_TIER1,08:47:55 AM ET,08:47:55 AM ET,0.0,1,,P4_BURST,NORMAL
CLIK,2.1391,2.1602,10,0.21,0.99,STOCHK_TIER2,08:47:55 AM ET,08:47:55 AM ET,1.92,2,,P4_BURST,NORMAL
IREZ,8.4,8.4101,10,0.1,0.12,STOCHK_TIER1,08:47:55 AM ET,08:47:55 AM ET,0.72,1,,P4_BURST,NORMAL
IREZ,8.4013,8.37,10,-0.31,-0.37,STOCHK_TIER1,08:47:55 AM ET,08:47:55 AM ET,0.82,1,,P4_BURST,NORMAL
CLIK,2.165,2.16,10,-0.05,-0.23,STOCHK_TIER1,08:47:55 AM ET,08:47:55 AM ET,0.23,1,,P4_BURST,NORMAL
IREZ,8.3201,8.38,10,0.6,0.72,STOCHK_TIER2,08:47:55 AM ET,08:47:55 AM ET,1.14,2,,P4_BURST,NORMAL
CLIK,2.17,2.175,10,0.05,0.23,STOCHK_TIER2,08:47:55 AM ET,08:47:55 AM ET,1.38,2,,P4_BURST,NORMAL
CLIK,2.27,2.27,10,0.0,0.0,STOCHK_TIER1,08:47:55 AM ET,08:47:55 AM ET,0.43,1,,P4_BURST,NORMAL
CLIK,2.33,2.305,10,-0.25,-1.07,STOCHK_TIER1,08:47:56 AM ET,08:47:56 AM ET,0.0,1,,P4_BURST,NORMAL
IREZ,8.23,8.22,10,-0.1,-0.12,STOCHK_TIER1,08:47:56 AM ET,08:47:56 AM ET,0.0,1,,P4_BURST,NORMAL
CLIK,2.32,2.31,10,-0.1,-0.43,STOCHK_TIER1,08:47:56 AM ET,08:47:56 AM ET,0.0,1,,P4_BURST,NORMAL
IREZ,8.27,8.24,10,-0.3,-0.36,STOCHK_TIER1,08:47:56 AM ET,08:47:56 AM ET,0.12,1,,P4_BURST,NORMAL
IREZ,8.27,8.28,10,0.1,0.12,STOCHK_TIER1,08:47:56 AM ET,08:47:56 AM ET,0.73,1,,P4_BURST,NORMAL
CLIK,2.35,2.34,10,-0.1,-0.43,STOCHK_TIER1,08:47:56 AM ET,08:47:56 AM ET,0.0,1,,P4_BURST,NORMAL
IREZ,8.21,8.19,10,-0.2,-0.24,STOCHK_TIER1,08:47:56 AM ET,08:47:56 AM ET,0.0,1,,P4_BURST,NORMAL
IREZ,8.0699,8.02,10,-0.5,-0.62,STOCHK_TIER1,08:47:57 AM ET,08:47:57 AM ET,0.09,1,,P4_BURST,NORMAL
CLIK,2.39,2.4188,5,0.44,1.86,MACD_BEAR_T2,08:47:57 AM ET,08:47:57 AM ET,2.51,2,PCT2,P4_BURST,NORMAL
CLIK,2.39,2.37,10,-0.2,-0.84,STOCHK_TIER1,08:47:57 AM ET,08:47:57 AM ET,0.0,1,,P4_BURST,NORMAL
IREZ,7.9582,8.045,5,1.24,1.56,STOCHK_TIER2,08:47:57 AM ET,08:47:57 AM ET,2.03,2,PCT2,P4_BURST,NORMAL
CLIK,2.36,2.34,10,-0.2,-0.85,STOCHK_TIER1,08:47:57 AM ET,08:47:57 AM ET,0.0,1,,P4_BURST,NORMAL
IREZ,8.16,8.2,10,0.4,0.49,STOCHK_TIER2,08:47:57 AM ET,08:47:57 AM ET,1.1,2,,P4_BURST,NORMAL
IREZ,8.25,8.2,10,-0.5,-0.61,STOCHK_TIER1,08:47:58 AM ET,08:47:58 AM ET,0.0,1,,P4_BURST,NORMAL
CLIK,2.395,2.359075,10,-0.36,-1.5,HARD_STOP,08:47:58 AM ET,08:47:58 AM ET,0.0,1,,P4_BURST,NORMAL
IREZ,8.315,8.2799,10,-0.35,-0.42,STOCHK_TIER1,08:47:58 AM ET,08:47:58 AM ET,0.3,1,,P4_BURST,NORMAL
IREZ,8.25,8.2088,10,-0.41,-0.5,STOCHK_TIER1,08:47:58 AM ET,08:47:58 AM ET,0.0,1,,P4_BURST,NORMAL
CLIK,2.46,2.45,10,-0.1,-0.41,FLOOR_BREACH,08:47:58 AM ET,08:47:58 AM ET,1.09,2,,P4_BURST,NORMAL
IREZ,8.3,8.2601,10,-0.4,-0.48,STOCHK_TIER1,08:47:58 AM ET,08:47:59 AM ET,0.18,1,,P4_BURST,NORMAL
CLIK,2.24,2.2064000000000004,10,-0.34,-1.5,HARD_STOP,08:48:00 AM ET,08:48:00 AM ET,0.22,1,,P4_BURST,NORMAL
IREZ,8.24,8.22,10,-0.2,-0.24,STOCHK_TIER1,08:48:00 AM ET,08:48:00 AM ET,0.0,1,,P4_BURST,NORMAL
CLIK,2.27,2.27,10,0.0,0.0,EOD_CLOSE,08:48:00 AM ET,08:48:00 AM ET,0.0,1,,P4_BURST,NORMAL
CRCD,3.25,3.20125,10,-0.49,-1.5,HARD_STOP,08:48:00 AM ET,08:48:00 AM ET,0.0,1,,P4_BURST,NORMAL
CRCD,3.11,3.2,4,0.85,2.74,FLOOR_BREACH,08:48:00 AM ET,08:48:00 AM ET,4.5,3,"PCT2,PCT4_AFTER2",P4_BURST,NORMAL
CRCD,3.16,3.15,10,-0.1,-0.32,STOCHK_TIER1,08:48:00 AM ET,08:48:00 AM ET,0.95,1,,P4_BURST,NORMAL
CRCD,3.0,2.99,10,-0.1,-0.33,STOCHK_TIER1,08:48:00 AM ET,08:48:00 AM ET,1.0,1,,P4_BURST,NORMAL
CRCD,3.0341,3.02,10,-0.14,-0.46,STOCHK_TIER1,08:48:00 AM ET,08:48:00 AM ET,0.0,1,,P4_BURST,NORMAL
HPAI,1.47,1.45,10,-0.2,-1.36,STOCHK_TIER1,08:48:01 AM ET,08:48:01 AM ET,0.0,1,,P4_BURST,NORMAL
HPAI,1.395,1.4,5,0.2,1.43,FLOOR_BREACH,08:48:01 AM ET,08:48:01 AM ET,2.51,2,PCT2,P4_BURST,NORMAL
HPAI,1.4,1.405,5,0.17,1.25,FLOOR_BREACH,08:48:01 AM ET,08:48:01 AM ET,2.14,2,PCT2,P4_BURST,NORMAL
JZXN,1.48,1.4578,10,-0.22,-1.5,HARD_STOP,08:48:01 AM ET,08:48:01 AM ET,0.0,1,,P4_BURST,NORMAL
JZXN,1.52,1.5,10,-0.2,-1.32,MACD_BEAR_T1,08:48:01 AM ET,08:48:01 AM ET,0.0,1,,P4_BURST,NORMAL
JZXN,1.51,1.5101,10,0.0,0.01,STOCHK_TIER1,08:48:01 AM ET,08:48:01 AM ET,0.66,1,,P4_BURST,NORMAL
JZXN,1.55,1.52675,5,0.08,0.54,HARD_STOP,08:48:01 AM ET,08:48:01 AM ET,3.87,3,PCT2,P4_BURST,NORMAL
JZXN,1.51,1.49,10,-0.2,-1.32,STOCHK_TIER1,08:48:01 AM ET,08:48:01 AM ET,0.0,1,,P4_BURST,NORMAL
JZXN,1.565,1.5506,10,-0.14,-0.92,STOCHK_TIER1,08:48:01 AM ET,08:48:01 AM ET,0.0,1,,P4_BURST,NORMAL
JZXN,1.5124,1.5,10,-0.12,-0.82,STOCHK_TIER1,08:48:01 AM ET,08:48:01 AM ET,0.0,1,,P4_BURST,NORMAL
HPAI,1.41,1.4,10,-0.1,-0.71,STOCHK_TIER1,08:48:01 AM ET,08:48:01 AM ET,0.0,1,,P4_BURST,NORMAL
JZXN,1.54,1.5169,10,-0.23,-1.5,HARD_STOP,08:48:01 AM ET,08:48:01 AM ET,0.0,1,,P4_BURST,NORMAL
JZXN,1.5214,1.4999,10,-0.22,-1.41,STOCHK_TIER1,08:48:01 AM ET,08:48:01 AM ET,0.0,1,,P4_BURST,NORMAL
JZXN,1.4851,1.48,10,-0.05,-0.34,STOCHK_TIER1,08:48:01 AM ET,08:48:01 AM ET,0.0,1,,P4_BURST,NORMAL
HPAI,1.4,1.4,10,0.0,0.0,STOCHK_TIER1,08:48:01 AM ET,08:48:01 AM ET,0.71,1,,P4_BURST,NORMAL
JZXN,1.285,1.33,4,0.48,3.72,FLOOR_BREACH,08:48:01 AM ET,08:48:01 AM ET,5.84,3,"PCT2,PCT4_AFTER2",P4_BURST,NORMAL
HPAI,1.3702,1.35,10,-0.2,-1.47,STOCHK_TIER1,08:48:01 AM ET,08:48:01 AM ET,0.72,1,,P4_BURST,NORMAL
HPAI,1.3088,1.3,10,-0.09,-0.67,FLOOR_BREACH,08:48:02 AM ET,08:48:02 AM ET,1.62,2,,P4_BURST,NORMAL
HPAI,1.3,1.2805,10,-0.2,-1.5,HARD_STOP,08:48:02 AM ET,08:48:02 AM ET,0.92,1,,P4_BURST,NORMAL
HPAI,1.27,1.27,10,0.0,0.0,FLOOR_BREACH,08:48:02 AM ET,08:48:02 AM ET,1.57,2,,P4_BURST,NORMAL
JZXN,1.33,1.3100500000000002,10,-0.2,-1.5,HARD_STOP,08:48:02 AM ET,08:48:02 AM ET,0.75,1,,P4_BURST,NORMAL
HPAI,1.31,1.29035,10,-0.2,-1.5,HARD_STOP,08:48:02 AM ET,08:48:02 AM ET,0.0,1,,P4_BURST,NORMAL
HPAI,1.2999,1.325,4,0.41,3.12,FLOOR_BREACH,08:48:02 AM ET,08:48:02 AM ET,4.62,3,"PCT2,PCT4_AFTER2",P4_BURST,NORMAL
HPAI,1.355,1.355,10,0.0,0.0,FLOOR_BREACH,08:48:03 AM ET,08:48:03 AM ET,1.85,2,,P4_BURST,NORMAL
JZXN,1.26,1.2411,10,-0.19,-1.5,HARD_STOP,08:48:03 AM ET,08:48:03 AM ET,0.0,1,,P4_BURST,NORMAL
HPAI,1.335,1.33,10,-0.05,-0.37,FLOOR_BREACH,08:48:03 AM ET,08:48:03 AM ET,1.18,2,,P4_BURST,NORMAL
HPAI,1.35,1.32975,10,-0.2,-1.5,HARD_STOP,08:48:03 AM ET,08:48:03 AM ET,0.0,1,,P4_BURST,NORMAL
HPAI,1.2799,1.2607015,10,-0.19,-1.5,HARD_STOP,08:48:03 AM ET,08:48:03 AM ET,0.0,1,,P4_BURST,NORMAL
MBAI,1.975,1.96,10,-0.15,-0.76,STOCHK_TIER1,08:48:04 AM ET,08:48:04 AM ET,0.25,1,,P4_BURST,NORMAL
MBAI,1.96,1.95,10,-0.1,-0.51,STOCHK_TIER1,08:48:04 AM ET,08:48:04 AM ET,0.51,1,,P4_BURST,NORMAL
MBAI,2.01,2.0,10,-0.1,-0.5,STOCHK_TIER1,08:48:04 AM ET,08:48:04 AM ET,0.5,1,,P4_BURST,NORMAL
MBAI,2.03,2.06,10,0.3,1.48,MACD_BEAR_T2,08:48:04 AM ET,08:48:04 AM ET,1.97,2,,P4_BURST,NORMAL
MBAI,2.01,2.0059,10,-0.04,-0.2,FLOOR_BREACH,08:48:04 AM ET,08:48:04 AM ET,1.3,2,,P4_BURST,NORMAL
HPAI,1.32,1.31,10,-0.1,-0.76,STOCHK_TIER1,08:48:04 AM ET,08:48:04 AM ET,0.01,1,,P4_BURST,NORMAL
MBAI,1.9799,1.9502015,10,-0.3,-1.5,HARD_STOP,08:48:04 AM ET,08:48:04 AM ET,0.0,1,,P4_BURST,NORMAL
MBAI,2.02,2.0038,10,-0.16,-0.8,STOCHK_TIER1,08:48:04 AM ET,08:48:04 AM ET,0.99,1,,P4_BURST,NORMAL
MBAI,2.0362,2.005657,10,-0.31,-1.5,HARD_STOP,08:48:04 AM ET,08:48:04 AM ET,0.0,1,,P4_BURST,NORMAL
MNTS,5.48,5.4566,10,-0.23,-0.43,STOCHK_TIER1,08:48:04 AM ET,08:48:04 AM ET,0.18,1,,P4_BURST,NORMAL
MNTS,5.564,5.63,5,0.91,1.64,STOCHK_TIER2,08:48:04 AM ET,08:48:04 AM ET,2.44,2,PCT2,P4_BURST,NORMAL
MNTS,5.58,5.5722,10,-0.08,-0.14,STOCHK_TIER1,08:48:04 AM ET,08:48:04 AM ET,0.0,1,,P4_BURST,NORMAL
MNTS,5.6099,5.63,10,0.2,0.36,STOCHK_TIER1,08:48:04 AM ET,08:48:04 AM ET,0.71,1,,P4_BURST,NORMAL
HPAI,1.33,1.325,10,-0.05,-0.38,FLOOR_BREACH,08:48:04 AM ET,08:48:04 AM ET,1.36,2,,P4_BURST,NORMAL
MNTS,5.555,5.575,5,0.7,1.26,FLOOR_BREACH,08:48:04 AM ET,08:48:04 AM ET,2.16,2,PCT2,P4_BURST,NORMAL
MNTS,5.5502,5.6275,5,0.99,1.78,STOCHK_TIER2,08:48:04 AM ET,08:48:04 AM ET,2.25,2,PCT2,P4_BURST,NORMAL
MNTS,5.66,5.67,10,0.1,0.18,MACD_BEAR_T1,08:48:04 AM ET,08:48:04 AM ET,0.71,1,,P4_BURST,NORMAL
MNTS,5.69,5.66,10,-0.3,-0.53,MACD_BEAR_T1,08:48:04 AM ET,08:48:04 AM ET,0.18,1,,P4_BURST,NORMAL
MNTS,5.5962,5.55,10,-0.46,-0.83,STOCHK_TIER1,08:48:04 AM ET,08:48:04 AM ET,0.0,1,,P4_BURST,NORMAL
MNTS,5.62,5.615,10,-0.05,-0.09,STOCHK_TIER1,08:48:04 AM ET,08:48:04 AM ET,0.09,1,,P4_BURST,NORMAL
MNTS,5.59,5.56,10,-0.3,-0.54,STOCHK_TIER1,08:48:04 AM ET,08:48:04 AM ET,0.45,1,,P4_BURST,NORMAL
HPAI,1.3097,1.3002,10,-0.1,-0.73,STOCHK_TIER1,08:48:04 AM ET,08:48:04 AM ET,0.02,1,,P4_BURST,NORMAL
MNTS,5.57,5.56,10,-0.1,-0.18,STOCHK_TIER1,08:48:04 AM ET,08:48:04 AM ET,0.45,1,,P4_BURST,NORMAL
MNTS,5.68,5.6687,10,-0.11,-0.2,FLOOR_BREACH,08:48:05 AM ET,08:48:05 AM ET,1.06,2,,P4_BURST,NORMAL
MNTS,5.74,6.08,4,2.33,4.06,FLOOR_BREACH,08:48:05 AM ET,08:48:05 AM ET,8.01,3,"PCT2,PCT4_AFTER2",P4_BURST,NORMAL
MNTS,6.0,5.96,10,-0.4,-0.67,STOCHK_TIER1,08:48:05 AM ET,08:48:05 AM ET,0.0,1,,P4_BURST,NORMAL
MNTS,5.94,5.91,10,-0.3,-0.51,STOCHK_TIER1,08:48:05 AM ET,08:48:05 AM ET,0.0,1,,P4_BURST,NORMAL
MNTS,5.9397,5.93,10,-0.1,-0.16,STOCHK_TIER1,08:48:05 AM ET,08:48:05 AM ET,0.0,1,,P4_BURST,NORMAL
HPAI,1.31,1.29035,10,-0.2,-1.5,HARD_STOP,08:48:05 AM ET,08:48:05 AM ET,0.38,1,,P4_BURST,NORMAL
MNTS,5.92,5.89,10,-0.3,-0.51,STOCHK_TIER1,08:48:05 AM ET,08:48:05 AM ET,0.0,1,,P4_BURST,NORMAL
MNTS,5.8999,5.9024,10,0.03,0.04,STOCHK_TIER2,08:48:05 AM ET,08:48:05 AM ET,1.06,2,,P4_BURST,NORMAL
MNTS,5.93,5.91,10,-0.2,-0.34,STOCHK_TIER1,08:48:05 AM ET,08:48:05 AM ET,0.17,1,,P4_BURST,NORMAL
MNTS,5.845,5.8,10,-0.45,-0.77,FLOOR_BREACH,08:48:05 AM ET,08:48:05 AM ET,1.15,2,,P4_BURST,NORMAL
HPAI,1.2899,1.3301,4,0.37,2.84,FLOOR_BREACH,08:48:05 AM ET,08:48:05 AM ET,4.65,3,"PCT2,PCT4_AFTER2",P4_BURST,NORMAL
MNTS,5.88,5.82,10,-0.6,-1.02,STOCHK_TIER1,08:48:05 AM ET,08:48:05 AM ET,0.0,1,,P4_BURST,NORMAL
MNTS,5.67,5.65,10,-0.2,-0.35,STOCHK_TIER1,08:48:06 AM ET,08:48:06 AM ET,0.0,1,,P4_BURST,NORMAL
HPAI,1.335,1.3324,10,-0.03,-0.19,STOCHK_TIER1,08:48:06 AM ET,08:48:06 AM ET,0.37,1,,P4_BURST,NORMAL
MNTS,5.75,5.7239,10,-0.26,-0.45,STOCHK_TIER1,08:48:06 AM ET,08:48:06 AM ET,0.0,1,,P4_BURST,NORMAL
HPAI,1.3799,1.3592015,10,-0.21,-1.5,HARD_STOP,08:48:06 AM ET,08:48:06 AM ET,0.0,1,,P4_BURST,NORMAL
HPAI,1.355,1.3502,10,-0.05,-0.35,STOCHK_TIER1,08:48:06 AM ET,08:48:06 AM ET,0.0,1,,P4_BURST,NORMAL
HPAI,1.36,1.35,10,-0.1,-0.74,STOCHK_TIER1,08:48:06 AM ET,08:48:06 AM ET,0.0,1,,P4_BURST,NORMAL
HPAI,1.34,1.3366,10,-0.03,-0.25,STOCHK_TIER1,08:48:07 AM ET,08:48:07 AM ET,0.75,1,,P4_BURST,NORMAL
HPAI,1.35,1.3403,10,-0.1,-0.72,STOCHK_TIER1,08:48:07 AM ET,08:48:07 AM ET,0.0,1,,P4_BURST,NORMAL
OCG,2.2299,2.2132,5,0.17,0.74,FLOOR_BREACH,08:48:07 AM ET,08:48:07 AM ET,3.14,3,PCT2,P4_BURST,NORMAL
PMAX,3.24,3.2,10,-0.4,-1.23,STOCHK_TIER1,08:48:07 AM ET,08:48:07 AM ET,0.0,1,,P4_BURST,NORMAL
PMAX,3.225,3.2,10,-0.25,-0.78,STOCHK_TIER1,08:48:07 AM ET,08:48:07 AM ET,0.16,1,,P4_BURST,NORMAL
PMAX,3.25,3.20125,10,-0.49,-1.5,HARD_STOP,08:48:07 AM ET,08:48:07 AM ET,0.0,1,,P4_BURST,NORMAL
PMAX,3.3,3.3,10,0.0,0.0,STOCHK_TIER1,08:48:07 AM ET,08:48:07 AM ET,0.61,1,,P4_BURST,NORMAL
PMAX,3.22,3.1717,10,-0.48,-1.5,HARD_STOP,08:48:08 AM ET,08:48:08 AM ET,0.16,1,,P4_BURST,NORMAL
PMAX,3.21,3.17,10,-0.4,-1.25,STOCHK_TIER1,08:48:08 AM ET,08:48:08 AM ET,0.0,1,,P4_BURST,NORMAL
PMAX,3.14,3.1701,10,0.3,0.96,STOCHK_TIER2,08:48:08 AM ET,08:48:08 AM ET,1.91,2,,P4_BURST,NORMAL
HPAI,1.35,1.3701,5,0.25,1.86,STOCHK_TIER2,08:48:07 AM ET,08:48:08 AM ET,2.22,2,PCT2,P4_BURST,NORMAL
PMAX,3.23,3.18155,10,-0.48,-1.5,HARD_STOP,08:48:08 AM ET,08:48:08 AM ET,0.0,1,,P4_BURST,NORMAL
PMAX,3.3797,3.3290045,10,-0.51,-1.5,HARD_STOP,08:48:08 AM ET,08:48:08 AM ET,0.16,1,,P4_BURST,NORMAL
PMAX,3.4899,3.452,10,-0.38,-1.09,STOCHK_TIER1,08:48:08 AM ET,08:48:08 AM ET,0.0,1,,P4_BURST,NORMAL
PMAX,3.4781,3.51,5,0.77,2.21,FLOOR_BREACH,08:48:08 AM ET,08:48:08 AM ET,3.5,3,PCT2,P4_BURST,NORMAL
HPAI,1.375,1.37,10,-0.05,-0.36,STOCHK_TIER1,08:48:08 AM ET,08:48:08 AM ET,0.0,1,,P4_BURST,NORMAL
PMAX,3.545,3.491825,10,-0.53,-1.5,HARD_STOP,08:48:08 AM ET,08:48:08 AM ET,0.0,1,,P4_BURST,NORMAL
PMAX,3.355,3.304675,10,-0.5,-1.5,HARD_STOP,08:48:08 AM ET,08:48:08 AM ET,1.04,2,,P4_BURST,NORMAL
PMAX,3.3198,3.3,10,-0.2,-0.6,FLOOR_BREACH,08:48:08 AM ET,08:48:08 AM ET,1.21,2,,P4_BURST,NORMAL
HPAI,1.3836,1.385,10,0.01,0.1,MACD_BEAR_T1,08:48:08 AM ET,08:48:08 AM ET,0.46,1,,P4_BURST,NORMAL
PMAX,3.4003,3.4,10,-0.0,-0.01,FLOOR_BREACH,08:48:08 AM ET,08:48:08 AM ET,1.46,2,,P4_BURST,NORMAL
PMAX,3.5,3.4475,10,-0.53,-1.5,HARD_STOP,08:48:08 AM ET,08:48:08 AM ET,0.0,1,,P4_BURST,NORMAL
PMAX,3.59,3.5361499999999997,10,-0.54,-1.5,HARD_STOP,08:48:08 AM ET,08:48:08 AM ET,1.49,2,,P4_BURST,NORMAL
PMAX,3.4909,3.4385364999999997,10,-0.52,-1.5,HARD_STOP,08:48:08 AM ET,08:48:08 AM ET,0.0,1,,P4_BURST,NORMAL
PMAX,3.42,3.3687,10,-0.51,-1.5,HARD_STOP,08:48:08 AM ET,08:48:08 AM ET,0.0,1,,P4_BURST,NORMAL
HPAI,1.4,1.405,5,0.22,1.6,FLOOR_BREACH,08:48:09 AM ET,08:48:09 AM ET,2.84,2,PCT2,P4_BURST,NORMAL
PMAX,3.4,3.63,4,1.48,4.34,FLOOR_BREACH,08:48:09 AM ET,08:48:09 AM ET,8.53,3,"PCT2,PCT4_AFTER2",P4_BURST,NORMAL
HPAI,1.382,1.3703,10,-0.12,-0.85,STOCHK_TIER1,08:48:09 AM ET,08:48:09 AM ET,0.58,1,,P4_BURST,NORMAL
PMAX,3.84,3.7824,10,-0.58,-1.5,HARD_STOP,08:48:09 AM ET,08:48:09 AM ET,0.0,1,,P4_BURST,NORMAL
HPAI,1.4,1.38,10,-0.2,-1.43,STOCHK_TIER1,08:48:09 AM ET,08:48:09 AM ET,0.0,1,,P4_BURST,NORMAL
HPAI,1.398,1.3911,10,-0.07,-0.49,STOCHK_TIER1,08:48:09 AM ET,08:48:09 AM ET,0.0,1,,P4_BURST,NORMAL
HPAI,1.43,1.40855,10,-0.21,-1.5,HARD_STOP,08:48:10 AM ET,08:48:10 AM ET,0.69,1,,P4_BURST,NORMAL
RCAX,6.3801,6.395,10,0.15,0.23,STOCHK_TIER1,08:48:10 AM ET,08:48:10 AM ET,0.94,1,,P4_BURST,NORMAL
HPAI,1.42,1.4113,10,-0.09,-0.61,STOCHK_TIER1,08:48:10 AM ET,08:48:10 AM ET,0.0,1,,P4_BURST,NORMAL
RCAX,6.4,6.37,10,-0.3,-0.47,STOCHK_TIER1,08:48:10 AM ET,08:48:10 AM ET,0.0,1,,P4_BURST,NORMAL
RCAX,6.45,6.42,10,-0.3,-0.47,MACD_BEAR_T1,08:48:10 AM ET,08:48:10 AM ET,0.0,1,,P4_BURST,NORMAL
RCAX,6.415,6.33,10,-0.85,-1.33,STOCHK_TIER1,08:48:10 AM ET,08:48:10 AM ET,0.0,1,,P4_BURST,NORMAL
RCAX,6.075,6.08,10,0.05,0.08,STOCHK_TIER1,08:48:10 AM ET,08:48:10 AM ET,0.44,1,,P4_BURST,NORMAL
HPAI,1.425,1.4218,10,-0.03,-0.22,STOCHK_TIER1,08:48:10 AM ET,08:48:10 AM ET,0.35,1,,P4_BURST,NORMAL
HPAI,1.435,1.495,4,0.46,3.19,FLOOR_BREACH,08:48:10 AM ET,08:48:11 AM ET,5.85,3,"PCT2,PCT4_AFTER2",P4_BURST,NORMAL
HPAI,1.52,1.51,10,-0.1,-0.66,MACD_BEAR_T1,08:48:11 AM ET,08:48:11 AM ET,0.0,1,,P4_BURST,NORMAL
RKLZ,3.025,3.02,5,0.3,0.99,FLOOR_BREACH,08:48:11 AM ET,08:48:11 AM ET,2.15,2,PCT2,P4_BURST,NORMAL
RKLZ,3.0,3.025,5,0.42,1.42,STOCHK_TIER2,08:48:11 AM ET,08:48:11 AM ET,2.71,2,PCT2,P4_BURST,NORMAL
HPAI,1.525,1.502125,10,-0.23,-1.5,HARD_STOP,08:48:11 AM ET,08:48:11 AM ET,1.64,2,,P4_BURST,NORMAL
RKLZ,3.055,3.0487,10,-0.06,-0.21,FLOOR_BREACH,08:48:11 AM ET,08:48:11 AM ET,1.8,2,,P4_BURST,NORMAL
RKLZ,2.88,2.87,10,-0.1,-0.35,FLOOR_BREACH,08:48:11 AM ET,08:48:11 AM ET,1.04,2,,P4_BURST,NORMAL
RKLZ,2.8588,2.84,10,-0.19,-0.66,FLOOR_BREACH,08:48:11 AM ET,08:48:11 AM ET,1.09,2,,P4_BURST,NORMAL
RKLZ,2.795,2.78,10,-0.15,-0.54,STOCHK_TIER1,08:48:12 AM ET,08:48:12 AM ET,0.0,1,,P4_BURST,NORMAL
HPAI,1.5,1.4918,10,-0.08,-0.55,STOCHK_TIER1,08:48:12 AM ET,08:48:12 AM ET,0.67,1,,P4_BURST,NORMAL
RKLZ,2.7699,2.8036,5,0.48,1.71,STOCHK_TIER2,08:48:12 AM ET,08:48:12 AM ET,2.53,2,PCT2,P4_BURST,NORMAL
RKLZ,2.7689,2.75,10,-0.19,-0.68,STOCHK_TIER1,08:48:12 AM ET,08:48:12 AM ET,0.0,1,,P4_BURST,NORMAL
HPAI,1.48,1.48,10,0.0,0.0,FLOOR_BREACH,08:48:12 AM ET,08:48:12 AM ET,1.35,2,,P4_BURST,NORMAL
RKLZ,2.78,2.77,10,-0.1,-0.36,STOCHK_TIER1,08:48:12 AM ET,08:48:12 AM ET,0.36,1,,P4_BURST,NORMAL
RKLZ,2.7199,2.705,10,-0.15,-0.55,STOCHK_TIER1,08:48:12 AM ET,08:48:12 AM ET,0.38,1,,P4_BURST,NORMAL
HPAI,1.4401,1.4208,10,-0.19,-1.34,STOCHK_TIER1,08:48:12 AM ET,08:48:12 AM ET,0.34,1,,P4_BURST,NORMAL
RKLZ,2.72,2.745,10,0.25,0.92,STOCHK_TIER2,08:48:12 AM ET,08:48:12 AM ET,1.83,2,,P4_BURST,NORMAL
RKLZ,2.7697,2.76,10,-0.1,-0.35,STOCHK_TIER1,08:48:12 AM ET,08:48:13 AM ET,0.23,1,,P4_BURST,NORMAL
RKLZ,2.75,2.7304,10,-0.2,-0.71,STOCHK_TIER1,08:48:13 AM ET,08:48:13 AM ET,0.0,1,,P4_BURST,NORMAL
HPAI,1.33,1.3100500000000002,5,0.15,1.13,HARD_STOP,08:48:13 AM ET,08:48:13 AM ET,6.02,3,PCT2,P4_BURST,NORMAL
HPAI,1.4,1.379,10,-0.21,-1.5,HARD_STOP,08:48:13 AM ET,08:48:13 AM ET,0.0,1,,P4_BURST,NORMAL
RKLZ,2.7064,2.68,10,-0.26,-0.98,STOCHK_TIER1,08:48:13 AM ET,08:48:13 AM ET,0.0,1,,P4_BURST,NORMAL
RKLZ,2.665,2.66,10,-0.05,-0.19,STOCHK_TIER1,08:48:13 AM ET,08:48:13 AM ET,0.19,1,,P4_BURST,NORMAL
HPAI,1.43,1.46,4,0.38,2.66,FLOOR_BREACH,08:48:13 AM ET,08:48:13 AM ET,4.2,3,"PCT2,PCT4_AFTER2",P4_BURST,NORMAL
RKLZ,2.665,2.65,10,-0.15,-0.56,STOCHK_TIER1,08:48:13 AM ET,08:48:13 AM ET,0.19,1,,P4_BURST,NORMAL
RKLZ,2.648494,2.612,10,-0.36,-1.38,STOCHK_TIER1,08:48:13 AM ET,08:48:13 AM ET,0.0,1,,P4_BURST,NORMAL
HPAI,1.48,1.47,10,-0.1,-0.68,STOCHK_TIER1,08:48:14 AM ET,08:48:14 AM ET,0.0,1,,P4_BURST,NORMAL
HPAI,1.4693,1.46,10,-0.09,-0.63,STOCHK_TIER1,08:48:14 AM ET,08:48:14 AM ET,0.0,1,,P4_BURST,NORMAL
RKLZ,2.6499,2.68,10,0.3,1.14,STOCHK_TIER2,08:48:14 AM ET,08:48:14 AM ET,1.89,2,,P4_BURST,NORMAL
RKLZ,2.7,2.68,10,-0.2,-0.74,STOCHK_TIER1,08:48:14 AM ET,08:48:14 AM ET,0.0,1,,P4_BURST,NORMAL
HPAI,1.39,1.38,10,-0.1,-0.72,STOCHK_TIER1,08:48:14 AM ET,08:48:14 AM ET,0.0,1,,P4_BURST,NORMAL
RKLZ,2.675,2.665,10,-0.1,-0.37,STOCHK_TIER1,08:48:14 AM ET,08:48:14 AM ET,0.37,1,,P4_BURST,NORMAL
RKLZ,2.67,2.7,10,0.3,1.12,STOCHK_TIER2,08:48:15 AM ET,08:48:15 AM ET,1.93,2,,P4_BURST,NORMAL
RKLZ,2.7,2.69,10,-0.1,-0.37,STOCHK_TIER1,08:48:15 AM ET,08:48:15 AM ET,0.0,1,,P4_BURST,NORMAL
HPAI,1.38,1.36,10,-0.2,-1.45,STOCHK_TIER1,08:48:15 AM ET,08:48:15 AM ET,0.0,1,,P4_BURST,NORMAL
RKLZ,2.62,2.615,10,-0.05,-0.19,STOCHK_TIER1,08:48:15 AM ET,08:48:15 AM ET,0.34,1,,P4_BURST,NORMAL
RKLZ,2.6157,2.6301,10,0.14,0.55,STOCHK_TIER2,08:48:16 AM ET,08:48:16 AM ET,1.31,2,,P4_BURST,NORMAL
HPAI,1.4094,1.388259,5,0.1,0.69,HARD_STOP,08:48:15 AM ET,08:48:16 AM ET,2.88,2,PCT2,P4_BURST,NORMAL
HPAI,1.4,1.39,10,-0.1,-0.71,STOCHK_TIER1,08:48:16 AM ET,08:48:16 AM ET,0.71,1,,P4_BURST,NORMAL
RKLZ,2.6401,2.641,10,0.01,0.03,STOCHK_TIER1,08:48:16 AM ET,08:48:16 AM ET,0.94,1,,P4_BURST,NORMAL
HPAI,1.4,1.39,10,-0.1,-0.71,STOCHK_TIER1,08:48:16 AM ET,08:48:16 AM ET,0.0,1,,P4_BURST,NORMAL
RKLZ,2.6367,2.61,10,-0.27,-1.01,STOCHK_TIER1,08:48:16 AM ET,08:48:16 AM ET,0.0,1,,P4_BURST,NORMAL
RKLZ,2.61,2.6076,10,-0.02,-0.09,STOCHK_TIER1,08:48:17 AM ET,08:48:17 AM ET,0.57,1,,P4_BURST,NORMAL
RKLZ,2.6168,2.6101,10,-0.07,-0.26,STOCHK_TIER1,08:48:17 AM ET,08:48:17 AM ET,0.0,1,,P4_BURST,NORMAL
RKLZ,2.6499,2.75,4,0.79,2.97,MACD_BEAR_T3,08:48:17 AM ET,08:48:17 AM ET,4.91,3,"PCT2,PCT4_AFTER2",P4_BURST,NORMAL
RKLZ,2.751,2.75,10,-0.01,-0.04,STOCHK_TIER1,08:48:18 AM ET,08:48:18 AM ET,0.33,1,,P4_BURST,NORMAL
RKLZ,2.78,2.771,10,-0.09,-0.32,STOCHK_TIER1,08:48:18 AM ET,08:48:18 AM ET,0.0,1,,P4_BURST,NORMAL
RKLZ,2.79,2.8003,10,0.1,0.37,STOCHK_TIER2,08:48:19 AM ET,08:48:20 AM ET,1.07,2,,P4_BURST,NORMAL
RKLZ,2.8191,2.8003,10,-0.19,-0.67,STOCHK_TIER1,08:48:20 AM ET,08:48:20 AM ET,0.0,1,,P4_BURST,NORMAL
RKLZ,2.7989,2.7807,10,-0.18,-0.65,STOCHK_TIER1,08:48:20 AM ET,08:48:20 AM ET,0.04,1,,P4_BURST,NORMAL
RKLZ,2.8,2.7901,10,-0.1,-0.35,STOCHK_TIER1,08:48:21 AM ET,08:48:21 AM ET,0.0,1,,P4_BURST,NORMAL
HTCO,6.9,7.32,4,3.22,4.67,FLOOR_BREACH,08:48:21 AM ET,08:48:21 AM ET,8.12,3,"PCT2,PCT4_AFTER2",P4_BURST,NORMAL
HTCO,7.4,7.395,10,-0.05,-0.07,FLOOR_BREACH,08:48:21 AM ET,08:48:21 AM ET,1.22,2,,P4_BURST,NORMAL
HTCO,6.6497,6.5499545,10,-1.0,-1.5,HARD_STOP,08:48:21 AM ET,08:48:21 AM ET,0.0,1,,P4_BURST,NORMAL
HTCO,6.6,6.61,10,0.1,0.15,STOCHK_TIER2,08:48:21 AM ET,08:48:21 AM ET,1.82,2,,P4_BURST,NORMAL
INBS,3.12,3.175,4,0.85,2.72,FLOOR_BREACH,08:48:21 AM ET,08:48:21 AM ET,4.17,3,"PCT2,PCT4_AFTER2",P4_BURST,NORMAL
IONZ,3.6799,3.66,10,-0.2,-0.54,STOCHK_TIER1,08:48:21 AM ET,08:48:21 AM ET,0.0,1,,P4_BURST,NORMAL
IONZ,3.485,3.4601,10,-0.25,-0.71,STOCHK_TIER1,08:48:21 AM ET,08:48:21 AM ET,0.0,1,,P4_BURST,NORMAL
IONZ,3.52,3.53,10,0.1,0.28,STOCHK_TIER2,08:48:21 AM ET,08:48:21 AM ET,1.85,2,,P4_BURST,NORMAL
IONZ,3.49,3.57,5,0.8,2.29,MACD_BEAR_T3,08:48:21 AM ET,08:48:21 AM ET,3.72,3,PCT2,P4_BURST,NORMAL
IONZ,3.5379,3.485,10,-0.53,-1.5,STOCHK_TIER1,08:48:21 AM ET,08:48:21 AM ET,0.0,1,,P4_BURST,NORMAL
IONZ,3.505,3.565,5,0.72,2.04,EOD_CLOSE,08:48:21 AM ET,08:48:21 AM ET,2.38,2,PCT2,P4_BURST,NORMAL
IREZ,7.82,7.7695,10,-0.51,-0.65,STOCHK_TIER1,08:48:21 AM ET,08:48:21 AM ET,0.0,1,,P4_BURST,NORMAL
IREZ,7.87,7.96,5,1.3,1.65,STOCHK_TIER2,08:48:21 AM ET,08:48:21 AM ET,2.24,2,PCT2,P4_BURST,NORMAL
IREZ,7.99,8.0295,10,0.4,0.49,STOCHK_TIER2,08:48:21 AM ET,08:48:21 AM ET,1.19,2,,P4_BURST,NORMAL
IREZ,8.289,8.18,10,-1.09,-1.31,STOCHK_TIER1,08:48:21 AM ET,08:48:21 AM ET,0.0,1,,P4_BURST,NORMAL
IREZ,8.13,8.13,10,0.0,0.0,STOCHK_TIER1,08:48:21 AM ET,08:48:21 AM ET,0.26,1,,P4_BURST,NORMAL
IREZ,8.2284,8.169,10,-0.59,-0.72,STOCHK_TIER1,08:48:21 AM ET,08:48:21 AM ET,0.0,1,,P4_BURST,NORMAL
IREZ,8.09,8.07,10,-0.2,-0.25,STOCHK_TIER1,08:48:22 AM ET,08:48:22 AM ET,0.5,1,,P4_BURST,NORMAL
IREZ,8.0762,8.041,10,-0.35,-0.44,STOCHK_TIER1,08:48:22 AM ET,08:48:22 AM ET,0.05,1,,P4_BURST,NORMAL
IREZ,8.121,8.1201,10,-0.01,-0.01,STOCHK_TIER1,08:48:22 AM ET,08:48:22 AM ET,0.48,1,,P4_BURST,NORMAL
IREZ,8.2295,8.21,10,-0.19,-0.24,STOCHK_TIER1,08:48:22 AM ET,08:48:22 AM ET,0.24,1,,P4_BURST,NORMAL
IREZ,8.24,8.225,10,-0.15,-0.18,STOCHK_TIER1,08:48:22 AM ET,08:48:22 AM ET,0.36,1,,P4_BURST,NORMAL
IREZ,8.1301,8.08,10,-0.5,-0.62,STOCHK_TIER1,08:48:22 AM ET,08:48:22 AM ET,0.0,1,,P4_BURST,NORMAL
IREZ,8.15,8.6532,4,3.39,4.16,FLOOR_BREACH,08:48:22 AM ET,08:48:22 AM ET,7.85,3,"PCT2,PCT4_AFTER2",P4_BURST,NORMAL
IREZ,8.2386,8.23,10,-0.09,-0.1,FLOOR_BREACH,08:48:22 AM ET,08:48:22 AM ET,1.23,2,,P4_BURST,NORMAL
JZXN,1.04,1.04,10,0.0,0.0,FLOOR_BREACH,08:48:22 AM ET,08:48:22 AM ET,1.92,2,,P4_BURST,NORMAL
JZXN,1.14,1.21,4,0.61,5.35,FLOOR_BREACH,08:48:22 AM ET,08:48:22 AM ET,11.4,3,"PCT2,PCT4_AFTER2",P4_BURST,NORMAL
JZXN,1.318,1.5079,3,1.49,11.31,FLOOR_BREACH,08:48:22 AM ET,08:48:22 AM ET,16.08,3,FAST4,P4_BURST,NORMAL
JZXN,1.65,1.6252499999999999,10,-0.25,-1.5,HARD_STOP,08:48:22 AM ET,08:48:22 AM ET,0.0,1,,P4_BURST,NORMAL
JZXN,1.29,1.27065,5,0.06,0.43,HARD_STOP,08:48:22 AM ET,08:48:22 AM ET,2.36,2,PCT2,P4_BURST,NORMAL
JZXN,1.365,1.344525,10,-0.2,-1.5,HARD_STOP,08:48:22 AM ET,08:48:22 AM ET,0.0,1,,P4_BURST,NORMAL
JZXN,1.3399,1.3198015,10,-0.2,-1.5,HARD_STOP,08:48:22 AM ET,08:48:22 AM ET,0.0,1,,P4_BURST,NORMAL
JZXN,1.48,1.4578,10,-0.22,-1.5,HARD_STOP,08:48:22 AM ET,08:48:22 AM ET,0.66,1,,P4_BURST,NORMAL
JZXN,1.55,1.52675,10,-0.23,-1.5,HARD_STOP,08:48:22 AM ET,08:48:22 AM ET,0.0,1,,P4_BURST,NORMAL
JZXN,1.465,1.51,4,0.43,2.94,FLOOR_BREACH,08:48:22 AM ET,08:48:22 AM ET,5.13,3,"PCT2,PCT4_AFTER2",P4_BURST,NORMAL
JZXN,1.5199,1.4971015,10,-0.23,-1.5,HARD_STOP,08:48:22 AM ET,08:48:22 AM ET,0.0,1,,P4_BURST,NORMAL
JZXN,1.68,1.8212,4,1.03,6.15,FLOOR_BREACH,08:48:23 AM ET,08:48:23 AM ET,10.05,3,"PCT2,PCT4_AFTER2",P4_BURST,NORMAL
JZXN,1.55,1.5601,5,0.25,1.62,FLOOR_BREACH,08:48:23 AM ET,08:48:23 AM ET,3.22,3,PCT2,P4_BURST,NORMAL
JZXN,1.62,1.5957000000000001,10,-0.24,-1.5,HARD_STOP,08:48:23 AM ET,08:48:23 AM ET,0.0,1,,P4_BURST,NORMAL
JZXN,1.615,1.590775,10,-0.24,-1.5,HARD_STOP,08:48:23 AM ET,08:48:23 AM ET,0.0,1,,P4_BURST,NORMAL
JZXN,1.56,1.5366,10,-0.23,-1.5,HARD_STOP,08:48:23 AM ET,08:48:23 AM ET,0.0,1,,P4_BURST,NORMAL
JZXN,1.54,1.52,10,-0.2,-1.3,MACD_BEAR_T1,08:48:23 AM ET,08:48:23 AM ET,0.0,1,,P4_BURST,NORMAL
JZXN,1.5492,1.5259619999999998,10,-0.23,-1.5,HARD_STOP,08:48:23 AM ET,08:48:23 AM ET,0.0,1,,P4_BURST,NORMAL
JZXN,1.3999,1.405,10,0.05,0.36,STOCHK_TIER2,08:48:23 AM ET,08:48:23 AM ET,1.44,2,,P4_BURST,NORMAL
JZXN,1.42,1.4101,10,-0.1,-0.7,STOCHK_TIER1,08:48:23 AM ET,08:48:23 AM ET,0.0,1,,P4_BURST,NORMAL
JZXN,1.385,1.41,4,0.39,2.82,FLOOR_BREACH,08:48:23 AM ET,08:48:23 AM ET,4.69,3,"PCT2,PCT4_AFTER2",P4_BURST,NORMAL
SOBR,2.24,2.2064000000000004,10,-0.34,-1.5,HARD_STOP,08:48:23 AM ET,08:48:23 AM ET,0.0,1,,P4_BURST,NORMAL
SOBR,2.2422,2.208567,10,-0.34,-1.5,HARD_STOP,08:48:23 AM ET,08:48:23 AM ET,0.0,1,,P4_BURST,NORMAL
SOBR,2.17,2.13745,10,-0.33,-1.5,HARD_STOP,08:48:23 AM ET,08:48:23 AM ET,0.0,1,,P4_BURST,NORMAL
JZXN,1.43,1.4301,10,0.0,0.01,STOCHK_TIER2,08:48:23 AM ET,08:48:24 AM ET,1.4,2,,P4_BURST,NORMAL
SOBR,2.23,2.215,10,-0.15,-0.67,MACD_BEAR_T1,08:48:24 AM ET,08:48:24 AM ET,0.0,1,,P4_BURST,NORMAL
SOBR,2.195,2.1620749999999997,10,-0.33,-1.5,HARD_STOP,08:48:24 AM ET,08:48:24 AM ET,0.22,1,,P4_BURST,NORMAL
SOBR,2.08,2.0703,10,-0.1,-0.47,STOCHK_TIER1,08:48:24 AM ET,08:48:24 AM ET,0.0,1,,P4_BURST,NORMAL
SOBR,1.9995,1.9695075,10,-0.3,-1.5,HARD_STOP,08:48:24 AM ET,08:48:24 AM ET,0.0,1,,P4_BURST,NORMAL
JZXN,1.4,1.4101,5,0.2,1.41,STOCHK_TIER2,08:48:24 AM ET,08:48:24 AM ET,2.11,2,PCT2,P4_BURST,NORMAL
SOBR,1.97,1.96,10,-0.1,-0.51,STOCHK_TIER1,08:48:24 AM ET,08:48:24 AM ET,0.25,1,,P4_BURST,NORMAL
SOBR,1.97,1.98,10,0.1,0.51,STOCHK_TIER1,08:48:24 AM ET,08:48:24 AM ET,0.51,1,,P4_BURST,NORMAL
JZXN,1.41,1.51,4,0.62,4.39,FLOOR_BREACH,08:48:24 AM ET,08:48:24 AM ET,9.22,3,"PCT2,PCT4_AFTER2",P4_BURST,NORMAL
SOBR,1.8992,1.89,10,-0.09,-0.48,MACD_BEAR_T1,08:48:24 AM ET,08:48:24 AM ET,0.0,1,,P4_BURST,NORMAL
JZXN,1.495,1.48,10,-0.15,-1.0,STOCHK_TIER1,08:48:24 AM ET,08:48:24 AM ET,0.33,1,,P4_BURST,NORMAL
JZXN,1.46,1.45,10,-0.1,-0.68,STOCHK_TIER1,08:48:24 AM ET,08:48:24 AM ET,0.0,1,,P4_BURST,NORMAL
JZXN,1.455,1.44,10,-0.15,-1.03,MACD_BEAR_T1,08:48:24 AM ET,08:48:24 AM ET,0.0,1,,P4_BURST,NORMAL
SOBR,1.9,1.8916,10,-0.08,-0.44,STOCHK_TIER1,08:48:25 AM ET,08:48:25 AM ET,0.42,1,,P4_BURST,NORMAL
JZXN,1.43,1.42,10,-0.1,-0.7,MACD_BEAR_T1,08:48:25 AM ET,08:48:25 AM ET,0.0,1,,P4_BURST,NORMAL
SOBR,1.92,1.9105,10,-0.09,-0.49,STOCHK_TIER1,08:48:25 AM ET,08:48:25 AM ET,0.0,1,,P4_BURST,NORMAL
MASK,2.26,2.28,10,0.2,0.88,STOCHK_TIER2,08:48:25 AM ET,08:48:25 AM ET,1.77,2,,P4_BURST,NORMAL
MASK,2.2854,2.251119,10,-0.34,-1.5,HARD_STOP,08:48:25 AM ET,08:48:25 AM ET,0.0,1,,P4_BURST,NORMAL
MASK,2.1,2.09,10,-0.1,-0.48,EOD_CLOSE,08:48:25 AM ET,08:48:25 AM ET,0.0,1,,P4_BURST,NORMAL
MNTS,6.25,6.26,10,0.1,0.16,STOCHK_TIER1,08:48:25 AM ET,08:48:25 AM ET,0.64,1,,P4_BURST,NORMAL
MNTS,5.8732,5.785101999999999,10,-0.88,-1.5,HARD_STOP,08:48:25 AM ET,08:48:25 AM ET,0.0,1,,P4_BURST,NORMAL
SOBR,1.815,1.82,10,0.05,0.28,STOCHK_TIER2,08:48:25 AM ET,08:48:25 AM ET,1.38,2,,P4_BURST,NORMAL
AL
NBIZ,2.29,2.2601,10,-0.3,-1.31,STOCHK_TIER1,08:48:25 AM ET,08:48:25 AM ET,0.0,1,,P4_BURST,NORMAL
NBIZ,2.21,2.19,10,-0.2,-0.9,STOCHK_TIER1,08:48:25 AM ET,08:48:25 AM ET,0.0,1,,P4_BURST,NORMAL
NBIZ,2.2101,2.2,10,-0.1,-0.46,STOCHK_TIER1,08:48:25 AM ET,08:48:25 AM ET,0.01,1,,P4_BURST,NORMAL
NBIZ,2.23,2.22,10,-0.1,-0.45,STOCHK_TIER1,08:48:25 AM ET,08:48:25 AM ET,0.22,1,,P4_BURST,NORMAL
NBIZ,2.215,2.21,10,-0.05,-0.23,STOCHK_TIER1,08:48:25 AM ET,08:48:25 AM ET,0.23,1,,P4_BURST,NORMAL
ODYS,9.5,9.37,5,0.75,0.79,FLOOR_BREACH,08:48:25 AM ET,08:48:25 AM ET,2.95,2,PCT2,P4_BURST,NORMAL
ODYS,9.2,9.54,4,3.3,3.59,FLOOR_BREACH,08:48:25 AM ET,08:48:25 AM ET,7.17,3,"PCT2,PCT4_AFTER2",P4_BURST,NORMAL
ODYS,10.81,10.64785,10,-1.62,-1.5,HARD_STOP,08:48:25 AM ET,08:48:25 AM ET,0.0,1,,P4_BURST,NORMAL
ODYS,8.74,8.6089,10,-1.31,-1.5,HARD_STOP,08:48:25 AM ET,08:48:25 AM ET,0.0,1,,P4_BURST,NORMAL
ODYS,8.4999,8.3724015,10,-1.27,-1.5,HARD_STOP,08:48:25 AM ET,08:48:25 AM ET,0.0,1,,P4_BURST,NORMAL
ODYS,8.408,8.28188,10,-1.26,-1.5,HARD_STOP,08:48:25 AM ET,08:48:25 AM ET,1.09,2,,P4_BURST,NORMAL
ODYS,6.75,6.9983,3,4.52,6.7,FLOOR_BREACH,08:48:25 AM ET,08:48:25 AM ET,8.0,3,FAST4,P4_BURST,NORMAL
SOBR,1.83,1.8202,10,-0.1,-0.54,STOCHK_TIER1,08:48:25 AM ET,08:48:25 AM ET,0.0,1,,P4_BURST,NORMAL
ODYS,7.48,7.3678,5,0.34,0.45,HARD_STOP,08:48:25 AM ET,08:48:25 AM ET,2.81,2,PCT2,P4_BURST,NORMAL
ODYS,6.68,6.7213,4,1.33,2.0,FLOOR_BREACH,08:48:26 AM ET,08:48:26 AM ET,4.77,3,"PCT2,PCT4_AFTER2",P4_BURST,NORMAL
ODYS,6.7899,6.74,10,-0.5,-0.73,MACD_BEAR_T1,08:48:26 AM ET,08:48:26 AM ET,0.31,1,,P4_BURST,NORMAL
SOBR,1.76,1.7368,10,-0.23,-1.32,STOCHK_TIER1,08:48:26 AM ET,08:48:26 AM ET,0.0,1,,P4_BURST,NORMAL
ODYS,6.69,6.67,10,-0.2,-0.3,FLOOR_BREACH,08:48:26 AM ET,08:48:26 AM ET,1.64,2,,P4_BURST,NORMAL
ODYS,6.71,6.60935,10,-1.01,-1.5,HARD_STOP,08:48:26 AM ET,08:48:26 AM ET,0.0,1,,P4_BURST,NORMAL
ODYS,6.16,6.102,10,-0.58,-0.94,FLOOR_BREACH,08:48:26 AM ET,08:48:26 AM ET,1.79,2,,P4_BURST,NORMAL
ODYS,5.98,5.890300000000001,10,-0.9,-1.5,HARD_STOP,08:48:26 AM ET,08:48:26 AM ET,0.0,1,,P4_BURST,NORMAL
ODYS,5.9,5.8115000000000006,10,-0.88,-1.5,HARD_STOP,08:48:26 AM ET,08:48:26 AM ET,0.17,1,,P4_BURST,NORMAL
ODYS,5.595,5.511075,10,-0.84,-1.5,HARD_STOP,08:48:27 AM ET,08:48:27 AM ET,0.0,1,,P4_BURST,NORMAL
ODYS,5.51,5.65,4,1.47,2.66,FLOOR_BREACH,08:48:27 AM ET,08:48:27 AM ET,5.19,3,"PCT2,PCT4_AFTER2",P4_BURST,NORMAL
ODYS,5.63,5.5455499999999995,10,-0.84,-1.5,HARD_STOP,08:48:27 AM ET,08:48:27 AM ET,0.0,1,,P4_BURST,NORMAL
SST,3.7,3.65,10,-0.5,-1.35,STOCHK_TIER1,08:48:27 AM ET,08:48:27 AM ET,0.0,1,,P4_BURST,NORMAL
ODYS,5.45,5.4,10,-0.5,-0.92,STOCHK_TIER1,08:48:27 AM ET,08:48:27 AM ET,0.18,1,,P4_BURST,NORMAL
SST,3.72,3.6642,10,-0.56,-1.5,HARD_STOP,08:48:27 AM ET,08:48:27 AM ET,0.0,1,,P4_BURST,NORMAL
SST,3.67,3.62,10,-0.5,-1.36,STOCHK_TIER1,08:48:27 AM ET,08:48:27 AM ET,0.0,1,,P4_BURST,NORMAL
ODYS,5.18,5.11,10,-0.7,-1.35,STOCHK_TIER1,08:48:27 AM ET,08:48:27 AM ET,0.0,1,,P4_BURST,NORMAL
SST,3.598,3.5785,10,-0.19,-0.54,STOCHK_TIER1,08:48:27 AM ET,08:48:27 AM ET,0.0,1,,P4_BURST,NORMAL
ODYS,4.89,5.45,4,2.98,6.1,FLOOR_BREACH,08:48:27 AM ET,08:48:27 AM ET,13.09,3,"PCT2,PCT4_AFTER2",P4_BURST,NORMAL
SST,3.59,3.5361499999999997,10,-0.54,-1.5,HARD_STOP,08:48:28 AM ET,08:48:28 AM ET,0.0,1,,P4_BURST,NORMAL
ODYS,5.365,5.284525,10,-0.8,-1.5,HARD_STOP,08:48:28 AM ET,08:48:28 AM ET,0.0,1,,P4_BURST,NORMAL
ODYS,5.38,5.4,10,0.2,0.37,STOCHK_TIER2,08:48:28 AM ET,08:48:28 AM ET,1.49,2,,P4_BURST,NORMAL
STAK,2.0,2.0,10,0.0,0.0,FLOOR_BREACH,08:48:28 AM ET,08:48:28 AM ET,1.0,2,,P4_BURST,NORMAL
STAK,2.3399,2.3048015,10,-0.35,-1.5,HARD_STOP,08:48:28 AM ET,08:48:28 AM ET,0.0,1,,P4_BURST,NORMAL
STAK,2.2594,2.2255089999999997,10,-0.34,-1.5,HARD_STOP,08:48:28 AM ET,08:48:28 AM ET,0.91,1,,P4_BURST,NORMAL
STAK,2.27,2.23595,10,-0.34,-1.5,HARD_STOP,08:48:28 AM ET,08:48:28 AM ET,0.0,1,,P4_BURST,NORMAL
STAK,2.33,2.2950500000000003,10,-0.35,-1.5,HARD_STOP,08:48:28 AM ET,08:48:28 AM ET,0.16,1,,P4_BURST,NORMAL
ODYS,5.37,5.28945,10,-0.81,-1.5,HARD_STOP,08:48:28 AM ET,08:48:28 AM ET,0.0,1,,P4_BURST,NORMAL
STAK,2.3,2.2774,10,-0.23,-0.98,STOCHK_TIER1,08:48:28 AM ET,08:48:28 AM ET,0.0,1,,P4_BURST,NORMAL
STAK,2.29,2.25565,10,-0.34,-1.5,HARD_STOP,08:48:28 AM ET,08:48:28 AM ET,0.0,1,,P4_BURST,NORMAL
STAK,2.27,2.26,10,-0.1,-0.44,MACD_BEAR_T1,08:48:28 AM ET,08:48:28 AM ET,0.44,1,,P4_BURST,NORMAL
STAK,2.1,2.11,10,0.1,0.48,STOCHK_TIER2,08:48:28 AM ET,08:48:28 AM ET,1.9,2,,P4_BURST,NORMAL
ODYS,5.23,5.24,10,0.1,0.19,STOCHK_TIER2,08:48:28 AM ET,08:48:28 AM ET,1.72,2,,P4_BURST,NORMAL
STAK,2.215,2.181775,10,-0.33,-1.5,HARD_STOP,08:48:29 AM ET,08:48:29 AM ET,0.0,1,,P4_BURST,NORMAL
STAK,2.34,2.32,10,-0.2,-0.85,STOCHK_TIER1,08:48:29 AM ET,08:48:29 AM ET,0.0,1,,P4_BURST,NORMAL
ODYS,5.0797,5.0035045,10,-0.76,-1.5,HARD_STOP,08:48:29 AM ET,08:48:29 AM ET,0.0,1,,P4_BURST,NORMAL
STAK,2.285,2.250725,10,-0.34,-1.5,HARD_STOP,08:48:29 AM ET,08:48:29 AM ET,0.0,1,,P4_BURST,NORMAL
ODYS,4.9699,4.8953515,10,-0.75,-1.5,HARD_STOP,08:48:29 AM ET,08:48:29 AM ET,0.0,1,,P4_BURST,NORMAL
STAK,2.25,2.233,10,-0.17,-0.76,STOCHK_TIER1,08:48:29 AM ET,08:48:29 AM ET,0.0,1,,P4_BURST,NORMAL
STAK,2.3,2.2655,10,-0.34,-1.5,HARD_STOP,08:48:29 AM ET,08:48:29 AM ET,0.43,1,,P4_BURST,NORMAL
STAK,2.2816,2.28,10,-0.02,-0.07,FLOOR_BREACH,08:48:29 AM ET,08:48:29 AM ET,1.24,2,,P4_BURST,NORMAL
ODYS,4.8,4.7975,10,-0.02,-0.05,FLOOR_BREACH,08:48:29 AM ET,08:48:29 AM ET,1.15,2,,P4_BURST,NORMAL
STAK,2.36,2.3245999999999998,10,-0.35,-1.5,HARD_STOP,08:48:29 AM ET,08:48:29 AM ET,0.0,1,,P4_BURST,NORMAL
STAK,2.32,2.32,5,0.35,1.51,FLOOR_BREACH,08:48:29 AM ET,08:48:29 AM ET,3.02,3,PCT2,P4_BURST,NORMAL
STAK,2.3809,2.38,10,-0.01,-0.04,STOCHK_TIER1,08:48:29 AM ET,08:48:29 AM ET,0.0,1,,P4_BURST,NORMAL
STAK,2.5,2.71,4,1.5,5.99,FLOOR_BREACH,08:48:29 AM ET,08:48:29 AM ET,13.6,3,"PCT2,PCT4_AFTER2",P4_BURST,NORMAL
STAK,3.07,3.08,5,0.4,1.3,FLOOR_BREACH,08:48:30 AM ET,08:48:30 AM ET,2.28,2,PCT2,P4_BURST,NORMAL
STAK,4.4,4.3340000000000005,10,-0.66,-1.5,HARD_STOP,08:48:30 AM ET,08:48:30 AM ET,0.0,1,,P4_BURST,NORMAL
ODYS,4.44,4.5509,5,1.1,2.49,EOD_CLOSE,08:48:30 AM ET,08:48:30 AM ET,3.15,3,PCT2,P4_BURST,NORMAL
OXBR,0.8812,0.8679819999999999,10,-0.13,-1.5,HARD_STOP,08:48:30 AM ET,08:48:30 AM ET,0.0,1,,P4_BURST,NORMAL
OXBR,0.91,0.89635,10,-0.14,-1.5,HARD_STOP,08:48:30 AM ET,08:48:30 AM ET,0.0,1,,P4_BURST,NORMAL
OXBR,0.757,0.7655,3,0.33,4.31,FLOOR_BREACH,08:48:30 AM ET,08:48:30 AM ET,5.68,3,FAST4,P4_BURST,NORMAL
PMAX,2.565,2.5599,10,-0.05,-0.2,FLOOR_BREACH,08:48:30 AM ET,08:48:30 AM ET,1.75,2,,P4_BURST,NORMAL
PMAX,2.6,2.58,10,-0.2,-0.77,STOCHK_TIER1,08:48:30 AM ET,08:48:30 AM ET,0.0,1,,P4_BURST,NORMAL
PMAX,3.13,3.08305,10,-0.47,-1.5,HARD_STOP,08:48:30 AM ET,08:48:30 AM ET,0.0,1,,P4_BURST,NORMAL
PMAX,3.11,3.06335,10,-0.47,-1.5,HARD_STOP,08:48:30 AM ET,08:48:30 AM ET,0.0,1,,P4_BURST,NORMAL
PRSO,1.15,1.14,10,-0.1,-0.87,STOCHK_TIER1,08:48:30 AM ET,08:48:30 AM ET,0.0,1,,P4_BURST,NORMAL
PRSO,1.15,1.23,4,0.58,5.04,FLOOR_BREACH,08:48:30 AM ET,08:48:30 AM ET,8.7,3,"PCT2,PCT4_AFTER2",P4_BURST,NORMAL
PRSO,1.16,1.15,10,-0.1,-0.86,STOCHK_TIER1,08:48:30 AM ET,08:48:30 AM ET,0.09,1,,P4_BURST,NORMAL
PRSO,1.19,1.17215,10,-0.18,-1.5,HARD_STOP,08:48:30 AM ET,08:48:30 AM ET,0.0,1,,P4_BURST,NORMAL
PRSO,1.195,1.2,5,0.24,2.05,FLOOR_BREACH,08:48:30 AM ET,08:48:30 AM ET,3.67,3,PCT2,P4_BURST,NORMAL
PRSO,1.24,1.2214,10,-0.19,-1.5,HARD_STOP,08:48:30 AM ET,08:48:30 AM ET,0.81,1,,P4_BURST,NORMAL
PRSO,1.255,1.2501,10,-0.05,-0.39,MACD_BEAR_T1,08:48:30 AM ET,08:48:30 AM ET,0.0,1,,P4_BURST,NORMAL
PRSO,1.235,1.216475,10,-0.19,-1.5,HARD_STOP,08:48:30 AM ET,08:48:30 AM ET,0.0,1,,P4_BURST,NORMAL
PRSO,1.2199,1.2107,10,-0.09,-0.75,STOCHK_TIER1,08:48:30 AM ET,08:48:30 AM ET,0.0,1,,P4_BURST,NORMAL
PRSO,1.2386,1.23,10,-0.09,-0.69,STOCHK_TIER1,08:48:30 AM ET,08:48:30 AM ET,0.1,1,,P4_BURST,NORMAL
PRSO,1.2599,1.2410015,10,-0.19,-1.5,HARD_STOP,08:48:30 AM ET,08:48:30 AM ET,0.0,1,,P4_BURST,NORMAL
PRSO,1.27,1.25095,10,-0.19,-1.5,HARD_STOP,08:48:31 AM ET,08:48:31 AM ET,0.0,1,,P4_BURST,NORMAL
PRSO,1.2603,1.305,4,0.39,3.13,FLOOR_BREACH,08:48:31 AM ET,08:48:31 AM ET,6.32,3,"PCT2,PCT4_AFTER2",P4_BURST,NORMAL
PRSO,1.33,1.365,4,0.37,2.78,FLOOR_BREACH,08:48:31 AM ET,08:48:31 AM ET,4.14,3,"PCT2,PCT4_AFTER2",P4_BURST,NORMAL
PRSO,1.3392,1.3511,10,0.12,0.89,STOCHK_TIER2,08:48:31 AM ET,08:48:31 AM ET,1.54,2,,P4_BURST,NORMAL
TDIC,3.04,2.9944,10,-0.46,-1.5,HARD_STOP,08:48:31 AM ET,08:48:31 AM ET,0.0,1,,P4_BURST,NORMAL
PRSO,1.4295,1.4299,5,0.2,1.43,FLOOR_BREACH,08:48:31 AM ET,08:48:31 AM ET,2.84,2,PCT2,P4_BURST,NORMAL
TDIC,3.01,2.9648499999999998,10,-0.45,-1.5,HARD_STOP,08:48:31 AM ET,08:48:31 AM ET,0.0,1,,P4_BURST,NORMAL
PRSO,1.4103,1.3891455000000001,10,-0.21,-1.5,HARD_STOP,08:48:31 AM ET,08:48:31 AM ET,1.31,2,,P4_BURST,NORMAL
PRSO,1.379,1.41,4,0.34,2.44,FLOOR_BREACH,08:48:31 AM ET,08:48:31 AM ET,4.06,3,"PCT2,PCT4_AFTER2",P4_BURST,NORMAL
TDIC,2.95,2.94,10,-0.1,-0.34,STOCHK_TIER1,08:48:31 AM ET,08:48:31 AM ET,0.0,1,,P4_BURST,NORMAL
PRSO,1.3898,1.3913,10,0.02,0.11,STOCHK_TIER2,08:48:31 AM ET,08:48:31 AM ET,1.44,2,,P4_BURST,NORMAL
TDIC,2.95,3.06,4,0.91,3.08,EOD_CLOSE,08:48:31 AM ET,08:48:31 AM ET,4.41,3,"PCT2,PCT4_AFTER2",P4_BURST,NORMAL
VIVO,4.33,4.2650500000000005,10,-0.65,-1.5,HARD_STOP,08:48:31 AM ET,08:48:31 AM ET,0.0,1,,P4_BURST,NORMAL
VIVO,4.2637,4.3,5,0.66,1.55,STOCHK_TIER2,08:48:31 AM ET,08:48:31 AM ET,2.26,2,PCT2,P4_BURST,NORMAL
PRSO,1.4,1.3908,10,-0.09,-0.66,STOCHK_TIER1,08:48:31 AM ET,08:48:31 AM ET,0.0,1,,P4_BURST,NORMAL
VIVO,4.25,4.2743,5,0.57,1.35,STOCHK_TIER2,08:48:31 AM ET,08:48:31 AM ET,2.13,2,PCT2,P4_BURST,NORMAL
VIVO,4.2595,4.21,10,-0.5,-1.16,STOCHK_TIER1,08:48:31 AM ET,08:48:31 AM ET,0.0,1,,P4_BURST,NORMAL
VIVO,4.23,4.22,10,-0.1,-0.24,STOCHK_TIER1,08:48:31 AM ET,08:48:32 AM ET,0.47,1,,P4_BURST,NORMAL
VIVO,4.24,4.1764,10,-0.64,-1.5,HARD_STOP,08:48:32 AM ET,08:48:32 AM ET,0.0,1,,P4_BURST,NORMAL
PRSO,1.435,1.44,5,0.17,1.22,FLOOR_BREACH,08:48:31 AM ET,08:48:32 AM ET,2.3,2,PCT2,P4_BURST,NORMAL
PRSO,1.4989,1.4764164999999998,10,-0.22,-1.5,HARD_STOP,08:48:32 AM ET,08:48:32 AM ET,0.0,1,,P4_BURST,NORMAL
VIVO,4.19,4.385,4,1.43,3.41,MACD_BEAR_T3,08:48:32 AM ET,08:48:32 AM ET,5.01,3,"PCT2,PCT4_AFTER2",P4_BURST,NORMAL
VIVO,4.405,4.338925000000001,10,-0.66,-1.5,HARD_STOP,08:48:32 AM ET,08:48:32 AM ET,0.0,1,,P4_BURST,NORMAL
VIVO,4.3612,4.3,10,-0.61,-1.4,STOCHK_TIER1,08:48:32 AM ET,08:48:32 AM ET,0.66,1,,P4_BURST,NORMAL
PRSO,1.48,1.52,3,0.59,4.01,FLOOR_BREACH,08:48:32 AM ET,08:48:32 AM ET,4.57,3,FAST4,P4_BURST,NORMAL
PRSO,1.515,1.535,5,0.28,1.82,FLOOR_BREACH,08:48:32 AM ET,08:48:32 AM ET,3.64,3,PCT2,P4_BURST,NORMAL
VIVO,4.17,4.23,5,1.0,2.4,FLOOR_BREACH,08:48:32 AM ET,08:48:32 AM ET,3.36,3,PCT2,P4_BURST,NORMAL
PRSO,1.5393,1.5162105,10,-0.23,-1.5,HARD_STOP,08:48:32 AM ET,08:48:32 AM ET,0.0,1,,P4_BURST,NORMAL
VIVO,4.332,4.27,10,-0.62,-1.43,STOCHK_TIER1,08:48:32 AM ET,08:48:32 AM ET,0.0,1,,P4_BURST,NORMAL
PRSO,1.509,1.5012,10,-0.08,-0.52,STOCHK_TIER1,08:48:32 AM ET,08:48:32 AM ET,0.0,1,,P4_BURST,NORMAL
VIVO,4.3378,4.35,5,0.52,1.2,FLOOR_BREACH,08:48:32 AM ET,08:48:32 AM ET,3.51,3,PCT2,P4_BURST,NORMAL
VIVO,4.45,4.4414,10,-0.09,-0.19,STOCHK_TIER1,08:48:32 AM ET,08:48:32 AM ET,0.0,1,,P4_BURST,NORMAL
VIVO,4.4803,4.4801,10,-0.0,-0.0,STOCHK_TIER1,08:48:32 AM ET,08:48:32 AM ET,0.0,1,,P4_BURST,NORMAL
PRSO,1.4501,1.4701,5,0.25,1.72,STOCHK_TIER2,08:48:32 AM ET,08:48:32 AM ET,2.06,2,PCT2,P4_BURST,NORMAL
PRSO,1.4799,1.47,10,-0.1,-0.67,MACD_BEAR_T1,08:48:33 AM ET,08:48:33 AM ET,0.0,1,,P4_BURST,NORMAL
VIVO,4.47,4.63,4,1.47,3.28,FLOOR_BREACH,08:48:32 AM ET,08:48:33 AM ET,5.15,3,"PCT2,PCT4_AFTER2",P4_BURST,NORMAL
VIVO,4.62,4.61,10,-0.1,-0.22,STOCHK_TIER1,08:48:33 AM ET,08:48:33 AM ET,0.0,1,,P4_BURST,NORMAL
RGTZ,9.3501,9.27,10,-0.8,-0.86,STOCHK_TIER1,08:48:33 AM ET,08:48:33 AM ET,0.0,1,,P4_BURST,NORMAL
RGTZ,9.17,9.17,10,0.0,0.0,STOCHK_TIER1,08:48:33 AM ET,08:48:33 AM ET,0.54,1,,P4_BURST,NORMAL
VIVO,4.69,4.64,10,-0.5,-1.07,STOCHK_TIER1,08:48:33 AM ET,08:48:33 AM ET,0.0,1,,P4_BURST,NORMAL
RKLZ,3.115,3.0682750000000003,10,-0.47,-1.5,HARD_STOP,08:48:33 AM ET,08:48:33 AM ET,0.0,1,,P4_BURST,NORMAL
RKLZ,3.035,3.03,10,-0.05,-0.16,EOD_CLOSE,08:48:33 AM ET,08:48:33 AM ET,0.0,1,,P4_BURST,NORMAL
VEEE,7.8,7.683,10,-1.17,-1.5,HARD_STOP,08:48:33 AM ET,08:48:33 AM ET,0.0,1,,P4_BURST,NORMAL
VEEE,7.715,7.68,10,-0.35,-0.45,MACD_BEAR_T1,08:48:33 AM ET,08:48:33 AM ET,0.19,1,,P4_BURST,NORMAL
VEEE,7.8,7.7814,10,-0.19,-0.24,STOCHK_TIER1,08:48:33 AM ET,08:48:33 AM ET,0.0,1,,P4_BURST,NORMAL
VIVO,4.68,4.61,10,-0.7,-1.5,STOCHK_TIER1,08:48:33 AM ET,08:48:33 AM ET,0.64,1,,P4_BURST,NORMAL
VEEE,7.78,7.72,10,-0.6,-0.77,STOCHK_TIER1,08:48:33 AM ET,08:48:33 AM ET,0.42,1,,P4_BURST,NORMAL
VEEE,7.84,7.8149,10,-0.25,-0.32,FLOOR_BREACH,08:48:33 AM ET,08:48:33 AM ET,1.88,2,,P4_BURST,NORMAL
VEEE,8.24,8.2039,10,-0.36,-0.44,STOCHK_TIER1,08:48:33 AM ET,08:48:33 AM ET,0.73,1,,P4_BURST,NORMAL
VEEE,8.1881,8.0652785,10,-1.23,-1.5,HARD_STOP,08:48:33 AM ET,08:48:33 AM ET,0.0,1,,P4_BURST,NORMAL
VEEE,8.0,7.98,10,-0.2,-0.25,STOCHK_TIER1,08:48:33 AM ET,08:48:33 AM ET,0.0,1,,P4_BURST,NORMAL
VEEE,8.155,8.15,10,-0.05,-0.06,STOCHK_TIER1,08:48:33 AM ET,08:48:33 AM ET,0.55,1,,P4_BURST,NORMAL
VEEE,8.2399,8.1163015,10,-1.24,-1.5,HARD_STOP,08:48:33 AM ET,08:48:33 AM ET,0.0,1,,P4_BURST,NORMAL
VEEE,7.995,7.875075,10,-1.2,-1.5,HARD_STOP,08:48:33 AM ET,08:48:33 AM ET,0.77,1,,P4_BURST,NORMAL
VEEE,7.545,7.5,10,-0.45,-0.6,FLOOR_BREACH,08:48:33 AM ET,08:48:33 AM ET,1.26,2,,P4_BURST,NORMAL
VEEE,7.74,7.7,10,-0.4,-0.52,STOCHK_TIER1,08:48:34 AM ET,08:48:34 AM ET,0.52,1,,P4_BURST,NORMAL
VEEE,7.84,7.8,10,-0.4,-0.51,MACD_BEAR_T1,08:48:34 AM ET,08:48:34 AM ET,0.13,1,,P4_BURST,NORMAL
WOK,2.33,2.52,3,1.41,6.05,FLOOR_BREACH,08:48:34 AM ET,08:48:34 AM ET,9.88,3,FAST4,P4_BURST,NORMAL
WOK,2.4398,2.4302,10,-0.1,-0.39,FLOOR_BREACH,08:48:34 AM ET,08:48:34 AM ET,1.65,2,,P4_BURST,NORMAL
VEEE,7.84,7.8,10,-0.4,-0.51,STOCHK_TIER1,08:48:34 AM ET,08:48:34 AM ET,0.0,1,,P4_BURST,NORMAL
WOK,1.5475,1.5242875,10,-0.23,-1.5,HARD_STOP,08:48:34 AM ET,08:48:34 AM ET,0.0,1,,P4_BURST,NORMAL
WOK,1.14,1.1228999999999998,3,0.65,5.69,HARD_STOP,08:48:34 AM ET,08:48:34 AM ET,14.91,3,FAST4,P4_BURST,NORMAL
WOK,1.32,1.3002,10,-0.2,-1.5,HARD_STOP,08:48:34 AM ET,08:48:34 AM ET,0.0,1,,P4_BURST,NORMAL
WOK,1.3,1.3,5,0.25,1.92,FLOOR_BREACH,08:48:34 AM ET,08:48:34 AM ET,3.85,3,PCT2,P4_BURST,NORMAL
WOK,1.2601,1.2411984999999999,10,-0.19,-1.5,HARD_STOP,08:48:34 AM ET,08:48:34 AM ET,0.0,1,,P4_BURST,NORMAL
WOK,1.1865,1.1687025000000002,10,-0.18,-1.5,HARD_STOP,08:48:34 AM ET,08:48:34 AM ET,0.0,1,,P4_BURST,NORMAL
WOK,0.24445,0.24078325,10,-0.04,-1.5,HARD_STOP,08:48:34 AM ET,08:48:34 AM ET,0.1,1,,P4_BURST,NORMAL
WOK,0.2877,0.2911,5,0.05,1.72,FLOOR_BREACH,08:48:34 AM ET,08:48:34 AM ET,3.61,3,PCT2,P4_BURST,NORMAL
WOK,1.1399,1.1228015,10,-0.17,-1.5,HARD_STOP,08:48:34 AM ET,08:48:34 AM ET,0.0,1,,P4_BURST,NORMAL
WOK,0.35,0.3873,3,0.67,19.2,FLOOR_BREACH,08:48:34 AM ET,08:48:34 AM ET,22.86,3,FAST4,P4_BURST,NORMAL
WOK,0.49,0.69,3,1.44,29.39,FLOOR_BREACH,08:48:34 AM ET,08:48:34 AM ET,70.3,3,FAST4,P4_BURST,NORMAL
WOK,1.15,1.13275,5,0.06,0.55,HARD_STOP,08:48:34 AM ET,08:48:34 AM ET,3.17,3,PCT2,P4_BURST,NORMAL
WOK,0.8076,0.795486,10,-0.12,-1.5,HARD_STOP,08:48:34 AM ET,08:48:34 AM ET,0.0,1,,P4_BURST,NORMAL
WOK,0.9259,0.9120115,10,-0.14,-1.5,HARD_STOP,08:48:35 AM ET,08:48:35 AM ET,0.0,1,,P4_BURST,NORMAL
WOK,0.9927,0.9778095,10,-0.15,-1.5,HARD_STOP,08:48:35 AM ET,08:48:35 AM ET,0.0,1,,P4_BURST,NORMAL
WOK,0.8899,0.8765515,10,-0.13,-1.5,HARD_STOP,08:48:35 AM ET,08:48:35 AM ET,1.83,2,,P4_BURST,NORMAL
WOK,0.92,0.9081,10,-0.12,-1.29,STOCHK_TIER1,08:48:35 AM ET,08:48:35 AM ET,0.9,1,,P4_BURST,NORMAL
WOK,0.895,0.881575,10,-0.13,-1.5,HARD_STOP,08:48:35 AM ET,08:48:35 AM ET,0.0,1,,P4_BURST,NORMAL
WOK,0.8,0.788,10,-0.12,-1.5,HARD_STOP,08:48:35 AM ET,08:48:35 AM ET,0.0,1,,P4_BURST,NORMAL
WOK,0.8,0.788,10,-0.12,-1.5,HARD_STOP,08:48:35 AM ET,08:48:35 AM ET,0.0,1,,P4_BURST,NORMAL
WOK,0.7579,0.88005,3,0.58,7.72,FLOOR_BREACH,08:48:35 AM ET,08:48:35 AM ET,22.19,3,FAST4,P4_BURST,NORMAL
WOK,0.8655,0.8662,5,0.12,1.35,FLOOR_BREACH,08:48:35 AM ET,08:48:35 AM ET,2.82,2,PCT2,P4_BURST,NORMAL
WOK,0.82005,0.80774925,10,-0.12,-1.5,HARD_STOP,08:48:35 AM ET,08:48:35 AM ET,0.69,1,,P4_BURST,NORMAL
WOK,0.8172,0.804942,10,-0.12,-1.5,HARD_STOP,08:48:35 AM ET,08:48:35 AM ET,0.0,1,,P4_BURST,NORMAL
WOK,0.7934,0.7851,10,-0.08,-1.05,MACD_BEAR_T1,08:48:35 AM ET,08:48:35 AM ET,0.0,1,,P4_BURST,NORMAL
WOK,0.785,0.915,3,0.95,12.16,FLOOR_BREACH,08:48:35 AM ET,08:48:35 AM ET,20.08,3,FAST4,P4_BURST,NORMAL
WOK,1.0001,1.0401,3,0.61,6.09,FLOOR_BREACH,08:48:35 AM ET,08:48:35 AM ET,8.21,3,FAST4,P4_BURST,NORMAL
WOK,1.3999,1.3789015,4,0.28,1.98,HARD_STOP,08:48:35 AM ET,08:48:35 AM ET,7.86,3,"PCT2,PCT4_AFTER2",P4_BURST,NORMAL
WOK,1.3299,1.3099515000000002,10,-0.2,-1.5,HARD_STOP,08:48:35 AM ET,08:48:35 AM ET,0.0,1,,P4_BURST,NORMAL
AEHL,4.809,4.82,5,1.01,2.1,FLOOR_BREACH,08:48:35 AM ET,08:48:35 AM ET,3.97,3,PCT2,P4_BURST,NORMAL
WOK,1.35,1.32975,5,0.12,0.92,HARD_STOP,08:48:35 AM ET,08:48:35 AM ET,3.7,3,PCT2,P4_BURST,NORMAL
WOK,1.3088,1.2891679999999999,10,-0.2,-1.5,HARD_STOP,08:48:36 AM ET,08:48:36 AM ET,0.86,1,,P4_BURST,NORMAL
WOK,1.4002,1.3791969999999998,10,-0.21,-1.5,HARD_STOP,08:48:36 AM ET,08:48:36 AM ET,0.0,1,,P4_BURST,NORMAL
WOK,1.725,1.71,3,0.58,3.39,FLOOR_BREACH,08:48:36 AM ET,08:48:36 AM ET,14.78,3,FAST4,P4_BURST,NORMAL
WOK,1.705,1.679425,10,-0.26,-1.5,HARD_STOP,08:48:36 AM ET,08:48:36 AM ET,0.0,1,,P4_BURST,NORMAL
WOK,1.77,1.74345,10,-0.27,-1.5,HARD_STOP,08:48:36 AM ET,08:48:36 AM ET,0.0,1,,P4_BURST,NORMAL
WOK,1.8899,1.8615514999999998,10,-0.28,-1.5,HARD_STOP,08:48:36 AM ET,08:48:36 AM ET,0.01,1,,P4_BURST,NORMAL
WOK,1.8089,1.7817665,10,-0.27,-1.5,HARD_STOP,08:48:36 AM ET,08:48:36 AM ET,1.17,2,,P4_BURST,NORMAL
AIIO,4.65,4.58025,10,-0.7,-1.5,HARD_STOP,08:48:36 AM ET,08:48:36 AM ET,0.0,1,,P4_BURST,NORMAL
WOK,1.73,1.70405,10,-0.26,-1.5,HARD_STOP,08:48:36 AM ET,08:48:36 AM ET,0.0,1,,P4_BURST,NORMAL
AIIO,4.0865,4.11,5,0.64,1.57,STOCHK_TIER2,08:48:36 AM ET,08:48:36 AM ET,2.56,2,PCT2,P4_BURST,NORMAL
WOK,1.645,1.6401,10,-0.05,-0.3,FLOOR_BREACH,08:48:36 AM ET,08:48:36 AM ET,1.51,2,,P4_BURST,NORMAL
WOK,1.8001,1.852,3,0.89,4.94,FLOOR_BREACH,08:48:37 AM ET,08:48:37 AM ET,7.77,3,FAST4,P4_BURST,NORMAL
AIIO,4.03,3.9695500000000004,10,-0.6,-1.5,HARD_STOP,08:48:37 AM ET,08:48:37 AM ET,1.73,2,,P4_BURST,NORMAL
WOK,2.165,2.16,3,0.83,3.81,FLOOR_BREACH,08:48:37 AM ET,08:48:37 AM ET,5.54,3,FAST4,P4_BURST,NORMAL
AIIO,4.05,4.08,5,0.6,1.48,STOCHK_TIER2,08:48:37 AM ET,08:48:37 AM ET,2.97,2,PCT2,P4_BURST,NORMAL
WOK,2.9903,2.9454455,10,-0.45,-1.5,HARD_STOP,08:48:37 AM ET,08:48:37 AM ET,0.0,1,,P4_BURST,NORMAL
AIIO,4.16,4.4201,4,1.67,4.01,FLOOR_BREACH,08:48:37 AM ET,08:48:37 AM ET,8.89,3,"PCT2,PCT4_AFTER2",P4_BURST,NORMAL
WOK,3.57,3.51645,10,-0.54,-1.5,HARD_STOP,08:48:37 AM ET,08:48:37 AM ET,0.14,1,,P4_BURST,NORMAL
AIIO,4.2,4.19,10,-0.1,-0.24,FLOOR_BREACH,08:48:37 AM ET,08:48:37 AM ET,1.45,2,,P4_BURST,NORMAL
AIIO,4.2803,4.26,10,-0.2,-0.47,FLOOR_BREACH,08:48:37 AM ET,08:48:37 AM ET,1.63,2,,P4_BURST,NORMAL
AIIO,4.275,4.25,10,-0.25,-0.58,STOCHK_TIER1,08:48:37 AM ET,08:48:37 AM ET,0.14,1,,P4_BURST,NORMAL
WOK,2.59,2.55115,10,-0.39,-1.5,HARD_STOP,08:48:38 AM ET,08:48:38 AM ET,0.0,1,,P4_BURST,NORMAL
WOK,2.5848,2.5460279999999997,10,-0.39,-1.5,HARD_STOP,08:48:38 AM ET,08:48:38 AM ET,0.0,1,,P4_BURST,NORMAL
WOK,2.66,2.6201000000000003,10,-0.4,-1.5,HARD_STOP,08:48:38 AM ET,08:48:38 AM ET,0.38,1,,P4_BURST,NORMAL
WOK,2.72,2.6792000000000002,10,-0.41,-1.5,HARD_STOP,08:48:38 AM ET,08:48:38 AM ET,0.0,1,,P4_BURST,NORMAL
WOK,2.53,2.54,5,0.4,1.58,FLOOR_BREACH,08:48:38 AM ET,08:48:38 AM ET,2.77,2,PCT2,P4_BURST,NORMAL
WOK,2.7003,2.6597955,10,-0.41,-1.5,HARD_STOP,08:48:38 AM ET,08:48:38 AM ET,0.0,1,,P4_BURST,NORMAL
WOK,2.96,3.09,4,1.08,3.66,FLOOR_BREACH,08:48:38 AM ET,08:48:38 AM ET,6.42,3,"PCT2,PCT4_AFTER2",P4_BURST,NORMAL
BNKK,2.6265,2.61,10,-0.17,-0.63,STOCHK_TIER1,08:48:39 AM ET,08:48:39 AM ET,0.13,1,,P4_BURST,NORMAL
WOK,2.73,2.73,10,0.0,0.0,FLOOR_BREACH,08:48:39 AM ET,08:48:39 AM ET,1.1,2,,P4_BURST,NORMAL
BNKK,2.5403,2.515,10,-0.25,-1.0,STOCHK_TIER1,08:48:39 AM ET,08:48:39 AM ET,0.0,1,,P4_BURST,NORMAL
BNKK,2.57,2.53145,10,-0.39,-1.5,HARD_STOP,08:48:39 AM ET,08:48:39 AM ET,0.78,1,,P4_BURST,NORMAL
WOK,2.6,2.561,10,-0.39,-1.5,HARD_STOP,08:48:39 AM ET,08:48:39 AM ET,0.38,1,,P4_BURST,NORMAL
BNKK,2.565,2.56,10,-0.05,-0.19,STOCHK_TIER1,08:48:39 AM ET,08:48:39 AM ET,0.19,1,,P4_BURST,NORMAL
BNKK,2.5942,2.58,10,-0.14,-0.55,STOCHK_TIER1,08:48:39 AM ET,08:48:39 AM ET,0.0,1,,P4_BURST,NORMAL
WOK,2.48,2.46,10,-0.2,-0.81,FLOOR_BREACH,08:48:39 AM ET,08:48:39 AM ET,1.96,2,,P4_BURST,NORMAL
BNKK,2.55,2.55,10,0.0,0.0,FLOOR_BREACH,08:48:39 AM ET,08:48:39 AM ET,1.18,2,,P4_BURST,NORMAL
BNKK,2.55,2.545,10,-0.05,-0.2,STOCHK_TIER1,08:48:39 AM ET,08:48:39 AM ET,0.78,1,,P4_BURST,NORMAL
BNKK,2.55,2.54,10,-0.1,-0.39,STOCHK_TIER1,08:48:40 AM ET,08:48:40 AM ET,0.0,1,,P4_BURST,NORMAL
WOK,2.2,2.29,3,1.39,6.32,FLOOR_BREACH,08:48:40 AM ET,08:48:40 AM ET,7.27,3,FAST4,P4_BURST,NORMAL
BNKK,2.5499,2.54,10,-0.1,-0.39,STOCHK_TIER1,08:48:40 AM ET,08:48:40 AM ET,0.0,1,,P4_BURST,NORMAL
BNKK,2.6101,2.61,10,-0.0,-0.0,STOCHK_TIER1,08:48:40 AM ET,08:48:40 AM ET,0.76,1,,P4_BURST,NORMAL
BNKK,2.61,2.6,10,-0.1,-0.38,STOCHK_TIER1,08:48:40 AM ET,08:48:40 AM ET,0.0,1,,P4_BURST,NORMAL
BNKK,2.61,2.5708499999999996,10,-0.39,-1.5,HARD_STOP,08:48:40 AM ET,08:48:40 AM ET,0.0,1,,P4_BURST,NORMAL
BNKK,2.75,2.75,5,0.29,1.05,FLOOR_BREACH,08:48:41 AM ET,08:48:41 AM ET,4.0,3,PCT2,P4_BURST,NORMAL
BNKK,2.685,2.66,10,-0.25,-0.93,FLOOR_BREACH,08:48:41 AM ET,08:48:41 AM ET,1.3,2,,P4_BURST,NORMAL
BNKK,2.36,2.3245999999999998,10,-0.35,-1.5,HARD_STOP,08:48:41 AM ET,08:48:41 AM ET,0.42,1,,P4_BURST,NORMAL
BNKK,2.37,2.33445,10,-0.36,-1.5,HARD_STOP,08:48:41 AM ET,08:48:41 AM ET,0.42,1,,P4_BURST,NORMAL
BNKK,2.37,2.43,4,0.62,2.64,FLOOR_BREACH,08:48:42 AM ET,08:48:42 AM ET,4.64,3,"PCT2,PCT4_AFTER2",P4_BURST,NORMAL
BNKK,2.44,2.4307,10,-0.09,-0.38,STOCHK_TIER1,08:48:42 AM ET,08:48:42 AM ET,0.61,1,,P4_BURST,NORMAL
BNKK,2.4799,2.455,10,-0.25,-1.0,STOCHK_TIER1,08:48:42 AM ET,08:48:42 AM ET,0.0,1,,P4_BURST,NORMAL
BNKK,2.43,2.4058,10,-0.24,-1.0,STOCHK_TIER1,08:48:43 AM ET,08:48:43 AM ET,0.42,1,,P4_BURST,NORMAL
BNKK,2.42,2.39,10,-0.3,-1.24,STOCHK_TIER1,08:48:43 AM ET,08:48:43 AM ET,0.0,1,,P4_BURST,NORMAL
XGN,3.65,3.7,5,0.85,2.33,FLOOR_BREACH,08:48:43 AM ET,08:48:43 AM ET,3.29,3,PCT2,P4_BURST,NORMAL
XGN,3.705,3.69,10,-0.15,-0.4,STOCHK_TIER1,08:48:43 AM ET,08:48:43 AM ET,0.4,1,,P4_BURST,NORMAL
XGN,3.57,3.657,4,0.87,2.44,FLOOR_BREACH,08:48:43 AM ET,08:48:43 AM ET,4.34,3,"PCT2,PCT4_AFTER2",P4_BURST,NORMAL
XGN,3.69,3.78,3,1.32,3.58,FLOOR_BREACH,08:48:43 AM ET,08:48:43 AM ET,4.07,3,FAST4,P4_BURST,NORMAL
XGN,3.7634,3.7983,5,0.56,1.48,MACD_BEAR_T2,08:48:43 AM ET,08:48:43 AM ET,2.03,2,PCT2,P4_BURST,NORMAL
XGN,3.8,3.763,10,-0.37,-0.97,STOCHK_TIER1,08:48:43 AM ET,08:48:43 AM ET,0.0,1,,P4_BURST,NORMAL
XGN,3.77,3.7502,10,-0.2,-0.53,STOCHK_TIER1,08:48:43 AM ET,08:48:43 AM ET,0.26,1,,P4_BURST,NORMAL
XGN,3.759,3.7601,10,0.01,0.03,STOCHK_TIER1,08:48:43 AM ET,08:48:43 AM ET,0.56,1,,P4_BURST,NORMAL
XGN,3.7875,3.7548,10,-0.33,-0.86,STOCHK_TIER1,08:48:43 AM ET,08:48:43 AM ET,0.78,1,,P4_BURST,NORMAL
XGN,3.81,3.8,10,-0.1,-0.26,STOCHK_TIER1,08:48:44 AM ET,08:48:44 AM ET,0.0,1,,P4_BURST,NORMAL
BNKK,2.33,2.34,10,0.1,0.43,STOCHK_TIER2,08:48:43 AM ET,08:48:44 AM ET,1.29,2,,P4_BURST,NORMAL
XGN,3.8,3.77,10,-0.3,-0.79,STOCHK_TIER1,08:48:44 AM ET,08:48:44 AM ET,0.0,1,,P4_BURST,NORMAL
XGN,3.7899,3.775,10,-0.15,-0.39,STOCHK_TIER1,08:48:44 AM ET,08:48:44 AM ET,0.0,1,,P4_BURST,NORMAL
XGN,3.79,3.77,10,-0.2,-0.53,STOCHK_TIER1,08:48:44 AM ET,08:48:44 AM ET,0.0,1,,P4_BURST,NORMAL
XGN,3.74,3.6839,10,-0.56,-1.5,HARD_STOP,08:48:44 AM ET,08:48:44 AM ET,0.27,1,,P4_BURST,NORMAL
XOS,2.49,2.49,5,0.35,1.41,FLOOR_BREACH,08:48:44 AM ET,08:48:44 AM ET,2.81,2,PCT2,P4_BURST,NORMAL
XOS,2.439,2.402415,10,-0.37,-1.5,HARD_STOP,08:48:44 AM ET,08:48:44 AM ET,0.45,1,,P4_BURST,NORMAL
XOS,2.41,2.39,10,-0.2,-0.83,MACD_BEAR_T1,08:48:44 AM ET,08:48:44 AM ET,0.0,1,,P4_BURST,NORMAL
XOS,2.41,2.3996,10,-0.1,-0.43,MACD_BEAR_T1,08:48:44 AM ET,08:48:44 AM ET,0.41,1,,P4_BURST,NORMAL
AEHL,1.4599,1.45,10,-0.1,-0.68,STOCHK_TIER1,08:48:45 AM ET,08:48:45 AM ET,0.69,1,,P4_BURST,NORMAL
AEHL,1.5907,1.5668395,4,0.22,1.39,HARD_STOP,08:48:45 AM ET,08:48:45 AM ET,4.36,3,"PCT2,PCT4_AFTER2",P4_BURST,NORMAL
AEHL,1.66,1.6351,10,-0.25,-1.5,HARD_STOP,08:48:45 AM ET,08:48:45 AM ET,0.0,1,,P4_BURST,NORMAL
AEHL,1.62,1.6399,5,0.3,1.85,FLOOR_BREACH,08:48:45 AM ET,08:48:45 AM ET,3.08,3,PCT2,P4_BURST,NORMAL
AEHL,1.829,1.82,10,-0.09,-0.49,FLOOR_BREACH,08:48:45 AM ET,08:48:45 AM ET,1.14,2,,P4_BURST,NORMAL
AEHL,1.84,1.8124,10,-0.28,-1.5,HARD_STOP,08:48:45 AM ET,08:48:45 AM ET,0.0,1,,P4_BURST,NORMAL
AEHL,2.2809,2.2466865,10,-0.34,-1.5,HARD_STOP,08:48:45 AM ET,08:48:45 AM ET,0.0,1,,P4_BURST,NORMAL
AEHL,2.349,2.313765,10,-0.35,-1.5,HARD_STOP,08:48:45 AM ET,08:48:45 AM ET,0.0,1,,P4_BURST,NORMAL
AEHL,2.16,2.1509,10,-0.09,-0.42,FLOOR_BREACH,08:48:45 AM ET,08:48:45 AM ET,1.85,2,,P4_BURST,NORMAL
AEHL,2.0292,2.0608,4,0.57,2.81,FLOOR_BREACH,08:48:45 AM ET,08:48:45 AM ET,4.23,3,"PCT2,PCT4_AFTER2",P4_BURST,NORMAL
AEHL,2.0601,2.3393,4,1.5,7.29,FLOOR_BREACH,08:48:45 AM ET,08:48:45 AM ET,16.01,3,"PCT2,PCT4_AFTER2",P4_BURST,NORMAL
AEHL,2.34,2.3049,10,-0.35,-1.5,HARD_STOP,08:48:46 AM ET,08:48:46 AM ET,0.0,1,,P4_BURST,NORMAL
AEHL,2.18,2.21,3,0.71,3.24,FLOOR_BREACH,08:48:46 AM ET,08:48:46 AM ET,4.04,3,FAST4,P4_BURST,NORMAL
AEHL,2.22,2.2,10,-0.2,-0.9,MACD_BEAR_T1,08:48:46 AM ET,08:48:46 AM ET,0.0,1,,P4_BURST,NORMAL
AEHL,2.07,2.05,10,-0.2,-0.97,STOCHK_TIER1,08:48:46 AM ET,08:48:46 AM ET,0.97,1,,P4_BURST,NORMAL
AEHL,1.94,1.9301,10,-0.1,-0.51,FLOOR_BREACH,08:48:46 AM ET,08:48:46 AM ET,1.07,2,,P4_BURST,NORMAL
AEHL,1.92,2.085,3,1.12,5.86,FLOOR_BREACH,08:48:46 AM ET,08:48:46 AM ET,10.46,3,FAST4,P4_BURST,NORMAL
BNRG,3.14,3.0929,10,-0.47,-1.5,HARD_STOP,08:48:46 AM ET,08:48:46 AM ET,0.0,1,,P4_BURST,NORMAL
AEHL,2.0692,2.0698,5,0.23,1.12,FLOOR_BREACH,08:48:46 AM ET,08:48:46 AM ET,2.21,2,PCT2,P4_BURST,NORMAL
AEHL,2.0399,2.0093015,10,-0.31,-1.5,HARD_STOP,08:48:46 AM ET,08:48:46 AM ET,0.0,1,,P4_BURST,NORMAL
BNRG,2.8334,2.88,5,0.57,2.0,STOCHK_TIER2,08:48:46 AM ET,08:48:46 AM ET,2.7,2,PCT2,P4_BURST,NORMAL
AEHL,1.9999,1.97,10,-0.3,-1.5,STOCHK_TIER1,08:48:46 AM ET,08:48:46 AM ET,0.51,1,,P4_BURST,NORMAL
AEHL,2.06,2.0408,10,-0.19,-0.93,STOCHK_TIER1,08:48:46 AM ET,08:48:46 AM ET,0.0,1,,P4_BURST,NORMAL
BNRG,2.7104,2.6814,10,-0.29,-1.07,STOCHK_TIER1,08:48:46 AM ET,08:48:46 AM ET,0.0,1,,P4_BURST,NORMAL
AEHL,2.22,2.1867,10,-0.33,-1.5,HARD_STOP,08:48:46 AM ET,08:48:47 AM ET,0.0,1,,P4_BURST,NORMAL
BNRG,2.73,2.73,10,0.0,0.0,STOCHK_TIER1,08:48:47 AM ET,08:48:47 AM ET,0.7,1,,P4_BURST,NORMAL
AEHL,2.125,2.1101,10,-0.15,-0.7,STOCHK_TIER1,08:48:47 AM ET,08:48:47 AM ET,0.0,1,,P4_BURST,NORMAL
AEHL,2.12,2.0882,10,-0.32,-1.5,HARD_STOP,08:48:47 AM ET,08:48:47 AM ET,0.0,1,,P4_BURST,NORMAL
AEHL,2.0891,2.09,10,0.01,0.04,STOCHK_TIER2,08:48:47 AM ET,08:48:47 AM ET,1.95,2,,P4_BURST,NORMAL
AEHL,2.2103,2.1771455,10,-0.33,-1.5,HARD_STOP,08:48:47 AM ET,08:48:47 AM ET,0.0,1,,P4_BURST,NORMAL
BNRG,2.7068,2.6661979999999996,10,-0.41,-1.5,HARD_STOP,08:48:47 AM ET,08:48:47 AM ET,0.0,1,,P4_BURST,NORMAL
AEHL,2.125,2.11,10,-0.15,-0.71,STOCHK_TIER1,08:48:47 AM ET,08:48:47 AM ET,0.23,1,,P4_BURST,NORMAL
BNRG,2.61,2.6,10,-0.1,-0.38,STOCHK_TIER1,08:48:47 AM ET,08:48:47 AM ET,0.3,1,,P4_BURST,NORMAL
AEHL,2.2,2.185,10,-0.15,-0.68,STOCHK_TIER1,08:48:47 AM ET,08:48:47 AM ET,0.45,1,,P4_BURST,NORMAL
AEHL,2.225,2.21,10,-0.15,-0.67,MACD_BEAR_T1,08:48:47 AM ET,08:48:47 AM ET,0.0,1,,P4_BURST,NORMAL
AEHL,2.27,2.3316,4,0.6,2.63,FLOOR_BREACH,08:48:47 AM ET,08:48:48 AM ET,4.41,3,"PCT2,PCT4_AFTER2",P4_BURST,NORMAL
AEHL,2.3291,2.445,4,1.01,4.34,FLOOR_BREACH,08:48:48 AM ET,08:48:48 AM ET,6.69,3,"PCT2,PCT4_AFTER2",P4_BURST,NORMAL
BNRG,2.4958,2.46,5,0.24,0.97,FLOOR_BREACH,08:48:48 AM ET,08:48:48 AM ET,3.37,3,PCT2,P4_BURST,NORMAL
BNRG,2.3,2.2655,10,-0.34,-1.5,HARD_STOP,08:48:48 AM ET,08:48:48 AM ET,0.87,1,,P4_BURST,NORMAL
AEHL,2.29,2.365,4,0.71,3.1,FLOOR_BREACH,08:48:48 AM ET,08:48:48 AM ET,4.8,3,"PCT2,PCT4_AFTER2",P4_BURST,NORMAL
BNRG,2.33,2.2950500000000003,10,-0.35,-1.5,HARD_STOP,08:48:48 AM ET,08:48:48 AM ET,0.0,1,,P4_BURST,NORMAL
BNRG,2.28,2.2457999999999996,10,-0.34,-1.5,HARD_STOP,08:48:48 AM ET,08:48:48 AM ET,0.0,1,,P4_BURST,NORMAL
AEHL,2.17,2.1699,10,-0.0,-0.0,FLOOR_BREACH,08:48:48 AM ET,08:48:48 AM ET,1.85,2,,P4_BURST,NORMAL
AEHL,2.225,2.2,10,-0.25,-1.12,STOCHK_TIER1,08:48:48 AM ET,08:48:48 AM ET,0.67,1,,P4_BURST,NORMAL
AEHL,2.22,2.1867,10,-0.33,-1.5,HARD_STOP,08:48:48 AM ET,08:48:48 AM ET,0.0,1,,P4_BURST,NORMAL
BNRG,2.0692,2.0448,10,-0.24,-1.18,STOCHK_TIER1,08:48:49 AM ET,08:48:49 AM ET,0.0,1,,P4_BURST,NORMAL
BNRG,1.895,1.99,4,0.78,4.12,FLOOR_BREACH,08:48:49 AM ET,08:48:49 AM ET,6.6,3,"PCT2,PCT4_AFTER2",P4_BURST,NORMAL
AEHL,2.2,2.24,5,0.45,2.05,MACD_BEAR_T3,08:48:49 AM ET,08:48:49 AM ET,3.18,3,PCT2,P4_BURST,NORMAL
AEHL,2.24,2.22,10,-0.2,-0.89,MACD_BEAR_T1,08:48:49 AM ET,08:48:49 AM ET,0.44,1,,P4_BURST,NORMAL
BNRG,2.05,2.11,4,0.6,2.94,FLOOR_BREACH,08:48:49 AM ET,08:48:49 AM ET,6.83,3,"PCT2,PCT4_AFTER2",P4_BURST,NORMAL
AEHL,2.25,2.25,10,0.0,0.0,STOCHK_TIER1,08:48:49 AM ET,08:48:49 AM ET,0.22,1,,P4_BURST,NORMAL
AEHL,2.14,2.1079,10,-0.32,-1.5,HARD_STOP,08:48:49 AM ET,08:48:49 AM ET,0.0,1,,P4_BURST,NORMAL
BNRG,2.06,2.0291,10,-0.31,-1.5,HARD_STOP,08:48:49 AM ET,08:48:50 AM ET,0.0,1,,P4_BURST,NORMAL
AEHL,2.09,2.0702,10,-0.2,-0.95,STOCHK_TIER1,08:48:50 AM ET,08:48:50 AM ET,0.0,1,,P4_BURST,NORMAL
AEHL,2.04,2.03,10,-0.1,-0.49,STOCHK_TIER1,08:48:50 AM ET,08:48:50 AM ET,0.0,1,,P4_BURST,NORMAL
BNRG,2.0069,1.98,10,-0.27,-1.34,STOCHK_TIER1,08:48:50 AM ET,08:48:50 AM ET,0.0,1,,P4_BURST,NORMAL
AEHL,2.0999,2.09,10,-0.1,-0.47,STOCHK_TIER1,08:48:50 AM ET,08:48:51 AM ET,0.48,1,,P4_BURST,NORMAL
BNRG,1.75,1.74,10,-0.1,-0.57,STOCHK_TIER1,08:48:51 AM ET,08:48:51 AM ET,0.0,1,,P4_BURST,NORMAL
AEHL,2.07,2.19,4,0.99,4.78,FLOOR_BREACH,08:48:51 AM ET,08:48:51 AM ET,7.73,3,"PCT2,PCT4_AFTER2",P4_BURST,NORMAL
AEHL,2.17,2.13745,10,-0.33,-1.5,HARD_STOP,08:48:51 AM ET,08:48:51 AM ET,1.38,2,,P4_BURST,NORMAL
BZFD,1.27,1.27,10,0.0,0.0,STOCHK_TIER1,08:48:51 AM ET,08:48:51 AM ET,0.19,1,,P4_BURST,NORMAL
AEHL,2.15,2.12,10,-0.3,-1.4,STOCHK_TIER1,08:48:51 AM ET,08:48:51 AM ET,0.0,1,,P4_BURST,NORMAL
BZFD,1.3,1.2805,10,-0.2,-1.5,HARD_STOP,08:48:51 AM ET,08:48:51 AM ET,0.0,1,,P4_BURST,NORMAL
BZFD,1.3106,1.31,10,-0.01,-0.05,STOCHK_TIER1,08:48:52 AM ET,08:48:52 AM ET,0.72,1,,P4_BURST,NORMAL
CCUP,7.3919,7.395,10,0.03,0.04,STOCHK_TIER1,08:48:52 AM ET,08:48:52 AM ET,0.79,1,,P4_BURST,NORMAL
CCUP,7.5899,7.4760515,10,-1.14,-1.5,HARD_STOP,08:48:52 AM ET,08:48:52 AM ET,0.0,1,,P4_BURST,NORMAL
AEHL,2.1302,2.13,10,-0.0,-0.01,STOCHK_TIER1,08:48:52 AM ET,08:48:52 AM ET,0.0,1,,P4_BURST,NORMAL
CCUP,7.11,7.00335,5,0.21,0.3,HARD_STOP,08:48:52 AM ET,08:48:52 AM ET,2.25,2,PCT2,P4_BURST,NORMAL
CRCD,2.41,2.4,10,-0.1,-0.41,STOCHK_TIER1,08:48:52 AM ET,08:48:52 AM ET,0.0,1,,P4_BURST,NORMAL
CRCD,2.3999,2.3995,10,-0.0,-0.02,STOCHK_TIER1,08:48:52 AM ET,08:48:52 AM ET,0.0,1,,P4_BURST,NORMAL
CRCD,2.45,2.4501,10,0.0,0.0,STOCHK_TIER1,08:48:52 AM ET,08:48:52 AM ET,0.41,1,,P4_BURST,NORMAL
DXF,1.41,1.3897,10,-0.2,-1.44,STOCHK_TIER1,08:48:52 AM ET,08:48:52 AM ET,0.0,1,,P4_BURST,NORMAL
DXF,1.38,1.3601,10,-0.2,-1.44,STOCHK_TIER1,08:48:52 AM ET,08:48:52 AM ET,0.0,1,,P4_BURST,NORMAL
DXF,1.3397,1.32,10,-0.2,-1.47,STOCHK_TIER1,08:48:52 AM ET,08:48:52 AM ET,0.02,1,,P4_BURST,NORMAL
AEHL,2.09,2.1,10,0.1,0.48,STOCHK_TIER1,08:48:52 AM ET,08:48:52 AM ET,0.96,1,,P4_BURST,NORMAL
DXF,1.3397,1.42,4,0.55,4.12,EOD_CLOSE,08:48:52 AM ET,08:48:52 AM ET,5.99,3,"PCT2,PCT4_AFTER2",P4_BURST,NORMAL
ELAB,1.99,1.96015,10,-0.3,-1.5,HARD_STOP,08:48:52 AM ET,08:48:52 AM ET,0.0,1,,P4_BURST,NORMAL
ELAB,2.0,2.25,3,2.25,11.27,FLOOR_BREACH,08:48:52 AM ET,08:48:52 AM ET,14.17,3,FAST4,P4_BURST,NORMAL
ELAB,2.275,2.27,10,-0.05,-0.22,STOCHK_TIER1,08:48:53 AM ET,08:48:53 AM ET,0.65,1,,P4_BURST,NORMAL
ELAB,2.2799,2.26,10,-0.2,-0.87,STOCHK_TIER1,08:48:53 AM ET,08:48:53 AM ET,0.0,1,,P4_BURST,NORMAL
ELAB,2.2,2.22,10,0.2,0.91,STOCHK_TIER2,08:48:53 AM ET,08:48:53 AM ET,1.36,2,,P4_BURST,NORMAL
ELAB,2.23,2.19655,10,-0.33,-1.5,HARD_STOP,08:48:53 AM ET,08:48:53 AM ET,0.0,1,,P4_BURST,NORMAL
FABC,4.91,4.9035,10,-0.06,-0.13,STOCHK_TIER1,08:48:53 AM ET,08:48:53 AM ET,0.0,1,,P4_BURST,NORMAL
FABC,4.9099,4.9,10,-0.1,-0.2,STOCHK_TIER1,08:48:53 AM ET,08:48:53 AM ET,0.0,1,,P4_BURST,NORMAL
FABC,4.8587,4.7858195,10,-0.73,-1.5,HARD_STOP,08:48:53 AM ET,08:48:53 AM ET,0.0,1,,P4_BURST,NORMAL
FCHL,1.9584,1.9290239999999998,10,-0.29,-1.5,HARD_STOP,08:48:54 AM ET,08:48:54 AM ET,0.0,1,,P4_BURST,NORMAL
FCUV,1.15,1.15,5,0.18,1.55,FLOOR_BREACH,08:48:54 AM ET,08:48:54 AM ET,3.1,3,PCT2,P4_BURST,NORMAL
FCUV,1.17,1.15245,10,-0.18,-1.5,HARD_STOP,08:48:54 AM ET,08:48:54 AM ET,0.0,1,,P4_BURST,NORMAL
FCUV,1.15,1.18,4,0.32,2.78,FLOOR_BREACH,08:48:54 AM ET,08:48:54 AM ET,4.35,3,"PCT2,PCT4_AFTER2",P4_BURST,NORMAL
FCUV,1.175,1.2001,4,0.38,3.24,FLOOR_BREACH,08:48:54 AM ET,08:48:54 AM ET,8.09,3,"PCT2,PCT4_AFTER2",P4_BURST,NORMAL
HCTI,2.305,2.270425,10,-0.35,-1.5,HARD_STOP,08:48:54 AM ET,08:48:54 AM ET,0.0,1,,P4_BURST,NORMAL
HCTI,2.27,2.26,10,-0.1,-0.44,STOCHK_TIER1,08:48:54 AM ET,08:48:54 AM ET,0.88,1,,P4_BURST,NORMAL
HCTI,2.31,2.2905,10,-0.19,-0.84,STOCHK_TIER1,08:48:54 AM ET,08:48:54 AM ET,0.87,1,,P4_BURST,NORMAL
HCTI,2.25,2.26,5,0.35,1.56,FLOOR_BREACH,08:48:54 AM ET,08:48:54 AM ET,2.67,2,PCT2,P4_BURST,NORMAL
HCTI,2.28,2.2457999999999996,5,0.18,0.79,HARD_STOP,08:48:54 AM ET,08:48:55 AM ET,3.07,3,PCT2,P4_BURST,NORMAL
HCTI,2.31,2.28,10,-0.3,-1.3,STOCHK_TIER1,08:48:55 AM ET,08:48:55 AM ET,0.75,1,,P4_BURST,NORMAL
HCTI,2.29,2.26,10,-0.3,-1.31,FLOOR_BREACH,08:48:55 AM ET,08:48:55 AM ET,1.75,2,,P4_BURST,NORMAL
HCTI,2.2999,2.2654015,10,-0.34,-1.5,HARD_STOP,08:48:55 AM ET,08:48:55 AM ET,0.0,1,,P4_BURST,NORMAL
HCTI,2.2399,2.23,10,-0.1,-0.44,FLOOR_BREACH,08:48:55 AM ET,08:48:55 AM ET,1.34,2,,P4_BURST,NORMAL
HCTI,2.2,2.2,10,0.0,0.0,FLOOR_BREACH,08:48:55 AM ET,08:48:55 AM ET,1.82,2,,P4_BURST,NORMAL
HCTI,2.19,2.16,10,-0.3,-1.37,STOCHK_TIER1,08:48:55 AM ET,08:48:55 AM ET,0.0,1,,P4_BURST,NORMAL
HCTI,2.34,2.3049,10,-0.35,-1.5,HARD_STOP,08:48:55 AM ET,08:48:55 AM ET,0.0,1,,P4_BURST,NORMAL
HCTI,2.29,2.25565,10,-0.34,-1.5,HARD_STOP,08:48:55 AM ET,08:48:55 AM ET,0.44,1,,P4_BURST,NORMAL
HCTI,2.2988,2.28,10,-0.19,-0.82,STOCHK_TIER1,08:48:55 AM ET,08:48:55 AM ET,0.92,1,,P4_BURST,NORMAL
HCTI,2.4,2.364,10,-0.36,-1.5,HARD_STOP,08:48:55 AM ET,08:48:55 AM ET,0.0,1,,P4_BURST,NORMAL
HCTI,2.385,2.365,10,-0.2,-0.84,STOCHK_TIER1,08:48:55 AM ET,08:48:55 AM ET,0.29,1,,P4_BURST,NORMAL
HCTI,2.375,2.34,10,-0.35,-1.47,STOCHK_TIER1,08:48:55 AM ET,08:48:55 AM ET,0.0,1,,P4_BURST,NORMAL
HCTI,2.4095,2.3733575,10,-0.36,-1.5,HARD_STOP,08:48:56 AM ET,08:48:56 AM ET,0.02,1,,P4_BURST,NORMAL
HCTI,2.36,2.3501,10,-0.1,-0.42,STOCHK_TIER1,08:48:56 AM ET,08:48:56 AM ET,0.0,1,,P4_BURST,NORMAL
HCTI,2.34,2.33,10,-0.1,-0.43,STOCHK_TIER1,08:48:56 AM ET,08:48:56 AM ET,0.0,1,,P4_BURST,NORMAL
HCTI,2.25,2.21625,10,-0.34,-1.5,HARD_STOP,08:48:56 AM ET,08:48:56 AM ET,0.15,1,,P4_BURST,NORMAL
HCTI,2.267,2.232995,10,-0.34,-1.5,HARD_STOP,08:48:56 AM ET,08:48:56 AM ET,0.0,1,,P4_BURST,NORMAL
AIIO,1.2898,1.2813,10,-0.08,-0.66,STOCHK_TIER1,08:48:56 AM ET,08:48:56 AM ET,0.0,1,,P4_BURST,NORMAL
AIIO,1.2598,1.3303,4,0.53,4.22,FLOOR_BREACH,08:48:56 AM ET,08:48:56 AM ET,10.33,3,"PCT2,PCT4_AFTER2",P4_BURST,NORMAL
AIIO,1.3,1.3003,10,0.0,0.02,STOCHK_TIER1,08:48:56 AM ET,08:48:56 AM ET,0.77,1,,P4_BURST,NORMAL
AIIO,1.2697,1.3,5,0.3,2.37,MACD_BEAR_T3,08:48:57 AM ET,08:48:57 AM ET,3.96,3,PCT2,P4_BURST,NORMAL
IONZ,3.77,3.76,10,-0.1,-0.27,STOCHK_TIER1,08:48:57 AM ET,08:48:57 AM ET,0.0,1,,P4_BURST,NORMAL
IONZ,3.745,3.74,10,-0.05,-0.13,STOCHK_TIER1,08:48:57 AM ET,08:48:57 AM ET,0.13,1,,P4_BURST,NORMAL
IONZ,3.76,3.76,10,0.0,0.0,STOCHK_TIER1,08:48:57 AM ET,08:48:57 AM ET,0.27,1,,P4_BURST,NORMAL
AIIO,1.3,1.29,10,-0.1,-0.77,STOCHK_TIER1,08:48:57 AM ET,08:48:57 AM ET,0.0,1,,P4_BURST,NORMAL
IONZ,3.805,3.747925,10,-0.57,-1.5,HARD_STOP,08:48:57 AM ET,08:48:57 AM ET,0.0,1,,P4_BURST,NORMAL
IONZ,3.76,3.7036,10,-0.56,-1.5,HARD_STOP,08:48:57 AM ET,08:48:57 AM ET,0.0,1,,P4_BURST,NORMAL
IONZ,3.64,3.675,10,0.35,0.96,STOCHK_TIER2,08:48:57 AM ET,08:48:57 AM ET,1.65,2,,P4_BURST,NORMAL
AIIO,1.2609,1.29,5,0.34,2.69,MACD_BEAR_T3,08:48:57 AM ET,08:48:57 AM ET,3.1,3,PCT2,P4_BURST,NORMAL
IONZ,3.65,3.6,10,-0.5,-1.37,STOCHK_TIER1,08:48:57 AM ET,08:48:57 AM ET,0.0,1,,P4_BURST,NORMAL
AIIO,1.2997,1.2903,10,-0.09,-0.72,STOCHK_TIER1,08:48:57 AM ET,08:48:57 AM ET,0.0,1,,P4_BURST,NORMAL
IONZ,3.67,3.645,10,-0.25,-0.68,STOCHK_TIER1,08:48:57 AM ET,08:48:57 AM ET,0.0,1,,P4_BURST,NORMAL
AIIO,1.3,1.2901,10,-0.1,-0.76,STOCHK_TIER1,08:48:57 AM ET,08:48:57 AM ET,0.0,1,,P4_BURST,NORMAL
IONZ,3.515,3.4814,10,-0.34,-0.96,STOCHK_TIER1,08:48:57 AM ET,08:48:57 AM ET,0.0,1,,P4_BURST,NORMAL
AIIO,1.3,1.2903,10,-0.1,-0.75,STOCHK_TIER1,08:48:57 AM ET,08:48:57 AM ET,0.0,1,,P4_BURST,NORMAL
IONZ,3.5,3.565,5,0.73,2.07,STOCHK_TIER2,08:48:58 AM ET,08:48:58 AM ET,2.63,2,PCT2,P4_BURST,NORMAL
IONZ,3.43,3.45,10,0.2,0.58,STOCHK_TIER2,08:48:58 AM ET,08:48:58 AM ET,1.42,2,,P4_BURST,NORMAL
AIIO,1.33,1.35,5,0.25,1.87,STOCHK_TIER2,08:48:58 AM ET,08:48:58 AM ET,2.26,2,PCT2,P4_BURST,NORMAL
IONZ,3.44,3.4299,10,-0.1,-0.29,STOCHK_TIER1,08:48:58 AM ET,08:48:58 AM ET,0.29,1,,P4_BURST,NORMAL
AIIO,1.43,1.40855,10,-0.21,-1.5,HARD_STOP,08:48:58 AM ET,08:48:58 AM ET,0.0,1,,P4_BURST,NORMAL
IONZ,3.4799,3.46,10,-0.2,-0.57,STOCHK_TIER1,08:48:58 AM ET,08:48:58 AM ET,0.0,1,,P4_BURST,NORMAL
IONZ,3.518,3.485,10,-0.33,-0.94,STOCHK_TIER1,08:48:58 AM ET,08:48:58 AM ET,0.0,1,,P4_BURST,NORMAL
AIIO,1.335,1.3499,5,0.3,2.27,FLOOR_BREACH,08:48:58 AM ET,08:48:58 AM ET,3.89,3,PCT2,P4_BURST,NORMAL
IONZ,3.5501,3.54,10,-0.1,-0.28,STOCHK_TIER1,08:48:58 AM ET,08:48:58 AM ET,0.28,1,,P4_BURST,NORMAL
AIIO,1.38,1.3593,10,-0.21,-1.5,HARD_STOP,08:48:58 AM ET,08:48:58 AM ET,0.0,1,,P4_BURST,NORMAL
AIIO,1.4,1.455,3,0.73,5.22,FLOOR_BREACH,08:48:59 AM ET,08:48:59 AM ET,5.77,3,FAST4,P4_BURST,NORMAL
IONZ,3.47,3.44,10,-0.3,-0.86,STOCHK_TIER1,08:48:59 AM ET,08:48:59 AM ET,0.0,1,,P4_BURST,NORMAL
AIIO,1.395,1.39,10,-0.05,-0.36,STOCHK_TIER1,08:48:59 AM ET,08:48:59 AM ET,0.0,1,,P4_BURST,NORMAL
AIIO,1.3993,1.3783105,10,-0.21,-1.5,HARD_STOP,08:48:59 AM ET,08:48:59 AM ET,0.05,1,,P4_BURST,NORMAL
IONZ,3.4514,3.43,10,-0.21,-0.62,STOCHK_TIER1,08:48:59 AM ET,08:48:59 AM ET,0.25,1,,P4_BURST,NORMAL
AIIO,1.38,1.37,10,-0.1,-0.72,STOCHK_TIER1,08:48:59 AM ET,08:48:59 AM ET,0.0,1,,P4_BURST,NORMAL
IONZ,3.4378,3.42,10,-0.18,-0.52,STOCHK_TIER1,08:48:59 AM ET,08:48:59 AM ET,0.0,1,,P4_BURST,NORMAL
IONZ,3.478,3.48,10,0.02,0.06,STOCHK_TIER1,08:48:59 AM ET,08:48:59 AM ET,0.63,1,,P4_BURST,NORMAL
AIIO,1.2195,1.2605,4,0.39,3.21,FLOOR_BREACH,08:48:59 AM ET,08:48:59 AM ET,4.92,3,"PCT2,PCT4_AFTER2",P4_BURST,NORMAL
AIIO,1.239,1.2401,10,0.01,0.09,STOCHK_TIER1,08:49:00 AM ET,08:49:00 AM ET,0.89,1,,P4_BURST,NORMAL
AIIO,1.3275,1.3075875,10,-0.2,-1.5,HARD_STOP,08:49:00 AM ET,08:49:00 AM ET,0.19,1,,P4_BURST,NORMAL
IPWR,7.0491,6.96,10,-0.89,-1.26,STOCHK_TIER1,08:49:00 AM ET,08:49:00 AM ET,0.0,1,,P4_BURST,NORMAL
IPWR,7.0799,6.98,10,-1.0,-1.41,STOCHK_TIER1,08:49:00 AM ET,08:49:00 AM ET,0.0,1,,P4_BURST,NORMAL
IPWR,6.8949,6.811,10,-0.84,-1.22,STOCHK_TIER1,08:49:00 AM ET,08:49:00 AM ET,0.0,1,,P4_BURST,NORMAL
IPWR,7.15,7.04275,5,0.21,0.3,HARD_STOP,08:49:00 AM ET,08:49:00 AM ET,2.1,2,PCT2,P4_BURST,NORMAL
IPWR,7.075,7.01,10,-0.65,-0.92,STOCHK_TIER1,08:49:00 AM ET,08:49:00 AM ET,0.0,1,,P4_BURST,NORMAL
IPWR,7.2,7.1931,10,-0.07,-0.1,STOCHK_TIER1,08:49:00 AM ET,08:49:00 AM ET,0.0,1,,P4_BURST,NORMAL
AIIO,1.3069,1.3003,10,-0.07,-0.51,STOCHK_TIER1,08:49:00 AM ET,08:49:01 AM ET,0.0,1,,P4_BURST,NORMAL
IREZ,8.36,8.33,10,-0.3,-0.36,MACD_BEAR_T1,08:49:01 AM ET,08:49:01 AM ET,0.01,1,,P4_BURST,NORMAL
IREZ,8.24,8.2796,10,0.4,0.48,STOCHK_TIER1,08:49:01 AM ET,08:49:01 AM ET,0.61,1,,P4_BURST,NORMAL
JZXN,1.2735,1.27,10,-0.04,-0.27,STOCHK_TIER1,08:49:01 AM ET,08:49:01 AM ET,0.51,1,,P4_BURST,NORMAL
JZXN,1.2703,1.2703,10,0.0,0.0,STOCHK_TIER1,08:49:01 AM ET,08:49:01 AM ET,0.74,1,,P4_BURST,NORMAL
AIIO,1.3295,1.3095575,10,-0.2,-1.5,HARD_STOP,08:49:01 AM ET,08:49:01 AM ET,0.04,1,,P4_BURST,NORMAL
KULR,4.035,4.01,10,-0.25,-0.62,STOCHK_TIER1,08:49:01 AM ET,08:49:01 AM ET,0.0,1,,P4_BURST,NORMAL
KULR,4.073,4.25,4,1.44,3.53,EOD_CLOSE,08:49:01 AM ET,08:49:01 AM ET,4.35,3,"PCT2,PCT4_AFTER2",P4_BURST,NORMAL
LESL,1.81,1.79,10,-0.2,-1.1,STOCHK_TIER1,08:49:01 AM ET,08:49:01 AM ET,0.0,1,,P4_BURST,NORMAL
LESL,1.991,1.961135,10,-0.3,-1.5,HARD_STOP,08:49:01 AM ET,08:49:01 AM ET,0.0,1,,P4_BURST,NORMAL
LESL,2.04,2.0094,10,-0.31,-1.5,HARD_STOP,08:49:01 AM ET,08:49:01 AM ET,0.0,1,,P4_BURST,NORMAL
LESL,2.0999,2.0684015,10,-0.31,-1.5,HARD_STOP,08:49:01 AM ET,08:49:01 AM ET,0.0,1,,P4_BURST,NORMAL
AIIO,1.298,1.3005,10,0.02,0.19,STOCHK_TIER1,08:49:01 AM ET,08:49:01 AM ET,0.92,1,,P4_BURST,NORMAL
LESL,1.9501,1.96,5,0.3,1.53,STOCHK_TIER2,08:49:01 AM ET,08:49:01 AM ET,2.56,2,PCT2,P4_BURST,NORMAL
LESL,2.13,2.0980499999999997,10,-0.32,-1.5,HARD_STOP,08:49:01 AM ET,08:49:01 AM ET,0.0,1,,P4_BURST,NORMAL
LESL,2.23,2.19655,10,-0.33,-1.5,HARD_STOP,08:49:01 AM ET,08:49:01 AM ET,0.0,1,,P4_BURST,NORMAL
LESL,2.27,2.23595,10,-0.34,-1.5,HARD_STOP,08:49:01 AM ET,08:49:01 AM ET,0.0,1,,P4_BURST,NORMAL
LESL,2.5101,2.4724485,10,-0.38,-1.5,HARD_STOP,08:49:01 AM ET,08:49:01 AM ET,1.99,2,,P4_BURST,NORMAL
LESL,2.4199,2.46,3,0.89,3.68,FLOOR_BREACH,08:49:01 AM ET,08:49:01 AM ET,4.55,3,FAST4,P4_BURST,NORMAL
LESL,2.55,2.5117499999999997,10,-0.38,-1.5,HARD_STOP,08:49:01 AM ET,08:49:01 AM ET,0.0,1,,P4_BURST,NORMAL
LESL,2.39,2.35415,10,-0.36,-1.5,HARD_STOP,08:49:02 AM ET,08:49:02 AM ET,0.0,1,,P4_BURST,NORMAL
LESL,2.38,2.3443,10,-0.36,-1.5,HARD_STOP,08:49:02 AM ET,08:49:02 AM ET,0.42,1,,P4_BURST,NORMAL
AIIO,1.296,1.2831,10,-0.13,-1.0,STOCHK_TIER1,08:49:02 AM ET,08:49:02 AM ET,0.0,1,,P4_BURST,NORMAL
LESL,2.5007,2.4631895,10,-0.38,-1.5,HARD_STOP,08:49:02 AM ET,08:49:02 AM ET,0.0,1,,P4_BURST,NORMAL
LESL,2.595,2.5560750000000003,5,0.08,0.31,HARD_STOP,08:49:02 AM ET,08:49:02 AM ET,2.12,2,PCT2,P4_BURST,NORMAL
LESL,3.055,3.009175,10,-0.46,-1.5,HARD_STOP,08:49:02 AM ET,08:49:02 AM ET,0.49,1,,P4_BURST,NORMAL
AIIO,1.2901,1.2707485,10,-0.19,-1.5,HARD_STOP,08:49:02 AM ET,08:49:02 AM ET,0.0,1,,P4_BURST,NORMAL
LESL,2.63,3.11,4,2.42,9.2,FLOOR_BREACH,08:49:02 AM ET,08:49:02 AM ET,23.19,3,"PCT2,PCT4_AFTER2",P4_BURST,NORMAL
LESL,3.17,3.1224499999999997,10,-0.48,-1.5,HARD_STOP,08:49:02 AM ET,08:49:02 AM ET,0.0,1,,P4_BURST,NORMAL
LESL,3.66,3.77,3,1.87,5.11,FLOOR_BREACH,08:49:02 AM ET,08:49:02 AM ET,6.01,3,FAST4,P4_BURST,NORMAL
LESL,3.86,3.96,3,1.49,3.86,FLOOR_BREACH,08:49:02 AM ET,08:49:02 AM ET,4.92,3,FAST4,P4_BURST,NORMAL
AIIO,1.28,1.27,10,-0.1,-0.78,STOCHK_TIER1,08:49:02 AM ET,08:49:02 AM ET,0.0,1,,P4_BURST,NORMAL
LESL,3.94,3.94,10,0.0,0.0,FLOOR_BREACH,08:49:02 AM ET,08:49:02 AM ET,1.26,2,,P4_BURST,NORMAL
LESL,4.2999,4.2354015,10,-0.64,-1.5,HARD_STOP,08:49:03 AM ET,08:49:03 AM ET,0.0,1,,P4_BURST,NORMAL
AIIO,1.26,1.25,10,-0.1,-0.79,STOCHK_TIER1,08:49:03 AM ET,08:49:03 AM ET,0.0,1,,P4_BURST,NORMAL
LESL,4.29,4.22565,10,-0.64,-1.5,HARD_STOP,08:49:03 AM ET,08:49:03 AM ET,0.0,1,,P4_BURST,NORMAL
LESL,4.04,3.9794,10,-0.61,-1.5,HARD_STOP,08:49:03 AM ET,08:49:03 AM ET,0.0,1,,P4_BURST,NORMAL
LESL,4.05,3.9892499999999997,10,-0.61,-1.5,HARD_STOP,08:49:03 AM ET,08:49:03 AM ET,0.0,1,,P4_BURST,NORMAL
LESL,3.5197,3.4669044999999996,10,-0.53,-1.5,HARD_STOP,08:49:03 AM ET,08:49:03 AM ET,0.0,1,,P4_BURST,NORMAL
AIIO,1.25,1.23125,10,-0.19,-1.5,HARD_STOP,08:49:03 AM ET,08:49:03 AM ET,0.0,1,,P4_BURST,NORMAL
LESL,3.45,3.57,3,1.48,4.29,FLOOR_BREACH,08:49:03 AM ET,08:49:03 AM ET,5.79,3,FAST4,P4_BURST,NORMAL
AIIO,1.24,1.23,10,-0.1,-0.81,STOCHK_TIER1,08:49:04 AM ET,08:49:04 AM ET,0.0,1,,P4_BURST,NORMAL
LNKS,1.79,1.79,10,0.0,0.0,FLOOR_BREACH,08:49:06 AM ET,08:49:07 AM ET,1.12,2,,P4_BURST,NORMAL
LNKS,1.79,1.7801,10,-0.1,-0.55,STOCHK_TIER1,08:49:07 AM ET,08:49:07 AM ET,0.0,1,,P4_BURST,NORMAL
LNKS,1.7902,1.79,10,-0.0,-0.01,STOCHK_TIER1,08:49:07 AM ET,08:49:07 AM ET,0.55,1,,P4_BURST,NORMAL
LNKS,1.74,1.7139,10,-0.26,-1.5,HARD_STOP,08:49:07 AM ET,08:49:07 AM ET,0.57,1,,P4_BURST,NORMAL
LNKS,1.76,1.76,10,0.0,0.0,FLOOR_BREACH,08:49:07 AM ET,08:49:07 AM ET,1.14,2,,P4_BURST,NORMAL
MOBX,2.7998,2.757803,10,-0.42,-1.5,HARD_STOP,08:49:07 AM ET,08:49:07 AM ET,0.0,1,,P4_BURST,NORMAL
MOBX,2.98,3.01,5,0.64,2.16,FLOOR_BREACH,08:49:07 AM ET,08:49:07 AM ET,3.31,3,PCT2,P4_BURST,NORMAL
MOBX,2.97,3.08,3,1.39,4.68,FLOOR_BREACH,08:49:07 AM ET,08:49:07 AM ET,7.41,3,FAST4,P4_BURST,NORMAL
MOBX,2.9799,3.84,3,3.49,11.72,FLOOR_BREACH,08:49:07 AM ET,08:49:07 AM ET,35.24,3,FAST4,P4_BURST,NORMAL
MOBX,3.3947,3.3437794999999997,10,-0.51,-1.5,HARD_STOP,08:49:07 AM ET,08:49:07 AM ET,0.0,1,,P4_BURST,NORMAL
MOBX,3.4101,3.4084,10,-0.02,-0.05,FLOOR_BREACH,08:49:07 AM ET,08:49:07 AM ET,1.18,2,,P4_BURST,NORMAL
MOBX,3.17,3.1224499999999997,10,-0.48,-1.5,HARD_STOP,08:49:07 AM ET,08:49:07 AM ET,0.63,1,,P4_BURST,NORMAL
MOBX,3.04,3.115,4,0.77,2.52,FLOOR_BREACH,08:49:07 AM ET,08:49:07 AM ET,4.11,3,"PCT2,PCT4_AFTER2",P4_BURST,NORMAL
MOBX,3.291,3.28,10,-0.11,-0.33,FLOOR_BREACH,08:49:07 AM ET,08:49:07 AM ET,1.49,2,,P4_BURST,NORMAL
MOBX,3.195,3.22,5,0.45,1.41,FLOOR_BREACH,08:49:07 AM ET,08:49:07 AM ET,3.91,3,PCT2,P4_BURST,NORMAL
MOBX,3.2499,3.2101,10,-0.4,-1.22,STOCHK_TIER1,08:49:07 AM ET,08:49:07 AM ET,0.31,1,,P4_BURST,NORMAL
MOBX,3.1799,3.1322015,10,-0.48,-1.5,HARD_STOP,08:49:08 AM ET,08:49:08 AM ET,0.0,1,,P4_BURST,NORMAL
MOBX,3.16,3.1201,10,-0.4,-1.26,STOCHK_TIER1,08:49:08 AM ET,08:49:08 AM ET,0.0,1,,P4_BURST,NORMAL
MOBX,3.1,3.145,5,0.58,1.86,FLOOR_BREACH,08:49:08 AM ET,08:49:08 AM ET,3.23,3,PCT2,P4_BURST,NORMAL
MOBX,3.4093,3.3581605,10,-0.51,-1.5,HARD_STOP,08:49:08 AM ET,08:49:08 AM ET,1.19,2,,P4_BURST,NORMAL
MOBX,3.3177,3.2679345,10,-0.5,-1.5,HARD_STOP,08:49:08 AM ET,08:49:08 AM ET,0.95,1,,P4_BURST,NORMAL
MOBX,3.225,3.1801,10,-0.45,-1.39,STOCHK_TIER1,08:49:08 AM ET,08:49:08 AM ET,0.0,1,,P4_BURST,NORMAL
MOBX,3.305,3.3011,10,-0.04,-0.12,FLOOR_BREACH,08:49:08 AM ET,08:49:08 AM ET,1.05,2,,P4_BURST,NORMAL
AMBO,2.683,2.6427549999999997,10,-0.4,-1.5,HARD_STOP,08:49:09 AM ET,08:49:09 AM ET,0.0,1,,P4_BURST,NORMAL
AMBO,2.64,2.63,10,-0.1,-0.38,STOCHK_TIER1,08:49:09 AM ET,08:49:09 AM ET,0.38,1,,P4_BURST,NORMAL
AMBO,2.64,2.63,10,-0.1,-0.38,STOCHK_TIER1,08:49:09 AM ET,08:49:10 AM ET,0.76,1,,P4_BURST,NORMAL
AMBO,2.53,2.54,10,0.1,0.4,STOCHK_TIER2,08:49:10 AM ET,08:49:10 AM ET,1.19,2,,P4_BURST,NORMAL
AMBO,2.56,2.55,10,-0.1,-0.39,MACD_BEAR_T1,08:49:10 AM ET,08:49:10 AM ET,0.39,1,,P4_BURST,NORMAL
AMBO,2.61,2.5708499999999996,10,-0.39,-1.5,HARD_STOP,08:49:11 AM ET,08:49:11 AM ET,0.0,1,,P4_BURST,NORMAL
OCG,2.23,2.2,10,-0.3,-1.35,STOCHK_TIER1,08:49:11 AM ET,08:49:11 AM ET,0.0,1,,P4_BURST,NORMAL
AMBO,2.55,2.54,10,-0.1,-0.39,STOCHK_TIER1,08:49:11 AM ET,08:49:11 AM ET,0.0,1,,P4_BURST,NORMAL
OCG,2.2,2.19,10,-0.1,-0.45,FLOOR_BREACH,08:49:11 AM ET,08:49:11 AM ET,1.36,2,,P4_BURST,NORMAL
AMBO,2.57,2.5402,10,-0.3,-1.16,STOCHK_TIER1,08:49:11 AM ET,08:49:11 AM ET,0.0,1,,P4_BURST,NORMAL
OCG,2.204,2.2132,5,0.28,1.25,FLOOR_BREACH,08:49:11 AM ET,08:49:11 AM ET,2.99,2,PCT2,P4_BURST,NORMAL
OCG,2.21,2.17685,10,-0.33,-1.5,HARD_STOP,08:49:11 AM ET,08:49:11 AM ET,0.0,1,,P4_BURST,NORMAL
AMBO,2.62,2.5807,10,-0.39,-1.5,HARD_STOP,08:49:11 AM ET,08:49:12 AM ET,0.37,1,,P4_BURST,NORMAL
AMBO,2.52,2.4822,10,-0.38,-1.5,HARD_STOP,08:49:12 AM ET,08:49:12 AM ET,0.0,1,,P4_BURST,NORMAL
AMBO,2.525,2.487125,10,-0.38,-1.5,HARD_STOP,08:49:12 AM ET,08:49:12 AM ET,0.0,1,,P4_BURST,NORMAL
OCG,2.1,2.07,10,-0.3,-1.43,STOCHK_TIER1,08:49:12 AM ET,08:49:12 AM ET,0.0,1,,P4_BURST,NORMAL
OCG,2.09,2.22,3,1.3,6.22,EOD_CLOSE,08:49:12 AM ET,08:49:12 AM ET,6.22,3,FAST4,P4_BURST,NORMAL
ONDG,6.14,6.21,5,1.0,1.63,STOCHK_TIER2,08:49:12 AM ET,08:49:12 AM ET,2.12,2,PCT2,P4_BURST,NORMAL
ONDG,6.189,6.11,10,-0.79,-1.28,STOCHK_TIER1,08:49:12 AM ET,08:49:12 AM ET,0.18,1,,P4_BURST,NORMAL
ONDG,6.059,6.05,10,-0.09,-0.15,STOCHK_TIER1,08:49:12 AM ET,08:49:12 AM ET,0.42,1,,P4_BURST,NORMAL
AMBO,2.2148,2.2001,10,-0.15,-0.66,STOCHK_TIER1,08:49:12 AM ET,08:49:12 AM ET,0.0,1,,P4_BURST,NORMAL
ONDG,6.11,6.01835,10,-0.92,-1.5,HARD_STOP,08:49:12 AM ET,08:49:12 AM ET,0.0,1,,P4_BURST,NORMAL
ONDG,6.03,5.99,10,-0.4,-0.66,STOCHK_TIER1,08:49:12 AM ET,08:49:12 AM ET,0.0,1,,P4_BURST,NORMAL
ONDG,6.28,6.1858,4,0.95,1.51,HARD_STOP,08:49:12 AM ET,08:49:12 AM ET,4.76,3,"PCT2,PCT4_AFTER2",P4_BURST,NORMAL
ONDG,5.815,5.727775,10,-0.87,-1.5,HARD_STOP,08:49:12 AM ET,08:49:12 AM ET,0.0,1,,P4_BURST,NORMAL
ONDG,6.025,5.9346250000000005,10,-0.9,-1.5,HARD_STOP,08:49:12 AM ET,08:49:12 AM ET,0.0,1,,P4_BURST,NORMAL
ONDG,5.8,5.73,10,-0.7,-1.21,STOCHK_TIER1,08:49:12 AM ET,08:49:12 AM ET,0.86,1,,P4_BURST,NORMAL
ONDG,5.845,5.8,10,-0.45,-0.77,STOCHK_TIER1,08:49:12 AM ET,08:49:12 AM ET,0.0,1,,P4_BURST,NORMAL
AMBO,2.2,2.2215,5,0.36,1.62,STOCHK_TIER2,08:49:12 AM ET,08:49:13 AM ET,2.73,2,PCT2,P4_BURST,NORMAL
ONDG,5.9,5.9,10,0.0,0.0,FLOOR_BREACH,08:49:13 AM ET,08:49:13 AM ET,1.02,2,,P4_BURST,NORMAL
ONDG,6.0693,6.0626,10,-0.07,-0.11,FLOOR_BREACH,08:49:13 AM ET,08:49:13 AM ET,1.01,2,,P4_BURST,NORMAL
ONDG,6.2,6.18,10,-0.2,-0.32,STOCHK_TIER1,08:49:13 AM ET,08:49:13 AM ET,0.31,1,,P4_BURST,NORMAL
AMBO,2.26,2.2260999999999997,10,-0.34,-1.5,HARD_STOP,08:49:13 AM ET,08:49:13 AM ET,0.0,1,,P4_BURST,NORMAL
ONDG,6.36,6.33,10,-0.3,-0.47,STOCHK_TIER1,08:49:13 AM ET,08:49:13 AM ET,0.0,1,,P4_BURST,NORMAL
ONDG,6.3593,6.303,10,-0.56,-0.89,FLOOR_BREACH,08:49:13 AM ET,08:49:13 AM ET,1.9,2,,P4_BURST,NORMAL
ONDG,6.3,6.64,4,2.53,4.02,MACD_BEAR_T3,08:49:13 AM ET,08:49:13 AM ET,5.87,3,"PCT2,PCT4_AFTER2",P4_BURST,NORMAL
ONDG,6.73,6.76,10,0.3,0.45,STOCHK_TIER2,08:49:13 AM ET,08:49:13 AM ET,1.19,2,,P4_BURST,NORMAL
ONDG,6.985,6.880225,10,-1.05,-1.5,HARD_STOP,08:49:13 AM ET,08:49:13 AM ET,0.36,1,,P4_BURST,NORMAL
AMBO,2.25,2.21625,10,-0.34,-1.5,HARD_STOP,08:49:13 AM ET,08:49:13 AM ET,0.0,1,,P4_BURST,NORMAL
ONDG,6.88,6.85,10,-0.3,-0.44,STOCHK_TIER1,08:49:13 AM ET,08:49:13 AM ET,0.29,1,,P4_BURST,NORMAL
ONDG,6.91,6.87,10,-0.4,-0.58,STOCHK_TIER1,08:49:13 AM ET,08:49:13 AM ET,0.58,1,,P4_BURST,NORMAL
ONDG,6.881,6.96,5,1.14,1.66,STOCHK_TIER2,08:49:13 AM ET,08:49:14 AM ET,2.67,2,PCT2,P4_BURST,NORMAL
ONDG,7.12,7.025,10,-0.95,-1.33,STOCHK_TIER1,08:49:14 AM ET,08:49:14 AM ET,0.0,1,,P4_BURST,NORMAL
ONDG,7.0191,7.21,4,1.84,2.62,MACD_BEAR_T3,08:49:14 AM ET,08:49:14 AM ET,4.0,3,"PCT2,PCT4_AFTER2",P4_BURST,NORMAL
AMBO,2.18,2.22,5,0.5,2.29,MACD_BEAR_T3,08:49:14 AM ET,08:49:14 AM ET,3.21,3,PCT2,P4_BURST,NORMAL
ONDG,7.33,7.3147,10,-0.15,-0.21,STOCHK_TIER1,08:49:14 AM ET,08:49:14 AM ET,0.0,1,,P4_BURST,NORMAL
AMBO,2.1,2.0701,10,-0.3,-1.42,STOCHK_TIER1,08:49:14 AM ET,08:49:14 AM ET,0.0,1,,P4_BURST,NORMAL
ONDG,7.445,7.333325,10,-1.12,-1.5,HARD_STOP,08:49:14 AM ET,08:49:14 AM ET,0.13,1,,P4_BURST,NORMAL
ONDG,7.2,7.199,10,-0.01,-0.01,STOCHK_TIER1,08:49:14 AM ET,08:49:14 AM ET,0.0,1,,P4_BURST,NORMAL
AMBO,2.27,2.26,10,-0.1,-0.44,FLOOR_BREACH,08:49:14 AM ET,08:49:14 AM ET,1.32,2,,P4_BURST,NORMAL
ONDG,7.2296,7.22,10,-0.1,-0.13,STOCHK_TIER1,08:49:14 AM ET,08:49:14 AM ET,0.56,1,,P4_BURST,NORMAL
AMBO,2.33,2.32,10,-0.1,-0.43,STOCHK_TIER1,08:49:15 AM ET,08:49:15 AM ET,0.0,1,,P4_BURST,NORMAL
AMBO,2.32,2.29,10,-0.3,-1.29,STOCHK_TIER1,08:49:15 AM ET,08:49:15 AM ET,0.0,1,,P4_BURST,NORMAL
AMBO,2.31,2.35,3,1.03,4.46,FLOOR_BREACH,08:49:15 AM ET,08:49:15 AM ET,5.63,3,FAST4,P4_BURST,NORMAL
PMAX,3.48,3.4278,10,-0.52,-1.5,HARD_STOP,08:49:15 AM ET,08:49:15 AM ET,0.86,1,,P4_BURST,NORMAL
QCLS,5.0499,4.9741515,10,-0.76,-1.5,HARD_STOP,08:49:15 AM ET,08:49:15 AM ET,0.0,1,,P4_BURST,NORMAL
AMBO,2.46,2.4231,10,-0.37,-1.5,HARD_STOP,08:49:15 AM ET,08:49:15 AM ET,0.0,1,,P4_BURST,NORMAL
QCLS,5.135,5.13,10,-0.05,-0.1,FLOOR_BREACH,08:49:15 AM ET,08:49:15 AM ET,1.46,2,,P4_BURST,NORMAL
QCLS,5.3244,5.26,10,-0.64,-1.21,STOCHK_TIER1,08:49:15 AM ET,08:49:15 AM ET,0.0,1,,P4_BURST,NORMAL
RCAX,6.35,6.3,10,-0.5,-0.79,STOCHK_TIER1,08:49:15 AM ET,08:49:15 AM ET,0.0,1,,P4_BURST,NORMAL
AMBO,2.46,2.4231,10,-0.37,-1.5,HARD_STOP,08:49:15 AM ET,08:49:15 AM ET,0.0,1,,P4_BURST,NORMAL
AMBO,2.45,2.41325,10,-0.37,-1.5,HARD_STOP,08:49:16 AM ET,08:49:16 AM ET,0.0,1,,P4_BURST,NORMAL
RKLZ,2.7892,2.771,10,-0.18,-0.65,STOCHK_TIER1,08:49:16 AM ET,08:49:16 AM ET,0.0,1,,P4_BURST,NORMAL
RKLZ,2.7795,2.7701,10,-0.09,-0.34,STOCHK_TIER1,08:49:16 AM ET,08:49:16 AM ET,0.0,1,,P4_BURST,NORMAL
RKLZ,2.79,2.79,10,0.0,0.0,STOCHK_TIER1,08:49:16 AM ET,08:49:16 AM ET,0.35,1,,P4_BURST,NORMAL
RKLZ,2.8,2.8,10,0.0,0.0,MACD_BEAR_T1,08:49:16 AM ET,08:49:16 AM ET,0.0,1,,P4_BURST,NORMAL
AMBO,2.41,2.38,4,0.33,1.37,FLOOR_BREACH,08:49:16 AM ET,08:49:16 AM ET,4.15,3,"PCT2,PCT4_AFTER2",P4_BURST,NORMAL
SNAL,1.1882,1.19,4,0.22,1.83,FLOOR_BREACH,08:49:16 AM ET,08:49:16 AM ET,4.36,3,"PCT2,PCT4_AFTER2",P4_BURST,NORMAL
SNAL,1.19,1.17215,10,-0.18,-1.5,HARD_STOP,08:49:16 AM ET,08:49:16 AM ET,0.0,1,,P4_BURST,NORMAL
SNAL,1.17,1.15245,10,-0.18,-1.5,HARD_STOP,08:49:16 AM ET,08:49:16 AM ET,0.43,1,,P4_BURST,NORMAL
SNAL,1.16,1.1425999999999998,10,-0.17,-1.5,HARD_STOP,08:49:16 AM ET,08:49:16 AM ET,0.0,1,,P4_BURST,NORMAL
SNAL,1.305,1.31,3,0.46,3.5,FLOOR_BREACH,08:49:16 AM ET,08:49:16 AM ET,4.84,3,FAST4,P4_BURST,NORMAL
SNAL,1.3,1.2805,10,-0.2,-1.5,HARD_STOP,08:49:16 AM ET,08:49:16 AM ET,0.0,1,,P4_BURST,NORMAL
SNAL,1.31,1.4,4,0.64,4.86,FLOOR_BREACH,08:49:16 AM ET,08:49:16 AM ET,8.4,3,"PCT2,PCT4_AFTER2",P4_BURST,NORMAL
SNAL,1.54,1.54,10,0.0,0.0,FLOOR_BREACH,08:49:16 AM ET,08:49:16 AM ET,1.95,2,,P4_BURST,NORMAL
AMBO,2.35,2.33,10,-0.2,-0.85,STOCHK_TIER1,08:49:16 AM ET,08:49:16 AM ET,0.0,1,,P4_BURST,NORMAL
SNAL,1.49,1.46765,10,-0.22,-1.5,HARD_STOP,08:49:16 AM ET,08:49:16 AM ET,0.0,1,,P4_BURST,NORMAL
SNAL,1.47,1.49,4,0.3,2.04,FLOOR_BREACH,08:49:16 AM ET,08:49:16 AM ET,4.76,3,"PCT2,PCT4_AFTER2",P4_BURST,NORMAL
SNAL,1.4865,1.4642024999999999,10,-0.22,-1.5,HARD_STOP,08:49:16 AM ET,08:49:16 AM ET,0.0,1,,P4_BURST,NORMAL
SNAL,1.4482,1.426477,10,-0.22,-1.5,HARD_STOP,08:49:16 AM ET,08:49:16 AM ET,0.12,1,,P4_BURST,NORMAL
SNAL,1.4,1.43,4,0.38,2.72,FLOOR_BREACH,08:49:16 AM ET,08:49:16 AM ET,4.31,3,"PCT2,PCT4_AFTER2",P4_BURST,NORMAL
SNAL,1.5,1.4775,10,-0.22,-1.5,HARD_STOP,08:49:16 AM ET,08:49:17 AM ET,0.0,1,,P4_BURST,NORMAL
SNAL,1.5,1.4775,10,-0.22,-1.5,HARD_STOP,08:49:17 AM ET,08:49:17 AM ET,0.0,1,,P4_BURST,NORMAL
SNAL,1.43,1.40855,10,-0.21,-1.5,HARD_STOP,08:49:17 AM ET,08:49:17 AM ET,0.0,1,,P4_BURST,NORMAL
SNAL,1.44,1.4183999999999999,10,-0.22,-1.5,HARD_STOP,08:49:17 AM ET,08:49:17 AM ET,0.0,1,,P4_BURST,NORMAL
AMBO,2.18,2.1473,10,-0.33,-1.5,HARD_STOP,08:49:17 AM ET,08:49:17 AM ET,1.38,2,,P4_BURST,NORMAL
SNAL,1.38,1.385,5,0.18,1.27,FLOOR_BREACH,08:49:17 AM ET,08:49:17 AM ET,2.17,2,PCT2,P4_BURST,NORMAL
SNAL,1.4889,1.4665664999999999,10,-0.22,-1.5,HARD_STOP,08:49:17 AM ET,08:49:17 AM ET,0.0,1,,P4_BURST,NORMAL
SNAL,1.3201,1.3002985,10,-0.2,-1.5,HARD_STOP,08:49:17 AM ET,08:49:17 AM ET,0.37,1,,P4_BURST,NORMAL
SNAL,1.2797,1.3994,4,0.79,6.18,FLOOR_BREACH,08:49:17 AM ET,08:49:17 AM ET,13.31,3,"PCT2,PCT4_AFTER2",P4_BURST,NORMAL
SNAL,1.3152,1.295472,10,-0.2,-1.5,HARD_STOP,08:49:17 AM ET,08:49:18 AM ET,0.0,1,,P4_BURST,NORMAL
SNAL,1.3,1.3,10,0.0,0.0,FLOOR_BREACH,08:49:18 AM ET,08:49:18 AM ET,1.54,2,,P4_BURST,NORMAL
SNAL,1.4257,1.4219,10,-0.04,-0.27,FLOOR_BREACH,08:49:18 AM ET,08:49:18 AM ET,1.94,2,,P4_BURST,NORMAL
SNAL,1.4,1.4206,5,0.33,2.34,FLOOR_BREACH,08:49:18 AM ET,08:49:18 AM ET,3.57,3,PCT2,P4_BURST,NORMAL
SNAL,1.415,1.4194,5,0.2,1.39,FLOOR_BREACH,08:49:18 AM ET,08:49:18 AM ET,2.46,2,PCT2,P4_BURST,NORMAL
SNAL,1.4,1.3901,10,-0.1,-0.71,FLOOR_BREACH,08:49:18 AM ET,08:49:18 AM ET,1.43,2,,P4_BURST,NORMAL
SNAL,1.36,1.41,3,0.57,4.19,FLOOR_BREACH,08:49:18 AM ET,08:49:18 AM ET,5.63,3,FAST4,P4_BURST,NORMAL
SNAL,1.3614,1.3503,10,-0.11,-0.82,STOCHK_TIER1,08:49:19 AM ET,08:49:19 AM ET,0.26,1,,P4_BURST,NORMAL
BWEN,3.03,3.0,10,-0.3,-0.99,STOCHK_TIER1,08:49:19 AM ET,08:49:19 AM ET,0.0,1,,P4_BURST,NORMAL
BWEN,2.95,2.9318,10,-0.18,-0.62,STOCHK_TIER1,08:49:19 AM ET,08:49:19 AM ET,0.68,1,,P4_BURST,NORMAL
BWEN,3.1599,3.1125015,10,-0.47,-1.5,HARD_STOP,08:49:19 AM ET,08:49:19 AM ET,0.0,1,,P4_BURST,NORMAL
BWEN,2.87,2.855,10,-0.15,-0.52,STOCHK_TIER1,08:49:19 AM ET,08:49:19 AM ET,0.0,1,,P4_BURST,NORMAL
SNAL,1.3773,1.3627,10,-0.15,-1.06,STOCHK_TIER1,08:49:19 AM ET,08:49:19 AM ET,0.0,1,,P4_BURST,NORMAL
BWEN,2.845,2.84,10,-0.05,-0.18,FLOOR_BREACH,08:49:19 AM ET,08:49:19 AM ET,1.41,2,,P4_BURST,NORMAL
BWEN,2.875,2.855,10,-0.2,-0.7,STOCHK_TIER1,08:49:19 AM ET,08:49:19 AM ET,0.17,1,,P4_BURST,NORMAL
BWEN,2.925,2.91,10,-0.15,-0.51,STOCHK_TIER1,08:49:19 AM ET,08:49:19 AM ET,0.0,1,,P4_BURST,NORMAL
BWEN,2.9701,2.961,10,-0.09,-0.31,STOCHK_TIER1,08:49:19 AM ET,08:49:19 AM ET,0.0,1,,P4_BURST,NORMAL
SNAL,1.32,1.385,4,0.47,3.53,FLOOR_BREACH,08:49:19 AM ET,08:49:19 AM ET,6.44,3,"PCT2,PCT4_AFTER2",P4_BURST,NORMAL
BWEN,3.0698,3.0237529999999997,10,-0.46,-1.5,HARD_STOP,08:49:19 AM ET,08:49:19 AM ET,0.0,1,,P4_BURST,NORMAL
BWEN,3.1,3.0701,10,-0.3,-0.96,STOCHK_TIER1,08:49:19 AM ET,08:49:19 AM ET,0.0,1,,P4_BURST,NORMAL
BWEN,3.0911,3.155,5,0.64,2.06,STOCHK_TIER2,08:49:19 AM ET,08:49:19 AM ET,2.88,2,PCT2,P4_BURST,NORMAL
BWEN,3.2399,3.225,10,-0.15,-0.46,MACD_BEAR_T1,08:49:19 AM ET,08:49:19 AM ET,0.0,1,,P4_BURST,NORMAL
SNAL,1.405,1.485,4,0.59,4.2,FLOOR_BREACH,08:49:19 AM ET,08:49:19 AM ET,9.2,3,"PCT2,PCT4_AFTER2",P4_BURST,NORMAL
BWEN,3.2317,3.33,4,1.04,3.23,MACD_BEAR_T3,08:49:19 AM ET,08:49:19 AM ET,4.43,3,"PCT2,PCT4_AFTER2",P4_BURST,NORMAL
BWEN,3.435,3.4,10,-0.35,-1.02,STOCHK_TIER1,08:49:20 AM ET,08:49:20 AM ET,0.92,1,,P4_BURST,NORMAL
SNAL,1.43,1.40855,10,-0.21,-1.5,HARD_STOP,08:49:20 AM ET,08:49:20 AM ET,0.0,1,,P4_BURST,NORMAL
BWEN,3.37,3.4201,5,0.65,1.93,STOCHK_TIER2,08:49:20 AM ET,08:49:20 AM ET,2.97,2,PCT2,P4_BURST,NORMAL
BWEN,3.41,3.4201,10,0.1,0.3,STOCHK_TIER2,08:49:20 AM ET,08:49:20 AM ET,1.47,2,,P4_BURST,NORMAL
BWEN,3.65,3.65,10,0.0,0.0,FLOOR_BREACH,08:49:20 AM ET,08:49:20 AM ET,1.65,2,,P4_BURST,NORMAL
BWEN,3.66,3.6051,10,-0.55,-1.5,HARD_STOP,08:49:20 AM ET,08:49:20 AM ET,0.0,1,,P4_BURST,NORMAL
BWEN,3.5795,3.5258075,10,-0.54,-1.5,HARD_STOP,08:49:20 AM ET,08:49:20 AM ET,0.0,1,,P4_BURST,NORMAL
BWEN,3.62,3.5657,10,-0.54,-1.5,HARD_STOP,08:49:20 AM ET,08:49:20 AM ET,0.55,1,,P4_BURST,NORMAL
BWEN,3.57,3.51645,10,-0.54,-1.5,HARD_STOP,08:49:20 AM ET,08:49:20 AM ET,0.0,1,,P4_BURST,NORMAL
SNAL,1.375,1.36,10,-0.15,-1.09,STOCHK_TIER1,08:49:20 AM ET,08:49:20 AM ET,0.0,1,,P4_BURST,NORMAL
BWEN,3.56,3.88,4,1.8,5.06,FLOOR_BREACH,08:49:20 AM ET,08:49:20 AM ET,10.96,3,"PCT2,PCT4_AFTER2",P4_BURST,NORMAL
BWEN,4.065,4.0206,10,-0.44,-1.09,STOCHK_TIER1,08:49:21 AM ET,08:49:21 AM ET,0.86,1,,P4_BURST,NORMAL
SNAL,1.03,1.02,10,-0.1,-0.97,STOCHK_TIER1,08:49:21 AM ET,08:49:21 AM ET,0.0,1,,P4_BURST,NORMAL
BWEN,4.11,4.06,10,-0.5,-1.22,STOCHK_TIER1,08:49:21 AM ET,08:49:21 AM ET,0.0,1,,P4_BURST,NORMAL
BWEN,4.73,4.659050000000001,5,0.29,0.62,HARD_STOP,08:49:21 AM ET,08:49:21 AM ET,2.75,2,PCT2,P4_BURST,NORMAL
BWEN,4.39,4.3241499999999995,10,-0.66,-1.5,HARD_STOP,08:49:21 AM ET,08:49:21 AM ET,0.0,1,,P4_BURST,NORMAL
BWEN,4.28,4.2158,10,-0.64,-1.5,HARD_STOP,08:49:21 AM ET,08:49:21 AM ET,0.0,1,,P4_BURST,NORMAL
BWEN,4.24,4.1764,10,-0.64,-1.5,HARD_STOP,08:49:21 AM ET,08:49:21 AM ET,0.23,1,,P4_BURST,NORMAL
BWEN,4.18,4.16,10,-0.2,-0.48,STOCHK_TIER1,08:49:21 AM ET,08:49:21 AM ET,0.44,1,,P4_BURST,NORMAL
BWEN,4.2499,4.1861515,10,-0.64,-1.5,HARD_STOP,08:49:22 AM ET,08:49:22 AM ET,0.0,1,,P4_BURST,NORMAL
BWEN,4.17,4.37,4,1.47,3.53,FLOOR_BREACH,08:49:22 AM ET,08:49:22 AM ET,6.95,3,"PCT2,PCT4_AFTER2",P4_BURST,NORMAL
BWEN,4.15,4.1497,10,-0.0,-0.01,FLOOR_BREACH,08:49:22 AM ET,08:49:22 AM ET,1.55,2,,P4_BURST,NORMAL
BWEN,4.1639,4.1406,10,-0.23,-0.56,STOCHK_TIER1,08:49:22 AM ET,08:49:22 AM ET,0.0,1,,P4_BURST,NORMAL
BWEN,4.16,4.21,10,0.5,1.2,STOCHK_TIER2,08:49:22 AM ET,08:49:23 AM ET,1.92,2,,P4_BURST,NORMAL
BWEN,4.21,4.18,10,-0.3,-0.71,STOCHK_TIER1,08:49:23 AM ET,08:49:23 AM ET,0.0,1,,P4_BURST,NORMAL
BWEN,4.22,4.18,10,-0.4,-0.95,STOCHK_TIER1,08:49:23 AM ET,08:49:23 AM ET,0.0,1,,P4_BURST,NORMAL
SNDQ,9.21,9.25,10,0.4,0.43,STOCHK_TIER1,08:49:25 AM ET,08:49:25 AM ET,0.54,1,,P4_BURST,NORMAL
SNDQ,9.27,9.25,10,-0.2,-0.22,STOCHK_TIER1,08:49:25 AM ET,08:49:25 AM ET,0.32,1,,P4_BURST,NORMAL
SOBR,1.81,1.78285,10,-0.27,-1.5,HARD_STOP,08:49:25 AM ET,08:49:25 AM ET,0.0,1,,P4_BURST,NORMAL
SOBR,1.8076,1.780486,10,-0.27,-1.5,HARD_STOP,08:49:25 AM ET,08:49:25 AM ET,0.0,1,,P4_BURST,NORMAL
STAK,1.48,1.4578,10,-0.22,-1.5,HARD_STOP,08:49:26 AM ET,08:49:26 AM ET,0.0,1,,P4_BURST,NORMAL
STAK,1.4781,1.4559285,10,-0.22,-1.5,HARD_STOP,08:49:26 AM ET,08:49:26 AM ET,0.0,1,,P4_BURST,NORMAL
STAK,1.44,1.5206,3,0.67,4.62,FLOOR_BREACH,08:49:26 AM ET,08:49:26 AM ET,7.64,3,FAST4,P4_BURST,NORMAL
STAK,1.57,1.54645,10,-0.24,-1.5,HARD_STOP,08:49:26 AM ET,08:49:26 AM ET,0.0,1,,P4_BURST,NORMAL
STAK,1.47,1.47,10,0.0,0.0,FLOOR_BREACH,08:49:26 AM ET,08:49:26 AM ET,1.36,2,,P4_BURST,NORMAL
BZFD,1.4704,1.4483439999999999,10,-0.22,-1.5,HARD_STOP,08:49:27 AM ET,08:49:27 AM ET,0.0,1,,P4_BURST,NORMAL
STAK,1.47,1.45,10,-0.2,-1.36,STOCHK_TIER1,08:49:26 AM ET,08:49:27 AM ET,0.0,1,,P4_BURST,NORMAL
BZFD,1.4601,1.47,5,0.2,1.36,STOCHK_TIER2,08:49:27 AM ET,08:49:27 AM ET,2.05,2,PCT2,P4_BURST,NORMAL
STAK,1.13,1.1130499999999999,10,-0.17,-1.5,HARD_STOP,08:49:27 AM ET,08:49:27 AM ET,0.0,1,,P4_BURST,NORMAL
BZFD,1.515,1.4922749999999998,10,-0.23,-1.5,HARD_STOP,08:49:27 AM ET,08:49:27 AM ET,0.98,1,,P4_BURST,NORMAL
BZFD,1.4998,1.477303,10,-0.22,-1.5,HARD_STOP,08:49:27 AM ET,08:49:27 AM ET,0.0,1,,P4_BURST,NORMAL
BZFD,1.48,1.4578,10,-0.22,-1.5,HARD_STOP,08:49:27 AM ET,08:49:27 AM ET,0.0,1,,P4_BURST,NORMAL
BZFD,1.4609,1.4513,10,-0.1,-0.66,FLOOR_BREACH,08:49:27 AM ET,08:49:27 AM ET,1.07,2,,P4_BURST,NORMAL
BZFD,1.49,1.52,4,0.37,2.51,FLOOR_BREACH,08:49:27 AM ET,08:49:27 AM ET,4.03,3,"PCT2,PCT4_AFTER2",P4_BURST,NORMAL
BZFD,1.48,1.49,10,0.1,0.68,STOCHK_TIER2,08:49:28 AM ET,08:49:28 AM ET,1.35,2,,P4_BURST,NORMAL
BZFD,1.52,1.4972,10,-0.23,-1.5,HARD_STOP,08:49:28 AM ET,08:49:28 AM ET,0.0,1,,P4_BURST,NORMAL
BZFD,1.6635,1.76,4,0.76,4.54,FLOOR_BREACH,08:49:28 AM ET,08:49:28 AM ET,8.81,3,"PCT2,PCT4_AFTER2",P4_BURST,NORMAL
BZFD,1.79,1.76315,10,-0.27,-1.5,HARD_STOP,08:49:28 AM ET,08:49:28 AM ET,1.7,2,,P4_BURST,NORMAL
BZFD,1.68,1.6547999999999998,10,-0.25,-1.5,HARD_STOP,08:49:28 AM ET,08:49:29 AM ET,1.19,2,,P4_BURST,NORMAL
BZFD,1.7801,1.7533985,10,-0.27,-1.5,HARD_STOP,08:49:29 AM ET,08:49:29 AM ET,0.0,1,,P4_BURST,NORMAL
BZFD,1.7711,1.7445335,10,-0.27,-1.5,HARD_STOP,08:49:29 AM ET,08:49:29 AM ET,0.0,1,,P4_BURST,NORMAL
TDIC,15.98,15.7403,10,-2.4,-1.5,HARD_STOP,08:49:29 AM ET,08:49:29 AM ET,0.0,1,,P4_BURST,NORMAL
BZFD,1.585,1.5612249999999999,10,-0.24,-1.5,HARD_STOP,08:49:29 AM ET,08:49:29 AM ET,0.0,1,,P4_BURST,NORMAL
VIVO,4.45,4.38325,10,-0.67,-1.5,HARD_STOP,08:49:29 AM ET,08:49:29 AM ET,0.0,1,,P4_BURST,NORMAL
VIVO,4.9,4.8265,10,-0.74,-1.5,HARD_STOP,08:49:29 AM ET,08:49:29 AM ET,0.0,1,,P4_BURST,NORMAL
BZFD,1.53,1.515,10,-0.15,-0.98,FLOOR_BREACH,08:49:29 AM ET,08:49:29 AM ET,1.81,2,,P4_BURST,NORMAL
VIVO,4.889,4.85,10,-0.39,-0.8,STOCHK_TIER1,08:49:29 AM ET,08:49:29 AM ET,0.0,1,,P4_BURST,NORMAL
VIVO,4.93,4.9,10,-0.3,-0.61,MACD_BEAR_T1,08:49:29 AM ET,08:49:29 AM ET,0.12,1,,P4_BURST,NORMAL
VIVO,5.06,5.01,10,-0.5,-0.99,STOCHK_TIER1,08:49:29 AM ET,08:49:29 AM ET,0.0,1,,P4_BURST,NORMAL
VIVO,5.06,5.04,10,-0.2,-0.4,STOCHK_TIER1,08:49:29 AM ET,08:49:29 AM ET,0.0,1,,P4_BURST,NORMAL
BZFD,1.539,1.57,4,0.41,2.64,FLOOR_BREACH,08:49:29 AM ET,08:49:29 AM ET,4.62,3,"PCT2,PCT4_AFTER2",P4_BURST,NORMAL
BZFD,1.4599,1.454,10,-0.06,-0.4,FLOOR_BREACH,08:49:29 AM ET,08:49:30 AM ET,1.38,2,,P4_BURST,NORMAL
BZFD,1.465,1.4601,10,-0.05,-0.33,STOCHK_TIER1,08:49:30 AM ET,08:49:30 AM ET,0.32,1,,P4_BURST,NORMAL
WOK,1.97,1.94045,10,-0.3,-1.5,HARD_STOP,08:49:30 AM ET,08:49:30 AM ET,0.0,1,,P4_BURST,NORMAL
BZFD,1.435,1.445,5,0.2,1.43,FLOOR_BREACH,08:49:30 AM ET,08:49:30 AM ET,3.13,3,PCT2,P4_BURST,NORMAL
BZFD,1.4951,1.51,10,0.15,1.0,STOCHK_TIER2,08:49:30 AM ET,08:49:31 AM ET,1.67,2,,P4_BURST,NORMAL
BZFD,1.5068,1.484198,10,-0.23,-1.5,HARD_STOP,08:49:31 AM ET,08:49:31 AM ET,0.0,1,,P4_BURST,NORMAL
BZFD,1.5072,1.5101,10,0.03,0.19,STOCHK_TIER1,08:49:31 AM ET,08:49:31 AM ET,0.85,1,,P4_BURST,NORMAL
BZFD,1.6,1.576,10,-0.24,-1.5,HARD_STOP,08:49:32 AM ET,08:49:32 AM ET,0.0,1,,P4_BURST,NORMAL
AIIO,5.04,5.1,5,1.0,1.99,STOCHK_TIER2,08:49:31 AM ET,08:49:32 AM ET,2.8,2,PCT2,P4_BURST,NORMAL
AIIO,5.12,5.0432,10,-0.77,-1.5,HARD_STOP,08:49:32 AM ET,08:49:32 AM ET,0.0,1,,P4_BURST,NORMAL
AIIO,4.96,4.93,10,-0.3,-0.6,STOCHK_TIER1,08:49:32 AM ET,08:49:32 AM ET,0.2,1,,P4_BURST,NORMAL
AIIO,4.7109,4.79,5,1.02,2.17,STOCHK_TIER2,08:49:32 AM ET,08:49:32 AM ET,2.93,2,PCT2,P4_BURST,NORMAL
AIIO,4.7291,4.75,10,0.21,0.44,STOCHK_TIER2,08:49:32 AM ET,08:49:32 AM ET,1.71,2,,P4_BURST,NORMAL
BZFD,1.5952,1.7,4,0.66,4.15,FLOOR_BREACH,08:49:32 AM ET,08:49:32 AM ET,9.39,3,"PCT2,PCT4_AFTER2",P4_BURST,NORMAL
AUUD,1.94,1.9108999999999998,5,0.05,0.28,HARD_STOP,08:49:32 AM ET,08:49:32 AM ET,2.06,2,PCT2,P4_BURST,NORMAL
AUUD,2.0203,1.9899955000000003,10,-0.3,-1.5,HARD_STOP,08:49:32 AM ET,08:49:32 AM ET,0.0,1,,P4_BURST,NORMAL
AUUD,1.97,1.95,10,-0.2,-1.02,STOCHK_TIER1,08:49:32 AM ET,08:49:32 AM ET,0.0,1,,P4_BURST,NORMAL
AUUD,1.8,1.773,10,-0.27,-1.5,HARD_STOP,08:49:32 AM ET,08:49:32 AM ET,0.0,1,,P4_BURST,NORMAL
AUUD,1.81,1.81,10,0.0,0.0,FLOOR_BREACH,08:49:32 AM ET,08:49:32 AM ET,1.1,2,,P4_BURST,NORMAL
AUUD,1.89,1.8803,10,-0.1,-0.51,FLOOR_BREACH,08:49:32 AM ET,08:49:32 AM ET,1.06,2,,P4_BURST,NORMAL
AUUD,1.97,1.94045,10,-0.3,-1.5,HARD_STOP,08:49:32 AM ET,08:49:32 AM ET,0.0,1,,P4_BURST,NORMAL
AUUD,1.905,2.0403,4,0.91,4.78,FLOOR_BREACH,08:49:33 AM ET,08:49:33 AM ET,9.72,3,"PCT2,PCT4_AFTER2",P4_BURST,NORMAL
AUUD,2.04,2.11,4,0.78,3.82,FLOOR_BREACH,08:49:33 AM ET,08:49:33 AM ET,6.86,3,"PCT2,PCT4_AFTER2",P4_BURST,NORMAL
AUUD,2.1634,2.31,4,1.03,4.75,FLOOR_BREACH,08:49:33 AM ET,08:49:33 AM ET,8.58,3,"PCT2,PCT4_AFTER2",P4_BURST,NORMAL
BZFD,1.6056,1.581516,10,-0.24,-1.5,HARD_STOP,08:49:33 AM ET,08:49:33 AM ET,1.52,2,,P4_BURST,NORMAL
BZFD,1.6198,1.595503,10,-0.24,-1.5,HARD_STOP,08:49:33 AM ET,08:49:33 AM ET,0.0,1,,P4_BURST,NORMAL
BZFD,1.596,1.6,10,0.04,0.25,STOCHK_TIER2,08:49:33 AM ET,08:49:33 AM ET,1.19,2,,P4_BURST,NORMAL
BIYA,1.1398,1.122703,10,-0.17,-1.5,HARD_STOP,08:49:34 AM ET,08:49:34 AM ET,0.0,1,,P4_BURST,NORMAL
BIYA,1.1698,1.152253,5,0.06,0.54,HARD_STOP,08:49:34 AM ET,08:49:34 AM ET,2.58,2,PCT2,P4_BURST,NORMAL
BIYA,1.17,1.1702,5,0.15,1.29,FLOOR_BREACH,08:49:34 AM ET,08:49:34 AM ET,2.56,2,PCT2,P4_BURST,NORMAL
BIYA,1.17,1.16,10,-0.1,-0.85,STOCHK_TIER1,08:49:34 AM ET,08:49:34 AM ET,0.0,1,,P4_BURST,NORMAL
BZFD,1.59,1.59,10,0.0,0.0,FLOOR_BREACH,08:49:34 AM ET,08:49:34 AM ET,1.89,2,,P4_BURST,NORMAL
BIYA,1.1198,1.11,10,-0.1,-0.88,STOCHK_TIER1,08:49:34 AM ET,08:49:34 AM ET,0.02,1,,P4_BURST,NORMAL
BZFD,1.6099,1.6001,10,-0.1,-0.61,STOCHK_TIER1,08:49:34 AM ET,08:49:34 AM ET,0.8,1,,P4_BURST,NORMAL
BZFD,1.5699,1.5463515,10,-0.24,-1.5,HARD_STOP,08:49:35 AM ET,08:49:35 AM ET,0.0,1,,P4_BURST,NORMAL
BZFD,1.59,1.62,5,0.35,2.2,MACD_BEAR_T3,08:49:35 AM ET,08:49:36 AM ET,3.46,3,PCT2,P4_BURST,NORMAL
ELAB,2.05,2.03,10,-0.2,-0.98,STOCHK_TIER1,08:49:36 AM ET,08:49:36 AM ET,0.0,1,,P4_BURST,NORMAL
ELAB,2.0499,2.0191515,10,-0.31,-1.5,HARD_STOP,08:49:36 AM ET,08:49:36 AM ET,0.0,1,,P4_BURST,NORMAL
ELAB,2.09,2.06,10,-0.3,-1.44,STOCHK_TIER1,08:49:36 AM ET,08:49:36 AM ET,0.0,1,,P4_BURST,NORMAL
BZFD,1.645,1.645,10,0.0,0.0,FLOOR_BREACH,08:49:36 AM ET,08:49:36 AM ET,1.46,2,,P4_BURST,NORMAL
BZFD,1.6289,1.6044665,10,-0.24,-1.5,HARD_STOP,08:49:37 AM ET,08:49:37 AM ET,0.07,1,,P4_BURST,NORMAL
BZFD,1.5899,1.57,10,-0.2,-1.25,STOCHK_TIER1,08:49:37 AM ET,08:49:37 AM ET,0.0,1,,P4_BURST,NORMAL
BZFD,1.515,1.5006,10,-0.14,-0.95,STOCHK_TIER1,08:49:37 AM ET,08:49:37 AM ET,0.33,1,,P4_BURST,NORMAL
BZFD,1.4973,1.4748405,10,-0.22,-1.5,HARD_STOP,08:49:38 AM ET,08:49:38 AM ET,0.18,1,,P4_BURST,NORMAL
MLGO,4.59,4.59,10,0.0,0.0,STOCHK_TIER1,08:49:38 AM ET,08:49:38 AM ET,0.44,1,,P4_BURST,NORMAL
MLGO,4.3395,4.33,10,-0.1,-0.22,FLOOR_BREACH,08:49:38 AM ET,08:49:38 AM ET,1.06,2,,P4_BURST,NORMAL
MLGO,4.22,4.18,10,-0.4,-0.95,FLOOR_BREACH,08:49:38 AM ET,08:49:38 AM ET,1.18,2,,P4_BURST,NORMAL
MLGO,4.19,4.19,10,0.0,0.0,FLOOR_BREACH,08:49:38 AM ET,08:49:38 AM ET,1.19,2,,P4_BURST,NORMAL
MLGO,4.17,4.15,10,-0.2,-0.48,STOCHK_TIER1,08:49:38 AM ET,08:49:38 AM ET,0.24,1,,P4_BURST,NORMAL
MLGO,4.055,3.994175,10,-0.61,-1.5,HARD_STOP,08:49:39 AM ET,08:49:39 AM ET,0.0,1,,P4_BURST,NORMAL
BZFD,1.5301,1.535,10,0.05,0.32,STOCHK_TIER2,08:49:39 AM ET,08:49:39 AM ET,1.88,2,,P4_BURST,NORMAL
BZFD,1.568,1.54448,10,-0.24,-1.5,HARD_STOP,08:49:39 AM ET,08:49:39 AM ET,0.0,1,,P4_BURST,NORMAL
BZFD,1.5373,1.5142405,10,-0.23,-1.5,HARD_STOP,08:49:40 AM ET,08:49:40 AM ET,0.0,1,,P4_BURST,NORMAL
BZFD,1.455,1.4436,10,-0.11,-0.78,STOCHK_TIER1,08:49:40 AM ET,08:49:40 AM ET,0.0,1,,P4_BURST,NORMAL
QUCY,2.7598,2.718403,10,-0.41,-1.5,HARD_STOP,08:49:40 AM ET,08:49:40 AM ET,0.0,1,,P4_BURST,NORMAL
QUCY,2.68,2.7197,4,0.74,2.75,FLOOR_BREACH,08:49:41 AM ET,08:49:41 AM ET,4.83,3,"PCT2,PCT4_AFTER2",P4_BURST,NORMAL
QUCY,2.74,2.6989,10,-0.41,-1.5,HARD_STOP,08:49:41 AM ET,08:49:41 AM ET,0.0,1,,P4_BURST,NORMAL
BZFD,1.365,1.3701,10,0.05,0.37,STOCHK_TIER2,08:49:41 AM ET,08:49:41 AM ET,1.83,2,,P4_BURST,NORMAL
QUCY,2.65,2.631,10,-0.19,-0.72,STOCHK_TIER1,08:49:41 AM ET,08:49:41 AM ET,0.38,1,,P4_BURST,NORMAL
QUCY,2.53,2.521,10,-0.09,-0.36,STOCHK_TIER1,08:49:41 AM ET,08:49:41 AM ET,0.36,1,,P4_BURST,NORMAL
BZFD,1.35,1.33,10,-0.2,-1.48,STOCHK_TIER1,08:49:41 AM ET,08:49:41 AM ET,0.0,1,,P4_BURST,NORMAL
SKK,3.6,3.546,10,-0.54,-1.5,HARD_STOP,08:49:41 AM ET,08:49:41 AM ET,0.0,1,,P4_BURST,NORMAL
SKK,3.57,3.51645,10,-0.54,-1.5,HARD_STOP,08:49:41 AM ET,08:49:41 AM ET,0.0,1,,P4_BURST,NORMAL
BZFD,1.39,1.38,5,0.15,1.08,FLOOR_BREACH,08:49:42 AM ET,08:49:42 AM ET,2.88,2,PCT2,P4_BURST,NORMAL
SKK,3.32,3.2702,10,-0.5,-1.5,HARD_STOP,08:49:42 AM ET,08:49:42 AM ET,0.0,1,,P4_BURST,NORMAL
SLE,5.1381,5.31,4,1.8,3.5,FLOOR_BREACH,08:49:42 AM ET,08:49:42 AM ET,4.9,3,"PCT2,PCT4_AFTER2",P4_BURST,NORMAL
SLE,6.33,6.23505,10,-0.95,-1.5,HARD_STOP,08:49:42 AM ET,08:49:42 AM ET,0.0,1,,P4_BURST,NORMAL
BZFD,1.41,1.39,10,-0.2,-1.42,STOCHK_TIER1,08:49:42 AM ET,08:49:42 AM ET,0.0,1,,P4_BURST,NORMAL
BZFD,1.42,1.4002,10,-0.2,-1.39,STOCHK_TIER1,08:49:42 AM ET,08:49:42 AM ET,0.7,1,,P4_BURST,NORMAL
SNAL,1.2999,1.2804015,10,-0.19,-1.5,HARD_STOP,08:49:43 AM ET,08:49:43 AM ET,0.0,1,,P4_BURST,NORMAL
SNAL,1.3,1.2805,10,-0.2,-1.5,HARD_STOP,08:49:43 AM ET,08:49:43 AM ET,0.0,1,,P4_BURST,NORMAL
SNAL,1.25,1.23125,10,-0.19,-1.5,HARD_STOP,08:49:43 AM ET,08:49:43 AM ET,0.0,1,,P4_BURST,NORMAL
SNAL,1.2481,1.2403,10,-0.08,-0.62,STOCHK_TIER1,08:49:43 AM ET,08:49:43 AM ET,0.14,1,,P4_BURST,NORMAL
SNAL,1.2798,1.2606030000000001,10,-0.19,-1.5,HARD_STOP,08:49:44 AM ET,08:49:44 AM ET,0.0,1,,P4_BURST,NORMAL
BZFD,1.41,1.43,5,0.25,1.77,STOCHK_TIER2,08:49:43 AM ET,08:49:44 AM ET,2.13,2,PCT2,P4_BURST,NORMAL
SNAL,1.2497,1.2309545,10,-0.19,-1.5,HARD_STOP,08:49:44 AM ET,08:49:44 AM ET,0.0,1,,P4_BURST,NORMAL
SNAL,1.25,1.2402,10,-0.1,-0.78,STOCHK_TIER1,08:49:44 AM ET,08:49:44 AM ET,0.8,1,,P4_BURST,NORMAL
SNAL,1.1802,1.1802,10,0.0,0.0,STOCHK_TIER1,08:49:44 AM ET,08:49:44 AM ET,0.83,1,,P4_BURST,NORMAL
BZFD,1.44,1.42,10,-0.2,-1.39,STOCHK_TIER1,08:49:45 AM ET,08:49:45 AM ET,0.0,1,,P4_BURST,NORMAL
STAK,1.02,1.0702,3,0.5,4.91,FLOOR_BREACH,08:49:45 AM ET,08:49:45 AM ET,7.84,3,FAST4,P4_BURST,NORMAL
BZFD,1.43,1.42,10,-0.1,-0.7,STOCHK_TIER1,08:49:45 AM ET,08:49:46 AM ET,0.0,1,,P4_BURST,NORMAL
STAK,1.04,1.0301,10,-0.1,-0.95,STOCHK_TIER1,08:49:46 AM ET,08:49:46 AM ET,0.96,1,,P4_BURST,NORMAL
STAK,1.0997,1.0832045,10,-0.16,-1.5,HARD_STOP,08:49:46 AM ET,08:49:46 AM ET,0.0,1,,P4_BURST,NORMAL
STAK,1.07,1.0616,10,-0.08,-0.79,STOCHK_TIER1,08:49:46 AM ET,08:49:46 AM ET,0.93,1,,P4_BURST,NORMAL
TOPS,1.19,1.17215,10,-0.18,-1.5,HARD_STOP,08:49:46 AM ET,08:49:46 AM ET,0.0,1,,P4_BURST,NORMAL
TOPS,1.12,1.1032000000000002,10,-0.17,-1.5,HARD_STOP,08:49:46 AM ET,08:49:46 AM ET,0.0,1,,P4_BURST,NORMAL
TOPS,1.1,1.09,10,-0.1,-0.91,STOCHK_TIER1,08:49:46 AM ET,08:49:46 AM ET,0.0,1,,P4_BURST,NORMAL
TOPS,1.1,1.09,10,-0.1,-0.91,STOCHK_TIER1,08:49:46 AM ET,08:49:46 AM ET,0.0,1,,P4_BURST,NORMAL
TOPS,1.09,1.07365,10,-0.16,-1.5,HARD_STOP,08:49:47 AM ET,08:49:47 AM ET,0.0,1,,P4_BURST,NORMAL
TOPS,1.0566,1.05,10,-0.07,-0.62,STOCHK_TIER1,08:49:47 AM ET,08:49:47 AM ET,0.24,1,,P4_BURST,NORMAL
WOK,1.01,1.0598,4,0.46,4.59,FLOOR_BREACH,08:49:47 AM ET,08:49:47 AM ET,6.91,3,"PCT2,PCT4_AFTER2",P4_BURST,NORMAL
WOK,1.0798,1.063603,10,-0.16,-1.5,HARD_STOP,08:49:47 AM ET,08:49:47 AM ET,0.93,1,,P4_BURST,NORMAL
WOK,1.0303,1.04,10,0.1,0.94,STOCHK_TIER2,08:49:47 AM ET,08:49:47 AM ET,1.91,2,,P4_BURST,NORMAL
WOK,1.0498,1.05,10,0.0,0.02,STOCHK_TIER1,08:49:47 AM ET,08:49:47 AM ET,0.97,1,,P4_BURST,NORMAL
WOK,1.0599,1.05,10,-0.1,-0.93,STOCHK_TIER1,08:49:47 AM ET,08:49:47 AM ET,0.01,1,,P4_BURST,NORMAL
CGTL,1.01,0.99485,10,-0.15,-1.5,HARD_STOP,08:49:51 AM ET,08:49:51 AM ET,0.0,1,,P4_BURST,NORMAL
CGTL,0.6,0.71,3,0.96,16.0,FLOOR_BREACH,08:49:51 AM ET,08:49:51 AM ET,21.18,3,FAST4,P4_BURST,NORMAL
CGTL,0.7387,0.7276195,3,0.46,6.27,HARD_STOP,08:49:51 AM ET,08:49:51 AM ET,9.6,3,FAST4,P4_BURST,NORMAL
CGTL,0.808,0.79588,10,-0.12,-1.5,HARD_STOP,08:49:51 AM ET,08:49:51 AM ET,0.0,1,,P4_BURST,NORMAL
CGTL,0.73,0.71905,10,-0.11,-1.5,HARD_STOP,08:49:51 AM ET,08:49:51 AM ET,0.0,1,,P4_BURST,NORMAL
CGTL,0.697449,0.686987265,4,0.1,1.48,HARD_STOP,08:49:51 AM ET,08:49:51 AM ET,4.67,3,"PCT2,PCT4_AFTER2",P4_BURST,NORMAL
CGTL,0.7198,0.8277,3,0.68,9.44,FLOOR_BREACH,08:49:51 AM ET,08:49:51 AM ET,20.27,3,FAST4,P4_BURST,NORMAL
CGTL,0.809899,0.8008,10,-0.09,-1.12,FLOOR_BREACH,08:49:51 AM ET,08:49:51 AM ET,1.25,2,,P4_BURST,NORMAL
CGTL,0.8299,0.8174515,10,-0.12,-1.5,HARD_STOP,08:49:52 AM ET,08:49:52 AM ET,0.0,1,,P4_BURST,NORMAL
CGTL,0.8287,0.8162695,10,-0.12,-1.5,HARD_STOP,08:49:52 AM ET,08:49:52 AM ET,0.0,1,,P4_BURST,NORMAL
CGTL,0.801,0.8005,10,-0.01,-0.06,STOCHK_TIER1,08:49:52 AM ET,08:49:52 AM ET,0.0,1,,P4_BURST,NORMAL
CGTL,0.8485,0.8466,10,-0.02,-0.22,STOCHK_TIER1,08:49:52 AM ET,08:49:52 AM ET,0.18,1,,P4_BURST,NORMAL
CGTL,0.779501,0.7794,10,-0.0,-0.01,STOCHK_TIER1,08:49:52 AM ET,08:49:52 AM ET,0.0,1,,P4_BURST,NORMAL
CGTL,0.815,0.9899,4,0.85,10.43,FLOOR_BREACH,08:49:52 AM ET,08:49:52 AM ET,38.65,3,"PCT2,PCT4_AFTER2",P4_BURST,NORMAL
CGTL,1.04,1.1,3,0.71,6.85,FLOOR_BREACH,08:49:52 AM ET,08:49:52 AM ET,7.32,3,FAST4,P4_BURST,NORMAL
CGTL,1.03,1.01455,10,-0.15,-1.5,HARD_STOP,08:49:52 AM ET,08:49:52 AM ET,0.97,1,,P4_BURST,NORMAL
CGTL,1.0102,0.995047,10,-0.15,-1.5,HARD_STOP,08:49:52 AM ET,08:49:52 AM ET,0.0,1,,P4_BURST,NORMAL
CGTL,0.98,0.9652999999999999,10,-0.15,-1.5,HARD_STOP,08:49:52 AM ET,08:49:52 AM ET,0.0,1,,P4_BURST,NORMAL
CGTL,0.94,0.9321,10,-0.08,-0.84,STOCHK_TIER1,08:49:52 AM ET,08:49:52 AM ET,0.14,1,,P4_BURST,NORMAL
CGTL,0.865,0.8601,10,-0.05,-0.57,FLOOR_BREACH,08:49:52 AM ET,08:49:52 AM ET,1.61,2,,P4_BURST,NORMAL
CGTL,0.9335,0.9194975,10,-0.14,-1.5,HARD_STOP,08:49:53 AM ET,08:49:53 AM ET,0.0,1,,P4_BURST,NORMAL
CGTL,0.92,0.9062,10,-0.14,-1.5,HARD_STOP,08:49:53 AM ET,08:49:53 AM ET,0.12,1,,P4_BURST,NORMAL
CGTL,0.9321,0.9261,10,-0.06,-0.64,FLOOR_BREACH,08:49:53 AM ET,08:49:53 AM ET,1.56,2,,P4_BURST,NORMAL
CGTL,0.9097,0.8960545,10,-0.14,-1.5,HARD_STOP,08:49:53 AM ET,08:49:53 AM ET,0.0,1,,P4_BURST,NORMAL
CGTL,0.9,0.89,10,-0.1,-1.11,STOCHK_TIER1,08:49:53 AM ET,08:49:53 AM ET,0.0,1,,P4_BURST,NORMAL
CGTL,0.9001,0.8901,10,-0.1,-1.11,STOCHK_TIER1,08:49:53 AM ET,08:49:53 AM ET,0.0,1,,P4_BURST,NORMAL
CRCD,2.305,2.2899,10,-0.15,-0.66,FLOOR_BREACH,08:49:55 AM ET,08:49:55 AM ET,1.08,2,,P4_BURST,NORMAL
CRCD,2.31,2.365,5,0.51,2.21,MACD_BEAR_T3,08:49:55 AM ET,08:49:55 AM ET,3.89,3,PCT2,P4_BURST,NORMAL
CRCD,2.37,2.4301,5,0.61,2.55,MACD_BEAR_T3,08:49:55 AM ET,08:49:55 AM ET,3.79,3,PCT2,P4_BURST,NORMAL
CRCD,2.46,2.471,10,0.11,0.45,MACD_BEAR_T1,08:49:55 AM ET,08:49:55 AM ET,0.81,1,,P4_BURST,NORMAL
CRCD,2.46,2.43,10,-0.3,-1.22,STOCHK_TIER1,08:49:55 AM ET,08:49:55 AM ET,0.0,1,,P4_BURST,NORMAL
CRCD,2.4999,2.48,10,-0.2,-0.8,STOCHK_TIER1,08:49:55 AM ET,08:49:55 AM ET,0.0,1,,P4_BURST,NORMAL
CRCD,2.4899,2.491,10,0.01,0.04,STOCHK_TIER2,08:49:55 AM ET,08:49:55 AM ET,1.2,2,,P4_BURST,NORMAL
CRCD,2.44,2.4299,10,-0.1,-0.41,STOCHK_TIER1,08:49:55 AM ET,08:49:55 AM ET,0.04,1,,P4_BURST,NORMAL
CRCD,2.41,2.42,10,0.1,0.41,STOCHK_TIER2,08:49:55 AM ET,08:49:55 AM ET,1.16,2,,P4_BURST,NORMAL
CRCD,2.4597,2.4301,10,-0.3,-1.2,STOCHK_TIER1,08:49:55 AM ET,08:49:55 AM ET,0.0,1,,P4_BURST,NORMAL
CRCD,2.415,2.4101,10,-0.05,-0.2,STOCHK_TIER1,08:49:55 AM ET,08:49:55 AM ET,0.25,1,,P4_BURST,NORMAL
CRCD,2.415,2.411,10,-0.04,-0.17,STOCHK_TIER1,08:49:55 AM ET,08:49:55 AM ET,0.21,1,,P4_BURST,NORMAL
CRCD,2.455,2.46,10,0.05,0.2,STOCHK_TIER1,08:49:55 AM ET,08:49:55 AM ET,0.58,1,,P4_BURST,NORMAL
CRCD,2.48,2.4735,10,-0.06,-0.26,MACD_BEAR_T1,08:49:55 AM ET,08:49:55 AM ET,0.0,1,,P4_BURST,NORMAL
CRCD,2.52,2.555,10,0.35,1.39,STOCHK_TIER2,08:49:55 AM ET,08:49:55 AM ET,1.98,2,,P4_BURST,NORMAL
CRCD,2.5398,2.54,10,0.0,0.01,STOCHK_TIER1,08:49:55 AM ET,08:49:55 AM ET,0.99,1,,P4_BURST,NORMAL
CRCD,2.495,2.49,10,-0.05,-0.2,STOCHK_TIER1,08:49:55 AM ET,08:49:55 AM ET,0.0,1,,P4_BURST,NORMAL
CRCD,2.45,2.46,10,0.1,0.41,STOCHK_TIER2,08:49:55 AM ET,08:49:55 AM ET,1.43,2,,P4_BURST,NORMAL
CRCD,2.455,2.4499,10,-0.05,-0.21,STOCHK_TIER1,08:49:56 AM ET,08:49:56 AM ET,0.2,1,,P4_BURST,NORMAL
CRCD,2.45,2.45,10,0.0,0.0,STOCHK_TIER1,08:49:56 AM ET,08:49:56 AM ET,0.78,1,,P4_BURST,NORMAL
CRCD,2.44,2.4701,5,0.45,1.85,STOCHK_TIER2,08:49:56 AM ET,08:49:56 AM ET,2.46,2,PCT2,P4_BURST,NORMAL
CRCD,2.46,2.445,10,-0.15,-0.61,STOCHK_TIER1,08:49:56 AM ET,08:49:56 AM ET,0.52,1,,P4_BURST,NORMAL
CRCD,2.455,2.46,10,0.05,0.2,STOCHK_TIER2,08:49:56 AM ET,08:49:56 AM ET,1.43,2,,P4_BURST,NORMAL
CRCD,2.4899,2.495,10,0.05,0.2,STOCHK_TIER1,08:49:56 AM ET,08:49:56 AM ET,0.81,1,,P4_BURST,NORMAL
CRCD,2.43,2.4302,10,0.0,0.01,STOCHK_TIER1,08:49:56 AM ET,08:49:56 AM ET,0.01,1,,P4_BURST,NORMAL
CRCD,2.46,2.46,10,0.0,0.0,FLOOR_BREACH,08:49:56 AM ET,08:49:56 AM ET,1.22,2,,P4_BURST,NORMAL
CRCD,2.45,2.46,10,0.1,0.41,STOCHK_TIER1,08:49:56 AM ET,08:49:56 AM ET,0.82,1,,P4_BURST,NORMAL
CRCD,2.43,2.42,10,-0.1,-0.41,STOCHK_TIER1,08:49:57 AM ET,08:49:57 AM ET,0.41,1,,P4_BURST,NORMAL
CVM,1.0465,1.0403,10,-0.06,-0.59,STOCHK_TIER1,08:49:57 AM ET,08:49:57 AM ET,0.0,1,,P4_BURST,NORMAL
ELPW,2.76,2.75,10,-0.1,-0.36,STOCHK_TIER1,08:49:57 AM ET,08:49:57 AM ET,0.72,1,,P4_BURST,NORMAL
ELPW,2.74,2.8,3,1.02,3.72,FLOOR_BREACH,08:49:57 AM ET,08:49:57 AM ET,4.38,3,FAST4,P4_BURST,NORMAL
ELPW,2.77,2.72845,10,-0.42,-1.5,HARD_STOP,08:49:57 AM ET,08:49:57 AM ET,0.0,1,,P4_BURST,NORMAL
ELPW,2.73,2.71,10,-0.2,-0.73,STOCHK_TIER1,08:49:57 AM ET,08:49:57 AM ET,0.73,1,,P4_BURST,NORMAL
ELPW,2.65,2.65,5,0.35,1.32,FLOOR_BREACH,08:49:57 AM ET,08:49:57 AM ET,2.64,2,PCT2,P4_BURST,NORMAL
ELPW,2.67,2.63,10,-0.4,-1.5,STOCHK_TIER1,08:49:57 AM ET,08:49:57 AM ET,0.36,1,,P4_BURST,NORMAL
ELPW,2.7,2.67,10,-0.3,-1.11,STOCHK_TIER1,08:49:57 AM ET,08:49:57 AM ET,0.2,1,,P4_BURST,NORMAL
ELPW,3.03,3.031,3,0.98,3.24,FLOOR_BREACH,08:49:57 AM ET,08:49:57 AM ET,4.62,3,FAST4,P4_BURST,NORMAL
ELPW,2.9003,2.8607,10,-0.4,-1.37,STOCHK_TIER1,08:49:57 AM ET,08:49:57 AM ET,0.0,1,,P4_BURST,NORMAL
ELPW,2.93,2.88605,10,-0.44,-1.5,HARD_STOP,08:49:57 AM ET,08:49:57 AM ET,0.0,1,,P4_BURST,NORMAL
ELPW,2.92,2.89,10,-0.3,-1.03,MACD_BEAR_T1,08:49:57 AM ET,08:49:57 AM ET,0.0,1,,P4_BURST,NORMAL
ELPW,2.9,2.92,5,0.45,1.55,STOCHK_TIER2,08:49:57 AM ET,08:49:57 AM ET,2.41,2,PCT2,P4_BURST,NORMAL
ELPW,2.9203,2.94,5,0.4,1.36,STOCHK_TIER2,08:49:57 AM ET,08:49:57 AM ET,2.73,2,PCT2,P4_BURST,NORMAL
ELPW,2.98,2.94,10,-0.4,-1.34,STOCHK_TIER1,08:49:57 AM ET,08:49:57 AM ET,0.0,1,,P4_BURST,NORMAL
ELPW,2.95,2.9057500000000003,10,-0.44,-1.5,HARD_STOP,08:49:58 AM ET,08:49:58 AM ET,0.0,1,,P4_BURST,NORMAL
ELPW,2.88,2.8367999999999998,10,-0.43,-1.5,HARD_STOP,08:49:58 AM ET,08:49:58 AM ET,0.0,1,,P4_BURST,NORMAL
ELPW,2.85,2.83,10,-0.2,-0.7,MACD_BEAR_T1,08:49:58 AM ET,08:49:58 AM ET,0.0,1,,P4_BURST,NORMAL
FABC,4.1999,4.1369015000000005,10,-0.63,-1.5,HARD_STOP,08:49:58 AM ET,08:49:58 AM ET,0.0,1,,P4_BURST,NORMAL
FABC,4.06,3.9990999999999994,10,-0.61,-1.5,HARD_STOP,08:49:58 AM ET,08:49:58 AM ET,0.0,1,,P4_BURST,NORMAL
FABC,4.085,4.023725,10,-0.61,-1.5,HARD_STOP,08:49:58 AM ET,08:49:58 AM ET,0.0,1,,P4_BURST,NORMAL
FABC,3.99,3.95,10,-0.4,-1.0,STOCHK_TIER1,08:49:58 AM ET,08:49:58 AM ET,0.0,1,,P4_BURST,NORMAL
FABC,4.0,3.975,10,-0.25,-0.62,STOCHK_TIER1,08:49:58 AM ET,08:49:58 AM ET,0.25,1,,P4_BURST,NORMAL
FABC,3.9101,4.1,4,1.37,3.5,FLOOR_BREACH,08:49:58 AM ET,08:49:58 AM ET,6.38,3,"PCT2,PCT4_AFTER2",P4_BURST,NORMAL
FABC,4.3499,4.3125,10,-0.37,-0.86,STOCHK_TIER1,08:49:59 AM ET,08:49:59 AM ET,0.0,1,,P4_BURST,NORMAL
FABC,4.31,4.34,5,0.6,1.39,STOCHK_TIER2,08:49:59 AM ET,08:49:59 AM ET,2.09,2,PCT2,P4_BURST,NORMAL
FABC,4.3,4.2355,10,-0.64,-1.5,HARD_STOP,08:49:59 AM ET,08:49:59 AM ET,0.93,1,,P4_BURST,NORMAL
FABC,4.1799,4.22,5,0.8,1.9,FLOOR_BREACH,08:49:59 AM ET,08:49:59 AM ET,3.35,3,PCT2,P4_BURST,NORMAL
FABC,4.27,4.262,10,-0.08,-0.19,STOCHK_TIER1,08:49:59 AM ET,08:49:59 AM ET,0.91,1,,P4_BURST,NORMAL
FABC,4.24,4.23,10,-0.1,-0.24,STOCHK_TIER1,08:49:59 AM ET,08:49:59 AM ET,0.71,1,,P4_BURST,NORMAL
FABC,4.248,4.18428,10,-0.64,-1.5,HARD_STOP,08:49:59 AM ET,08:49:59 AM ET,0.05,1,,P4_BURST,NORMAL
FABC,4.24,4.281,10,0.41,0.97,STOCHK_TIER2,08:49:59 AM ET,08:49:59 AM ET,1.89,2,,P4_BURST,NORMAL
FABC,4.2664,4.241,10,-0.25,-0.6,STOCHK_TIER1,08:49:59 AM ET,08:49:59 AM ET,0.2,1,,P4_BURST,NORMAL
FABC,4.23,4.415,4,1.56,3.69,FLOOR_BREACH,08:49:59 AM ET,08:49:59 AM ET,5.91,3,"PCT2,PCT4_AFTER2",P4_BURST,NORMAL
FABC,4.57,4.5507,10,-0.19,-0.42,FLOOR_BREACH,08:50:00 AM ET,08:50:00 AM ET,1.53,2,,P4_BURST,NORMAL
FABC,4.58,4.5202,10,-0.6,-1.31,STOCHK_TIER1,08:50:00 AM ET,08:50:00 AM ET,0.0,1,,P4_BURST,NORMAL
FABC,4.6199,4.58,10,-0.4,-0.86,FLOOR_BREACH,08:50:00 AM ET,08:50:00 AM ET,1.3,2,,P4_BURST,NORMAL
FABC,4.74,4.6689,10,-0.71,-1.5,HARD_STOP,08:50:00 AM ET,08:50:00 AM ET,1.05,2,,P4_BURST,NORMAL
FABC,4.69,4.6501,10,-0.4,-0.85,STOCHK_TIER1,08:50:00 AM ET,08:50:00 AM ET,0.0,1,,P4_BURST,NORMAL
FABC,4.8299,4.7877,10,-0.42,-0.87,MACD_BEAR_T1,08:50:00 AM ET,08:50:00 AM ET,0.42,1,,P4_BURST,NORMAL
FABC,4.88,4.8068,10,-0.73,-1.5,HARD_STOP,08:50:00 AM ET,08:50:00 AM ET,0.0,1,,P4_BURST,NORMAL
FABC,4.9497,4.8754545,10,-0.74,-1.5,HARD_STOP,08:50:00 AM ET,08:50:00 AM ET,0.0,1,,P4_BURST,NORMAL
FABC,5.0099,4.975,10,-0.35,-0.7,MACD_BEAR_T1,08:50:00 AM ET,08:50:00 AM ET,0.0,1,,P4_BURST,NORMAL
FABC,4.8291,4.92,5,1.13,2.35,MACD_BEAR_T3,08:50:00 AM ET,08:50:01 AM ET,3.54,3,PCT2,P4_BURST,NORMAL
FABC,4.94,4.93,10,-0.1,-0.2,FLOOR_BREACH,08:50:01 AM ET,08:50:01 AM ET,1.27,2,,P4_BURST,NORMAL
FABC,4.85,4.825,10,-0.25,-0.52,STOCHK_TIER1,08:50:01 AM ET,08:50:01 AM ET,0.52,1,,P4_BURST,NORMAL
FABC,4.9211,4.8472835,5,0.13,0.25,HARD_STOP,08:50:01 AM ET,08:50:01 AM ET,2.01,2,PCT2,P4_BURST,NORMAL
FABC,4.82,4.8,5,0.4,0.83,FLOOR_BREACH,08:50:01 AM ET,08:50:01 AM ET,2.9,2,PCT2,P4_BURST,NORMAL
FABC,4.85,4.81,10,-0.4,-0.82,STOCHK_TIER1,08:50:01 AM ET,08:50:01 AM ET,0.0,1,,P4_BURST,NORMAL
FABC,4.89,4.816649999999999,10,-0.73,-1.5,HARD_STOP,08:50:01 AM ET,08:50:01 AM ET,0.0,1,,P4_BURST,NORMAL
FABC,4.8448,4.82,10,-0.25,-0.51,STOCHK_TIER1,08:50:01 AM ET,08:50:01 AM ET,0.09,1,,P4_BURST,NORMAL
FABC,4.85,4.78,10,-0.7,-1.44,STOCHK_TIER1,08:50:02 AM ET,08:50:02 AM ET,0.0,1,,P4_BURST,NORMAL
FABC,4.8,4.83,5,0.65,1.35,FLOOR_BREACH,08:50:02 AM ET,08:50:02 AM ET,3.75,3,PCT2,P4_BURST,NORMAL
FCHL,1.78,1.7533,10,-0.27,-1.5,HARD_STOP,08:50:02 AM ET,08:50:02 AM ET,0.0,1,,P4_BURST,NORMAL
FCHL,1.78,1.82,4,0.5,2.81,FLOOR_BREACH,08:50:02 AM ET,08:50:02 AM ET,5.06,3,"PCT2,PCT4_AFTER2",P4_BURST,NORMAL
FCHL,1.79,1.7899,10,-0.0,-0.01,FLOOR_BREACH,08:50:02 AM ET,08:50:02 AM ET,1.12,2,,P4_BURST,NORMAL
FCHL,1.77,1.95,4,1.1,6.21,FLOOR_BREACH,08:50:02 AM ET,08:50:02 AM ET,11.88,3,"PCT2,PCT4_AFTER2",P4_BURST,NORMAL
FCHL,1.79,1.81,5,0.4,2.23,FLOOR_BREACH,08:50:02 AM ET,08:50:03 AM ET,3.35,3,PCT2,P4_BURST,NORMAL
FCHL,1.84,1.83,10,-0.1,-0.54,MACD_BEAR_T1,08:50:03 AM ET,08:50:03 AM ET,0.0,1,,P4_BURST,NORMAL
HPAI,1.19,1.17215,10,-0.18,-1.5,HARD_STOP,08:50:04 AM ET,08:50:04 AM ET,0.0,1,,P4_BURST,NORMAL
HTCO,8.9922,8.857317,10,-1.35,-1.5,HARD_STOP,08:50:05 AM ET,08:50:05 AM ET,0.0,1,,P4_BURST,NORMAL
HTCO,9.09,8.95365,10,-1.36,-1.5,HARD_STOP,08:50:05 AM ET,08:50:05 AM ET,1.23,2,,P4_BURST,NORMAL
HTCO,9.04,8.904399999999999,10,-1.36,-1.5,HARD_STOP,08:50:05 AM ET,08:50:05 AM ET,0.0,1,,P4_BURST,NORMAL
HTCO,9.03,8.96,10,-0.7,-0.78,STOCHK_TIER1,08:50:05 AM ET,08:50:05 AM ET,0.11,1,,P4_BURST,NORMAL
HTCO,9.8,9.653,10,-1.47,-1.5,HARD_STOP,08:50:05 AM ET,08:50:05 AM ET,0.92,1,,P4_BURST,NORMAL
HTCO,9.6,9.456,10,-1.44,-1.5,HARD_STOP,08:50:05 AM ET,08:50:05 AM ET,0.0,1,,P4_BURST,NORMAL
HTCO,9.57,9.42645,10,-1.44,-1.5,HARD_STOP,08:50:05 AM ET,08:50:05 AM ET,0.0,1,,P4_BURST,NORMAL
HTCO,9.8,9.653,10,-1.47,-1.5,HARD_STOP,08:50:06 AM ET,08:50:06 AM ET,0.0,1,,P4_BURST,NORMAL
HTCO,9.58,9.5,10,-0.8,-0.84,STOCHK_TIER1,08:50:06 AM ET,08:50:06 AM ET,0.0,1,,P4_BURST,NORMAL
HTCO,9.76,9.6136,10,-1.46,-1.5,HARD_STOP,08:50:06 AM ET,08:50:06 AM ET,0.0,1,,P4_BURST,NORMAL
HTCO,9.74,10.04,4,2.67,2.74,FLOOR_BREACH,08:50:06 AM ET,08:50:06 AM ET,4.83,3,"PCT2,PCT4_AFTER2",P4_BURST,NORMAL
HTCO,9.35,9.3,10,-0.5,-0.53,FLOOR_BREACH,08:50:06 AM ET,08:50:06 AM ET,1.07,2,,P4_BURST,NORMAL
HTCO,9.21,9.14,10,-0.7,-0.76,STOCHK_TIER1,08:50:06 AM ET,08:50:06 AM ET,0.0,1,,P4_BURST,NORMAL
HTCO,9.1,8.9635,10,-1.36,-1.5,HARD_STOP,08:50:07 AM ET,08:50:07 AM ET,0.14,1,,P4_BURST,NORMAL
HTCO,9.34,9.1999,10,-1.4,-1.5,HARD_STOP,08:50:07 AM ET,08:50:07 AM ET,0.0,1,,P4_BURST,NORMAL
HTCO,9.35,9.20975,10,-1.4,-1.5,HARD_STOP,08:50:07 AM ET,08:50:07 AM ET,0.0,1,,P4_BURST,NORMAL
HTCO,8.74,8.6089,10,-1.31,-1.5,HARD_STOP,08:50:07 AM ET,08:50:07 AM ET,0.0,1,,P4_BURST,NORMAL
HTCO,7.94,7.8209,10,-1.19,-1.5,HARD_STOP,08:50:07 AM ET,08:50:07 AM ET,0.0,1,,P4_BURST,NORMAL
HTCO,8.38,8.2543,10,-1.26,-1.5,HARD_STOP,08:50:08 AM ET,08:50:08 AM ET,0.0,1,,P4_BURST,NORMAL
HTCO,8.6,8.471,10,-1.29,-1.5,HARD_STOP,08:50:08 AM ET,08:50:08 AM ET,0.0,1,,P4_BURST,NORMAL
HTCO,8.8,8.865,10,0.65,0.74,MACD_BEAR_T2,08:50:08 AM ET,08:50:08 AM ET,1.65,2,,P4_BURST,NORMAL
HTCO,8.79,9.07,3,3.85,4.38,FLOOR_BREACH,08:50:08 AM ET,08:50:08 AM ET,6.37,3,FAST4,P4_BURST,NORMAL
HTCO,9.0999,9.19,5,1.45,1.59,MACD_BEAR_T2,08:50:08 AM ET,08:50:09 AM ET,2.2,2,PCT2,P4_BURST,NORMAL
HTCO,9.2102,9.24,10,0.3,0.32,STOCHK_TIER2,08:50:09 AM ET,08:50:09 AM ET,1.41,2,,P4_BURST,NORMAL
HTCO,9.25,9.89,4,4.03,4.36,FLOOR_BREACH,08:50:09 AM ET,08:50:09 AM ET,9.41,3,"PCT2,PCT4_AFTER2",P4_BURST,NORMAL
HTCO,10.08,10.54,4,3.88,3.85,FLOOR_BREACH,08:50:09 AM ET,08:50:09 AM ET,6.85,3,"PCT2,PCT4_AFTER2",P4_BURST,NORMAL
HTCO,10.34,10.184899999999999,10,-1.55,-1.5,HARD_STOP,08:50:09 AM ET,08:50:09 AM ET,0.0,1,,P4_BURST,NORMAL
HTCO,10.315,10.160274999999999,10,-1.55,-1.5,HARD_STOP,08:50:09 AM ET,08:50:09 AM ET,0.53,1,,P4_BURST,NORMAL
HTCO,10.87,10.706949999999999,10,-1.63,-1.5,HARD_STOP,08:50:09 AM ET,08:50:09 AM ET,0.0,1,,P4_BURST,NORMAL
HTCO,10.7,10.539499999999999,10,-1.61,-1.5,HARD_STOP,08:50:10 AM ET,08:50:10 AM ET,0.0,1,,P4_BURST,NORMAL
HTCO,10.6,10.47,10,-1.3,-1.23,STOCHK_TIER1,08:50:10 AM ET,08:50:10 AM ET,0.0,1,,P4_BURST,NORMAL
HTCO,10.51,11.45,4,5.4,5.14,FLOOR_BREACH,08:50:10 AM ET,08:50:10 AM ET,13.59,3,"PCT2,PCT4_AFTER2",P4_BURST,NORMAL
HTCO,11.2,11.13,10,-0.7,-0.62,STOCHK_TIER1,08:50:10 AM ET,08:50:10 AM ET,0.71,1,,P4_BURST,NORMAL
HTCO,10.7599,10.5985015,10,-1.61,-1.5,HARD_STOP,08:50:11 AM ET,08:50:11 AM ET,0.0,1,,P4_BURST,NORMAL
HTCO,10.6391,10.51,10,-1.29,-1.21,STOCHK_TIER1,08:50:11 AM ET,08:50:11 AM ET,0.57,1,,P4_BURST,NORMAL
HTCO,10.56,10.5,10,-0.6,-0.57,MACD_BEAR_T1,08:50:11 AM ET,08:50:11 AM ET,0.0,1,,P4_BURST,NORMAL
HTCO,10.4,10.38,10,-0.2,-0.19,STOCHK_TIER1,08:50:11 AM ET,08:50:11 AM ET,0.58,1,,P4_BURST,NORMAL
HTCO,10.945,10.780825,10,-1.64,-1.5,HARD_STOP,08:50:11 AM ET,08:50:11 AM ET,0.0,1,,P4_BURST,NORMAL
HTCO,10.85,10.687249999999999,10,-1.63,-1.5,HARD_STOP,08:50:11 AM ET,08:50:11 AM ET,0.0,1,,P4_BURST,NORMAL
HTCO,10.57,10.51,10,-0.6,-0.57,STOCHK_TIER1,08:50:11 AM ET,08:50:11 AM ET,0.0,1,,P4_BURST,NORMAL
HTCO,9.96,9.8106,10,-1.49,-1.5,HARD_STOP,08:50:12 AM ET,08:50:12 AM ET,0.0,1,,P4_BURST,NORMAL
HTCO,9.955,10.22,3,4.12,4.14,FLOOR_BREACH,08:50:12 AM ET,08:50:12 AM ET,4.77,3,FAST4,P4_BURST,NORMAL
HTCO,10.245,10.2207,10,-0.24,-0.24,STOCHK_TIER1,08:50:12 AM ET,08:50:12 AM ET,0.54,1,,P4_BURST,NORMAL
HTCO,10.0282,10.02,10,-0.08,-0.08,STOCHK_TIER1,08:50:12 AM ET,08:50:12 AM ET,0.99,1,,P4_BURST,NORMAL
HTCO,9.97,9.8807,10,-0.89,-0.9,STOCHK_TIER1,08:50:13 AM ET,08:50:13 AM ET,0.3,1,,P4_BURST,NORMAL
HTCO,9.94,9.8,10,-1.4,-1.41,STOCHK_TIER1,08:50:13 AM ET,08:50:13 AM ET,0.0,1,,P4_BURST,NORMAL
HTCO,10.13,10.3816,4,2.52,2.48,FLOOR_BREACH,08:50:13 AM ET,08:50:13 AM ET,4.15,3,"PCT2,PCT4_AFTER2",P4_BURST,NORMAL
HTCO,10.6976,10.537136,10,-1.6,-1.5,HARD_STOP,08:50:14 AM ET,08:50:14 AM ET,0.0,1,,P4_BURST,NORMAL
HTCO,11.2,11.1,10,-1.0,-0.89,STOCHK_TIER1,08:50:14 AM ET,08:50:14 AM ET,0.0,1,,P4_BURST,NORMAL
HTCO,11.03,10.86455,10,-1.65,-1.5,HARD_STOP,08:50:14 AM ET,08:50:14 AM ET,0.0,1,,P4_BURST,NORMAL
HTCO,10.7,10.539499999999999,10,-1.61,-1.5,HARD_STOP,08:50:14 AM ET,08:50:14 AM ET,0.0,1,,P4_BURST,NORMAL
HTCO,10.49,10.33265,10,-1.57,-1.5,HARD_STOP,08:50:14 AM ET,08:50:14 AM ET,0.0,1,,P4_BURST,NORMAL
HTCO,10.5,10.3425,10,-1.58,-1.5,HARD_STOP,08:50:15 AM ET,08:50:15 AM ET,0.0,1,,P4_BURST,NORMAL
HTCO,10.2497,10.095954500000001,10,-1.54,-1.5,HARD_STOP,08:50:15 AM ET,08:50:15 AM ET,0.0,1,,P4_BURST,NORMAL
HTCO,10.1106,9.958941,10,-1.52,-1.5,HARD_STOP,08:50:15 AM ET,08:50:15 AM ET,1.08,2,,P4_BURST,NORMAL
HTCO,10.2,10.046999999999999,10,-1.53,-1.5,HARD_STOP,08:50:15 AM ET,08:50:15 AM ET,0.0,1,,P4_BURST,NORMAL
HTCO,10.1697,10.0171545,10,-1.53,-1.5,HARD_STOP,08:50:15 AM ET,08:50:15 AM ET,0.0,1,,P4_BURST,NORMAL
HTCO,10.01,10.01,10,0.0,0.0,STOCHK_TIER1,08:50:16 AM ET,08:50:16 AM ET,0.9,1,,P4_BURST,NORMAL
IONZ,3.4882,3.5599,4,0.81,2.33,FLOOR_BREACH,08:50:19 AM ET,08:50:19 AM ET,4.93,3,"PCT2,PCT4_AFTER2",P4_BURST,NORMAL
IONZ,3.555,3.6101,5,0.7,1.97,MACD_BEAR_T3,08:50:19 AM ET,08:50:19 AM ET,3.23,3,PCT2,P4_BURST,NORMAL
IONZ,3.6199,3.62,10,0.0,0.0,STOCHK_TIER1,08:50:19 AM ET,08:50:19 AM ET,0.83,1,,P4_BURST,NORMAL
IONZ,3.68,3.7819,4,0.93,2.53,FLOOR_BREACH,08:50:19 AM ET,08:50:19 AM ET,4.48,3,"PCT2,PCT4_AFTER2",P4_BURST,NORMAL
IONZ,3.8999,3.875,10,-0.25,-0.64,STOCHK_TIER1,08:50:19 AM ET,08:50:19 AM ET,0.0,1,,P4_BURST,NORMAL
IONZ,3.86,3.85,10,-0.1,-0.26,STOCHK_TIER1,08:50:19 AM ET,08:50:19 AM ET,0.39,1,,P4_BURST,NORMAL
IONZ,3.8703,3.8601,10,-0.1,-0.26,STOCHK_TIER1,08:50:19 AM ET,08:50:19 AM ET,0.12,1,,P4_BURST,NORMAL
IONZ,3.89,3.915,10,0.25,0.64,STOCHK_TIER2,08:50:19 AM ET,08:50:19 AM ET,1.79,2,,P4_BURST,NORMAL
IONZ,3.865,3.87,10,0.05,0.13,STOCHK_TIER1,08:50:19 AM ET,08:50:19 AM ET,0.91,1,,P4_BURST,NORMAL
IONZ,3.88,3.8901,10,0.1,0.26,STOCHK_TIER1,08:50:19 AM ET,08:50:19 AM ET,0.52,1,,P4_BURST,NORMAL
IONZ,3.91,3.902,10,-0.08,-0.2,STOCHK_TIER1,08:50:19 AM ET,08:50:19 AM ET,0.26,1,,P4_BURST,NORMAL
IONZ,3.94,3.9522,10,0.12,0.31,STOCHK_TIER1,08:50:19 AM ET,08:50:19 AM ET,0.51,1,,P4_BURST,NORMAL
IONZ,4.02,4.0278,10,0.08,0.19,STOCHK_TIER1,08:50:20 AM ET,08:50:20 AM ET,0.5,1,,P4_BURST,NORMAL
IONZ,4.065,4.045,10,-0.2,-0.49,STOCHK_TIER1,08:50:20 AM ET,08:50:20 AM ET,0.0,1,,P4_BURST,NORMAL
IONZ,4.01,3.9902,10,-0.2,-0.49,STOCHK_TIER1,08:50:20 AM ET,08:50:20 AM ET,0.12,1,,P4_BURST,NORMAL
IONZ,3.94,3.931,10,-0.09,-0.23,STOCHK_TIER1,08:50:20 AM ET,08:50:20 AM ET,0.0,1,,P4_BURST,NORMAL
IONZ,3.9,3.94,10,0.4,1.03,STOCHK_TIER2,08:50:20 AM ET,08:50:20 AM ET,1.54,2,,P4_BURST,NORMAL
IONZ,3.88,3.8601,10,-0.2,-0.51,STOCHK_TIER1,08:50:20 AM ET,08:50:20 AM ET,0.26,1,,P4_BURST,NORMAL
IONZ,3.89,3.8984,10,0.08,0.22,STOCHK_TIER1,08:50:20 AM ET,08:50:20 AM ET,0.77,1,,P4_BURST,NORMAL
IONZ,3.925,3.91,10,-0.15,-0.38,STOCHK_TIER1,08:50:20 AM ET,08:50:20 AM ET,0.0,1,,P4_BURST,NORMAL
IONZ,3.8883,3.831,10,-0.57,-1.47,STOCHK_TIER1,08:50:20 AM ET,08:50:20 AM ET,0.0,1,,P4_BURST,NORMAL
IONZ,3.8,3.7801,10,-0.2,-0.52,STOCHK_TIER1,08:50:20 AM ET,08:50:20 AM ET,0.0,1,,P4_BURST,NORMAL
IONZ,3.7299,3.72,10,-0.1,-0.27,STOCHK_TIER1,08:50:20 AM ET,08:50:20 AM ET,0.27,1,,P4_BURST,NORMAL
IONZ,3.75,3.74,10,-0.1,-0.27,STOCHK_TIER1,08:50:21 AM ET,08:50:21 AM ET,0.13,1,,P4_BURST,NORMAL
IONZ,3.7099,3.68,10,-0.3,-0.81,STOCHK_TIER1,08:50:21 AM ET,08:50:21 AM ET,0.0,1,,P4_BURST,NORMAL
IONZ,3.745,3.74,10,-0.05,-0.13,MACD_BEAR_T1,08:50:21 AM ET,08:50:21 AM ET,0.27,1,,P4_BURST,NORMAL
IONZ,3.81,3.7918,10,-0.18,-0.48,STOCHK_TIER1,08:50:21 AM ET,08:50:21 AM ET,0.0,1,,P4_BURST,NORMAL
IONZ,3.74,3.73,10,-0.1,-0.27,STOCHK_TIER1,08:50:21 AM ET,08:50:21 AM ET,0.13,1,,P4_BURST,NORMAL
IONZ,3.76,3.74,10,-0.2,-0.53,STOCHK_TIER1,08:50:21 AM ET,08:50:21 AM ET,0.0,1,,P4_BURST,NORMAL
IONZ,3.6485,3.635,10,-0.14,-0.37,STOCHK_TIER1,08:50:21 AM ET,08:50:21 AM ET,0.0,1,,P4_BURST,NORMAL
IONZ,3.6202,3.6322,10,0.12,0.33,STOCHK_TIER1,08:50:21 AM ET,08:50:22 AM ET,0.55,1,,P4_BURST,NORMAL
IONZ,3.65,3.62,10,-0.3,-0.82,STOCHK_TIER1,08:50:22 AM ET,08:50:22 AM ET,0.82,1,,P4_BURST,NORMAL
IONZ,3.65,3.64,10,-0.1,-0.27,STOCHK_TIER1,08:50:22 AM ET,08:50:22 AM ET,0.0,1,,P4_BURST,NORMAL
IONZ,3.6303,3.63,10,-0.0,-0.01,STOCHK_TIER1,08:50:22 AM ET,08:50:22 AM ET,0.27,1,,P4_BURST,NORMAL
IONZ,3.62,3.61,10,-0.1,-0.28,STOCHK_TIER1,08:50:22 AM ET,08:50:22 AM ET,0.0,1,,P4_BURST,NORMAL
IONZ,3.55,3.54,10,-0.1,-0.28,STOCHK_TIER1,08:50:23 AM ET,08:50:23 AM ET,0.0,1,,P4_BURST,NORMAL
IREZ,8.665,8.68,10,0.15,0.17,STOCHK_TIER1,08:50:26 AM ET,08:50:26 AM ET,0.98,1,,P4_BURST,NORMAL
IREZ,8.5873,8.63,10,0.43,0.5,STOCHK_TIER2,08:50:26 AM ET,08:50:26 AM ET,1.89,2,,P4_BURST,NORMAL
IREZ,8.7689,8.72,10,-0.49,-0.56,STOCHK_TIER1,08:50:26 AM ET,08:50:26 AM ET,0.13,1,,P4_BURST,NORMAL
IREZ,8.705,8.67,10,-0.35,-0.4,STOCHK_TIER1,08:50:26 AM ET,08:50:26 AM ET,0.4,1,,P4_BURST,NORMAL
IREZ,8.3962,8.36,10,-0.36,-0.43,STOCHK_TIER1,08:50:26 AM ET,08:50:26 AM ET,0.7,1,,P4_BURST,NORMAL
IREZ,8.4,8.545,5,1.57,1.87,STOCHK_TIER2,08:50:26 AM ET,08:50:26 AM ET,2.62,2,PCT2,P4_BURST,NORMAL
IREZ,8.485,8.435,10,-0.5,-0.59,STOCHK_TIER1,08:50:26 AM ET,08:50:26 AM ET,0.65,1,,P4_BURST,NORMAL
IREZ,8.61,8.63,10,0.2,0.23,STOCHK_TIER1,08:50:26 AM ET,08:50:26 AM ET,0.75,1,,P4_BURST,NORMAL
IREZ,8.72,8.67,10,-0.5,-0.57,STOCHK_TIER1,08:50:26 AM ET,08:50:26 AM ET,0.0,1,,P4_BURST,NORMAL
IREZ,8.8,8.755,10,-0.45,-0.51,STOCHK_TIER1,08:50:26 AM ET,08:50:26 AM ET,0.34,1,,P4_BURST,NORMAL
IREZ,8.9,8.88,10,-0.2,-0.22,STOCHK_TIER1,08:50:26 AM ET,08:50:26 AM ET,0.17,1,,P4_BURST,NORMAL
IREZ,8.711,8.66,10,-0.51,-0.59,STOCHK_TIER1,08:50:26 AM ET,08:50:26 AM ET,0.22,1,,P4_BURST,NORMAL
IREZ,8.495,8.435,10,-0.6,-0.71,STOCHK_TIER1,08:50:26 AM ET,08:50:27 AM ET,0.06,1,,P4_BURST,NORMAL
IREZ,8.14,8.06,10,-0.8,-0.98,STOCHK_TIER1,08:50:27 AM ET,08:50:27 AM ET,0.0,1,,P4_BURST,NORMAL
IREZ,8.1698,8.16,10,-0.1,-0.12,STOCHK_TIER1,08:50:27 AM ET,08:50:27 AM ET,0.25,1,,P4_BURST,NORMAL
IREZ,8.2002,8.16,10,-0.4,-0.49,STOCHK_TIER1,08:50:27 AM ET,08:50:27 AM ET,0.0,1,,P4_BURST,NORMAL
IREZ,7.99,8.03,10,0.4,0.5,STOCHK_TIER2,08:50:27 AM ET,08:50:27 AM ET,1.25,2,,P4_BURST,NORMAL
IREZ,7.98,7.9401,10,-0.4,-0.5,STOCHK_TIER1,08:50:27 AM ET,08:50:27 AM ET,0.0,1,,P4_BURST,NORMAL
IREZ,7.965,7.965,10,0.0,0.0,FLOOR_BREACH,08:50:27 AM ET,08:50:27 AM ET,1.07,2,,P4_BURST,NORMAL
IREZ,7.995,7.95,10,-0.45,-0.56,STOCHK_TIER1,08:50:27 AM ET,08:50:27 AM ET,0.0,1,,P4_BURST,NORMAL
IREZ,7.99,8.05,10,0.6,0.75,STOCHK_TIER2,08:50:28 AM ET,08:50:28 AM ET,1.63,2,,P4_BURST,NORMAL
IREZ,8.19,8.11,10,-0.8,-0.98,STOCHK_TIER1,08:50:28 AM ET,08:50:28 AM ET,0.23,1,,P4_BURST,NORMAL
IREZ,8.095,8.0401,10,-0.55,-0.68,STOCHK_TIER1,08:50:28 AM ET,08:50:28 AM ET,0.0,1,,P4_BURST,NORMAL
IREZ,8.14,8.13,10,-0.1,-0.12,STOCHK_TIER1,08:50:28 AM ET,08:50:28 AM ET,0.25,1,,P4_BURST,NORMAL
IREZ,7.85,7.9401,10,0.9,1.15,STOCHK_TIER2,08:50:28 AM ET,08:50:29 AM ET,1.91,2,,P4_BURST,NORMAL
IREZ,7.88,7.9,10,0.2,0.25,STOCHK_TIER1,08:50:29 AM ET,08:50:29 AM ET,0.76,1,,P4_BURST,NORMAL
IREZ,7.84,7.8403,10,0.0,0.0,STOCHK_TIER1,08:50:29 AM ET,08:50:29 AM ET,0.13,1,,P4_BURST,NORMAL
IREZ,7.9,7.86,10,-0.4,-0.51,STOCHK_TIER1,08:50:29 AM ET,08:50:29 AM ET,0.0,1,,P4_BURST,NORMAL
LHAI,1.1487,1.1314695000000001,10,-0.17,-1.5,HARD_STOP,08:50:31 AM ET,08:50:31 AM ET,0.0,1,,P4_BURST,NORMAL
LHAI,1.05,1.0401,10,-0.1,-0.94,STOCHK_TIER1,08:50:31 AM ET,08:50:31 AM ET,0.0,1,,P4_BURST,NORMAL
LHAI,1.0326,1.02,10,-0.13,-1.22,STOCHK_TIER1,08:50:32 AM ET,08:50:32 AM ET,0.72,1,,P4_BURST,NORMAL
LHAI,1.02,1.0047,10,-0.15,-1.5,HARD_STOP,08:50:32 AM ET,08:50:32 AM ET,0.0,1,,P4_BURST,NORMAL
IREZ,6.23,6.136550000000001,10,-0.93,-1.5,HARD_STOP,08:50:32 AM ET,08:50:32 AM ET,0.0,1,,P4_BURST,NORMAL
MOBX,2.1401,2.11,10,-0.3,-1.41,STOCHK_TIER1,08:50:32 AM ET,08:50:32 AM ET,0.0,1,,P4_BURST,NORMAL
MOBX,2.09,2.08,10,-0.1,-0.48,STOCHK_TIER1,08:50:32 AM ET,08:50:32 AM ET,0.0,1,,P4_BURST,NORMAL
MOBX,2.0498,2.035,10,-0.15,-0.72,STOCHK_TIER1,08:50:32 AM ET,08:50:32 AM ET,0.0,1,,P4_BURST,NORMAL
MOBX,2.0594,2.04,10,-0.19,-0.94,STOCHK_TIER1,08:50:32 AM ET,08:50:32 AM ET,0.03,1,,P4_BURST,NORMAL
MOBX,1.995,1.995,10,0.0,0.0,STOCHK_TIER1,08:50:32 AM ET,08:50:32 AM ET,0.25,1,,P4_BURST,NORMAL
MOBX,1.9799,1.9729,10,-0.07,-0.35,STOCHK_TIER1,08:50:32 AM ET,08:50:32 AM ET,0.0,1,,P4_BURST,NORMAL
MOBX,1.92,1.9101,10,-0.1,-0.52,STOCHK_TIER1,08:50:32 AM ET,08:50:32 AM ET,0.0,1,,P4_BURST,NORMAL
MOBX,1.92,1.91,10,-0.1,-0.52,STOCHK_TIER1,08:50:33 AM ET,08:50:33 AM ET,0.0,1,,P4_BURST,NORMAL
MOBX,1.9,1.925,10,0.25,1.32,STOCHK_TIER2,08:50:33 AM ET,08:50:33 AM ET,1.58,2,,P4_BURST,NORMAL
MOBX,1.94,1.94,10,0.0,0.0,STOCHK_TIER1,08:50:33 AM ET,08:50:33 AM ET,0.52,1,,P4_BURST,NORMAL
MOBX,1.9413,1.9413,10,0.0,0.0,STOCHK_TIER1,08:50:34 AM ET,08:50:34 AM ET,0.45,1,,P4_BURST,NORMAL
RGTZ,8.985,8.92,10,-0.65,-0.72,STOCHK_TIER1,08:50:34 AM ET,08:50:34 AM ET,0.83,1,,P4_BURST,NORMAL
RGTZ,9.33,9.37,5,1.15,1.23,FLOOR_BREACH,08:50:34 AM ET,08:50:34 AM ET,2.04,2,PCT2,P4_BURST,NORMAL
RGTZ,9.405,9.39,10,-0.15,-0.16,FLOOR_BREACH,08:50:34 AM ET,08:50:34 AM ET,1.12,2,,P4_BURST,NORMAL
RGTZ,9.74,9.7292,10,-0.11,-0.11,MACD_BEAR_T1,08:50:34 AM ET,08:50:34 AM ET,0.62,1,,P4_BURST,NORMAL
RGTZ,9.39,9.7904,4,3.33,3.54,MACD_BEAR_T3,08:50:34 AM ET,08:50:34 AM ET,5.43,3,"PCT2,PCT4_AFTER2",P4_BURST,NORMAL
RGTZ,9.86,9.7121,10,-1.48,-1.5,HARD_STOP,08:50:34 AM ET,08:50:34 AM ET,0.1,1,,P4_BURST,NORMAL
RGTZ,9.89,9.85,10,-0.4,-0.4,MACD_BEAR_T1,08:50:34 AM ET,08:50:34 AM ET,0.0,1,,P4_BURST,NORMAL
RGTZ,10.1,10.19,5,1.51,1.49,STOCHK_TIER2,08:50:34 AM ET,08:50:34 AM ET,2.09,2,PCT2,P4_BURST,NORMAL
RGTZ,10.48,10.352,10,-1.28,-1.22,STOCHK_TIER1,08:50:35 AM ET,08:50:35 AM ET,0.0,1,,P4_BURST,NORMAL
RGTZ,10.26,10.1901,10,-0.7,-0.68,STOCHK_TIER1,08:50:35 AM ET,08:50:35 AM ET,0.1,1,,P4_BURST,NORMAL
RGTZ,10.29,10.28,10,-0.1,-0.1,STOCHK_TIER1,08:50:35 AM ET,08:50:35 AM ET,0.0,1,,P4_BURST,NORMAL
RGTZ,10.4,10.57,5,1.97,1.9,STOCHK_TIER2,08:50:35 AM ET,08:50:35 AM ET,2.83,2,PCT2,P4_BURST,NORMAL
RGTZ,10.5368,10.5,10,-0.37,-0.35,STOCHK_TIER1,08:50:35 AM ET,08:50:35 AM ET,0.0,1,,P4_BURST,NORMAL
RGTZ,10.4,10.53,5,1.7,1.63,MACD_BEAR_T2,08:50:35 AM ET,08:50:35 AM ET,2.02,2,PCT2,P4_BURST,NORMAL
RGTZ,10.51,10.54,10,0.3,0.29,STOCHK_TIER1,08:50:35 AM ET,08:50:35 AM ET,0.67,1,,P4_BURST,NORMAL
RGTZ,10.6209,10.9439,5,2.86,2.69,MACD_BEAR_T3,08:50:35 AM ET,08:50:36 AM ET,3.04,3,PCT2,P4_BURST,NORMAL
RGTZ,10.94,10.815,10,-1.25,-1.14,STOCHK_TIER1,08:50:36 AM ET,08:50:36 AM ET,0.0,1,,P4_BURST,NORMAL
RGTZ,10.415,10.53,5,1.65,1.58,STOCHK_TIER2,08:50:36 AM ET,08:50:36 AM ET,2.28,2,PCT2,P4_BURST,NORMAL
RGTZ,10.38,10.4,10,0.2,0.19,STOCHK_TIER1,08:50:36 AM ET,08:50:36 AM ET,0.48,1,,P4_BURST,NORMAL
RGTZ,10.55,10.61,10,0.6,0.57,STOCHK_TIER2,08:50:36 AM ET,08:50:36 AM ET,1.09,2,,P4_BURST,NORMAL
RGTZ,10.52,10.46,10,-0.6,-0.57,STOCHK_TIER1,08:50:36 AM ET,08:50:36 AM ET,0.0,1,,P4_BURST,NORMAL
RGTZ,10.44,10.32,10,-1.2,-1.15,STOCHK_TIER1,08:50:36 AM ET,08:50:36 AM ET,0.0,1,,P4_BURST,NORMAL
RGTZ,10.2522,10.36,5,1.88,1.83,STOCHK_TIER2,08:50:37 AM ET,08:50:37 AM ET,2.61,2,PCT2,P4_BURST,NORMAL
RGTZ,10.3,10.36,10,0.6,0.58,STOCHK_TIER1,08:50:37 AM ET,08:50:37 AM ET,0.78,1,,P4_BURST,NORMAL
RGTZ,10.545,10.5,10,-0.45,-0.43,STOCHK_TIER1,08:50:37 AM ET,08:50:37 AM ET,0.24,1,,P4_BURST,NORMAL
RGTZ,10.66,10.67,10,0.1,0.09,STOCHK_TIER1,08:50:37 AM ET,08:50:37 AM ET,0.38,1,,P4_BURST,NORMAL
RGTZ,10.58,10.53,10,-0.5,-0.47,STOCHK_TIER1,08:50:37 AM ET,08:50:37 AM ET,0.0,1,,P4_BURST,NORMAL
RGTZ,10.43,10.41,10,-0.2,-0.19,STOCHK_TIER1,08:50:37 AM ET,08:50:37 AM ET,0.38,1,,P4_BURST,NORMAL
RGTZ,10.6,10.46,10,-1.4,-1.32,STOCHK_TIER1,08:50:37 AM ET,08:50:37 AM ET,0.0,1,,P4_BURST,NORMAL
RGTZ,10.31,10.26,10,-0.5,-0.48,STOCHK_TIER1,08:50:37 AM ET,08:50:37 AM ET,0.0,1,,P4_BURST,NORMAL
RGTZ,10.285,10.21,10,-0.75,-0.73,STOCHK_TIER1,08:50:38 AM ET,08:50:38 AM ET,0.0,1,,P4_BURST,NORMAL
RGTZ,10.28,10.28,10,0.0,0.0,FLOOR_BREACH,08:50:38 AM ET,08:50:38 AM ET,1.02,2,,P4_BURST,NORMAL
RGTZ,10.2022,10.2,10,-0.02,-0.02,STOCHK_TIER1,08:50:38 AM ET,08:50:38 AM ET,0.57,1,,P4_BURST,NORMAL
RGTZ,10.2,10.185,10,-0.15,-0.15,STOCHK_TIER1,08:50:38 AM ET,08:50:38 AM ET,0.0,1,,P4_BURST,NORMAL
RGTZ,10.164,10.15,10,-0.14,-0.14,STOCHK_TIER1,08:50:38 AM ET,08:50:38 AM ET,0.0,1,,P4_BURST,NORMAL
RGTZ,10.142,10.1401,10,-0.02,-0.02,STOCHK_TIER1,08:50:38 AM ET,08:50:38 AM ET,0.0,1,,P4_BURST,NORMAL
RGTZ,10.1593,10.13,10,-0.29,-0.29,STOCHK_TIER1,08:50:38 AM ET,08:50:38 AM ET,0.0,1,,P4_BURST,NORMAL
RGTZ,10.1406,10.14,10,-0.01,-0.01,STOCHK_TIER1,08:50:39 AM ET,08:50:39 AM ET,0.01,1,,P4_BURST,NORMAL
RGTZ,10.0992,10.07,10,-0.29,-0.29,STOCHK_TIER1,08:50:39 AM ET,08:50:39 AM ET,0.01,1,,P4_BURST,NORMAL
RKLZ,3.005,3.0,10,-0.05,-0.17,STOCHK_TIER1,08:50:40 AM ET,08:50:40 AM ET,1.0,1,,P4_BURST,NORMAL
RKLZ,3.1599,3.135,10,-0.25,-0.79,FLOOR_BREACH,08:50:40 AM ET,08:50:40 AM ET,1.11,2,,P4_BURST,NORMAL
RKLZ,3.055,3.1,5,0.55,1.8,FLOOR_BREACH,08:50:40 AM ET,08:50:40 AM ET,3.93,3,PCT2,P4_BURST,NORMAL
RKLZ,3.1866,3.1475,10,-0.39,-1.23,STOCHK_TIER1,08:50:40 AM ET,08:50:40 AM ET,0.0,1,,P4_BURST,NORMAL
RKLZ,3.1787,3.16,10,-0.19,-0.59,STOCHK_TIER1,08:50:40 AM ET,08:50:40 AM ET,0.0,1,,P4_BURST,NORMAL
RKLZ,3.16,3.2,5,0.55,1.74,MACD_BEAR_T2,08:50:40 AM ET,08:50:41 AM ET,2.85,2,PCT2,P4_BURST,NORMAL
RKLZ,3.29,3.25,10,-0.4,-1.22,STOCHK_TIER1,08:50:41 AM ET,08:50:41 AM ET,0.0,1,,P4_BURST,NORMAL
RKLZ,3.22,3.18,10,-0.4,-1.24,STOCHK_TIER1,08:50:41 AM ET,08:50:41 AM ET,0.0,1,,P4_BURST,NORMAL
RKLZ,3.2,3.2886,5,0.79,2.48,MACD_BEAR_T3,08:50:41 AM ET,08:50:41 AM ET,3.12,3,PCT2,P4_BURST,NORMAL
RKLZ,3.14,3.11,10,-0.3,-0.96,STOCHK_TIER1,08:50:41 AM ET,08:50:41 AM ET,0.8,1,,P4_BURST,NORMAL
RKLZ,3.095,3.11,10,0.15,0.48,STOCHK_TIER2,08:50:41 AM ET,08:50:41 AM ET,1.45,2,,P4_BURST,NORMAL
RKLZ,3.1513,3.135,10,-0.16,-0.52,STOCHK_TIER1,08:50:41 AM ET,08:50:41 AM ET,0.0,1,,P4_BURST,NORMAL
RKLZ,3.195,3.16,10,-0.35,-1.1,STOCHK_TIER1,08:50:41 AM ET,08:50:41 AM ET,0.0,1,,P4_BURST,NORMAL
RKLZ,3.215,3.2113,10,-0.04,-0.12,STOCHK_TIER1,08:50:41 AM ET,08:50:41 AM ET,0.16,1,,P4_BURST,NORMAL
RKLZ,3.26,3.2301,10,-0.3,-0.92,STOCHK_TIER1,08:50:41 AM ET,08:50:41 AM ET,0.06,1,,P4_BURST,NORMAL
RKLZ,3.24,3.225,10,-0.15,-0.46,STOCHK_TIER1,08:50:41 AM ET,08:50:41 AM ET,0.15,1,,P4_BURST,NORMAL
RKLZ,3.19,3.21,10,0.2,0.63,STOCHK_TIER2,08:50:41 AM ET,08:50:41 AM ET,1.57,2,,P4_BURST,NORMAL
RKLZ,3.15,3.125,10,-0.25,-0.79,STOCHK_TIER1,08:50:42 AM ET,08:50:42 AM ET,0.32,1,,P4_BURST,NORMAL
RKLZ,3.08,3.1211,10,0.41,1.33,STOCHK_TIER2,08:50:42 AM ET,08:50:42 AM ET,1.79,2,,P4_BURST,NORMAL
RKLZ,3.07,3.0701,10,0.0,0.0,STOCHK_TIER1,08:50:42 AM ET,08:50:42 AM ET,0.53,1,,P4_BURST,NORMAL
RKLZ,3.0379,3.0389,10,0.01,0.03,STOCHK_TIER2,08:50:42 AM ET,08:50:42 AM ET,1.05,2,,P4_BURST,NORMAL
RKLZ,3.0401,3.04,10,-0.0,-0.0,STOCHK_TIER1,08:50:43 AM ET,08:50:43 AM ET,0.33,1,,P4_BURST,NORMAL
RKLZ,3.085,3.0801,10,-0.05,-0.16,STOCHK_TIER1,08:50:43 AM ET,08:50:43 AM ET,0.77,1,,P4_BURST,NORMAL
RKLZ,3.015,3.04,10,0.25,0.83,STOCHK_TIER2,08:50:43 AM ET,08:50:43 AM ET,1.6,2,,P4_BURST,NORMAL
RKLZ,3.035,3.02,10,-0.15,-0.49,STOCHK_TIER1,08:50:43 AM ET,08:50:43 AM ET,0.0,1,,P4_BURST,NORMAL
RKLZ,2.9688,2.9601,10,-0.09,-0.29,STOCHK_TIER1,08:50:44 AM ET,08:50:44 AM ET,0.0,1,,P4_BURST,NORMAL
RKLZ,3.0112,3.05,10,0.39,1.29,STOCHK_TIER2,08:50:44 AM ET,08:50:44 AM ET,1.62,2,,P4_BURST,NORMAL
SOBR,1.855,1.9101,4,0.66,3.56,FLOOR_BREACH,08:50:47 AM ET,08:50:47 AM ET,4.85,3,"PCT2,PCT4_AFTER2",P4_BURST,NORMAL
SOBR,1.89,1.8803,10,-0.1,-0.51,STOCHK_TIER1,08:50:47 AM ET,08:50:47 AM ET,0.8,1,,P4_BURST,NORMAL
SOBR,1.8685,1.86,10,-0.08,-0.45,STOCHK_TIER1,08:50:47 AM ET,08:50:47 AM ET,0.58,1,,P4_BURST,NORMAL
SOBR,1.94,2.0101,3,1.12,5.77,FLOOR_BREACH,08:50:47 AM ET,08:50:47 AM ET,6.7,3,FAST4,P4_BURST,NORMAL
SOBR,1.9812,1.951482,10,-0.3,-1.5,HARD_STOP,08:50:47 AM ET,08:50:47 AM ET,0.0,1,,P4_BURST,NORMAL
SOBR,2.01,1.9798499999999997,10,-0.3,-1.5,HARD_STOP,08:50:47 AM ET,08:50:47 AM ET,0.0,1,,P4_BURST,NORMAL
SOBR,2.05,2.01925,10,-0.31,-1.5,HARD_STOP,08:50:47 AM ET,08:50:47 AM ET,0.0,1,,P4_BURST,NORMAL
SOBR,2.0496,2.2136,4,1.02,5.0,FLOOR_BREACH,08:50:47 AM ET,08:50:47 AM ET,10.75,3,"PCT2,PCT4_AFTER2",P4_BURST,NORMAL
SOBR,2.14,2.1079,10,-0.32,-1.5,HARD_STOP,08:50:47 AM ET,08:50:47 AM ET,0.0,1,,P4_BURST,NORMAL
SOBR,2.18,2.16,10,-0.2,-0.92,STOCHK_TIER1,08:50:47 AM ET,08:50:47 AM ET,0.0,1,,P4_BURST,NORMAL
SOBR,2.17,2.15,10,-0.2,-0.92,STOCHK_TIER1,08:50:47 AM ET,08:50:47 AM ET,0.0,1,,P4_BURST,NORMAL
AMBO,3.8511,3.9,5,0.74,1.92,FLOOR_BREACH,08:50:47 AM ET,08:50:47 AM ET,3.09,3,PCT2,P4_BURST,NORMAL
SOBR,2.145,2.14,10,-0.05,-0.23,STOCHK_TIER1,08:50:47 AM ET,08:50:47 AM ET,0.69,1,,P4_BURST,NORMAL
SOBR,2.0195,1.99,10,-0.29,-1.46,STOCHK_TIER1,08:50:47 AM ET,08:50:47 AM ET,0.0,1,,P4_BURST,NORMAL
AMBO,3.75,3.69375,10,-0.56,-1.5,HARD_STOP,08:50:47 AM ET,08:50:47 AM ET,0.27,1,,P4_BURST,NORMAL
SOBR,2.015,2.01,10,-0.05,-0.25,STOCHK_TIER1,08:50:47 AM ET,08:50:47 AM ET,0.0,1,,P4_BURST,NORMAL
SOBR,2.035,2.0208,10,-0.14,-0.7,STOCHK_TIER1,08:50:47 AM ET,08:50:47 AM ET,0.25,1,,P4_BURST,NORMAL
SOBR,1.95,1.9501,10,0.0,0.01,STOCHK_TIER2,08:50:48 AM ET,08:50:48 AM ET,1.03,2,,P4_BURST,NORMAL
SOBR,1.945,1.93,10,-0.15,-0.77,STOCHK_TIER1,08:50:48 AM ET,08:50:48 AM ET,0.77,1,,P4_BURST,NORMAL
SOBR,1.905,1.8908,10,-0.14,-0.75,STOCHK_TIER1,08:50:48 AM ET,08:50:48 AM ET,0.0,1,,P4_BURST,NORMAL
SOBR,1.925,1.9085,10,-0.16,-0.86,STOCHK_TIER1,08:50:48 AM ET,08:50:48 AM ET,0.0,1,,P4_BURST,NORMAL
SOBR,1.84,1.84,10,0.0,0.0,FLOOR_BREACH,08:50:49 AM ET,08:50:49 AM ET,1.09,2,,P4_BURST,NORMAL
SOBR,1.83,1.8808,4,0.48,2.64,FLOOR_BREACH,08:50:49 AM ET,08:50:49 AM ET,4.37,3,"PCT2,PCT4_AFTER2",P4_BURST,NORMAL
SOBR,1.88,1.88,10,0.0,0.0,FLOOR_BREACH,08:50:49 AM ET,08:50:49 AM ET,1.06,2,,P4_BURST,NORMAL
SOBR,1.8315,1.8312,10,-0.0,-0.02,FLOOR_BREACH,08:50:49 AM ET,08:50:49 AM ET,1.56,2,,P4_BURST,NORMAL
SOBR,1.89,1.8616499999999998,10,-0.28,-1.5,HARD_STOP,08:50:50 AM ET,08:50:50 AM ET,0.0,1,,P4_BURST,NORMAL
SOBR,1.94,1.9108999999999998,10,-0.29,-1.5,HARD_STOP,08:50:50 AM ET,08:50:50 AM ET,0.0,1,,P4_BURST,NORMAL
SST,4.8009,4.728886500000001,10,-0.72,-1.5,HARD_STOP,08:50:51 AM ET,08:50:51 AM ET,0.0,1,,P4_BURST,NORMAL
SST,4.57,4.50145,10,-0.69,-1.5,HARD_STOP,08:50:51 AM ET,08:50:51 AM ET,0.0,1,,P4_BURST,NORMAL
SST,4.657,4.587145,10,-0.7,-1.5,HARD_STOP,08:50:51 AM ET,08:50:51 AM ET,0.0,1,,P4_BURST,NORMAL
SST,4.43,4.3902,10,-0.4,-0.9,STOCHK_TIER1,08:50:51 AM ET,08:50:51 AM ET,0.0,1,,P4_BURST,NORMAL
SST,4.11,4.11,3,1.19,2.9,FLOOR_BREACH,08:50:51 AM ET,08:50:51 AM ET,4.14,3,FAST4,P4_BURST,NORMAL
SST,3.8,3.743,10,-0.57,-1.5,HARD_STOP,08:50:51 AM ET,08:50:51 AM ET,0.0,1,,P4_BURST,NORMAL
SST,3.7923,3.7354154999999998,10,-0.57,-1.5,HARD_STOP,08:50:51 AM ET,08:50:51 AM ET,0.0,1,,P4_BURST,NORMAL
PRSO,1.5477,1.5244845,10,-0.23,-1.5,HARD_STOP,08:50:51 AM ET,08:50:51 AM ET,0.0,1,,P4_BURST,NORMAL
SST,3.4498,3.398053,10,-0.52,-1.5,HARD_STOP,08:50:51 AM ET,08:50:51 AM ET,0.0,1,,P4_BURST,NORMAL
SST,3.0,2.97,10,-0.3,-1.0,STOCHK_TIER1,08:50:52 AM ET,08:50:52 AM ET,0.0,1,,P4_BURST,NORMAL
SST,3.1,3.0535,10,-0.46,-1.5,HARD_STOP,08:50:52 AM ET,08:50:52 AM ET,0.0,1,,P4_BURST,NORMAL
STAK,1.5249,1.5020265,10,-0.23,-1.5,HARD_STOP,08:50:53 AM ET,08:50:53 AM ET,3.61,3,,P4_BURST,NORMAL
STAK,1.6701,1.6501,10,-0.2,-1.2,STOCHK_TIER1,08:50:53 AM ET,08:50:53 AM ET,0.29,1,,P4_BURST,NORMAL
STAK,1.64,1.6154,10,-0.25,-1.5,HARD_STOP,08:50:53 AM ET,08:50:53 AM ET,0.0,1,,P4_BURST,NORMAL
STAK,1.51,1.48735,10,-0.23,-1.5,HARD_STOP,08:50:53 AM ET,08:50:53 AM ET,0.33,1,,P4_BURST,NORMAL
STAK,1.5801,1.5563985,10,-0.24,-1.5,HARD_STOP,08:50:53 AM ET,08:50:53 AM ET,0.0,1,,P4_BURST,NORMAL
STAK,1.545,1.5302,10,-0.15,-0.96,STOCHK_TIER1,08:50:53 AM ET,08:50:53 AM ET,0.0,1,,P4_BURST,NORMAL
STAK,1.57,1.7207,4,0.9,5.71,FLOOR_BREACH,08:50:53 AM ET,08:50:53 AM ET,11.46,3,"PCT2,PCT4_AFTER2",P4_BURST,NORMAL
STAK,1.72,1.6942,10,-0.26,-1.5,HARD_STOP,08:50:53 AM ET,08:50:53 AM ET,0.0,1,,P4_BURST,NORMAL
STAK,1.74,1.77,4,0.36,2.1,FLOOR_BREACH,08:50:53 AM ET,08:50:53 AM ET,4.02,3,"PCT2,PCT4_AFTER2",P4_BURST,NORMAL
STAK,1.76,1.8002,4,0.44,2.5,FLOOR_BREACH,08:50:53 AM ET,08:50:53 AM ET,4.5,3,"PCT2,PCT4_AFTER2",P4_BURST,NORMAL
STAK,1.835,1.83,10,-0.05,-0.27,MACD_BEAR_T1,08:50:53 AM ET,08:50:53 AM ET,0.54,1,,P4_BURST,NORMAL
STAK,1.8798,1.8516029999999999,10,-0.28,-1.5,HARD_STOP,08:50:54 AM ET,08:50:54 AM ET,0.0,1,,P4_BURST,NORMAL
STAK,1.88,2.03,3,1.08,5.74,FLOOR_BREACH,08:50:54 AM ET,08:50:54 AM ET,10.64,3,FAST4,P4_BURST,NORMAL
STAK,2.03,1.9995499999999997,10,-0.3,-1.5,HARD_STOP,08:50:54 AM ET,08:50:54 AM ET,0.0,1,,P4_BURST,NORMAL
STAK,2.01,2.0008,10,-0.09,-0.46,FLOOR_BREACH,08:50:54 AM ET,08:50:54 AM ET,1.24,2,,P4_BURST,NORMAL
STAK,1.97,1.955,10,-0.15,-0.76,FLOOR_BREACH,08:50:54 AM ET,08:50:54 AM ET,1.02,2,,P4_BURST,NORMAL
STAK,1.995,2.02,5,0.35,1.75,FLOOR_BREACH,08:50:54 AM ET,08:50:54 AM ET,3.76,3,PCT2,P4_BURST,NORMAL
STAK,1.97,1.94045,10,-0.3,-1.5,HARD_STOP,08:50:54 AM ET,08:50:54 AM ET,0.0,1,,P4_BURST,NORMAL
STAK,2.02,2.0,10,-0.2,-0.99,STOCHK_TIER1,08:50:54 AM ET,08:50:54 AM ET,0.0,1,,P4_BURST,NORMAL
STAK,1.99,1.98,10,-0.1,-0.5,STOCHK_TIER1,08:50:54 AM ET,08:50:54 AM ET,0.45,1,,P4_BURST,NORMAL
STAK,2.2,2.1670000000000003,10,-0.33,-1.5,HARD_STOP,08:50:54 AM ET,08:50:54 AM ET,0.0,1,,P4_BURST,NORMAL
STAK,2.05,2.1452,4,0.79,3.87,FLOOR_BREACH,08:50:55 AM ET,08:50:55 AM ET,7.32,3,"PCT2,PCT4_AFTER2",P4_BURST,NORMAL
STAK,2.13,2.0980499999999997,10,-0.32,-1.5,HARD_STOP,08:50:55 AM ET,08:50:55 AM ET,0.0,1,,P4_BURST,NORMAL
STAK,2.08,2.06,10,-0.2,-0.96,STOCHK_TIER1,08:50:55 AM ET,08:50:55 AM ET,0.49,1,,P4_BURST,NORMAL
STAK,2.07,2.05,10,-0.2,-0.97,STOCHK_TIER1,08:50:55 AM ET,08:50:55 AM ET,0.0,1,,P4_BURST,NORMAL
STAK,2.01,1.9798499999999997,10,-0.3,-1.5,HARD_STOP,08:50:55 AM ET,08:50:55 AM ET,0.0,1,,P4_BURST,NORMAL
STAK,2.04,2.0094,10,-0.31,-1.5,HARD_STOP,08:50:55 AM ET,08:50:55 AM ET,0.0,1,,P4_BURST,NORMAL
STAK,2.04,2.07,5,0.45,2.21,FLOOR_BREACH,08:50:55 AM ET,08:50:55 AM ET,3.43,3,PCT2,P4_BURST,NORMAL
STAK,2.09,2.0586499999999996,10,-0.31,-1.5,HARD_STOP,08:50:56 AM ET,08:50:56 AM ET,0.0,1,,P4_BURST,NORMAL
TDIC,1.74,1.78,4,0.57,3.28,FLOOR_BREACH,08:50:58 AM ET,08:50:58 AM ET,6.32,3,"PCT2,PCT4_AFTER2",P4_BURST,NORMAL
TDIC,1.61,1.6265,4,0.33,2.06,FLOOR_BREACH,08:50:58 AM ET,08:50:58 AM ET,4.04,3,"PCT2,PCT4_AFTER2",P4_BURST,NORMAL
TDIC,1.6199,1.61,10,-0.1,-0.61,STOCHK_TIER1,08:50:58 AM ET,08:50:58 AM ET,0.01,1,,P4_BURST,NORMAL
TDIC,1.5897,1.57,10,-0.2,-1.24,STOCHK_TIER1,08:50:58 AM ET,08:50:58 AM ET,0.02,1,,P4_BURST,NORMAL
TDIC,1.6701,1.6450485,10,-0.25,-1.5,HARD_STOP,08:50:58 AM ET,08:50:58 AM ET,0.0,1,,P4_BURST,NORMAL
TDIC,1.7,1.6744999999999999,10,-0.26,-1.5,HARD_STOP,08:50:58 AM ET,08:50:58 AM ET,0.0,1,,P4_BURST,NORMAL
TDIC,1.6186,1.594321,10,-0.24,-1.5,HARD_STOP,08:50:58 AM ET,08:50:58 AM ET,0.0,1,,P4_BURST,NORMAL
TDIC,1.54,1.57,4,0.44,2.86,FLOOR_BREACH,08:50:58 AM ET,08:50:58 AM ET,4.55,3,"PCT2,PCT4_AFTER2",P4_BURST,NORMAL
TDIC,1.56,1.5366,10,-0.23,-1.5,HARD_STOP,08:50:58 AM ET,08:50:58 AM ET,0.0,1,,P4_BURST,NORMAL
TDIC,1.57,1.5701,10,0.0,0.01,STOCHK_TIER2,08:50:58 AM ET,08:50:58 AM ET,1.91,2,,P4_BURST,NORMAL
TDIC,1.57,1.5701,5,0.2,1.28,FLOOR_BREACH,08:50:58 AM ET,08:50:59 AM ET,2.55,2,PCT2,P4_BURST,NORMAL
TDIC,1.5901,1.5701,10,-0.2,-1.26,STOCHK_TIER1,08:50:59 AM ET,08:50:59 AM ET,0.61,1,,P4_BURST,NORMAL
TDIC,1.56,1.87,4,1.6,10.26,FLOOR_BREACH,08:50:59 AM ET,08:50:59 AM ET,29.81,3,"PCT2,PCT4_AFTER2",P4_BURST,NORMAL
TDIC,1.6501,1.6253484999999999,10,-0.25,-1.5,HARD_STOP,08:50:59 AM ET,08:50:59 AM ET,0.0,1,,P4_BURST,NORMAL
TDIC,1.5698,1.546253,10,-0.24,-1.5,HARD_STOP,08:50:59 AM ET,08:50:59 AM ET,0.02,1,,P4_BURST,NORMAL
TDIC,1.585,1.7601,3,1.05,6.63,FLOOR_BREACH,08:50:59 AM ET,08:50:59 AM ET,16.09,3,FAST4,P4_BURST,NORMAL
TDIC,1.635,1.6104749999999999,10,-0.25,-1.5,HARD_STOP,08:50:59 AM ET,08:50:59 AM ET,0.0,1,,P4_BURST,NORMAL
TDIC,1.6199,1.5956015,10,-0.24,-1.5,HARD_STOP,08:51:00 AM ET,08:51:00 AM ET,0.0,1,,P4_BURST,NORMAL
TDIC,1.4499,1.4281515,10,-0.22,-1.5,HARD_STOP,08:51:00 AM ET,08:51:00 AM ET,0.0,1,,P4_BURST,NORMAL
TDIC,1.4811,1.48,5,0.19,1.28,FLOOR_BREACH,08:51:00 AM ET,08:51:00 AM ET,2.7,2,PCT2,P4_BURST,NORMAL
AMBO,2.25,2.21625,10,-0.34,-1.5,HARD_STOP,08:51:00 AM ET,08:51:00 AM ET,0.0,1,,P4_BURST,NORMAL
TDIC,1.56,1.695,3,1.66,10.67,FLOOR_BREACH,08:51:00 AM ET,08:51:01 AM ET,11.54,3,FAST4,P4_BURST,NORMAL
TDIC,1.7501,1.7238485,10,-0.26,-1.5,HARD_STOP,08:51:01 AM ET,08:51:01 AM ET,0.0,1,,P4_BURST,NORMAL
TDIC,1.81,1.97,4,1.03,5.72,FLOOR_BREACH,08:51:01 AM ET,08:51:01 AM ET,11.88,3,"PCT2,PCT4_AFTER2",P4_BURST,NORMAL
TDIC,1.97,1.97,4,0.41,2.06,FLOOR_BREACH,08:51:01 AM ET,08:51:01 AM ET,4.06,3,"PCT2,PCT4_AFTER2",P4_BURST,NORMAL
TDIC,2.0211,1.9907835,10,-0.3,-1.5,HARD_STOP,08:51:01 AM ET,08:51:01 AM ET,0.0,1,,P4_BURST,NORMAL
TDIC,1.9599,2.035,3,0.89,4.55,FLOOR_BREACH,08:51:01 AM ET,08:51:01 AM ET,6.13,3,FAST4,P4_BURST,NORMAL
TDIC,1.931,1.9206,10,-0.1,-0.54,STOCHK_TIER1,08:51:02 AM ET,08:51:02 AM ET,0.47,1,,P4_BURST,NORMAL
TDIC,1.9103,1.905,10,-0.05,-0.28,FLOOR_BREACH,08:51:02 AM ET,08:51:02 AM ET,1.29,2,,P4_BURST,NORMAL
TDIC,1.8902,1.9,5,0.25,1.31,STOCHK_TIER2,08:51:02 AM ET,08:51:02 AM ET,2.63,2,PCT2,P4_BURST,NORMAL
TDIC,1.9001,1.92,5,0.35,1.84,STOCHK_TIER2,08:51:02 AM ET,08:51:02 AM ET,2.94,2,PCT2,P4_BURST,NORMAL
TDIC,1.9799,1.9712,5,0.16,0.79,FLOOR_BREACH,08:51:03 AM ET,08:51:03 AM ET,2.03,2,PCT2,P4_BURST,NORMAL
TDIC,1.9956,2.02,5,0.34,1.72,STOCHK_TIER2,08:51:03 AM ET,08:51:03 AM ET,2.73,2,PCT2,P4_BURST,NORMAL
TDIC,2.235,2.201475,10,-0.34,-1.5,HARD_STOP,08:51:03 AM ET,08:51:03 AM ET,0.0,1,,P4_BURST,NORMAL
TDIC,2.25,2.21625,10,-0.34,-1.5,HARD_STOP,08:51:03 AM ET,08:51:03 AM ET,0.0,1,,P4_BURST,NORMAL
BZFD,1.45,1.44,10,-0.1,-0.69,FLOOR_BREACH,08:51:03 AM ET,08:51:03 AM ET,1.41,2,,P4_BURST,NORMAL
TDIC,2.3975,2.3615375,10,-0.36,-1.5,HARD_STOP,08:51:03 AM ET,08:51:03 AM ET,0.0,1,,P4_BURST,NORMAL
TDIC,2.26,2.2260999999999997,10,-0.34,-1.5,HARD_STOP,08:51:04 AM ET,08:51:04 AM ET,0.0,1,,P4_BURST,NORMAL
TDIC,2.2,2.1670000000000003,10,-0.33,-1.5,HARD_STOP,08:51:04 AM ET,08:51:04 AM ET,0.0,1,,P4_BURST,NORMAL
TDIC,2.03,2.075,4,0.55,2.72,FLOOR_BREACH,08:51:04 AM ET,08:51:04 AM ET,4.24,3,"PCT2,PCT4_AFTER2",P4_BURST,NORMAL
TDIC,2.1063,2.08,10,-0.26,-1.25,STOCHK_TIER1,08:51:04 AM ET,08:51:04 AM ET,0.18,1,,P4_BURST,NORMAL
TDIC,2.1089,2.0772665000000003,10,-0.32,-1.5,HARD_STOP,08:51:05 AM ET,08:51:05 AM ET,0.0,1,,P4_BURST,NORMAL
TDIC,2.1099,2.111,10,0.01,0.05,STOCHK_TIER2,08:51:05 AM ET,08:51:05 AM ET,1.9,2,,P4_BURST,NORMAL
TDIC,2.1106,2.22,4,0.83,3.91,FLOOR_BREACH,08:51:05 AM ET,08:51:05 AM ET,7.55,3,"PCT2,PCT4_AFTER2",P4_BURST,NORMAL
TDIC,2.32,2.2851999999999997,10,-0.35,-1.5,HARD_STOP,08:51:05 AM ET,08:51:05 AM ET,1.35,2,,P4_BURST,NORMAL
TDIC,2.27,2.2502,10,-0.2,-0.87,STOCHK_TIER1,08:51:06 AM ET,08:51:06 AM ET,0.44,1,,P4_BURST,NORMAL
TDIC,2.3,2.2655,10,-0.34,-1.5,HARD_STOP,08:51:06 AM ET,08:51:06 AM ET,0.0,1,,P4_BURST,NORMAL
TDIC,2.2911,2.4811,4,1.39,6.08,FLOOR_BREACH,08:51:06 AM ET,08:51:06 AM ET,10.43,3,"PCT2,PCT4_AFTER2",P4_BURST,NORMAL
TDIC,2.6698,2.66,10,-0.1,-0.37,FLOOR_BREACH,08:51:06 AM ET,08:51:06 AM ET,1.13,2,,P4_BURST,NORMAL
TDIC,2.6601,2.6201985,10,-0.4,-1.5,HARD_STOP,08:51:07 AM ET,08:51:07 AM ET,0.0,1,,P4_BURST,NORMAL
TDIC,2.4401,2.4701,4,0.48,1.99,FLOOR_BREACH,08:51:07 AM ET,08:51:07 AM ET,4.71,3,"PCT2,PCT4_AFTER2",P4_BURST,NORMAL
TDIC,2.42,2.3836999999999997,10,-0.36,-1.5,HARD_STOP,08:51:07 AM ET,08:51:07 AM ET,0.0,1,,P4_BURST,NORMAL
TDIC,2.5789,2.5402165,10,-0.39,-1.5,HARD_STOP,08:51:08 AM ET,08:51:08 AM ET,0.0,1,,P4_BURST,NORMAL
TDIC,2.5401,2.5019984999999996,10,-0.38,-1.5,HARD_STOP,08:51:08 AM ET,08:51:08 AM ET,0.0,1,,P4_BURST,NORMAL
TDIC,2.7201,2.7181,10,-0.02,-0.07,MACD_BEAR_T1,08:51:08 AM ET,08:51:08 AM ET,0.0,1,,P4_BURST,NORMAL
TDIC,2.6299,2.645,5,0.5,1.91,FLOOR_BREACH,08:51:08 AM ET,08:51:08 AM ET,3.24,3,PCT2,P4_BURST,NORMAL
TDIC,2.495,2.471,10,-0.24,-0.96,FLOOR_BREACH,08:51:09 AM ET,08:51:09 AM ET,1.4,2,,P4_BURST,NORMAL
TDIC,2.28,2.2457999999999996,10,-0.34,-1.5,HARD_STOP,08:51:09 AM ET,08:51:09 AM ET,0.44,1,,P4_BURST,NORMAL
TDIC,2.24,2.2064000000000004,10,-0.34,-1.5,HARD_STOP,08:51:10 AM ET,08:51:10 AM ET,0.0,1,,P4_BURST,NORMAL
TDIC,2.32,2.32,10,0.0,0.0,FLOOR_BREACH,08:51:10 AM ET,08:51:10 AM ET,1.29,2,,P4_BURST,NORMAL
TDIC,2.34,2.32,10,-0.2,-0.85,MACD_BEAR_T1,08:51:10 AM ET,08:51:10 AM ET,0.0,1,,P4_BURST,NORMAL
TDIC,2.2767,2.2425495,10,-0.34,-1.5,HARD_STOP,08:51:11 AM ET,08:51:11 AM ET,0.0,1,,P4_BURST,NORMAL
TDIC,2.35,2.47,3,1.06,4.51,FLOOR_BREACH,08:51:11 AM ET,08:51:11 AM ET,8.51,3,FAST4,P4_BURST,NORMAL
TDIC,3.12,3.3598,3,2.89,9.26,FLOOR_BREACH,08:51:11 AM ET,08:51:11 AM ET,9.94,3,FAST4,P4_BURST,NORMAL
TDIC,3.5297,3.5992,5,0.75,2.13,MACD_BEAR_T2,08:51:12 AM ET,08:51:12 AM ET,2.84,2,PCT2,P4_BURST,NORMAL
TDIC,3.08,3.08,10,0.0,0.0,FLOOR_BREACH,08:51:12 AM ET,08:51:12 AM ET,1.3,2,,P4_BURST,NORMAL
TDIC,3.21,3.16185,10,-0.48,-1.5,HARD_STOP,08:51:12 AM ET,08:51:12 AM ET,0.62,1,,P4_BURST,NORMAL
TDIC,3.19,3.17,10,-0.2,-0.63,MACD_BEAR_T1,08:51:13 AM ET,08:51:13 AM ET,0.0,1,,P4_BURST,NORMAL
TDIC,3.25,3.20125,10,-0.49,-1.5,HARD_STOP,08:51:13 AM ET,08:51:14 AM ET,0.0,1,,P4_BURST,NORMAL
TDIC,3.0835,3.12,5,0.57,1.83,FLOOR_BREACH,08:51:14 AM ET,08:51:15 AM ET,3.78,3,PCT2,P4_BURST,NORMAL
TLIH,3.57,3.61,5,0.8,2.24,FLOOR_BREACH,08:51:20 AM ET,08:51:20 AM ET,3.36,3,PCT2,P4_BURST,NORMAL
TLIH,3.66,3.6051,10,-0.55,-1.5,HARD_STOP,08:51:20 AM ET,08:51:20 AM ET,0.0,1,,P4_BURST,NORMAL
TLIH,3.6999,3.7,10,0.0,0.0,STOCHK_TIER1,08:51:20 AM ET,08:51:20 AM ET,0.03,1,,P4_BURST,NORMAL
AIIO,1.36,1.3503,10,-0.1,-0.71,STOCHK_TIER1,08:51:23 AM ET,08:51:23 AM ET,0.0,1,,P4_BURST,NORMAL
AIIO,1.3597,1.3501,10,-0.1,-0.71,STOCHK_TIER1,08:51:23 AM ET,08:51:23 AM ET,0.0,1,,P4_BURST,NORMAL
AIIO,1.35,1.3413,10,-0.09,-0.64,STOCHK_TIER1,08:51:23 AM ET,08:51:23 AM ET,0.0,1,,P4_BURST,NORMAL
AIIO,1.4901,1.5135,5,0.27,1.79,STOCHK_TIER2,08:51:23 AM ET,08:51:24 AM ET,2.68,2,PCT2,P4_BURST,NORMAL
AIIO,1.41,1.39,10,-0.2,-1.42,STOCHK_TIER1,08:51:24 AM ET,08:51:24 AM ET,0.71,1,,P4_BURST,NORMAL
AMBO,1.954,1.95,10,-0.04,-0.2,EOD_CLOSE,08:51:24 AM ET,08:51:24 AM ET,0.0,1,,P4_BURST,NORMAL
BESS,3.2398,3.191203,10,-0.49,-1.5,HARD_STOP,08:51:24 AM ET,08:51:24 AM ET,0.01,1,,P4_BURST,NORMAL
BESS,3.24,3.4,3,1.46,4.51,FLOOR_BREACH,08:51:24 AM ET,08:51:24 AM ET,7.72,3,FAST4,P4_BURST,NORMAL
BESS,3.4657,3.4137144999999998,10,-0.52,-1.5,HARD_STOP,08:51:24 AM ET,08:51:24 AM ET,0.0,1,,P4_BURST,NORMAL
BESS,3.41,3.445,5,0.57,1.69,STOCHK_TIER2,08:51:24 AM ET,08:51:24 AM ET,2.35,2,PCT2,P4_BURST,NORMAL
BESS,3.4622,3.44,10,-0.22,-0.64,FLOOR_BREACH,08:51:24 AM ET,08:51:24 AM ET,1.09,2,,P4_BURST,NORMAL
BESS,3.41,3.35885,10,-0.51,-1.5,HARD_STOP,08:51:24 AM ET,08:51:24 AM ET,0.0,1,,P4_BURST,NORMAL
BESS,3.4148,3.363578,10,-0.51,-1.5,HARD_STOP,08:51:24 AM ET,08:51:24 AM ET,0.15,1,,P4_BURST,NORMAL
BESS,3.47,3.4611,10,-0.09,-0.26,STOCHK_TIER1,08:51:24 AM ET,08:51:24 AM ET,0.0,1,,P4_BURST,NORMAL
BEZ,2.14,2.115,10,-0.25,-1.17,STOCHK_TIER1,08:51:24 AM ET,08:51:24 AM ET,0.0,1,,P4_BURST,NORMAL
BEZ,2.035,2.04,10,0.05,0.25,STOCHK_TIER1,08:51:24 AM ET,08:51:24 AM ET,0.74,1,,P4_BURST,NORMAL
BEZ,1.9999,1.99,10,-0.1,-0.5,STOCHK_TIER1,08:51:24 AM ET,08:51:24 AM ET,0.51,1,,P4_BURST,NORMAL
BEZ,1.96,1.97,10,0.1,0.51,STOCHK_TIER2,08:51:24 AM ET,08:51:24 AM ET,1.53,2,,P4_BURST,NORMAL
BEZ,1.98,1.96,10,-0.2,-1.01,STOCHK_TIER1,08:51:25 AM ET,08:51:25 AM ET,0.0,1,,P4_BURST,NORMAL
BEZ,1.9501,1.9301,10,-0.2,-1.03,STOCHK_TIER1,08:51:25 AM ET,08:51:25 AM ET,0.0,1,,P4_BURST,NORMAL
BEZ,1.9,1.89,10,-0.1,-0.53,STOCHK_TIER1,08:51:25 AM ET,08:51:25 AM ET,0.0,1,,P4_BURST,NORMAL
BEZ,1.92,1.9,10,-0.2,-1.04,STOCHK_TIER1,08:51:25 AM ET,08:51:25 AM ET,0.0,1,,P4_BURST,NORMAL
BEZ,2.01,1.99,10,-0.2,-1.0,STOCHK_TIER1,08:51:25 AM ET,08:51:25 AM ET,0.0,1,,P4_BURST,NORMAL
BWEN,4.4609,4.4011,10,-0.6,-1.34,STOCHK_TIER1,08:51:26 AM ET,08:51:26 AM ET,0.11,1,,P4_BURST,NORMAL
BWEN,4.49,4.42265,10,-0.67,-1.5,HARD_STOP,08:51:26 AM ET,08:51:26 AM ET,0.0,1,,P4_BURST,NORMAL
BWEN,4.48,4.45,10,-0.3,-0.67,STOCHK_TIER1,08:51:26 AM ET,08:51:26 AM ET,0.0,1,,P4_BURST,NORMAL
BWEN,4.5996,4.65,10,0.5,1.1,EOD_CLOSE,08:51:26 AM ET,08:51:26 AM ET,1.53,2,,P4_BURST,NORMAL
BZFD,1.38,1.36,10,-0.2,-1.45,STOCHK_TIER1,08:51:27 AM ET,08:51:27 AM ET,0.0,1,,P4_BURST,NORMAL
BZFD,1.15,1.145,10,-0.05,-0.43,STOCHK_TIER1,08:51:27 AM ET,08:51:27 AM ET,0.87,1,,P4_BURST,NORMAL
BZFD,1.135,1.135,10,0.0,0.0,FLOOR_BREACH,08:51:27 AM ET,08:51:27 AM ET,1.09,2,,P4_BURST,NORMAL
BZFD,1.1496,1.132356,10,-0.17,-1.5,HARD_STOP,08:51:28 AM ET,08:51:28 AM ET,0.0,1,,P4_BURST,NORMAL
BZFD,1.13,1.1362,10,0.06,0.55,STOCHK_TIER2,08:51:28 AM ET,08:51:28 AM ET,1.76,2,,P4_BURST,NORMAL
BZFD,1.15,1.14,10,-0.1,-0.87,STOCHK_TIER1,08:51:28 AM ET,08:51:28 AM ET,0.0,1,,P4_BURST,NORMAL
BZFD,1.1498,1.16,10,0.1,0.89,STOCHK_TIER2,08:51:28 AM ET,08:51:28 AM ET,1.76,2,,P4_BURST,NORMAL
BZFD,1.2,1.24,4,0.42,3.47,FLOOR_BREACH,08:51:28 AM ET,08:51:28 AM ET,5.0,3,"PCT2,PCT4_AFTER2",P4_BURST,NORMAL
BZFD,1.2351,1.2475,5,0.19,1.51,STOCHK_TIER2,08:51:28 AM ET,08:51:28 AM ET,2.02,2,PCT2,P4_BURST,NORMAL
BZFD,1.2597,1.255,10,-0.05,-0.37,STOCHK_TIER1,08:51:28 AM ET,08:51:29 AM ET,0.02,1,,P4_BURST,NORMAL
BZFD,1.26,1.27,10,0.1,0.79,STOCHK_TIER2,08:51:29 AM ET,08:51:29 AM ET,1.59,2,,P4_BURST,NORMAL
BZFD,1.25,1.23125,10,-0.19,-1.5,HARD_STOP,08:51:29 AM ET,08:51:29 AM ET,0.0,1,,P4_BURST,NORMAL
BZFD,1.215,1.2101,10,-0.05,-0.4,STOCHK_TIER1,08:51:29 AM ET,08:51:29 AM ET,0.0,1,,P4_BURST,NORMAL
BZFD,1.28,1.2801,10,0.0,0.01,STOCHK_TIER1,08:51:29 AM ET,08:51:29 AM ET,0.78,1,,P4_BURST,NORMAL
BZFD,1.2695,1.2605,10,-0.09,-0.71,STOCHK_TIER1,08:51:29 AM ET,08:51:29 AM ET,0.0,1,,P4_BURST,NORMAL
BZFD,1.28,1.27,10,-0.1,-0.78,STOCHK_TIER1,08:51:29 AM ET,08:51:29 AM ET,0.0,1,,P4_BURST,NORMAL
BZFD,1.275,1.271,10,-0.04,-0.31,STOCHK_TIER1,08:51:30 AM ET,08:51:30 AM ET,0.0,1,,P4_BURST,NORMAL
BZFD,1.2799,1.2702,10,-0.1,-0.76,STOCHK_TIER1,08:51:30 AM ET,08:51:30 AM ET,0.0,1,,P4_BURST,NORMAL
BZFD,1.2882,1.2801,10,-0.08,-0.63,STOCHK_TIER1,08:51:30 AM ET,08:51:30 AM ET,0.13,1,,P4_BURST,NORMAL
BZFD,1.29,1.28,10,-0.1,-0.78,STOCHK_TIER1,08:51:30 AM ET,08:51:30 AM ET,0.0,1,,P4_BURST,NORMAL
BZFD,1.285,1.2801,10,-0.05,-0.38,STOCHK_TIER1,08:51:31 AM ET,08:51:31 AM ET,0.0,1,,P4_BURST,NORMAL
BZFD,1.285,1.2701,10,-0.15,-1.16,STOCHK_TIER1,08:51:31 AM ET,08:51:31 AM ET,0.0,1,,P4_BURST,NORMAL
BZFD,1.28,1.28,10,0.0,0.0,STOCHK_TIER1,08:51:31 AM ET,08:51:31 AM ET,0.78,1,,P4_BURST,NORMAL
BZFD,1.29,1.31,5,0.25,1.94,MACD_BEAR_T3,08:51:31 AM ET,08:51:32 AM ET,3.1,3,PCT2,P4_BURST,NORMAL
BZFD,1.345,1.34,10,-0.05,-0.37,STOCHK_TIER1,08:51:32 AM ET,08:51:32 AM ET,0.0,1,,P4_BURST,NORMAL
BZFD,1.36,1.365,10,0.05,0.37,MACD_BEAR_T1,08:51:32 AM ET,08:51:32 AM ET,0.74,1,,P4_BURST,NORMAL
BZFD,1.3681,1.3643,10,-0.04,-0.28,MACD_BEAR_T1,08:51:32 AM ET,08:51:32 AM ET,0.14,1,,P4_BURST,NORMAL
BZFD,1.3598,1.339403,10,-0.2,-1.5,HARD_STOP,08:51:33 AM ET,08:51:33 AM ET,0.0,1,,P4_BURST,NORMAL
BZFD,1.34,1.3199,10,-0.2,-1.5,HARD_STOP,08:51:33 AM ET,08:51:33 AM ET,0.0,1,,P4_BURST,NORMAL
BZFD,1.37,1.35,10,-0.2,-1.46,STOCHK_TIER1,08:51:33 AM ET,08:51:33 AM ET,0.0,1,,P4_BURST,NORMAL
BZFD,1.3699,1.36,10,-0.1,-0.72,MACD_BEAR_T1,08:51:33 AM ET,08:51:33 AM ET,0.52,1,,P4_BURST,NORMAL
BZFD,1.36,1.3511,10,-0.09,-0.65,STOCHK_TIER1,08:51:33 AM ET,08:51:33 AM ET,0.0,1,,P4_BURST,NORMAL
BZFD,1.36,1.3505,10,-0.1,-0.7,STOCHK_TIER1,08:51:33 AM ET,08:51:33 AM ET,0.0,1,,P4_BURST,NORMAL
BZFD,1.36,1.35,10,-0.1,-0.74,STOCHK_TIER1,08:51:34 AM ET,08:51:34 AM ET,0.0,1,,P4_BURST,NORMAL
BZFD,1.35,1.32975,10,-0.2,-1.5,HARD_STOP,08:51:34 AM ET,08:51:34 AM ET,0.0,1,,P4_BURST,NORMAL
BZFD,1.33,1.3100500000000002,10,-0.2,-1.5,HARD_STOP,08:51:34 AM ET,08:51:34 AM ET,0.0,1,,P4_BURST,NORMAL
BZFD,1.26,1.2411,10,-0.19,-1.5,HARD_STOP,08:51:34 AM ET,08:51:34 AM ET,0.0,1,,P4_BURST,NORMAL
BZFD,1.2935,1.2740975,10,-0.19,-1.5,HARD_STOP,08:51:34 AM ET,08:51:34 AM ET,0.0,1,,P4_BURST,NORMAL
BZFD,1.2708,1.2725,10,0.02,0.13,STOCHK_TIER1,08:51:35 AM ET,08:51:35 AM ET,0.13,1,,P4_BURST,NORMAL
BZFD,1.3,1.3,10,0.0,0.0,FLOOR_BREACH,08:51:35 AM ET,08:51:35 AM ET,1.54,2,,P4_BURST,NORMAL
BZFD,1.31,1.3,10,-0.1,-0.76,STOCHK_TIER1,08:51:35 AM ET,08:51:35 AM ET,0.44,1,,P4_BURST,NORMAL
BZFD,1.3006,1.3,10,-0.01,-0.05,FLOOR_BREACH,08:51:35 AM ET,08:51:35 AM ET,1.49,2,,P4_BURST,NORMAL
BZFD,1.31,1.3003,10,-0.1,-0.74,STOCHK_TIER1,08:51:35 AM ET,08:51:35 AM ET,0.0,1,,P4_BURST,NORMAL
BZFD,1.31,1.31,10,0.0,0.0,STOCHK_TIER1,08:51:36 AM ET,08:51:36 AM ET,0.76,1,,P4_BURST,NORMAL
SST,3.8,3.743,10,-0.57,-1.5,HARD_STOP,08:51:37 AM ET,08:51:37 AM ET,0.0,1,,P4_BURST,NORMAL
CORD,6.035,6.08,10,0.45,0.75,STOCHK_TIER2,08:51:38 AM ET,08:51:38 AM ET,1.24,2,,P4_BURST,NORMAL
CORD,5.89,5.905,10,0.15,0.25,STOCHK_TIER1,08:51:38 AM ET,08:51:38 AM ET,0.74,1,,P4_BURST,NORMAL
CORD,5.92,5.9,10,-0.2,-0.34,STOCHK_TIER1,08:51:38 AM ET,08:51:38 AM ET,0.0,1,,P4_BURST,NORMAL
CORD,5.7672,5.74,10,-0.27,-0.47,STOCHK_TIER1,08:51:38 AM ET,08:51:38 AM ET,0.31,1,,P4_BURST,NORMAL
CORD,5.77,5.79,10,0.2,0.35,STOCHK_TIER2,08:51:38 AM ET,08:51:38 AM ET,1.56,2,,P4_BURST,NORMAL
CORD,5.815,5.795,10,-0.2,-0.34,STOCHK_TIER1,08:51:38 AM ET,08:51:38 AM ET,0.26,1,,P4_BURST,NORMAL
CORD,5.65,5.62,10,-0.3,-0.53,STOCHK_TIER1,08:51:38 AM ET,08:51:38 AM ET,0.0,1,,P4_BURST,NORMAL
CORD,5.655,5.63,10,-0.25,-0.44,STOCHK_TIER1,08:51:38 AM ET,08:51:38 AM ET,0.18,1,,P4_BURST,NORMAL
CORD,5.68,5.7007,10,0.21,0.36,STOCHK_TIER2,08:51:38 AM ET,08:51:38 AM ET,1.06,2,,P4_BURST,NORMAL
CORD,5.63,5.6,10,-0.3,-0.53,STOCHK_TIER1,08:51:38 AM ET,08:51:38 AM ET,0.0,1,,P4_BURST,NORMAL
CORD,5.6,5.595,10,-0.05,-0.09,STOCHK_TIER1,08:51:38 AM ET,08:51:38 AM ET,0.18,1,,P4_BURST,NORMAL
CORD,5.53,5.49,10,-0.4,-0.72,STOCHK_TIER1,08:51:38 AM ET,08:51:38 AM ET,0.0,1,,P4_BURST,NORMAL
CORD,5.565,5.535,10,-0.3,-0.54,STOCHK_TIER1,08:51:38 AM ET,08:51:38 AM ET,0.4,1,,P4_BURST,NORMAL
CORD,5.58,5.58,10,0.0,0.0,STOCHK_TIER1,08:51:38 AM ET,08:51:38 AM ET,0.36,1,,P4_BURST,NORMAL
CORD,5.5397,5.53,10,-0.1,-0.18,STOCHK_TIER1,08:51:38 AM ET,08:51:38 AM ET,0.19,1,,P4_BURST,NORMAL
CORD,5.5219,5.5551,10,0.33,0.6,STOCHK_TIER2,08:51:38 AM ET,08:51:38 AM ET,1.23,2,,P4_BURST,NORMAL
CORD,5.56,5.545,10,-0.15,-0.27,STOCHK_TIER1,08:51:38 AM ET,08:51:38 AM ET,0.0,1,,P4_BURST,NORMAL
CORD,5.48,5.46,10,-0.2,-0.36,STOCHK_TIER1,08:51:39 AM ET,08:51:39 AM ET,0.0,1,,P4_BURST,NORMAL
CORD,5.46,5.445,10,-0.15,-0.27,STOCHK_TIER1,08:51:39 AM ET,08:51:39 AM ET,0.37,1,,P4_BURST,NORMAL
CORD,5.5,5.55,10,0.5,0.91,STOCHK_TIER2,08:51:39 AM ET,08:51:39 AM ET,1.82,2,,P4_BURST,NORMAL
CORD,5.56,5.56,10,0.0,0.0,STOCHK_TIER1,08:51:39 AM ET,08:51:39 AM ET,0.45,1,,P4_BURST,NORMAL
CORD,5.53,5.53,10,0.0,0.0,STOCHK_TIER1,08:51:39 AM ET,08:51:39 AM ET,0.54,1,,P4_BURST,NORMAL
CRCD,2.55,2.635,4,0.76,2.97,MACD_BEAR_T3,08:51:40 AM ET,08:51:40 AM ET,4.71,3,"PCT2,PCT4_AFTER2",P4_BURST,NORMAL
CRCD,2.61,2.605,10,-0.05,-0.19,STOCHK_TIER1,08:51:40 AM ET,08:51:40 AM ET,0.38,1,,P4_BURST,NORMAL
CRCD,2.46,2.44,10,-0.2,-0.81,FLOOR_BREACH,08:51:40 AM ET,08:51:40 AM ET,1.22,2,,P4_BURST,NORMAL
CRCD,2.42,2.42,10,0.0,0.0,STOCHK_TIER1,08:51:40 AM ET,08:51:40 AM ET,0.83,1,,P4_BURST,NORMAL
CRCD,2.42,2.4,10,-0.2,-0.83,STOCHK_TIER1,08:51:40 AM ET,08:51:40 AM ET,0.0,1,,P4_BURST,NORMAL
CRCD,2.31,2.33,10,0.2,0.87,STOCHK_TIER2,08:51:40 AM ET,08:51:41 AM ET,1.3,2,,P4_BURST,NORMAL
CRCD,2.2998,2.3,10,0.0,0.01,STOCHK_TIER1,08:51:41 AM ET,08:51:41 AM ET,0.44,1,,P4_BURST,NORMAL
CRCD,2.335,2.33,10,-0.05,-0.21,STOCHK_TIER1,08:51:41 AM ET,08:51:41 AM ET,0.43,1,,P4_BURST,NORMAL
CRCD,2.4399,2.435,5,0.27,1.09,FLOOR_BREACH,08:51:41 AM ET,08:51:41 AM ET,2.39,2,PCT2,P4_BURST,NORMAL
CRCD,2.43,2.41,10,-0.2,-0.82,STOCHK_TIER1,08:51:41 AM ET,08:51:41 AM ET,0.0,1,,P4_BURST,NORMAL
CRCD,2.36,2.34,10,-0.2,-0.85,STOCHK_TIER1,08:51:41 AM ET,08:51:41 AM ET,0.0,1,,P4_BURST,NORMAL
CRCD,2.3298,2.3309,10,0.01,0.05,STOCHK_TIER2,08:51:41 AM ET,08:51:41 AM ET,1.3,2,,P4_BURST,NORMAL
CRCD,2.2898,2.311,10,0.21,0.93,STOCHK_TIER2,08:51:41 AM ET,08:51:42 AM ET,1.76,2,,P4_BURST,NORMAL
CRCD,2.32,2.335,10,0.15,0.65,STOCHK_TIER2,08:51:42 AM ET,08:51:42 AM ET,1.29,2,,P4_BURST,NORMAL
CRCD,2.2995,2.27,10,-0.3,-1.28,STOCHK_TIER1,08:51:42 AM ET,08:51:42 AM ET,0.0,1,,P4_BURST,NORMAL
CRCD,2.27,2.2603,10,-0.1,-0.43,STOCHK_TIER1,08:51:42 AM ET,08:51:42 AM ET,0.01,1,,P4_BURST,NORMAL
CRCD,2.2199,2.21,10,-0.1,-0.45,STOCHK_TIER1,08:51:42 AM ET,08:51:42 AM ET,0.0,1,,P4_BURST,NORMAL
CRCD,2.21,2.195,10,-0.15,-0.68,STOCHK_TIER1,08:51:42 AM ET,08:51:42 AM ET,0.0,1,,P4_BURST,NORMAL
CRCD,2.27,2.2601,10,-0.1,-0.44,STOCHK_TIER1,08:51:43 AM ET,08:51:43 AM ET,0.0,1,,P4_BURST,NORMAL
CRCD,2.3,2.31,10,0.1,0.43,STOCHK_TIER1,08:51:43 AM ET,08:51:43 AM ET,0.44,1,,P4_BURST,NORMAL
CRCD,2.32,2.355,10,0.35,1.51,MACD_BEAR_T2,08:51:43 AM ET,08:51:43 AM ET,1.73,2,,P4_BURST,NORMAL
CRCD,2.245,2.23,10,-0.15,-0.67,STOCHK_TIER1,08:51:43 AM ET,08:51:43 AM ET,0.0,1,,P4_BURST,NORMAL
CRCD,2.25,2.25,10,0.0,0.0,STOCHK_TIER1,08:51:43 AM ET,08:51:44 AM ET,0.89,1,,P4_BURST,NORMAL
CRCD,2.3384,2.355,10,0.17,0.71,STOCHK_TIER2,08:51:44 AM ET,08:51:44 AM ET,1.35,2,,P4_BURST,NORMAL
BZFD,1.32,1.3002,10,-0.2,-1.5,HARD_STOP,08:51:44 AM ET,08:51:44 AM ET,0.0,1,,P4_BURST,NORMAL
DJTU,1.4334,1.455,5,0.27,1.86,MACD_BEAR_T2,08:51:45 AM ET,08:51:45 AM ET,2.2,2,PCT2,P4_BURST,NORMAL
DJTU,1.45,1.45,10,0.0,0.0,STOCHK_TIER1,08:51:45 AM ET,08:51:45 AM ET,0.45,1,,P4_BURST,NORMAL
ELAB,2.015,2.005,10,-0.1,-0.5,STOCHK_TIER1,08:51:45 AM ET,08:51:45 AM ET,0.25,1,,P4_BURST,NORMAL
ELAB,2.0051,2.0285,5,0.39,1.95,MACD_BEAR_T2,08:51:45 AM ET,08:51:45 AM ET,2.74,2,PCT2,P4_BURST,NORMAL
ELAB,2.05,2.0401,10,-0.1,-0.48,STOCHK_TIER1,08:51:45 AM ET,08:51:45 AM ET,0.0,1,,P4_BURST,NORMAL
ELAB,2.0306,2.0316,10,0.01,0.05,STOCHK_TIER2,08:51:45 AM ET,08:51:45 AM ET,1.45,2,,P4_BURST,NORMAL
ELAB,2.0137,2.0,10,-0.14,-0.68,STOCHK_TIER1,08:51:45 AM ET,08:51:45 AM ET,0.31,1,,P4_BURST,NORMAL
ELAB,1.99,1.97,10,-0.2,-1.01,STOCHK_TIER1,08:51:45 AM ET,08:51:45 AM ET,0.0,1,,P4_BURST,NORMAL
ELAB,1.96,1.97,10,0.1,0.51,STOCHK_TIER1,08:51:45 AM ET,08:51:45 AM ET,0.77,1,,P4_BURST,NORMAL
ELAB,2.0,1.99,10,-0.1,-0.5,STOCHK_TIER1,08:51:45 AM ET,08:51:45 AM ET,0.0,1,,P4_BURST,NORMAL
ELAB,1.9589,1.95,10,-0.09,-0.45,STOCHK_TIER1,08:51:45 AM ET,08:51:45 AM ET,0.57,1,,P4_BURST,NORMAL
ELAB,1.9397,1.9301,10,-0.1,-0.49,STOCHK_TIER1,08:51:45 AM ET,08:51:45 AM ET,0.0,1,,P4_BURST,NORMAL
ELAB,1.9595,1.94,10,-0.2,-1.0,STOCHK_TIER1,08:51:45 AM ET,08:51:45 AM ET,0.0,1,,P4_BURST,NORMAL
ELAB,1.9811,1.9702,10,-0.11,-0.55,STOCHK_TIER1,08:51:45 AM ET,08:51:45 AM ET,0.0,1,,P4_BURST,NORMAL
ELAB,1.97,1.98,10,0.1,0.51,STOCHK_TIER1,08:51:45 AM ET,08:51:46 AM ET,0.55,1,,P4_BURST,NORMAL
FABC,5.01,4.93485,10,-0.75,-1.5,HARD_STOP,08:51:47 AM ET,08:51:47 AM ET,0.0,1,,P4_BURST,NORMAL
FABC,4.94,4.8895,10,-0.51,-1.02,STOCHK_TIER1,08:51:47 AM ET,08:51:47 AM ET,0.0,1,,P4_BURST,NORMAL
FABC,5.0713,5.07,10,-0.01,-0.03,EOD_CLOSE,08:51:47 AM ET,08:51:47 AM ET,0.0,1,,P4_BURST,NORMAL
FCHL,1.6398,1.62,10,-0.2,-1.21,STOCHK_TIER1,08:51:48 AM ET,08:51:48 AM ET,0.0,1,,P4_BURST,NORMAL
FCHL,1.6,1.611,10,0.11,0.69,STOCHK_TIER2,08:51:48 AM ET,08:51:48 AM ET,1.87,2,,P4_BURST,NORMAL
FCHL,1.71,1.7203,3,0.52,3.03,FLOOR_BREACH,08:51:48 AM ET,08:51:48 AM ET,4.07,3,FAST4,P4_BURST,NORMAL
FCHL,1.79,1.79,10,0.0,0.0,EOD_CLOSE,08:51:48 AM ET,08:51:48 AM ET,0.0,1,,P4_BURST,NORMAL
HTCO,10.1394,10.1,10,-0.39,-0.39,STOCHK_TIER1,08:51:49 AM ET,08:51:49 AM ET,0.0,1,,P4_BURST,NORMAL
HTCO,10.16,10.1246,10,-0.35,-0.35,STOCHK_TIER1,08:51:49 AM ET,08:51:49 AM ET,0.0,1,,P4_BURST,NORMAL
HTCO,10.4597,10.302804499999999,10,-1.57,-1.5,HARD_STOP,08:51:49 AM ET,08:51:49 AM ET,0.0,1,,P4_BURST,NORMAL
IONZ,3.9,3.96,5,0.73,1.86,MACD_BEAR_T2,08:51:49 AM ET,08:51:49 AM ET,2.18,2,PCT2,P4_BURST,NORMAL
IONZ,3.85,3.89,10,0.4,1.04,MACD_BEAR_T2,08:51:49 AM ET,08:51:49 AM ET,1.43,2,,P4_BURST,NORMAL
IONZ,3.91,3.87,10,-0.4,-1.02,STOCHK_TIER1,08:51:49 AM ET,08:51:49 AM ET,0.2,1,,P4_BURST,NORMAL
IONZ,3.88,3.8217999999999996,10,-0.58,-1.5,HARD_STOP,08:51:49 AM ET,08:51:49 AM ET,0.0,1,,P4_BURST,NORMAL
IONZ,3.74,3.78,5,0.57,1.54,STOCHK_TIER2,08:51:50 AM ET,08:51:50 AM ET,2.6,2,PCT2,P4_BURST,NORMAL
IONZ,3.825,3.815,10,-0.1,-0.26,STOCHK_TIER1,08:51:50 AM ET,08:51:50 AM ET,0.17,1,,P4_BURST,NORMAL
IONZ,3.8,3.795,10,-0.05,-0.13,STOCHK_TIER1,08:51:50 AM ET,08:51:50 AM ET,0.39,1,,P4_BURST,NORMAL
IONZ,3.7399,3.745,10,0.05,0.14,STOCHK_TIER1,08:51:50 AM ET,08:51:50 AM ET,0.67,1,,P4_BURST,NORMAL
IONZ,3.73,3.705,10,-0.25,-0.67,STOCHK_TIER1,08:51:50 AM ET,08:51:50 AM ET,0.0,1,,P4_BURST,NORMAL
IONZ,3.725,3.71,10,-0.15,-0.4,STOCHK_TIER1,08:51:50 AM ET,08:51:50 AM ET,0.67,1,,P4_BURST,NORMAL
IONZ,3.69,3.69,10,0.0,0.0,STOCHK_TIER1,08:51:50 AM ET,08:51:50 AM ET,0.54,1,,P4_BURST,NORMAL
IONZ,3.73,3.73,10,0.0,0.0,STOCHK_TIER1,08:51:50 AM ET,08:51:50 AM ET,0.54,1,,P4_BURST,NORMAL
IONZ,3.825,3.7886,10,-0.36,-0.95,STOCHK_TIER1,08:51:51 AM ET,08:51:51 AM ET,0.0,1,,P4_BURST,NORMAL
IONZ,3.705,3.695,10,-0.1,-0.27,STOCHK_TIER1,08:51:51 AM ET,08:51:51 AM ET,0.0,1,,P4_BURST,NORMAL
IONZ,3.67,3.65,10,-0.2,-0.54,STOCHK_TIER1,08:51:51 AM ET,08:51:51 AM ET,0.28,1,,P4_BURST,NORMAL
IONZ,3.62,3.61,10,-0.1,-0.28,STOCHK_TIER1,08:51:51 AM ET,08:51:51 AM ET,0.14,1,,P4_BURST,NORMAL
IONZ,3.64,3.66,10,0.2,0.55,STOCHK_TIER2,08:51:51 AM ET,08:51:51 AM ET,1.37,2,,P4_BURST,NORMAL
IONZ,3.645,3.64,10,-0.05,-0.14,STOCHK_TIER1,08:51:51 AM ET,08:51:52 AM ET,0.14,1,,P4_BURST,NORMAL
IONZ,3.67,3.65,10,-0.2,-0.54,STOCHK_TIER1,08:51:52 AM ET,08:51:52 AM ET,0.0,1,,P4_BURST,NORMAL
IONZ,3.71,3.69,10,-0.2,-0.54,STOCHK_TIER1,08:51:52 AM ET,08:51:52 AM ET,0.0,1,,P4_BURST,NORMAL
IONZ,3.6797,3.6701,10,-0.1,-0.26,STOCHK_TIER1,08:51:52 AM ET,08:51:52 AM ET,0.01,1,,P4_BURST,NORMAL
IONZ,3.655,3.67,10,0.15,0.41,STOCHK_TIER2,08:51:52 AM ET,08:51:52 AM ET,1.23,2,,P4_BURST,NORMAL
IONZ,3.66,3.665,10,0.05,0.14,STOCHK_TIER2,08:51:52 AM ET,08:51:52 AM ET,1.1,2,,P4_BURST,NORMAL
IONZ,3.69,3.6814,10,-0.09,-0.23,STOCHK_TIER1,08:51:53 AM ET,08:51:53 AM ET,0.54,1,,P4_BURST,NORMAL
IONZ,3.68,3.662,10,-0.18,-0.49,STOCHK_TIER1,08:51:53 AM ET,08:51:53 AM ET,0.54,1,,P4_BURST,NORMAL
IONZ,3.75,3.73,10,-0.2,-0.53,STOCHK_TIER1,08:51:53 AM ET,08:51:53 AM ET,0.0,1,,P4_BURST,NORMAL
IONZ,3.76,3.7303,10,-0.3,-0.79,STOCHK_TIER1,08:51:53 AM ET,08:51:53 AM ET,0.24,1,,P4_BURST,NORMAL
IONZ,3.7,3.69,10,-0.1,-0.27,STOCHK_TIER1,08:51:54 AM ET,08:51:54 AM ET,0.27,1,,P4_BURST,NORMAL
IONZ,3.6897,3.68,10,-0.1,-0.26,STOCHK_TIER1,08:58:23 AM ET,08:58:23 AM ET,0.0,1,,P4_BURST,NORMAL
MOBX,3.0787,3.0325195,10,-0.46,-1.5,HARD_STOP,08:58:24 AM ET,08:58:24 AM ET,0.0,1,,P4_BURST,NORMAL
MOBX,3.34,3.84,3,4.51,13.5,FLOOR_BREACH,08:58:24 AM ET,08:58:24 AM ET,20.66,3,FAST4,P4_BURST,NORMAL
IREZ,7.75,7.66,10,-0.9,-1.16,STOCHK_TIER1,08:58:24 AM ET,08:58:24 AM ET,0.0,1,,P4_BURST,NORMAL
MOBX,3.3,3.295,5,0.45,1.36,FLOOR_BREACH,08:58:24 AM ET,08:58:24 AM ET,2.87,2,PCT2,P4_BURST,NORMAL
IREZ,7.5215,7.51,10,-0.11,-0.15,STOCHK_TIER1,08:58:24 AM ET,08:58:24 AM ET,0.0,1,,P4_BURST,NORMAL
IREZ,7.53,8.14,3,5.53,7.34,FLOOR_BREACH,08:58:24 AM ET,08:58:25 AM ET,9.76,3,FAST4,P4_BURST,NORMAL
IREZ,8.365,8.36,10,-0.05,-0.06,FLOOR_BREACH,08:58:25 AM ET,08:58:25 AM ET,1.49,2,,P4_BURST,NORMAL
IREZ,8.33,8.3814,10,0.51,0.62,STOCHK_TIER2,08:58:25 AM ET,08:58:25 AM ET,1.74,2,,P4_BURST,NORMAL
IREZ,8.465,8.36,10,-1.05,-1.24,STOCHK_TIER1,08:58:25 AM ET,08:58:25 AM ET,0.3,1,,P4_BURST,NORMAL
IREZ,8.46,8.46,10,0.0,0.0,STOCHK_TIER1,08:58:25 AM ET,08:58:25 AM ET,0.71,1,,P4_BURST,NORMAL
IREZ,8.25,8.22,10,-0.3,-0.36,STOCHK_TIER1,08:58:25 AM ET,08:58:25 AM ET,0.0,1,,P4_BURST,NORMAL
IREZ,8.47,8.54,10,0.7,0.83,STOCHK_TIER2,08:58:25 AM ET,08:58:25 AM ET,1.36,2,,P4_BURST,NORMAL
IREZ,8.5599,8.44,10,-1.2,-1.4,STOCHK_TIER1,08:58:25 AM ET,08:58:25 AM ET,0.0,1,,P4_BURST,NORMAL
MOBX,3.3901,3.3392485,10,-0.51,-1.5,HARD_STOP,08:58:25 AM ET,08:58:25 AM ET,0.0,1,,P4_BURST,NORMAL
IREZ,8.3901,8.4,10,0.1,0.12,STOCHK_TIER1,08:58:25 AM ET,08:58:25 AM ET,0.71,1,,P4_BURST,NORMAL
IREZ,8.495,8.46,10,-0.35,-0.41,STOCHK_TIER1,08:58:25 AM ET,08:58:25 AM ET,0.29,1,,P4_BURST,NORMAL
IREZ,8.4501,8.47,10,0.2,0.24,STOCHK_TIER1,08:58:25 AM ET,08:58:25 AM ET,0.47,1,,P4_BURST,NORMAL
IREZ,8.5,8.47,10,-0.3,-0.35,STOCHK_TIER1,08:58:25 AM ET,08:58:25 AM ET,0.0,1,,P4_BURST,NORMAL
IREZ,8.49,8.46,10,-0.3,-0.35,MACD_BEAR_T1,08:58:26 AM ET,08:58:26 AM ET,0.12,1,,P4_BURST,NORMAL
IREZ,8.45,8.385,10,-0.65,-0.77,STOCHK_TIER1,08:58:26 AM ET,08:58:26 AM ET,0.0,1,,P4_BURST,NORMAL
IREZ,8.46,8.5312,5,1.21,1.43,STOCHK_TIER2,08:58:26 AM ET,08:58:26 AM ET,2.01,2,PCT2,P4_BURST,NORMAL
IREZ,8.5,8.465,10,-0.35,-0.41,STOCHK_TIER1,08:58:26 AM ET,08:58:26 AM ET,0.0,1,,P4_BURST,NORMAL
IREZ,8.4,8.4101,10,0.1,0.12,STOCHK_TIER1,08:58:26 AM ET,08:58:26 AM ET,0.72,1,,P4_BURST,NORMAL
IREZ,8.4013,8.37,10,-0.31,-0.37,STOCHK_TIER1,08:58:26 AM ET,08:58:26 AM ET,0.82,1,,P4_BURST,NORMAL
IREZ,8.3201,8.38,10,0.6,0.72,STOCHK_TIER2,08:58:26 AM ET,08:58:26 AM ET,1.14,2,,P4_BURST,NORMAL
IREZ,8.23,8.22,10,-0.1,-0.12,STOCHK_TIER1,08:58:27 AM ET,08:58:27 AM ET,0.0,1,,P4_BURST,NORMAL
AUUD,2.03,1.9995499999999997,10,-0.3,-1.5,HARD_STOP,08:58:27 AM ET,08:58:27 AM ET,0.0,1,,P4_BURST,NORMAL
IREZ,8.27,8.24,10,-0.3,-0.36,STOCHK_TIER1,08:58:27 AM ET,08:58:27 AM ET,0.12,1,,P4_BURST,NORMAL
AUUD,2.0901,2.0587485,10,-0.31,-1.5,HARD_STOP,08:58:27 AM ET,08:58:27 AM ET,0.0,1,,P4_BURST,NORMAL
AUUD,2.33,2.3097,10,-0.2,-0.87,STOCHK_TIER1,08:58:27 AM ET,08:58:27 AM ET,0.82,1,,P4_BURST,NORMAL
IREZ,8.27,8.28,10,0.1,0.12,STOCHK_TIER1,08:58:27 AM ET,08:58:27 AM ET,0.73,1,,P4_BURST,NORMAL
IREZ,8.21,8.19,10,-0.2,-0.24,STOCHK_TIER1,08:58:27 AM ET,08:58:28 AM ET,0.0,1,,P4_BURST,NORMAL
IREZ,8.0699,8.02,10,-0.5,-0.62,STOCHK_TIER1,08:58:28 AM ET,08:58:28 AM ET,0.09,1,,P4_BURST,NORMAL
CODX,2.05,2.01925,10,-0.31,-1.5,HARD_STOP,08:58:28 AM ET,08:58:28 AM ET,0.0,1,,P4_BURST,NORMAL
CODX,1.99,1.96015,10,-0.3,-1.5,HARD_STOP,08:58:28 AM ET,08:58:28 AM ET,0.0,1,,P4_BURST,NORMAL
CODX,2.07,2.03895,10,-0.31,-1.5,HARD_STOP,08:58:28 AM ET,08:58:28 AM ET,0.0,1,,P4_BURST,NORMAL
CODX,2.05,2.01925,10,-0.31,-1.5,HARD_STOP,08:58:28 AM ET,08:58:28 AM ET,0.24,1,,P4_BURST,NORMAL
CODX,2.04,2.0301,10,-0.1,-0.49,STOCHK_TIER1,08:58:28 AM ET,08:58:28 AM ET,0.0,1,,P4_BURST,NORMAL
CODX,2.04,2.04,10,0.0,0.0,STOCHK_TIER1,08:58:28 AM ET,08:58:28 AM ET,0.98,1,,P4_BURST,NORMAL
CODX,2.04,2.0801,5,0.5,2.45,MACD_BEAR_T3,08:58:28 AM ET,08:58:28 AM ET,3.44,3,PCT2,P4_BURST,NORMAL
CODX,2.0601,2.1503,4,0.81,3.93,MACD_BEAR_T3,08:58:28 AM ET,08:58:28 AM ET,4.85,3,"PCT2,PCT4_AFTER2",P4_BURST,NORMAL
IREZ,7.9582,8.045,5,1.24,1.56,STOCHK_TIER2,08:58:28 AM ET,08:58:28 AM ET,2.03,2,PCT2,P4_BURST,NORMAL
CODX,2.1,2.11,5,0.3,1.43,FLOOR_BREACH,08:58:28 AM ET,08:58:28 AM ET,2.86,2,PCT2,P4_BURST,NORMAL
CODX,2.14,2.1949,3,0.86,4.04,FLOOR_BREACH,08:58:28 AM ET,08:58:28 AM ET,4.67,3,FAST4,P4_BURST,NORMAL
CODX,2.23,2.22,10,-0.1,-0.45,STOCHK_TIER1,08:58:28 AM ET,08:58:28 AM ET,0.45,1,,P4_BURST,NORMAL
CODX,2.44,2.4034,10,-0.37,-1.5,HARD_STOP,08:58:28 AM ET,08:58:28 AM ET,0.0,1,,P4_BURST,NORMAL
IREZ,8.16,8.2,10,0.4,0.49,STOCHK_TIER2,08:58:28 AM ET,08:58:28 AM ET,1.1,2,,P4_BURST,NORMAL
CODX,2.3899,2.38,10,-0.1,-0.41,STOCHK_TIER1,08:58:28 AM ET,08:58:28 AM ET,0.42,1,,P4_BURST,NORMAL
CODX,2.375,2.36,10,-0.15,-0.63,FLOOR_BREACH,08:58:28 AM ET,08:58:28 AM ET,1.02,2,,P4_BURST,NORMAL
CODX,2.36,2.3404,10,-0.2,-0.83,STOCHK_TIER1,08:58:28 AM ET,08:58:28 AM ET,0.0,1,,P4_BURST,NORMAL
IREZ,8.25,8.2,10,-0.5,-0.61,STOCHK_TIER1,08:58:28 AM ET,08:58:28 AM ET,0.0,1,,P4_BURST,NORMAL
CODX,2.3696,2.365,10,-0.05,-0.19,STOCHK_TIER1,08:58:28 AM ET,08:58:29 AM ET,0.44,1,,P4_BURST,NORMAL
CODX,2.37,2.365,10,-0.05,-0.21,STOCHK_TIER1,08:58:29 AM ET,08:58:29 AM ET,0.84,1,,P4_BURST,NORMAL
CODX,2.3889,2.3605,10,-0.28,-1.19,STOCHK_TIER1,08:58:29 AM ET,08:58:29 AM ET,0.0,1,,P4_BURST,NORMAL
IREZ,8.315,8.2799,10,-0.35,-0.42,STOCHK_TIER1,08:58:29 AM ET,08:58:29 AM ET,0.3,1,,P4_BURST,NORMAL
CODX,2.445,2.43,10,-0.15,-0.61,MACD_BEAR_T1,08:58:29 AM ET,08:58:29 AM ET,0.0,1,,P4_BURST,NORMAL
CODX,2.4265,2.3901025,10,-0.36,-1.5,HARD_STOP,08:58:29 AM ET,08:58:29 AM ET,0.0,1,,P4_BURST,NORMAL
IREZ,8.25,8.2088,10,-0.41,-0.5,STOCHK_TIER1,08:58:29 AM ET,08:58:29 AM ET,0.0,1,,P4_BURST,NORMAL
CODX,2.387,2.42,5,0.45,1.91,FLOOR_BREACH,08:58:29 AM ET,08:58:29 AM ET,3.06,3,PCT2,P4_BURST,NORMAL
IREZ,8.3,8.2601,10,-0.4,-0.48,STOCHK_TIER1,08:58:29 AM ET,08:58:29 AM ET,0.18,1,,P4_BURST,NORMAL
CODX,2.4,2.381,10,-0.19,-0.79,STOCHK_TIER1,08:58:29 AM ET,08:58:29 AM ET,0.0,1,,P4_BURST,NORMAL
CODX,2.41,2.39,10,-0.2,-0.83,STOCHK_TIER1,08:58:29 AM ET,08:58:29 AM ET,0.0,1,,P4_BURST,NORMAL
CODX,2.42,2.4604,4,0.56,2.32,FLOOR_BREACH,08:58:29 AM ET,08:58:29 AM ET,4.13,3,"PCT2,PCT4_AFTER2",P4_BURST,NORMAL
CODX,2.53,2.53,5,0.26,1.01,FLOOR_BREACH,08:58:29 AM ET,08:58:29 AM ET,2.77,2,PCT2,P4_BURST,NORMAL
CODX,2.6798,2.639603,10,-0.4,-1.5,HARD_STOP,08:58:29 AM ET,08:58:29 AM ET,0.0,1,,P4_BURST,NORMAL
CODX,2.59,2.57,10,-0.2,-0.77,STOCHK_TIER1,08:58:29 AM ET,08:58:29 AM ET,0.0,1,,P4_BURST,NORMAL
CODX,2.6,2.561,10,-0.39,-1.5,HARD_STOP,08:58:30 AM ET,08:58:30 AM ET,0.0,1,,P4_BURST,NORMAL
IREZ,8.24,8.22,10,-0.2,-0.24,STOCHK_TIER1,08:58:30 AM ET,08:58:30 AM ET,0.0,1,,P4_BURST,NORMAL
CODX,2.52,2.4822,10,-0.38,-1.5,HARD_STOP,08:58:30 AM ET,08:58:30 AM ET,0.0,1,,P4_BURST,NORMAL
CODX,2.595,2.5560750000000003,10,-0.39,-1.5,HARD_STOP,08:58:30 AM ET,08:58:30 AM ET,1.22,2,,P4_BURST,NORMAL
CODX,2.73,2.68905,10,-0.41,-1.5,HARD_STOP,08:58:30 AM ET,08:58:30 AM ET,0.0,1,,P4_BURST,NORMAL
CODX,2.5577,2.5201,10,-0.38,-1.47,STOCHK_TIER1,08:58:30 AM ET,08:58:30 AM ET,0.0,1,,P4_BURST,NORMAL
CODX,2.55,2.5415,10,-0.08,-0.33,STOCHK_TIER1,08:58:30 AM ET,08:58:30 AM ET,0.0,1,,P4_BURST,NORMAL
CODX,2.55,2.55,10,0.0,0.0,FLOOR_BREACH,08:58:30 AM ET,08:58:30 AM ET,1.18,2,,P4_BURST,NORMAL
CODX,2.5793,2.5406105,10,-0.39,-1.5,HARD_STOP,08:58:30 AM ET,08:58:30 AM ET,0.0,1,,P4_BURST,NORMAL
JZXN,1.48,1.4578,10,-0.22,-1.5,HARD_STOP,08:58:30 AM ET,08:58:30 AM ET,0.0,1,,P4_BURST,NORMAL
JZXN,1.52,1.5,10,-0.2,-1.32,MACD_BEAR_T1,08:58:30 AM ET,08:58:30 AM ET,0.0,1,,P4_BURST,NORMAL
CODX,2.6,2.59,10,-0.1,-0.38,STOCHK_TIER1,08:58:30 AM ET,08:58:30 AM ET,0.0,1,,P4_BURST,NORMAL
JZXN,1.51,1.5101,10,0.0,0.01,STOCHK_TIER1,08:58:30 AM ET,08:58:30 AM ET,0.66,1,,P4_BURST,NORMAL
JZXN,1.55,1.52675,5,0.08,0.54,HARD_STOP,08:58:30 AM ET,08:58:30 AM ET,3.87,3,PCT2,P4_BURST,NORMAL
JZXN,1.51,1.49,10,-0.2,-1.32,STOCHK_TIER1,08:58:30 AM ET,08:58:30 AM ET,0.0,1,,P4_BURST,NORMAL
JZXN,1.565,1.5506,10,-0.14,-0.92,STOCHK_TIER1,08:58:30 AM ET,08:58:30 AM ET,0.0,1,,P4_BURST,NORMAL
JZXN,1.5124,1.5,10,-0.12,-0.82,STOCHK_TIER1,08:58:30 AM ET,08:58:30 AM ET,0.0,1,,P4_BURST,NORMAL
JZXN,1.54,1.5169,10,-0.23,-1.5,HARD_STOP,08:58:30 AM ET,08:58:30 AM ET,0.0,1,,P4_BURST,NORMAL
CODX,2.52,2.52,5,0.26,1.02,FLOOR_BREACH,08:58:30 AM ET,08:58:30 AM ET,2.04,2,PCT2,P4_BURST,NORMAL
JZXN,1.5214,1.4999,10,-0.22,-1.41,STOCHK_TIER1,08:58:30 AM ET,08:58:30 AM ET,0.0,1,,P4_BURST,NORMAL
JZXN,1.4851,1.48,10,-0.05,-0.34,STOCHK_TIER1,08:58:30 AM ET,08:58:30 AM ET,0.0,1,,P4_BURST,NORMAL
CODX,2.57,2.55,10,-0.2,-0.78,FLOOR_BREACH,08:58:30 AM ET,08:58:31 AM ET,1.17,2,,P4_BURST,NORMAL
JZXN,1.285,1.33,4,0.48,3.72,FLOOR_BREACH,08:58:31 AM ET,08:58:31 AM ET,5.84,3,"PCT2,PCT4_AFTER2",P4_BURST,NORMAL
CODX,2.6033,2.57,10,-0.33,-1.28,STOCHK_TIER1,08:58:31 AM ET,08:58:31 AM ET,0.64,1,,P4_BURST,NORMAL
CODX,2.5997,2.59,10,-0.1,-0.37,STOCHK_TIER1,08:58:31 AM ET,08:58:31 AM ET,0.0,1,,P4_BURST,NORMAL
CODX,2.55,2.53,10,-0.2,-0.78,STOCHK_TIER1,08:58:31 AM ET,08:58:31 AM ET,0.0,1,,P4_BURST,NORMAL
CODX,2.59,2.55115,10,-0.39,-1.5,HARD_STOP,08:58:31 AM ET,08:58:31 AM ET,0.0,1,,P4_BURST,NORMAL
JZXN,1.33,1.3100500000000002,10,-0.2,-1.5,HARD_STOP,08:58:31 AM ET,08:58:31 AM ET,0.75,1,,P4_BURST,NORMAL
CODX,2.56,2.56,10,0.0,0.0,FLOOR_BREACH,08:58:31 AM ET,08:58:31 AM ET,1.22,2,,P4_BURST,NORMAL
JZXN,1.26,1.2411,10,-0.19,-1.5,HARD_STOP,08:58:31 AM ET,08:58:31 AM ET,0.0,1,,P4_BURST,NORMAL
MBAI,1.975,1.96,10,-0.15,-0.76,STOCHK_TIER1,08:58:32 AM ET,08:58:32 AM ET,0.25,1,,P4_BURST,NORMAL
MBAI,1.96,1.95,10,-0.1,-0.51,STOCHK_TIER1,08:58:32 AM ET,08:58:32 AM ET,0.51,1,,P4_BURST,NORMAL
MBAI,2.01,2.0,10,-0.1,-0.5,STOCHK_TIER1,08:58:32 AM ET,08:58:32 AM ET,0.5,1,,P4_BURST,NORMAL
MBAI,2.03,2.06,10,0.3,1.48,MACD_BEAR_T2,08:58:32 AM ET,08:58:32 AM ET,1.97,2,,P4_BURST,NORMAL
MBAI,2.01,2.0059,10,-0.04,-0.2,FLOOR_BREACH,08:58:32 AM ET,08:58:32 AM ET,1.3,2,,P4_BURST,NORMAL
MBAI,1.9799,1.9502015,10,-0.3,-1.5,HARD_STOP,08:58:32 AM ET,08:58:32 AM ET,0.0,1,,P4_BURST,NORMAL
MBAI,2.02,2.0038,10,-0.16,-0.8,STOCHK_TIER1,08:58:32 AM ET,08:58:32 AM ET,0.99,1,,P4_BURST,NORMAL
MBAI,2.0362,2.005657,10,-0.31,-1.5,HARD_STOP,08:58:32 AM ET,08:58:32 AM ET,0.0,1,,P4_BURST,NORMAL
MNTS,5.48,5.4566,10,-0.23,-0.43,STOCHK_TIER1,08:58:32 AM ET,08:58:32 AM ET,0.18,1,,P4_BURST,NORMAL
MNTS,5.564,5.63,5,0.91,1.64,STOCHK_TIER2,08:58:32 AM ET,08:58:32 AM ET,2.44,2,PCT2,P4_BURST,NORMAL
MNTS,5.58,5.5722,10,-0.08,-0.14,STOCHK_TIER1,08:58:32 AM ET,08:58:32 AM ET,0.0,1,,P4_BURST,NORMAL
MNTS,5.6099,5.63,10,0.2,0.36,STOCHK_TIER1,08:58:32 AM ET,08:58:32 AM ET,0.71,1,,P4_BURST,NORMAL
MNTS,5.555,5.575,5,0.7,1.26,FLOOR_BREACH,08:58:32 AM ET,08:58:32 AM ET,2.16,2,PCT2,P4_BURST,NORMAL
MNTS,5.5502,5.6275,5,0.99,1.78,STOCHK_TIER2,08:58:32 AM ET,08:58:32 AM ET,2.25,2,PCT2,P4_BURST,NORMAL
MNTS,5.66,5.67,10,0.1,0.18,MACD_BEAR_T1,08:58:32 AM ET,08:58:32 AM ET,0.71,1,,P4_BURST,NORMAL
MNTS,5.69,5.66,10,-0.3,-0.53,MACD_BEAR_T1,08:58:32 AM ET,08:58:32 AM ET,0.18,1,,P4_BURST,NORMAL
MNTS,5.5962,5.55,10,-0.46,-0.83,STOCHK_TIER1,08:58:32 AM ET,08:58:32 AM ET,0.0,1,,P4_BURST,NORMAL
IREZ,6.23,6.136550000000001,10,-0.93,-1.5,HARD_STOP,08:58:32 AM ET,08:58:32 AM ET,0.0,1,,P4_BURST,NORMAL
MNTS,5.62,5.615,10,-0.05,-0.09,STOCHK_TIER1,08:58:32 AM ET,08:58:32 AM ET,0.09,1,,P4_BURST,NORMAL
IREZ,6.8699,6.7703,10,-1.0,-1.45,FLOOR_BREACH,08:58:32 AM ET,08:58:32 AM ET,1.17,2,,P4_BURST,NORMAL
MNTS,5.59,5.56,10,-0.3,-0.54,STOCHK_TIER1,08:58:32 AM ET,08:58:32 AM ET,0.45,1,,P4_BURST,NORMAL
IREZ,7.039,7.23,4,1.82,2.59,FLOOR_BREACH,08:58:33 AM ET,08:58:33 AM ET,4.56,3,"PCT2,PCT4_AFTER2",P4_BURST,NORMAL
MNTS,5.57,5.56,10,-0.1,-0.18,STOCHK_TIER1,08:58:33 AM ET,08:58:33 AM ET,0.45,1,,P4_BURST,NORMAL
IREZ,7.11,7.11,10,0.0,0.0,FLOOR_BREACH,08:58:33 AM ET,08:58:33 AM ET,1.41,2,,P4_BURST,NORMAL
IREZ,6.8486,6.745871,10,-1.03,-1.5,HARD_STOP,08:58:33 AM ET,08:58:33 AM ET,0.0,1,,P4_BURST,NORMAL
IREZ,6.63,6.53055,10,-0.99,-1.5,HARD_STOP,08:58:33 AM ET,08:58:33 AM ET,0.0,1,,P4_BURST,NORMAL
MNTS,5.74,6.08,4,2.33,4.06,FLOOR_BREACH,08:58:33 AM ET,08:58:33 AM ET,8.01,3,"PCT2,PCT4_AFTER2",P4_BURST,NORMAL
IREZ,6.4899,6.515,5,0.88,1.35,FLOOR_BREACH,08:58:33 AM ET,08:58:33 AM ET,2.31,2,PCT2,P4_BURST,NORMAL
MNTS,6.0,5.96,10,-0.4,-0.67,STOCHK_TIER1,08:58:33 AM ET,08:58:33 AM ET,0.0,1,,P4_BURST,NORMAL
MNTS,5.94,5.91,10,-0.3,-0.51,STOCHK_TIER1,08:58:33 AM ET,08:58:33 AM ET,0.0,1,,P4_BURST,NORMAL
IREZ,6.92,6.9414,5,0.96,1.38,FLOOR_BREACH,08:58:33 AM ET,08:58:33 AM ET,2.46,2,PCT2,P4_BURST,NORMAL
MNTS,5.9397,5.93,10,-0.1,-0.16,STOCHK_TIER1,08:58:33 AM ET,08:58:33 AM ET,0.0,1,,P4_BURST,NORMAL
IREZ,6.8198,6.81,10,-0.1,-0.14,FLOOR_BREACH,08:58:33 AM ET,08:58:33 AM ET,1.32,2,,P4_BURST,NORMAL
MNTS,5.92,5.89,10,-0.3,-0.51,STOCHK_TIER1,08:58:33 AM ET,08:58:33 AM ET,0.0,1,,P4_BURST,NORMAL
MNTS,5.8999,5.9024,10,0.03,0.04,STOCHK_TIER2,08:58:33 AM ET,08:58:33 AM ET,1.06,2,,P4_BURST,NORMAL
IREZ,6.8686,6.88,10,0.11,0.17,STOCHK_TIER2,08:58:33 AM ET,08:58:33 AM ET,1.84,2,,P4_BURST,NORMAL
IREZ,6.81,6.73,10,-0.8,-1.17,STOCHK_TIER1,08:58:33 AM ET,08:58:33 AM ET,0.0,1,,P4_BURST,NORMAL
MNTS,5.93,5.91,10,-0.2,-0.34,STOCHK_TIER1,08:58:33 AM ET,08:58:33 AM ET,0.17,1,,P4_BURST,NORMAL
IREZ,6.75,6.7,10,-0.5,-0.74,STOCHK_TIER1,08:58:33 AM ET,08:58:33 AM ET,0.15,1,,P4_BURST,NORMAL
MNTS,5.845,5.8,10,-0.45,-0.77,FLOOR_BREACH,08:58:33 AM ET,08:58:33 AM ET,1.15,2,,P4_BURST,NORMAL
IREZ,6.6314,6.531929,10,-0.99,-1.5,HARD_STOP,08:58:33 AM ET,08:58:33 AM ET,0.0,1,,P4_BURST,NORMAL
MNTS,5.88,5.82,10,-0.6,-1.02,STOCHK_TIER1,08:58:33 AM ET,08:58:33 AM ET,0.0,1,,P4_BURST,NORMAL
MNTS,5.67,5.65,10,-0.2,-0.35,STOCHK_TIER1,08:58:34 AM ET,08:58:34 AM ET,0.0,1,,P4_BURST,NORMAL
IREZ,6.7,7.02,4,2.35,3.51,MACD_BEAR_T3,08:58:33 AM ET,08:58:34 AM ET,5.97,3,"PCT2,PCT4_AFTER2",P4_BURST,NORMAL
MNTS,5.75,5.7239,10,-0.26,-0.45,STOCHK_TIER1,08:58:34 AM ET,08:58:34 AM ET,0.0,1,,P4_BURST,NORMAL
IREZ,6.96,7.015,10,0.55,0.79,STOCHK_TIER2,08:58:34 AM ET,08:58:34 AM ET,1.29,2,,P4_BURST,NORMAL
IREZ,6.91,7.1599,4,2.2,3.18,FLOOR_BREACH,08:58:34 AM ET,08:58:34 AM ET,5.21,3,"PCT2,PCT4_AFTER2",P4_BURST,NORMAL
IREZ,7.03,6.99,10,-0.4,-0.57,STOCHK_TIER1,08:58:34 AM ET,08:58:34 AM ET,0.85,1,,P4_BURST,NORMAL
IREZ,7.12,7.17,10,0.5,0.7,STOCHK_TIER2,08:58:34 AM ET,08:58:34 AM ET,1.82,2,,P4_BURST,NORMAL
IREZ,7.32,7.37,10,0.5,0.68,MACD_BEAR_T2,08:58:34 AM ET,08:58:34 AM ET,1.5,2,,P4_BURST,NORMAL
IREZ,7.49,7.53,10,0.4,0.53,MACD_BEAR_T2,08:58:34 AM ET,08:58:34 AM ET,1.67,2,,P4_BURST,NORMAL
IREZ,7.575,7.75,5,1.7,2.25,EOD_CLOSE,08:58:35 AM ET,08:58:35 AM ET,2.31,2,PCT2,P4_BURST,NORMAL
TRAW,2.3497,2.3144545,10,-0.35,-1.5,HARD_STOP,08:58:35 AM ET,08:58:35 AM ET,0.0,1,,P4_BURST,NORMAL
TRAW,2.21,2.2319,5,0.36,1.62,FLOOR_BREACH,08:58:35 AM ET,08:58:35 AM ET,3.17,3,PCT2,P4_BURST,NORMAL
TRAW,2.11,2.08,10,-0.3,-1.42,STOCHK_TIER1,08:58:35 AM ET,08:58:35 AM ET,0.47,1,,P4_BURST,NORMAL
TRAW,2.0354,2.2189,3,1.28,6.29,FLOOR_BREACH,08:58:35 AM ET,08:58:35 AM ET,11.98,3,FAST4,P4_BURST,NORMAL
TRAW,2.225,2.205,10,-0.2,-0.9,STOCHK_TIER1,08:58:35 AM ET,08:58:35 AM ET,0.0,1,,P4_BURST,NORMAL
TRAW,2.24,2.2064000000000004,10,-0.34,-1.5,HARD_STOP,08:58:35 AM ET,08:58:35 AM ET,0.67,1,,P4_BURST,NORMAL
OCG,2.2299,2.2132,5,0.17,0.74,FLOOR_BREACH,08:58:35 AM ET,08:58:35 AM ET,3.14,3,PCT2,P4_BURST,NORMAL
TRAW,2.2111,2.2,10,-0.11,-0.5,FLOOR_BREACH,08:58:35 AM ET,08:58:35 AM ET,1.3,2,,P4_BURST,NORMAL
PMAX,3.24,3.2,10,-0.4,-1.23,STOCHK_TIER1,08:58:35 AM ET,08:58:35 AM ET,0.0,1,,P4_BURST,NORMAL
TRAW,2.225,2.205,10,-0.2,-0.9,FLOOR_BREACH,08:58:35 AM ET,08:58:35 AM ET,1.57,2,,P4_BURST,NORMAL
PMAX,3.225,3.2,10,-0.25,-0.78,STOCHK_TIER1,08:58:35 AM ET,08:58:35 AM ET,0.16,1,,P4_BURST,NORMAL
PMAX,3.25,3.20125,10,-0.49,-1.5,HARD_STOP,08:58:35 AM ET,08:58:35 AM ET,0.0,1,,P4_BURST,NORMAL
PMAX,3.3,3.3,10,0.0,0.0,STOCHK_TIER1,08:58:35 AM ET,08:58:35 AM ET,0.61,1,,P4_BURST,NORMAL
TRAW,2.2,2.26,4,0.63,2.87,FLOOR_BREACH,08:58:35 AM ET,08:58:35 AM ET,8.52,3,"PCT2,PCT4_AFTER2",P4_BURST,NORMAL
PMAX,3.22,3.1717,10,-0.48,-1.5,HARD_STOP,08:58:35 AM ET,08:58:35 AM ET,0.16,1,,P4_BURST,NORMAL
PMAX,3.21,3.17,10,-0.4,-1.25,STOCHK_TIER1,08:58:35 AM ET,08:58:35 AM ET,0.0,1,,P4_BURST,NORMAL
TRAW,2.09,2.09,10,0.0,0.0,FLOOR_BREACH,08:58:35 AM ET,08:58:35 AM ET,1.44,2,,P4_BURST,NORMAL
PMAX,3.14,3.1701,10,0.3,0.96,STOCHK_TIER2,08:58:35 AM ET,08:58:35 AM ET,1.91,2,,P4_BURST,NORMAL
TRAW,1.91,1.8813499999999999,10,-0.29,-1.5,HARD_STOP,08:58:35 AM ET,08:58:35 AM ET,0.0,1,,P4_BURST,NORMAL
PMAX,3.23,3.18155,10,-0.48,-1.5,HARD_STOP,08:58:35 AM ET,08:58:35 AM ET,0.0,1,,P4_BURST,NORMAL
PMAX,3.3797,3.3290045,10,-0.51,-1.5,HARD_STOP,08:58:35 AM ET,08:58:35 AM ET,0.16,1,,P4_BURST,NORMAL
TRAW,1.9337,1.955,5,0.31,1.62,STOCHK_TIER2,08:58:35 AM ET,08:58:35 AM ET,2.14,2,PCT2,P4_BURST,NORMAL
PMAX,3.4899,3.452,10,-0.38,-1.09,STOCHK_TIER1,08:58:35 AM ET,08:58:35 AM ET,0.0,1,,P4_BURST,NORMAL
PMAX,3.4781,3.51,5,0.77,2.21,FLOOR_BREACH,08:58:35 AM ET,08:58:35 AM ET,3.5,3,PCT2,P4_BURST,NORMAL
PMAX,3.545,3.491825,10,-0.53,-1.5,HARD_STOP,08:58:35 AM ET,08:58:35 AM ET,0.0,1,,P4_BURST,NORMAL
TRAW,1.9801,1.97,10,-0.1,-0.51,MACD_BEAR_T1,08:58:35 AM ET,08:58:35 AM ET,0.49,1,,P4_BURST,NORMAL
PMAX,3.355,3.304675,10,-0.5,-1.5,HARD_STOP,08:58:35 AM ET,08:58:35 AM ET,1.04,2,,P4_BURST,NORMAL
TRAW,2.02,1.9897,10,-0.3,-1.5,HARD_STOP,08:58:35 AM ET,08:58:35 AM ET,0.0,1,,P4_BURST,NORMAL
PMAX,3.3198,3.3,10,-0.2,-0.6,FLOOR_BREACH,08:58:35 AM ET,08:58:35 AM ET,1.21,2,,P4_BURST,NORMAL
TRAW,2.01,1.9823,10,-0.28,-1.38,STOCHK_TIER1,08:58:35 AM ET,08:58:35 AM ET,0.0,1,,P4_BURST,NORMAL
PMAX,3.4003,3.4,10,-0.0,-0.01,FLOOR_BREACH,08:58:35 AM ET,08:58:35 AM ET,1.46,2,,P4_BURST,NORMAL
TRAW,2.0,1.99,10,-0.1,-0.5,STOCHK_TIER1,08:58:35 AM ET,08:58:35 AM ET,0.25,1,,P4_BURST,NORMAL
PMAX,3.5,3.4475,10,-0.53,-1.5,HARD_STOP,08:58:35 AM ET,08:58:35 AM ET,0.0,1,,P4_BURST,NORMAL
PMAX,3.59,3.5361499999999997,10,-0.54,-1.5,HARD_STOP,08:58:36 AM ET,08:58:36 AM ET,1.49,2,,P4_BURST,NORMAL
PMAX,3.4909,3.4385364999999997,10,-0.52,-1.5,HARD_STOP,08:58:36 AM ET,08:58:36 AM ET,0.0,1,,P4_BURST,NORMAL
TRAW,2.0799,2.1506,4,0.77,3.72,MACD_BEAR_T3,08:58:36 AM ET,08:58:36 AM ET,4.33,3,"PCT2,PCT4_AFTER2",P4_BURST,NORMAL
PMAX,3.42,3.3687,10,-0.51,-1.5,HARD_STOP,08:58:36 AM ET,08:58:36 AM ET,0.0,1,,P4_BURST,NORMAL
TRAW,2.18,2.2,10,0.2,0.92,MACD_BEAR_T2,08:58:36 AM ET,08:58:36 AM ET,1.35,2,,P4_BURST,NORMAL
PMAX,3.4,3.63,4,1.48,4.34,FLOOR_BREACH,08:58:36 AM ET,08:58:36 AM ET,8.53,3,"PCT2,PCT4_AFTER2",P4_BURST,NORMAL
TRAW,2.1461,2.145,10,-0.01,-0.05,STOCHK_TIER1,08:58:36 AM ET,08:58:36 AM ET,0.41,1,,P4_BURST,NORMAL
PMAX,3.84,3.7824,10,-0.58,-1.5,HARD_STOP,08:58:36 AM ET,08:58:36 AM ET,0.0,1,,P4_BURST,NORMAL
TRAW,2.14,2.1228,10,-0.17,-0.8,STOCHK_TIER1,08:58:36 AM ET,08:58:36 AM ET,0.0,1,,P4_BURST,NORMAL
TRAW,2.09,2.07,10,-0.2,-0.96,STOCHK_TIER1,08:58:36 AM ET,08:58:36 AM ET,0.0,1,,P4_BURST,NORMAL
TRAW,2.15,2.1701,10,0.2,0.93,STOCHK_TIER2,08:58:36 AM ET,08:58:36 AM ET,1.63,2,,P4_BURST,NORMAL
TRAW,2.155,2.1502,10,-0.05,-0.22,STOCHK_TIER1,08:58:36 AM ET,08:58:36 AM ET,0.23,1,,P4_BURST,NORMAL
TRAW,2.17,2.1401,10,-0.3,-1.38,STOCHK_TIER1,08:58:37 AM ET,08:58:37 AM ET,0.0,1,,P4_BURST,NORMAL
RCAX,6.3801,6.395,10,0.15,0.23,STOCHK_TIER1,08:58:37 AM ET,08:58:37 AM ET,0.94,1,,P4_BURST,NORMAL
RCAX,6.4,6.37,10,-0.3,-0.47,STOCHK_TIER1,08:58:37 AM ET,08:58:37 AM ET,0.0,1,,P4_BURST,NORMAL
RCAX,6.45,6.42,10,-0.3,-0.47,MACD_BEAR_T1,08:58:37 AM ET,08:58:37 AM ET,0.0,1,,P4_BURST,NORMAL
TRAW,2.12,2.1118,10,-0.08,-0.39,STOCHK_TIER1,08:58:37 AM ET,08:58:37 AM ET,0.0,1,,P4_BURST,NORMAL
RCAX,6.415,6.33,10,-0.85,-1.33,STOCHK_TIER1,08:58:37 AM ET,08:58:37 AM ET,0.0,1,,P4_BURST,NORMAL
RCAX,6.075,6.08,10,0.05,0.08,STOCHK_TIER1,08:58:37 AM ET,08:58:37 AM ET,0.44,1,,P4_BURST,NORMAL
TRAW,2.1562,2.2,5,0.44,2.03,MACD_BEAR_T3,08:58:37 AM ET,08:58:37 AM ET,3.78,3,PCT2,P4_BURST,NORMAL
TRAW,2.16,2.1397,10,-0.2,-0.94,STOCHK_TIER1,08:58:37 AM ET,08:58:37 AM ET,0.0,1,,P4_BURST,NORMAL
TRAW,2.169,2.15,10,-0.19,-0.88,STOCHK_TIER1,08:58:37 AM ET,08:58:37 AM ET,0.0,1,,P4_BURST,NORMAL
TRAW,2.2198,2.2002,10,-0.2,-0.88,STOCHK_TIER1,08:58:37 AM ET,08:58:37 AM ET,0.0,1,,P4_BURST,NORMAL
RKLZ,3.025,3.02,5,0.3,0.99,FLOOR_BREACH,08:58:37 AM ET,08:58:37 AM ET,2.15,2,PCT2,P4_BURST,NORMAL
RKLZ,3.0,3.025,5,0.42,1.42,STOCHK_TIER2,08:58:37 AM ET,08:58:37 AM ET,2.71,2,PCT2,P4_BURST,NORMAL
RKLZ,3.055,3.0487,10,-0.06,-0.21,FLOOR_BREACH,08:58:37 AM ET,08:58:38 AM ET,1.8,2,,P4_BURST,NORMAL
TRAW,2.229,2.25,10,0.21,0.94,STOCHK_TIER2,08:58:37 AM ET,08:58:38 AM ET,1.84,2,,P4_BURST,NORMAL
RKLZ,2.88,2.87,10,-0.1,-0.35,FLOOR_BREACH,08:58:38 AM ET,08:58:38 AM ET,1.04,2,,P4_BURST,NORMAL
TRAW,2.265,2.2310250000000003,10,-0.34,-1.5,HARD_STOP,08:58:38 AM ET,08:58:38 AM ET,0.0,1,,P4_BURST,NORMAL
RKLZ,2.8588,2.84,10,-0.19,-0.66,FLOOR_BREACH,08:58:38 AM ET,08:58:38 AM ET,1.09,2,,P4_BURST,NORMAL
RKLZ,2.795,2.78,10,-0.15,-0.54,STOCHK_TIER1,08:58:38 AM ET,08:58:38 AM ET,0.0,1,,P4_BURST,NORMAL
RKLZ,2.7699,2.8036,5,0.48,1.71,STOCHK_TIER2,08:58:38 AM ET,08:58:38 AM ET,2.53,2,PCT2,P4_BURST,NORMAL
TRAW,2.245,2.2517,10,0.07,0.3,STOCHK_TIER2,08:58:38 AM ET,08:58:38 AM ET,1.11,2,,P4_BURST,NORMAL
RKLZ,2.7689,2.75,10,-0.19,-0.68,STOCHK_TIER1,08:58:38 AM ET,08:58:38 AM ET,0.0,1,,P4_BURST,NORMAL
RKLZ,2.78,2.77,10,-0.1,-0.36,STOCHK_TIER1,08:58:38 AM ET,08:58:38 AM ET,0.36,1,,P4_BURST,NORMAL
TRAW,2.2559,2.2220615,10,-0.34,-1.5,HARD_STOP,08:58:38 AM ET,08:58:38 AM ET,0.0,1,,P4_BURST,NORMAL
RKLZ,2.7199,2.705,10,-0.15,-0.55,STOCHK_TIER1,08:58:38 AM ET,08:58:38 AM ET,0.38,1,,P4_BURST,NORMAL
TRAW,2.185,2.16,10,-0.25,-1.14,STOCHK_TIER1,08:58:38 AM ET,08:58:38 AM ET,0.0,1,,P4_BURST,NORMAL
RKLZ,2.72,2.745,10,0.25,0.92,STOCHK_TIER2,08:58:38 AM ET,08:58:38 AM ET,1.83,2,,P4_BURST,NORMAL
TRAW,2.2,2.18,10,-0.2,-0.91,STOCHK_TIER1,08:58:38 AM ET,08:58:38 AM ET,0.0,1,,P4_BURST,NORMAL
RKLZ,2.7697,2.76,10,-0.1,-0.35,STOCHK_TIER1,08:58:38 AM ET,08:58:38 AM ET,0.23,1,,P4_BURST,NORMAL
RKLZ,2.75,2.7304,10,-0.2,-0.71,STOCHK_TIER1,08:58:39 AM ET,08:58:39 AM ET,0.0,1,,P4_BURST,NORMAL
TRAW,2.17,2.16,10,-0.1,-0.46,STOCHK_TIER1,08:58:39 AM ET,08:58:39 AM ET,0.92,1,,P4_BURST,NORMAL
RKLZ,2.7064,2.68,10,-0.26,-0.98,STOCHK_TIER1,08:58:39 AM ET,08:58:39 AM ET,0.0,1,,P4_BURST,NORMAL
TRAW,2.239,2.205415,10,-0.34,-1.5,HARD_STOP,08:58:39 AM ET,08:58:39 AM ET,0.0,1,,P4_BURST,NORMAL
RKLZ,2.665,2.66,10,-0.05,-0.19,STOCHK_TIER1,08:58:39 AM ET,08:58:39 AM ET,0.19,1,,P4_BURST,NORMAL
TRAW,2.22,2.1867,10,-0.33,-1.5,HARD_STOP,08:58:39 AM ET,08:58:39 AM ET,0.0,1,,P4_BURST,NORMAL
RKLZ,2.665,2.65,10,-0.15,-0.56,STOCHK_TIER1,08:58:39 AM ET,08:58:39 AM ET,0.19,1,,P4_BURST,NORMAL
RKLZ,2.648494,2.612,10,-0.36,-1.38,STOCHK_TIER1,08:58:39 AM ET,08:58:39 AM ET,0.0,1,,P4_BURST,NORMAL
RKLZ,2.6499,2.68,10,0.3,1.14,STOCHK_TIER2,08:58:39 AM ET,08:58:39 AM ET,1.89,2,,P4_BURST,NORMAL
TRAW,2.18,2.1502,10,-0.3,-1.37,STOCHK_TIER1,08:58:40 AM ET,08:58:40 AM ET,0.0,1,,P4_BURST,NORMAL
RKLZ,2.7,2.68,10,-0.2,-0.74,STOCHK_TIER1,08:58:40 AM ET,08:58:40 AM ET,0.0,1,,P4_BURST,NORMAL
TRAW,2.19,2.18,10,-0.1,-0.46,STOCHK_TIER1,08:58:40 AM ET,08:58:40 AM ET,0.0,1,,P4_BURST,NORMAL
RKLZ,2.675,2.665,10,-0.1,-0.37,STOCHK_TIER1,08:58:40 AM ET,08:58:40 AM ET,0.37,1,,P4_BURST,NORMAL
TRAW,2.19,2.18,10,-0.1,-0.46,STOCHK_TIER1,08:58:40 AM ET,08:58:40 AM ET,0.0,1,,P4_BURST,NORMAL
RKLZ,2.67,2.7,10,0.3,1.12,STOCHK_TIER2,08:58:40 AM ET,08:58:40 AM ET,1.93,2,,P4_BURST,NORMAL
TRAW,2.19,2.18,10,-0.1,-0.46,STOCHK_TIER1,08:58:40 AM ET,08:58:40 AM ET,0.46,1,,P4_BURST,NORMAL
RKLZ,2.7,2.69,10,-0.1,-0.37,STOCHK_TIER1,08:58:40 AM ET,08:58:40 AM ET,0.0,1,,P4_BURST,NORMAL
TRAW,2.18,2.17,10,-0.1,-0.46,STOCHK_TIER1,08:58:41 AM ET,08:58:41 AM ET,0.46,1,,P4_BURST,NORMAL
TRAW,2.18,2.1713,10,-0.09,-0.4,STOCHK_TIER1,08:58:41 AM ET,08:58:41 AM ET,0.0,1,,P4_BURST,NORMAL
RKLZ,2.62,2.615,10,-0.05,-0.19,STOCHK_TIER1,08:58:41 AM ET,08:58:41 AM ET,0.34,1,,P4_BURST,NORMAL
TRAW,2.17,2.16,10,-0.1,-0.46,STOCHK_TIER1,08:58:41 AM ET,08:58:41 AM ET,0.0,1,,P4_BURST,NORMAL
RKLZ,2.6157,2.6301,10,0.14,0.55,STOCHK_TIER2,08:58:41 AM ET,08:58:41 AM ET,1.31,2,,P4_BURST,NORMAL
RKLZ,2.6401,2.641,10,0.01,0.03,STOCHK_TIER1,08:58:41 AM ET,08:58:41 AM ET,0.94,1,,P4_BURST,NORMAL
TRAW,2.1999,2.21,5,0.3,1.37,FLOOR_BREACH,08:58:41 AM ET,08:58:41 AM ET,2.27,2,PCT2,P4_BURST,NORMAL
RKLZ,2.6367,2.61,10,-0.27,-1.01,STOCHK_TIER1,08:58:42 AM ET,08:58:42 AM ET,0.0,1,,P4_BURST,NORMAL
RKLZ,2.61,2.6076,10,-0.02,-0.09,STOCHK_TIER1,08:58:42 AM ET,08:58:42 AM ET,0.57,1,,P4_BURST,NORMAL
RKLZ,2.6168,2.6101,10,-0.07,-0.26,STOCHK_TIER1,08:58:42 AM ET,08:58:42 AM ET,0.0,1,,P4_BURST,NORMAL
RKLZ,2.6499,2.75,4,0.79,2.97,MACD_BEAR_T3,08:58:42 AM ET,08:58:43 AM ET,4.91,3,"PCT2,PCT4_AFTER2",P4_BURST,NORMAL
RKLZ,2.751,2.75,10,-0.01,-0.04,STOCHK_TIER1,08:58:43 AM ET,08:58:43 AM ET,0.33,1,,P4_BURST,NORMAL
RKLZ,2.78,2.771,10,-0.09,-0.32,STOCHK_TIER1,08:58:43 AM ET,08:58:43 AM ET,0.0,1,,P4_BURST,NORMAL
RKLZ,2.79,2.8003,10,0.1,0.37,STOCHK_TIER2,08:58:44 AM ET,08:58:44 AM ET,1.07,2,,P4_BURST,NORMAL
RKLZ,2.8191,2.8003,10,-0.19,-0.67,STOCHK_TIER1,08:58:44 AM ET,08:58:44 AM ET,0.0,1,,P4_BURST,NORMAL
RKLZ,2.7989,2.7807,10,-0.18,-0.65,STOCHK_TIER1,08:58:45 AM ET,08:58:45 AM ET,0.04,1,,P4_BURST,NORMAL
AMBO,3.61,3.55585,10,-0.54,-1.5,HARD_STOP,08:58:45 AM ET,08:58:45 AM ET,0.28,1,,P4_BURST,NORMAL
AMBO,3.97,3.91045,10,-0.6,-1.5,HARD_STOP,08:58:45 AM ET,08:58:45 AM ET,0.0,1,,P4_BURST,NORMAL
AMBO,3.83,3.77255,10,-0.57,-1.5,HARD_STOP,08:58:45 AM ET,08:58:45 AM ET,0.0,1,,P4_BURST,NORMAL
AMBO,3.8,3.8,10,0.0,0.0,FLOOR_BREACH,08:58:45 AM ET,08:58:45 AM ET,1.56,2,,P4_BURST,NORMAL
AMBO,3.76,3.7036,10,-0.56,-1.5,HARD_STOP,08:58:45 AM ET,08:58:45 AM ET,0.0,1,,P4_BURST,NORMAL
AMBO,3.68,3.68,10,0.0,0.0,FLOOR_BREACH,08:58:45 AM ET,08:58:45 AM ET,1.36,2,,P4_BURST,NORMAL
AMBO,3.48,3.49,10,0.1,0.29,STOCHK_TIER1,08:58:45 AM ET,08:58:45 AM ET,0.57,1,,P4_BURST,NORMAL
RKLZ,2.8,2.7901,10,-0.1,-0.35,STOCHK_TIER1,08:58:45 AM ET,08:58:45 AM ET,0.0,1,,P4_BURST,NORMAL
IREZ,7.82,7.7695,10,-0.51,-0.65,STOCHK_TIER1,08:58:46 AM ET,08:58:46 AM ET,0.0,1,,P4_BURST,NORMAL
IREZ,7.87,7.96,5,1.3,1.65,STOCHK_TIER2,08:58:46 AM ET,08:58:46 AM ET,2.24,2,PCT2,P4_BURST,NORMAL
IREZ,7.99,8.0295,10,0.4,0.49,STOCHK_TIER2,08:58:46 AM ET,08:58:46 AM ET,1.19,2,,P4_BURST,NORMAL
IREZ,8.289,8.18,10,-1.09,-1.31,STOCHK_TIER1,08:58:46 AM ET,08:58:46 AM ET,0.0,1,,P4_BURST,NORMAL
IREZ,8.13,8.13,10,0.0,0.0,STOCHK_TIER1,08:58:46 AM ET,08:58:46 AM ET,0.26,1,,P4_BURST,NORMAL
IREZ,8.2284,8.169,10,-0.59,-0.72,STOCHK_TIER1,08:58:46 AM ET,08:58:46 AM ET,0.0,1,,P4_BURST,NORMAL
IREZ,8.09,8.07,10,-0.2,-0.25,STOCHK_TIER1,08:58:46 AM ET,08:58:46 AM ET,0.5,1,,P4_BURST,NORMAL
IREZ,8.0762,8.041,10,-0.35,-0.44,STOCHK_TIER1,08:58:46 AM ET,08:58:46 AM ET,0.05,1,,P4_BURST,NORMAL
IREZ,8.121,8.1201,10,-0.01,-0.01,STOCHK_TIER1,08:58:46 AM ET,08:58:46 AM ET,0.48,1,,P4_BURST,NORMAL
IREZ,8.2295,8.21,10,-0.19,-0.24,STOCHK_TIER1,08:58:46 AM ET,08:58:46 AM ET,0.24,1,,P4_BURST,NORMAL
IREZ,8.24,8.225,10,-0.15,-0.18,STOCHK_TIER1,08:58:46 AM ET,08:58:46 AM ET,0.36,1,,P4_BURST,NORMAL
IREZ,8.1301,8.08,10,-0.5,-0.62,STOCHK_TIER1,08:58:46 AM ET,08:58:46 AM ET,0.0,1,,P4_BURST,NORMAL
IREZ,8.15,8.6532,4,3.39,4.16,FLOOR_BREACH,08:58:47 AM ET,08:58:47 AM ET,7.85,3,"PCT2,PCT4_AFTER2",P4_BURST,NORMAL
IREZ,8.2386,8.23,10,-0.09,-0.1,FLOOR_BREACH,08:58:47 AM ET,08:58:47 AM ET,1.23,2,,P4_BURST,NORMAL
PRSO,1.15,1.14,10,-0.1,-0.87,STOCHK_TIER1,08:58:47 AM ET,08:58:47 AM ET,0.0,1,,P4_BURST,NORMAL
PRSO,1.15,1.23,4,0.58,5.04,FLOOR_BREACH,08:58:47 AM ET,08:58:47 AM ET,8.7,3,"PCT2,PCT4_AFTER2",P4_BURST,NORMAL
PRSO,1.16,1.15,10,-0.1,-0.86,STOCHK_TIER1,08:58:47 AM ET,08:58:47 AM ET,0.09,1,,P4_BURST,NORMAL
PRSO,1.19,1.17215,10,-0.18,-1.5,HARD_STOP,08:58:47 AM ET,08:58:47 AM ET,0.0,1,,P4_BURST,NORMAL
PRSO,1.195,1.2,5,0.24,2.05,FLOOR_BREACH,08:58:47 AM ET,08:58:47 AM ET,3.67,3,PCT2,P4_BURST,NORMAL
PRSO,1.24,1.2214,10,-0.19,-1.5,HARD_STOP,08:58:47 AM ET,08:58:47 AM ET,0.81,1,,P4_BURST,NORMAL
PRSO,1.255,1.2501,10,-0.05,-0.39,MACD_BEAR_T1,08:58:47 AM ET,08:58:47 AM ET,0.0,1,,P4_BURST,NORMAL
PRSO,1.235,1.216475,10,-0.19,-1.5,HARD_STOP,08:58:47 AM ET,08:58:47 AM ET,0.0,1,,P4_BURST,NORMAL
PRSO,1.2199,1.2107,10,-0.09,-0.75,STOCHK_TIER1,08:58:47 AM ET,08:58:47 AM ET,0.0,1,,P4_BURST,NORMAL
PRSO,1.2386,1.23,10,-0.09,-0.69,STOCHK_TIER1,08:58:47 AM ET,08:58:47 AM ET,0.1,1,,P4_BURST,NORMAL
PRSO,1.2599,1.2410015,10,-0.19,-1.5,HARD_STOP,08:58:47 AM ET,08:58:47 AM ET,0.0,1,,P4_BURST,NORMAL
PRSO,1.27,1.25095,10,-0.19,-1.5,HARD_STOP,08:58:47 AM ET,08:58:47 AM ET,0.0,1,,P4_BURST,NORMAL
PRSO,1.2603,1.305,4,0.39,3.13,FLOOR_BREACH,08:58:47 AM ET,08:58:47 AM ET,6.32,3,"PCT2,PCT4_AFTER2",P4_BURST,NORMAL
PRSO,1.33,1.365,4,0.37,2.78,FLOOR_BREACH,08:58:47 AM ET,08:58:47 AM ET,4.14,3,"PCT2,PCT4_AFTER2",P4_BURST,NORMAL
PRSO,1.3392,1.3511,10,0.12,0.89,STOCHK_TIER2,08:58:47 AM ET,08:58:47 AM ET,1.54,2,,P4_BURST,NORMAL
PRSO,1.4295,1.4299,5,0.2,1.43,FLOOR_BREACH,08:58:47 AM ET,08:58:47 AM ET,2.84,2,PCT2,P4_BURST,NORMAL
SOBR,2.24,2.2064000000000004,10,-0.34,-1.5,HARD_STOP,08:58:47 AM ET,08:58:47 AM ET,0.0,1,,P4_BURST,NORMAL
SOBR,2.2422,2.208567,10,-0.34,-1.5,HARD_STOP,08:58:47 AM ET,08:58:47 AM ET,0.0,1,,P4_BURST,NORMAL
PRSO,1.4103,1.3891455000000001,10,-0.21,-1.5,HARD_STOP,08:58:47 AM ET,08:58:48 AM ET,1.31,2,,P4_BURST,NORMAL
SOBR,2.17,2.13745,10,-0.33,-1.5,HARD_STOP,08:58:48 AM ET,08:58:48 AM ET,0.0,1,,P4_BURST,NORMAL
SOBR,2.23,2.215,10,-0.15,-0.67,MACD_BEAR_T1,08:58:48 AM ET,08:58:48 AM ET,0.0,1,,P4_BURST,NORMAL
SOBR,2.195,2.1620749999999997,10,-0.33,-1.5,HARD_STOP,08:58:48 AM ET,08:58:48 AM ET,0.22,1,,P4_BURST,NORMAL
PRSO,1.379,1.41,4,0.34,2.44,FLOOR_BREACH,08:58:48 AM ET,08:58:48 AM ET,4.06,3,"PCT2,PCT4_AFTER2",P4_BURST,NORMAL
SOBR,2.08,2.0703,10,-0.1,-0.47,STOCHK_TIER1,08:58:48 AM ET,08:58:48 AM ET,0.0,1,,P4_BURST,NORMAL
SOBR,1.9995,1.9695075,10,-0.3,-1.5,HARD_STOP,08:58:48 AM ET,08:58:48 AM ET,0.0,1,,P4_BURST,NORMAL
PRSO,1.3898,1.3913,10,0.02,0.11,STOCHK_TIER2,08:58:48 AM ET,08:58:48 AM ET,1.44,2,,P4_BURST,NORMAL
SOBR,1.97,1.96,10,-0.1,-0.51,STOCHK_TIER1,08:58:48 AM ET,08:58:48 AM ET,0.25,1,,P4_BURST,NORMAL
PRSO,1.4,1.3908,10,-0.09,-0.66,STOCHK_TIER1,08:58:48 AM ET,08:58:48 AM ET,0.0,1,,P4_BURST,NORMAL
SOBR,1.97,1.98,10,0.1,0.51,STOCHK_TIER1,08:58:48 AM ET,08:58:48 AM ET,0.51,1,,P4_BURST,NORMAL
PRSO,1.435,1.44,5,0.17,1.22,FLOOR_BREACH,08:58:48 AM ET,08:58:48 AM ET,2.3,2,PCT2,P4_BURST,NORMAL
PRSO,1.4989,1.4764164999999998,10,-0.22,-1.5,HARD_STOP,08:58:48 AM ET,08:58:48 AM ET,0.0,1,,P4_BURST,NORMAL
SOBR,1.8992,1.89,10,-0.09,-0.48,MACD_BEAR_T1,08:58:48 AM ET,08:58:48 AM ET,0.0,1,,P4_BURST,NORMAL
PRSO,1.48,1.52,3,0.59,4.01,FLOOR_BREACH,08:58:48 AM ET,08:58:48 AM ET,4.57,3,FAST4,P4_BURST,NORMAL
PRSO,1.515,1.535,5,0.28,1.82,FLOOR_BREACH,08:58:48 AM ET,08:58:48 AM ET,3.64,3,PCT2,P4_BURST,NORMAL
PRSO,1.5393,1.5162105,10,-0.23,-1.5,HARD_STOP,08:58:48 AM ET,08:58:48 AM ET,0.0,1,,P4_BURST,NORMAL
PRSO,1.509,1.5012,10,-0.08,-0.52,STOCHK_TIER1,08:58:49 AM ET,08:58:49 AM ET,0.0,1,,P4_BURST,NORMAL
SOBR,1.9,1.8916,10,-0.08,-0.44,STOCHK_TIER1,08:58:49 AM ET,08:58:49 AM ET,0.42,1,,P4_BURST,NORMAL
SOBR,1.92,1.9105,10,-0.09,-0.49,STOCHK_TIER1,08:58:49 AM ET,08:58:49 AM ET,0.0,1,,P4_BURST,NORMAL
PRSO,1.4501,1.4701,5,0.25,1.72,STOCHK_TIER2,08:58:49 AM ET,08:58:49 AM ET,2.06,2,PCT2,P4_BURST,NORMAL
PRSO,1.4799,1.47,10,-0.1,-0.67,MACD_BEAR_T1,08:58:49 AM ET,08:58:49 AM ET,0.0,1,,P4_BURST,NORMAL
SOBR,1.815,1.82,10,0.05,0.28,STOCHK_TIER2,08:58:49 AM ET,08:58:49 AM ET,1.38,2,,P4_BURST,NORMAL
SOBR,1.83,1.8202,10,-0.1,-0.54,STOCHK_TIER1,08:58:49 AM ET,08:58:49 AM ET,0.0,1,,P4_BURST,NORMAL
SOBR,1.76,1.7368,10,-0.23,-1.32,STOCHK_TIER1,08:58:50 AM ET,08:58:50 AM ET,0.0,1,,P4_BURST,NORMAL
AMBO,2.683,2.6427549999999997,10,-0.4,-1.5,HARD_STOP,08:58:50 AM ET,08:58:50 AM ET,0.0,1,,P4_BURST,NORMAL
AMBO,2.64,2.63,10,-0.1,-0.38,STOCHK_TIER1,08:58:50 AM ET,08:58:50 AM ET,0.38,1,,P4_BURST,NORMAL
AMBO,2.64,2.63,10,-0.1,-0.38,STOCHK_TIER1,08:58:50 AM ET,08:58:50 AM ET,0.76,1,,P4_BURST,NORMAL
AMBO,2.53,2.54,10,0.1,0.4,STOCHK_TIER2,08:58:50 AM ET,08:58:50 AM ET,1.19,2,,P4_BURST,NORMAL
AMBO,2.56,2.55,10,-0.1,-0.39,MACD_BEAR_T1,08:58:51 AM ET,08:58:51 AM ET,0.39,1,,P4_BURST,NORMAL
SST,3.7,3.65,10,-0.5,-1.35,STOCHK_TIER1,08:58:51 AM ET,08:58:51 AM ET,0.0,1,,P4_BURST,NORMAL
SST,3.72,3.6642,10,-0.56,-1.5,HARD_STOP,08:58:51 AM ET,08:58:51 AM ET,0.0,1,,P4_BURST,NORMAL
AMBO,2.61,2.5708499999999996,10,-0.39,-1.5,HARD_STOP,08:58:51 AM ET,08:58:51 AM ET,0.0,1,,P4_BURST,NORMAL
SST,3.67,3.62,10,-0.5,-1.36,STOCHK_TIER1,08:58:51 AM ET,08:58:51 AM ET,0.0,1,,P4_BURST,NORMAL
SST,3.598,3.5785,10,-0.19,-0.54,STOCHK_TIER1,08:58:51 AM ET,08:58:51 AM ET,0.0,1,,P4_BURST,NORMAL
AMBO,2.55,2.54,10,-0.1,-0.39,STOCHK_TIER1,08:58:51 AM ET,08:58:51 AM ET,0.0,1,,P4_BURST,NORMAL
AMBO,2.57,2.5402,10,-0.3,-1.16,STOCHK_TIER1,08:58:51 AM ET,08:58:51 AM ET,0.0,1,,P4_BURST,NORMAL
SST,3.59,3.5361499999999997,10,-0.54,-1.5,HARD_STOP,08:58:51 AM ET,08:58:51 AM ET,0.0,1,,P4_BURST,NORMAL
AMBO,2.62,2.5807,10,-0.39,-1.5,HARD_STOP,08:58:51 AM ET,08:58:51 AM ET,0.37,1,,P4_BURST,NORMAL
STAK,2.0,2.0,10,0.0,0.0,FLOOR_BREACH,08:58:52 AM ET,08:58:52 AM ET,1.0,2,,P4_BURST,NORMAL
AMBO,2.52,2.4822,10,-0.38,-1.5,HARD_STOP,08:58:52 AM ET,08:58:52 AM ET,0.0,1,,P4_BURST,NORMAL
STAK,2.3399,2.3048015,10,-0.35,-1.5,HARD_STOP,08:58:52 AM ET,08:58:52 AM ET,0.0,1,,P4_BURST,NORMAL
STAK,2.2594,2.2255089999999997,10,-0.34,-1.5,HARD_STOP,08:58:52 AM ET,08:58:52 AM ET,0.91,1,,P4_BURST,NORMAL
STAK,2.27,2.23595,10,-0.34,-1.5,HARD_STOP,08:58:52 AM ET,08:58:52 AM ET,0.0,1,,P4_BURST,NORMAL
STAK,2.33,2.2950500000000003,10,-0.35,-1.5,HARD_STOP,08:58:52 AM ET,08:58:52 AM ET,0.16,1,,P4_BURST,NORMAL
STAK,2.3,2.2774,10,-0.23,-0.98,STOCHK_TIER1,08:58:52 AM ET,08:58:52 AM ET,0.0,1,,P4_BURST,NORMAL
AMBO,2.525,2.487125,10,-0.38,-1.5,HARD_STOP,08:58:52 AM ET,08:58:52 AM ET,0.0,1,,P4_BURST,NORMAL
STAK,2.29,2.25565,10,-0.34,-1.5,HARD_STOP,08:58:52 AM ET,08:58:52 AM ET,0.0,1,,P4_BURST,NORMAL
STAK,2.27,2.26,10,-0.1,-0.44,MACD_BEAR_T1,08:58:52 AM ET,08:58:52 AM ET,0.44,1,,P4_BURST,NORMAL
STAK,2.1,2.11,10,0.1,0.48,STOCHK_TIER2,08:58:52 AM ET,08:58:52 AM ET,1.9,2,,P4_BURST,NORMAL
AMBO,2.2148,2.2001,10,-0.15,-0.66,STOCHK_TIER1,08:58:52 AM ET,08:58:52 AM ET,0.0,1,,P4_BURST,NORMAL
STAK,2.215,2.181775,10,-0.33,-1.5,HARD_STOP,08:58:52 AM ET,08:58:52 AM ET,0.0,1,,P4_BURST,NORMAL
STAK,2.34,2.32,10,-0.2,-0.85,STOCHK_TIER1,08:58:52 AM ET,08:58:52 AM ET,0.0,1,,P4_BURST,NORMAL
STAK,2.285,2.250725,10,-0.34,-1.5,HARD_STOP,08:58:52 AM ET,08:58:52 AM ET,0.0,1,,P4_BURST,NORMAL
AMBO,2.2,2.2215,5,0.36,1.62,STOCHK_TIER2,08:58:52 AM ET,08:58:52 AM ET,2.73,2,PCT2,P4_BURST,NORMAL
STAK,2.25,2.233,10,-0.17,-0.76,STOCHK_TIER1,08:58:52 AM ET,08:58:52 AM ET,0.0,1,,P4_BURST,NORMAL
STAK,2.3,2.2655,10,-0.34,-1.5,HARD_STOP,08:58:53 AM ET,08:58:53 AM ET,0.43,1,,P4_BURST,NORMAL
AMBO,2.26,2.2260999999999997,10,-0.34,-1.5,HARD_STOP,08:58:53 AM ET,08:58:53 AM ET,0.0,1,,P4_BURST,NORMAL
STAK,2.2816,2.28,10,-0.02,-0.07,FLOOR_BREACH,08:58:53 AM ET,08:58:53 AM ET,1.24,2,,P4_BURST,NORMAL
STAK,2.36,2.3245999999999998,10,-0.35,-1.5,HARD_STOP,08:58:53 AM ET,08:58:53 AM ET,0.0,1,,P4_BURST,NORMAL
STAK,2.32,2.32,5,0.35,1.51,FLOOR_BREACH,08:58:53 AM ET,08:58:53 AM ET,3.02,3,PCT2,P4_BURST,NORMAL
STAK,2.3809,2.38,10,-0.01,-0.04,STOCHK_TIER1,08:58:53 AM ET,08:58:53 AM ET,0.0,1,,P4_BURST,NORMAL
STAK,2.5,2.71,4,1.5,5.99,FLOOR_BREACH,08:58:53 AM ET,08:58:53 AM ET,13.6,3,"PCT2,PCT4_AFTER2",P4_BURST,NORMAL
STAK,3.07,3.08,5,0.4,1.3,FLOOR_BREACH,08:58:53 AM ET,08:58:53 AM ET,2.28,2,PCT2,P4_BURST,NORMAL
STAK,4.4,4.3340000000000005,10,-0.66,-1.5,HARD_STOP,08:58:53 AM ET,08:58:53 AM ET,0.0,1,,P4_BURST,NORMAL
AMBO,2.25,2.21625,10,-0.34,-1.5,HARD_STOP,08:58:53 AM ET,08:58:53 AM ET,0.0,1,,P4_BURST,NORMAL
AMBO,2.18,2.22,5,0.5,2.29,MACD_BEAR_T3,08:58:54 AM ET,08:58:54 AM ET,3.21,3,PCT2,P4_BURST,NORMAL
AMBO,2.1,2.0701,10,-0.3,-1.42,STOCHK_TIER1,08:58:54 AM ET,08:58:54 AM ET,0.0,1,,P4_BURST,NORMAL
AMBO,2.27,2.26,10,-0.1,-0.44,FLOOR_BREACH,08:58:54 AM ET,08:58:54 AM ET,1.32,2,,P4_BURST,NORMAL
TDIC,3.04,2.9944,10,-0.46,-1.5,HARD_STOP,08:58:54 AM ET,08:58:54 AM ET,0.0,1,,P4_BURST,NORMAL
TDIC,3.01,2.9648499999999998,10,-0.45,-1.5,HARD_STOP,08:58:54 AM ET,08:58:54 AM ET,0.0,1,,P4_BURST,NORMAL
AMBO,2.33,2.32,10,-0.1,-0.43,STOCHK_TIER1,08:58:54 AM ET,08:58:54 AM ET,0.0,1,,P4_BURST,NORMAL
TDIC,2.95,2.94,10,-0.1,-0.34,STOCHK_TIER1,08:58:55 AM ET,08:58:55 AM ET,0.0,1,,P4_BURST,NORMAL
AMBO,2.32,2.29,10,-0.3,-1.29,STOCHK_TIER1,08:58:55 AM ET,08:58:55 AM ET,0.0,1,,P4_BURST,NORMAL
TDIC,2.95,3.06,4,0.91,3.08,EOD_CLOSE,08:58:55 AM ET,08:58:55 AM ET,4.41,3,"PCT2,PCT4_AFTER2",P4_BURST,NORMAL
VIVO,4.33,4.2650500000000005,10,-0.65,-1.5,HARD_STOP,08:58:55 AM ET,08:58:55 AM ET,0.0,1,,P4_BURST,NORMAL
VIVO,4.2637,4.3,5,0.66,1.55,STOCHK_TIER2,08:58:55 AM ET,08:58:55 AM ET,2.26,2,PCT2,P4_BURST,NORMAL
VIVO,4.25,4.2743,5,0.57,1.35,STOCHK_TIER2,08:58:55 AM ET,08:58:55 AM ET,2.13,2,PCT2,P4_BURST,NORMAL
VIVO,4.2595,4.21,10,-0.5,-1.16,STOCHK_TIER1,08:58:55 AM ET,08:58:55 AM ET,0.0,1,,P4_BURST,NORMAL
VIVO,4.23,4.22,10,-0.1,-0.24,STOCHK_TIER1,08:58:55 AM ET,08:58:55 AM ET,0.47,1,,P4_BURST,NORMAL
VIVO,4.24,4.1764,10,-0.64,-1.5,HARD_STOP,08:58:55 AM ET,08:58:55 AM ET,0.0,1,,P4_BURST,NORMAL
AMBO,2.31,2.35,3,1.03,4.46,FLOOR_BREACH,08:58:55 AM ET,08:58:55 AM ET,5.63,3,FAST4,P4_BURST,NORMAL
VIVO,4.19,4.385,4,1.43,3.41,MACD_BEAR_T3,08:58:55 AM ET,08:58:55 AM ET,5.01,3,"PCT2,PCT4_AFTER2",P4_BURST,NORMAL
VIVO,4.405,4.338925000000001,10,-0.66,-1.5,HARD_STOP,08:58:55 AM ET,08:58:55 AM ET,0.0,1,,P4_BURST,NORMAL
VIVO,4.3612,4.3,10,-0.61,-1.4,STOCHK_TIER1,08:58:55 AM ET,08:58:55 AM ET,0.66,1,,P4_BURST,NORMAL
AMBO,2.46,2.4231,10,-0.37,-1.5,HARD_STOP,08:58:55 AM ET,08:58:55 AM ET,0.0,1,,P4_BURST,NORMAL
VIVO,4.17,4.23,5,1.0,2.4,FLOOR_BREACH,08:58:55 AM ET,08:58:55 AM ET,3.36,3,PCT2,P4_BURST,NORMAL
AMBO,2.46,2.4231,10,-0.37,-1.5,HARD_STOP,08:58:55 AM ET,08:58:55 AM ET,0.0,1,,P4_BURST,NORMAL
VIVO,4.332,4.27,10,-0.62,-1.43,STOCHK_TIER1,08:58:55 AM ET,08:58:55 AM ET,0.0,1,,P4_BURST,NORMAL
AMBO,2.45,2.41325,10,-0.37,-1.5,HARD_STOP,08:58:55 AM ET,08:58:55 AM ET,0.0,1,,P4_BURST,NORMAL
VIVO,4.3378,4.35,5,0.52,1.2,FLOOR_BREACH,08:58:55 AM ET,08:58:55 AM ET,3.51,3,PCT2,P4_BURST,NORMAL
VIVO,4.45,4.4414,10,-0.09,-0.19,STOCHK_TIER1,08:58:56 AM ET,08:58:56 AM ET,0.0,1,,P4_BURST,NORMAL
VIVO,4.4803,4.4801,10,-0.0,-0.0,STOCHK_TIER1,08:58:56 AM ET,08:58:56 AM ET,0.0,1,,P4_BURST,NORMAL
AMBO,2.41,2.38,4,0.33,1.37,FLOOR_BREACH,08:58:56 AM ET,08:58:56 AM ET,4.15,3,"PCT2,PCT4_AFTER2",P4_BURST,NORMAL
VIVO,4.47,4.63,4,1.47,3.28,FLOOR_BREACH,08:58:56 AM ET,08:58:56 AM ET,5.15,3,"PCT2,PCT4_AFTER2",P4_BURST,NORMAL
VIVO,4.62,4.61,10,-0.1,-0.22,STOCHK_TIER1,08:58:56 AM ET,08:58:56 AM ET,0.0,1,,P4_BURST,NORMAL
VIVO,4.69,4.64,10,-0.5,-1.07,STOCHK_TIER1,08:58:56 AM ET,08:58:56 AM ET,0.0,1,,P4_BURST,NORMAL
VIVO,4.68,4.61,10,-0.7,-1.5,STOCHK_TIER1,08:58:56 AM ET,08:58:56 AM ET,0.64,1,,P4_BURST,NORMAL
AMBO,2.35,2.33,10,-0.2,-0.85,STOCHK_TIER1,08:58:56 AM ET,08:58:56 AM ET,0.0,1,,P4_BURST,NORMAL
AMBO,2.18,2.1473,10,-0.33,-1.5,HARD_STOP,08:58:56 AM ET,08:58:57 AM ET,1.38,2,,P4_BURST,NORMAL
WOK,2.33,2.52,3,1.41,6.05,FLOOR_BREACH,08:58:57 AM ET,08:58:57 AM ET,9.88,3,FAST4,P4_BURST,NORMAL
WOK,2.4398,2.4302,10,-0.1,-0.39,FLOOR_BREACH,08:58:57 AM ET,08:58:57 AM ET,1.65,2,,P4_BURST,NORMAL
WOK,1.5475,1.5242875,10,-0.23,-1.5,HARD_STOP,08:58:57 AM ET,08:58:57 AM ET,0.0,1,,P4_BURST,NORMAL
WOK,1.14,1.1228999999999998,3,0.65,5.69,HARD_STOP,08:58:57 AM ET,08:58:57 AM ET,14.91,3,FAST4,P4_BURST,NORMAL
WOK,1.32,1.3002,10,-0.2,-1.5,HARD_STOP,08:58:57 AM ET,08:58:57 AM ET,0.0,1,,P4_BURST,NORMAL
WOK,1.3,1.3,5,0.25,1.92,FLOOR_BREACH,08:58:57 AM ET,08:58:57 AM ET,3.85,3,PCT2,P4_BURST,NORMAL
WOK,1.2601,1.2411984999999999,10,-0.19,-1.5,HARD_STOP,08:58:57 AM ET,08:58:57 AM ET,0.0,1,,P4_BURST,NORMAL
WOK,1.1865,1.1687025000000002,10,-0.18,-1.5,HARD_STOP,08:58:57 AM ET,08:58:57 AM ET,0.0,1,,P4_BURST,NORMAL
WOK,1.1399,1.1228015,10,-0.17,-1.5,HARD_STOP,08:58:57 AM ET,08:58:57 AM ET,0.0,1,,P4_BURST,NORMAL
WOK,1.15,1.13275,5,0.06,0.55,HARD_STOP,08:58:57 AM ET,08:58:57 AM ET,3.17,3,PCT2,P4_BURST,NORMAL
AEHL,4.809,4.82,5,1.01,2.1,FLOOR_BREACH,08:58:58 AM ET,08:58:58 AM ET,3.97,3,PCT2,P4_BURST,NORMAL
AIIO,4.65,4.58025,10,-0.7,-1.5,HARD_STOP,08:58:58 AM ET,08:58:58 AM ET,0.0,1,,P4_BURST,NORMAL
BZFD,1.4704,1.4483439999999999,10,-0.22,-1.5,HARD_STOP,08:58:58 AM ET,08:58:58 AM ET,0.0,1,,P4_BURST,NORMAL
AIIO,4.0865,4.11,5,0.64,1.57,STOCHK_TIER2,08:58:58 AM ET,08:58:58 AM ET,2.56,2,PCT2,P4_BURST,NORMAL
AIIO,4.03,3.9695500000000004,10,-0.6,-1.5,HARD_STOP,08:58:58 AM ET,08:58:58 AM ET,1.73,2,,P4_BURST,NORMAL
BZFD,1.4601,1.47,5,0.2,1.36,STOCHK_TIER2,08:58:58 AM ET,08:58:58 AM ET,2.05,2,PCT2,P4_BURST,NORMAL
BZFD,1.515,1.4922749999999998,10,-0.23,-1.5,HARD_STOP,08:58:58 AM ET,08:58:58 AM ET,0.98,1,,P4_BURST,NORMAL
AIIO,4.05,4.08,5,0.6,1.48,STOCHK_TIER2,08:58:58 AM ET,08:58:58 AM ET,2.97,2,PCT2,P4_BURST,NORMAL
BZFD,1.4998,1.477303,10,-0.22,-1.5,HARD_STOP,08:58:58 AM ET,08:58:58 AM ET,0.0,1,,P4_BURST,NORMAL
AIIO,4.16,4.4201,4,1.67,4.01,FLOOR_BREACH,08:58:58 AM ET,08:58:59 AM ET,8.89,3,"PCT2,PCT4_AFTER2",P4_BURST,NORMAL
BZFD,1.48,1.4578,10,-0.22,-1.5,HARD_STOP,08:58:59 AM ET,08:58:59 AM ET,0.0,1,,P4_BURST,NORMAL
AIIO,4.2,4.19,10,-0.1,-0.24,FLOOR_BREACH,08:58:59 AM ET,08:58:59 AM ET,1.45,2,,P4_BURST,NORMAL
AIIO,4.2803,4.26,10,-0.2,-0.47,FLOOR_BREACH,08:58:59 AM ET,08:58:59 AM ET,1.63,2,,P4_BURST,NORMAL
BZFD,1.4609,1.4513,10,-0.1,-0.66,FLOOR_BREACH,08:58:59 AM ET,08:58:59 AM ET,1.07,2,,P4_BURST,NORMAL
AIIO,4.275,4.25,10,-0.25,-0.58,STOCHK_TIER1,08:58:59 AM ET,08:58:59 AM ET,0.14,1,,P4_BURST,NORMAL
BZFD,1.49,1.52,4,0.37,2.51,FLOOR_BREACH,08:58:59 AM ET,08:58:59 AM ET,4.03,3,"PCT2,PCT4_AFTER2",P4_BURST,NORMAL
BZFD,1.48,1.49,10,0.1,0.68,STOCHK_TIER2,08:58:59 AM ET,08:58:59 AM ET,1.35,2,,P4_BURST,NORMAL
BZFD,1.52,1.4972,10,-0.23,-1.5,HARD_STOP,08:58:59 AM ET,08:58:59 AM ET,0.0,1,,P4_BURST,NORMAL
BZFD,1.6635,1.76,4,0.76,4.54,FLOOR_BREACH,08:58:59 AM ET,08:58:59 AM ET,8.81,3,"PCT2,PCT4_AFTER2",P4_BURST,NORMAL
BZFD,1.79,1.76315,10,-0.27,-1.5,HARD_STOP,08:58:59 AM ET,08:58:59 AM ET,1.7,2,,P4_BURST,NORMAL
BNKK,2.6265,2.61,10,-0.17,-0.63,STOCHK_TIER1,08:58:59 AM ET,08:58:59 AM ET,0.13,1,,P4_BURST,NORMAL
BZFD,1.68,1.6547999999999998,10,-0.25,-1.5,HARD_STOP,08:58:59 AM ET,08:58:59 AM ET,1.19,2,,P4_BURST,NORMAL
BNKK,2.5403,2.515,10,-0.25,-1.0,STOCHK_TIER1,08:58:59 AM ET,08:58:59 AM ET,0.0,1,,P4_BURST,NORMAL
BZFD,1.7801,1.7533985,10,-0.27,-1.5,HARD_STOP,08:58:59 AM ET,08:58:59 AM ET,0.0,1,,P4_BURST,NORMAL
BNKK,2.57,2.53145,10,-0.39,-1.5,HARD_STOP,08:58:59 AM ET,08:58:59 AM ET,0.78,1,,P4_BURST,NORMAL
BZFD,1.7711,1.7445335,10,-0.27,-1.5,HARD_STOP,08:58:59 AM ET,08:58:59 AM ET,0.0,1,,P4_BURST,NORMAL
BNKK,2.565,2.56,10,-0.05,-0.19,STOCHK_TIER1,08:58:59 AM ET,08:58:59 AM ET,0.19,1,,P4_BURST,NORMAL
BZFD,1.585,1.5612249999999999,10,-0.24,-1.5,HARD_STOP,08:58:59 AM ET,08:58:59 AM ET,0.0,1,,P4_BURST,NORMAL
BNKK,2.5942,2.58,10,-0.14,-0.55,STOCHK_TIER1,08:58:59 AM ET,08:58:59 AM ET,0.0,1,,P4_BURST,NORMAL
BZFD,1.53,1.515,10,-0.15,-0.98,FLOOR_BREACH,08:58:59 AM ET,08:58:59 AM ET,1.81,2,,P4_BURST,NORMAL
BNKK,2.55,2.55,10,0.0,0.0,FLOOR_BREACH,08:58:59 AM ET,08:59:00 AM ET,1.18,2,,P4_BURST,NORMAL
BNKK,2.55,2.545,10,-0.05,-0.2,STOCHK_TIER1,08:59:00 AM ET,08:59:00 AM ET,0.78,1,,P4_BURST,NORMAL
BZFD,1.539,1.57,4,0.41,2.64,FLOOR_BREACH,08:59:00 AM ET,08:59:00 AM ET,4.62,3,"PCT2,PCT4_AFTER2",P4_BURST,NORMAL
BNKK,2.55,2.54,10,-0.1,-0.39,STOCHK_TIER1,08:59:00 AM ET,08:59:00 AM ET,0.0,1,,P4_BURST,NORMAL
BNKK,2.5499,2.54,10,-0.1,-0.39,STOCHK_TIER1,08:59:00 AM ET,08:59:00 AM ET,0.0,1,,P4_BURST,NORMAL
BZFD,1.4599,1.454,10,-0.06,-0.4,FLOOR_BREACH,08:59:00 AM ET,08:59:00 AM ET,1.38,2,,P4_BURST,NORMAL
BNKK,2.6101,2.61,10,-0.0,-0.0,STOCHK_TIER1,08:59:00 AM ET,08:59:00 AM ET,0.76,1,,P4_BURST,NORMAL
BZFD,1.465,1.4601,10,-0.05,-0.33,STOCHK_TIER1,08:59:00 AM ET,08:59:00 AM ET,0.32,1,,P4_BURST,NORMAL
BNKK,2.61,2.6,10,-0.1,-0.38,STOCHK_TIER1,08:59:00 AM ET,08:59:00 AM ET,0.0,1,,P4_BURST,NORMAL
BNKK,2.61,2.5708499999999996,10,-0.39,-1.5,HARD_STOP,08:59:00 AM ET,08:59:00 AM ET,0.0,1,,P4_BURST,NORMAL
BZFD,1.435,1.445,5,0.2,1.43,FLOOR_BREACH,08:59:00 AM ET,08:59:00 AM ET,3.13,3,PCT2,P4_BURST,NORMAL
BNKK,2.75,2.75,5,0.29,1.05,FLOOR_BREACH,08:59:00 AM ET,08:59:00 AM ET,4.0,3,PCT2,P4_BURST,NORMAL
BNKK,2.685,2.66,10,-0.25,-0.93,FLOOR_BREACH,08:59:00 AM ET,08:59:00 AM ET,1.3,2,,P4_BURST,NORMAL
BZFD,1.4951,1.51,10,0.15,1.0,STOCHK_TIER2,08:59:00 AM ET,08:59:00 AM ET,1.67,2,,P4_BURST,NORMAL
BNKK,2.36,2.3245999999999998,10,-0.35,-1.5,HARD_STOP,08:59:00 AM ET,08:59:00 AM ET,0.42,1,,P4_BURST,NORMAL
BZFD,1.5068,1.484198,10,-0.23,-1.5,HARD_STOP,08:59:00 AM ET,08:59:00 AM ET,0.0,1,,P4_BURST,NORMAL
BNKK,2.37,2.33445,10,-0.36,-1.5,HARD_STOP,08:59:00 AM ET,08:59:00 AM ET,0.42,1,,P4_BURST,NORMAL
BNKK,2.37,2.43,4,0.62,2.64,FLOOR_BREACH,08:59:01 AM ET,08:59:01 AM ET,4.64,3,"PCT2,PCT4_AFTER2",P4_BURST,NORMAL
BZFD,1.5072,1.5101,10,0.03,0.19,STOCHK_TIER1,08:59:01 AM ET,08:59:01 AM ET,0.85,1,,P4_BURST,NORMAL
BZFD,1.6,1.576,10,-0.24,-1.5,HARD_STOP,08:59:01 AM ET,08:59:01 AM ET,0.0,1,,P4_BURST,NORMAL
BNKK,2.44,2.4307,10,-0.09,-0.38,STOCHK_TIER1,08:59:01 AM ET,08:59:01 AM ET,0.61,1,,P4_BURST,NORMAL
BNKK,2.4799,2.455,10,-0.25,-1.0,STOCHK_TIER1,08:59:01 AM ET,08:59:01 AM ET,0.0,1,,P4_BURST,NORMAL
BZFD,1.5952,1.7,4,0.66,4.15,FLOOR_BREACH,08:59:01 AM ET,08:59:01 AM ET,9.39,3,"PCT2,PCT4_AFTER2",P4_BURST,NORMAL
BNKK,2.43,2.4058,10,-0.24,-1.0,STOCHK_TIER1,08:59:01 AM ET,08:59:01 AM ET,0.42,1,,P4_BURST,NORMAL
BNKK,2.42,2.39,10,-0.3,-1.24,STOCHK_TIER1,08:59:01 AM ET,08:59:01 AM ET,0.0,1,,P4_BURST,NORMAL
BZFD,1.6056,1.581516,10,-0.24,-1.5,HARD_STOP,08:59:01 AM ET,08:59:01 AM ET,1.52,2,,P4_BURST,NORMAL
BZFD,1.6198,1.595503,10,-0.24,-1.5,HARD_STOP,08:59:02 AM ET,08:59:02 AM ET,0.0,1,,P4_BURST,NORMAL
BNKK,2.33,2.34,10,0.1,0.43,STOCHK_TIER2,08:59:02 AM ET,08:59:02 AM ET,1.29,2,,P4_BURST,NORMAL
BZFD,1.596,1.6,10,0.04,0.25,STOCHK_TIER2,08:59:02 AM ET,08:59:02 AM ET,1.19,2,,P4_BURST,NORMAL
BZFD,1.59,1.59,10,0.0,0.0,FLOOR_BREACH,08:59:02 AM ET,08:59:02 AM ET,1.89,2,,P4_BURST,NORMAL
BZFD,1.6099,1.6001,10,-0.1,-0.61,STOCHK_TIER1,08:59:02 AM ET,08:59:03 AM ET,0.8,1,,P4_BURST,NORMAL
BZFD,1.5699,1.5463515,10,-0.24,-1.5,HARD_STOP,08:59:03 AM ET,08:59:03 AM ET,0.0,1,,P4_BURST,NORMAL
BZFD,1.59,1.62,5,0.35,2.2,MACD_BEAR_T3,08:59:03 AM ET,08:59:03 AM ET,3.46,3,PCT2,P4_BURST,NORMAL
BZFD,1.645,1.645,10,0.0,0.0,FLOOR_BREACH,08:59:03 AM ET,08:59:03 AM ET,1.46,2,,P4_BURST,NORMAL
BNRG,3.14,3.0929,10,-0.47,-1.5,HARD_STOP,08:59:03 AM ET,08:59:03 AM ET,0.0,1,,P4_BURST,NORMAL
BNRG,2.8334,2.88,5,0.57,2.0,STOCHK_TIER2,08:59:04 AM ET,08:59:04 AM ET,2.7,2,PCT2,P4_BURST,NORMAL
BNRG,2.7104,2.6814,10,-0.29,-1.07,STOCHK_TIER1,08:59:04 AM ET,08:59:04 AM ET,0.0,1,,P4_BURST,NORMAL
BZFD,1.6289,1.6044665,10,-0.24,-1.5,HARD_STOP,08:59:04 AM ET,08:59:04 AM ET,0.07,1,,P4_BURST,NORMAL
BNRG,2.73,2.73,10,0.0,0.0,STOCHK_TIER1,08:59:04 AM ET,08:59:04 AM ET,0.7,1,,P4_BURST,NORMAL
BZFD,1.5899,1.57,10,-0.2,-1.25,STOCHK_TIER1,08:59:04 AM ET,08:59:04 AM ET,0.0,1,,P4_BURST,NORMAL
BNRG,2.7068,2.6661979999999996,10,-0.41,-1.5,HARD_STOP,08:59:04 AM ET,08:59:04 AM ET,0.0,1,,P4_BURST,NORMAL
BZFD,1.515,1.5006,10,-0.14,-0.95,STOCHK_TIER1,08:59:04 AM ET,08:59:04 AM ET,0.33,1,,P4_BURST,NORMAL
BNRG,2.61,2.6,10,-0.1,-0.38,STOCHK_TIER1,08:59:04 AM ET,08:59:04 AM ET,0.3,1,,P4_BURST,NORMAL
BZFD,1.4973,1.4748405,10,-0.22,-1.5,HARD_STOP,08:59:04 AM ET,08:59:05 AM ET,0.18,1,,P4_BURST,NORMAL
BNRG,2.4958,2.46,5,0.24,0.97,FLOOR_BREACH,08:59:05 AM ET,08:59:05 AM ET,3.37,3,PCT2,P4_BURST,NORMAL
BNRG,2.3,2.2655,10,-0.34,-1.5,HARD_STOP,08:59:05 AM ET,08:59:05 AM ET,0.87,1,,P4_BURST,NORMAL
BNRG,2.33,2.2950500000000003,10,-0.35,-1.5,HARD_STOP,08:59:05 AM ET,08:59:05 AM ET,0.0,1,,P4_BURST,NORMAL
BNRG,2.28,2.2457999999999996,10,-0.34,-1.5,HARD_STOP,08:59:05 AM ET,08:59:05 AM ET,0.0,1,,P4_BURST,NORMAL
BNRG,2.0692,2.0448,10,-0.24,-1.18,STOCHK_TIER1,08:59:05 AM ET,08:59:05 AM ET,0.0,1,,P4_BURST,NORMAL
BZFD,1.5301,1.535,10,0.05,0.32,STOCHK_TIER2,08:59:05 AM ET,08:59:06 AM ET,1.88,2,,P4_BURST,NORMAL
BNRG,1.895,1.99,4,0.78,4.12,FLOOR_BREACH,08:59:06 AM ET,08:59:06 AM ET,6.6,3,"PCT2,PCT4_AFTER2",P4_BURST,NORMAL
BZFD,1.568,1.54448,10,-0.24,-1.5,HARD_STOP,08:59:06 AM ET,08:59:06 AM ET,0.0,1,,P4_BURST,NORMAL
BNRG,2.05,2.11,4,0.6,2.94,FLOOR_BREACH,08:59:06 AM ET,08:59:06 AM ET,6.83,3,"PCT2,PCT4_AFTER2",P4_BURST,NORMAL
BZFD,1.5373,1.5142405,10,-0.23,-1.5,HARD_STOP,08:59:06 AM ET,08:59:06 AM ET,0.0,1,,P4_BURST,NORMAL
BNRG,2.06,2.0291,10,-0.31,-1.5,HARD_STOP,08:59:06 AM ET,08:59:06 AM ET,0.0,1,,P4_BURST,NORMAL
BZFD,1.455,1.4436,10,-0.11,-0.78,STOCHK_TIER1,08:59:06 AM ET,08:59:06 AM ET,0.0,1,,P4_BURST,NORMAL
BNRG,2.0069,1.98,10,-0.27,-1.34,STOCHK_TIER1,08:59:06 AM ET,08:59:06 AM ET,0.0,1,,P4_BURST,NORMAL
BZFD,1.365,1.3701,10,0.05,0.37,STOCHK_TIER2,08:59:07 AM ET,08:59:07 AM ET,1.83,2,,P4_BURST,NORMAL
BNRG,1.75,1.74,10,-0.1,-0.57,STOCHK_TIER1,08:59:07 AM ET,08:59:07 AM ET,0.0,1,,P4_BURST,NORMAL
BZFD,1.35,1.33,10,-0.2,-1.48,STOCHK_TIER1,08:59:07 AM ET,08:59:07 AM ET,0.0,1,,P4_BURST,NORMAL
BZFD,1.39,1.38,5,0.15,1.08,FLOOR_BREACH,08:59:07 AM ET,08:59:07 AM ET,2.88,2,PCT2,P4_BURST,NORMAL
BZFD,1.27,1.27,10,0.0,0.0,STOCHK_TIER1,08:59:08 AM ET,08:59:08 AM ET,0.19,1,,P4_BURST,NORMAL
BZFD,1.3,1.2805,10,-0.2,-1.5,HARD_STOP,08:59:08 AM ET,08:59:08 AM ET,0.0,1,,P4_BURST,NORMAL
BZFD,1.3106,1.31,10,-0.01,-0.05,STOCHK_TIER1,08:59:08 AM ET,08:59:08 AM ET,0.72,1,,P4_BURST,NORMAL
BZFD,1.41,1.39,10,-0.2,-1.42,STOCHK_TIER1,08:59:08 AM ET,08:59:08 AM ET,0.0,1,,P4_BURST,NORMAL
CCUP,7.3919,7.395,10,0.03,0.04,STOCHK_TIER1,08:59:08 AM ET,08:59:08 AM ET,0.79,1,,P4_BURST,NORMAL
CCUP,7.5899,7.4760515,10,-1.14,-1.5,HARD_STOP,08:59:08 AM ET,08:59:08 AM ET,0.0,1,,P4_BURST,NORMAL
CCUP,7.11,7.00335,5,0.21,0.3,HARD_STOP,08:59:08 AM ET,08:59:08 AM ET,2.25,2,PCT2,P4_BURST,NORMAL
CRCD,2.41,2.4,10,-0.1,-0.41,STOCHK_TIER1,08:59:08 AM ET,08:59:08 AM ET,0.0,1,,P4_BURST,NORMAL
CRCD,2.3999,2.3995,10,-0.0,-0.02,STOCHK_TIER1,08:59:08 AM ET,08:59:08 AM ET,0.0,1,,P4_BURST,NORMAL
CRCD,2.45,2.4501,10,0.0,0.0,STOCHK_TIER1,08:59:08 AM ET,08:59:08 AM ET,0.41,1,,P4_BURST,NORMAL
DXF,1.41,1.3897,10,-0.2,-1.44,STOCHK_TIER1,08:59:08 AM ET,08:59:08 AM ET,0.0,1,,P4_BURST,NORMAL
DXF,1.38,1.3601,10,-0.2,-1.44,STOCHK_TIER1,08:59:08 AM ET,08:59:08 AM ET,0.0,1,,P4_BURST,NORMAL
BZFD,1.42,1.4002,10,-0.2,-1.39,STOCHK_TIER1,08:59:08 AM ET,08:59:08 AM ET,0.7,1,,P4_BURST,NORMAL
DXF,1.3397,1.32,10,-0.2,-1.47,STOCHK_TIER1,08:59:08 AM ET,08:59:08 AM ET,0.02,1,,P4_BURST,NORMAL
DXF,1.3397,1.42,4,0.55,4.12,EOD_CLOSE,08:59:08 AM ET,08:59:08 AM ET,5.99,3,"PCT2,PCT4_AFTER2",P4_BURST,NORMAL
ELAB,1.99,1.96015,10,-0.3,-1.5,HARD_STOP,08:59:08 AM ET,08:59:08 AM ET,0.0,1,,P4_BURST,NORMAL
ELAB,2.0,2.25,3,2.25,11.27,FLOOR_BREACH,08:59:08 AM ET,08:59:08 AM ET,14.17,3,FAST4,P4_BURST,NORMAL
ELAB,2.275,2.27,10,-0.05,-0.22,STOCHK_TIER1,08:59:08 AM ET,08:59:08 AM ET,0.65,1,,P4_BURST,NORMAL
ELAB,2.2799,2.26,10,-0.2,-0.87,STOCHK_TIER1,08:59:08 AM ET,08:59:08 AM ET,0.0,1,,P4_BURST,NORMAL
ELAB,2.2,2.22,10,0.2,0.91,STOCHK_TIER2,08:59:08 AM ET,08:59:08 AM ET,1.36,2,,P4_BURST,NORMAL
ELAB,2.23,2.19655,10,-0.33,-1.5,HARD_STOP,08:59:09 AM ET,08:59:09 AM ET,0.0,1,,P4_BURST,NORMAL
BZFD,1.41,1.43,5,0.25,1.77,STOCHK_TIER2,08:59:09 AM ET,08:59:09 AM ET,2.13,2,PCT2,P4_BURST,NORMAL
FABC,4.91,4.9035,10,-0.06,-0.13,STOCHK_TIER1,08:59:09 AM ET,08:59:09 AM ET,0.0,1,,P4_BURST,NORMAL
FABC,4.9099,4.9,10,-0.1,-0.2,STOCHK_TIER1,08:59:09 AM ET,08:59:09 AM ET,0.0,1,,P4_BURST,NORMAL
FABC,4.8587,4.7858195,10,-0.73,-1.5,HARD_STOP,08:59:09 AM ET,08:59:09 AM ET,0.0,1,,P4_BURST,NORMAL
FCHL,1.9584,1.9290239999999998,10,-0.29,-1.5,HARD_STOP,08:59:09 AM ET,08:59:09 AM ET,0.0,1,,P4_BURST,NORMAL
FCUV,1.15,1.15,5,0.18,1.55,FLOOR_BREACH,08:59:09 AM ET,08:59:09 AM ET,3.1,3,PCT2,P4_BURST,NORMAL
FCUV,1.17,1.15245,10,-0.18,-1.5,HARD_STOP,08:59:09 AM ET,08:59:09 AM ET,0.0,1,,P4_BURST,NORMAL
FCUV,1.15,1.18,4,0.32,2.78,FLOOR_BREACH,08:59:09 AM ET,08:59:10 AM ET,4.35,3,"PCT2,PCT4_AFTER2",P4_BURST,NORMAL
FCUV,1.175,1.2001,4,0.38,3.24,FLOOR_BREACH,08:59:10 AM ET,08:59:10 AM ET,8.09,3,"PCT2,PCT4_AFTER2",P4_BURST,NORMAL
BZFD,1.44,1.42,10,-0.2,-1.39,STOCHK_TIER1,08:59:10 AM ET,08:59:10 AM ET,0.0,1,,P4_BURST,NORMAL
HCTI,2.305,2.270425,10,-0.35,-1.5,HARD_STOP,08:59:10 AM ET,08:59:10 AM ET,0.0,1,,P4_BURST,NORMAL
HCTI,2.27,2.26,10,-0.1,-0.44,STOCHK_TIER1,08:59:10 AM ET,08:59:10 AM ET,0.88,1,,P4_BURST,NORMAL
HCTI,2.31,2.2905,10,-0.19,-0.84,STOCHK_TIER1,08:59:10 AM ET,08:59:10 AM ET,0.87,1,,P4_BURST,NORMAL
HCTI,2.25,2.26,5,0.35,1.56,FLOOR_BREACH,08:59:10 AM ET,08:59:10 AM ET,2.67,2,PCT2,P4_BURST,NORMAL
HCTI,2.28,2.2457999999999996,5,0.18,0.79,HARD_STOP,08:59:10 AM ET,08:59:10 AM ET,3.07,3,PCT2,P4_BURST,NORMAL
HCTI,2.31,2.28,10,-0.3,-1.3,STOCHK_TIER1,08:59:10 AM ET,08:59:10 AM ET,0.75,1,,P4_BURST,NORMAL
BZFD,1.43,1.42,10,-0.1,-0.7,STOCHK_TIER1,08:59:10 AM ET,08:59:10 AM ET,0.0,1,,P4_BURST,NORMAL
HCTI,2.29,2.26,10,-0.3,-1.31,FLOOR_BREACH,08:59:10 AM ET,08:59:10 AM ET,1.75,2,,P4_BURST,NORMAL
HCTI,2.2999,2.2654015,10,-0.34,-1.5,HARD_STOP,08:59:10 AM ET,08:59:10 AM ET,0.0,1,,P4_BURST,NORMAL
HCTI,2.2399,2.23,10,-0.1,-0.44,FLOOR_BREACH,08:59:10 AM ET,08:59:10 AM ET,1.34,2,,P4_BURST,NORMAL
HCTI,2.2,2.2,10,0.0,0.0,FLOOR_BREACH,08:59:10 AM ET,08:59:10 AM ET,1.82,2,,P4_BURST,NORMAL
HCTI,2.19,2.16,10,-0.3,-1.37,STOCHK_TIER1,08:59:10 AM ET,08:59:10 AM ET,0.0,1,,P4_BURST,NORMAL
HCTI,2.34,2.3049,10,-0.35,-1.5,HARD_STOP,08:59:10 AM ET,08:59:10 AM ET,0.0,1,,P4_BURST,NORMAL
HCTI,2.29,2.25565,10,-0.34,-1.5,HARD_STOP,08:59:10 AM ET,08:59:10 AM ET,0.44,1,,P4_BURST,NORMAL
HCTI,2.2988,2.28,10,-0.19,-0.82,STOCHK_TIER1,08:59:10 AM ET,08:59:11 AM ET,0.92,1,,P4_BURST,NORMAL
HCTI,2.4,2.364,10,-0.36,-1.5,HARD_STOP,08:59:11 AM ET,08:59:11 AM ET,0.0,1,,P4_BURST,NORMAL
HCTI,2.385,2.365,10,-0.2,-0.84,STOCHK_TIER1,08:59:11 AM ET,08:59:11 AM ET,0.29,1,,P4_BURST,NORMAL
HCTI,2.375,2.34,10,-0.35,-1.47,STOCHK_TIER1,08:59:11 AM ET,08:59:11 AM ET,0.0,1,,P4_BURST,NORMAL
HCTI,2.4095,2.3733575,10,-0.36,-1.5,HARD_STOP,08:59:11 AM ET,08:59:11 AM ET,0.02,1,,P4_BURST,NORMAL
HCTI,2.36,2.3501,10,-0.1,-0.42,STOCHK_TIER1,08:59:11 AM ET,08:59:11 AM ET,0.0,1,,P4_BURST,NORMAL
HCTI,2.34,2.33,10,-0.1,-0.43,STOCHK_TIER1,08:59:11 AM ET,08:59:11 AM ET,0.0,1,,P4_BURST,NORMAL
HCTI,2.25,2.21625,10,-0.34,-1.5,HARD_STOP,08:59:11 AM ET,08:59:11 AM ET,0.15,1,,P4_BURST,NORMAL
HCTI,2.267,2.232995,10,-0.34,-1.5,HARD_STOP,08:59:11 AM ET,08:59:11 AM ET,0.0,1,,P4_BURST,NORMAL
IONZ,3.77,3.76,10,-0.1,-0.27,STOCHK_TIER1,08:59:12 AM ET,08:59:12 AM ET,0.0,1,,P4_BURST,NORMAL
IONZ,3.745,3.74,10,-0.05,-0.13,STOCHK_TIER1,08:59:12 AM ET,08:59:12 AM ET,0.13,1,,P4_BURST,NORMAL
IONZ,3.76,3.76,10,0.0,0.0,STOCHK_TIER1,08:59:12 AM ET,08:59:12 AM ET,0.27,1,,P4_BURST,NORMAL
IONZ,3.805,3.747925,10,-0.57,-1.5,HARD_STOP,08:59:12 AM ET,08:59:12 AM ET,0.0,1,,P4_BURST,NORMAL
IONZ,3.76,3.7036,10,-0.56,-1.5,HARD_STOP,08:59:12 AM ET,08:59:12 AM ET,0.0,1,,P4_BURST,NORMAL
IONZ,3.64,3.675,10,0.35,0.96,STOCHK_TIER2,08:59:12 AM ET,08:59:12 AM ET,1.65,2,,P4_BURST,NORMAL
IONZ,3.65,3.6,10,-0.5,-1.37,STOCHK_TIER1,08:59:12 AM ET,08:59:12 AM ET,0.0,1,,P4_BURST,NORMAL
IONZ,3.67,3.645,10,-0.25,-0.68,STOCHK_TIER1,08:59:12 AM ET,08:59:12 AM ET,0.0,1,,P4_BURST,NORMAL
IONZ,3.515,3.4814,10,-0.34,-0.96,STOCHK_TIER1,08:59:12 AM ET,08:59:12 AM ET,0.0,1,,P4_BURST,NORMAL
IONZ,3.5,3.565,5,0.73,2.07,STOCHK_TIER2,08:59:12 AM ET,08:59:13 AM ET,2.63,2,PCT2,P4_BURST,NORMAL
IONZ,3.43,3.45,10,0.2,0.58,STOCHK_TIER2,08:59:13 AM ET,08:59:13 AM ET,1.42,2,,P4_BURST,NORMAL
IONZ,3.44,3.4299,10,-0.1,-0.29,STOCHK_TIER1,08:59:13 AM ET,08:59:13 AM ET,0.29,1,,P4_BURST,NORMAL
IONZ,3.4799,3.46,10,-0.2,-0.57,STOCHK_TIER1,08:59:13 AM ET,08:59:13 AM ET,0.0,1,,P4_BURST,NORMAL
IONZ,3.518,3.485,10,-0.33,-0.94,STOCHK_TIER1,08:59:13 AM ET,08:59:13 AM ET,0.0,1,,P4_BURST,NORMAL
IONZ,3.5501,3.54,10,-0.1,-0.28,STOCHK_TIER1,08:59:13 AM ET,08:59:13 AM ET,0.28,1,,P4_BURST,NORMAL
IONZ,3.47,3.44,10,-0.3,-0.86,STOCHK_TIER1,08:59:13 AM ET,08:59:13 AM ET,0.0,1,,P4_BURST,NORMAL
IONZ,3.4514,3.43,10,-0.21,-0.62,STOCHK_TIER1,08:59:13 AM ET,08:59:13 AM ET,0.25,1,,P4_BURST,NORMAL
IONZ,3.4378,3.42,10,-0.18,-0.52,STOCHK_TIER1,08:59:13 AM ET,08:59:13 AM ET,0.0,1,,P4_BURST,NORMAL
IONZ,3.478,3.48,10,0.02,0.06,STOCHK_TIER1,08:59:14 AM ET,08:59:14 AM ET,0.63,1,,P4_BURST,NORMAL
IPWR,7.0491,6.96,10,-0.89,-1.26,STOCHK_TIER1,08:59:14 AM ET,08:59:14 AM ET,0.0,1,,P4_BURST,NORMAL
IPWR,7.0799,6.98,10,-1.0,-1.41,STOCHK_TIER1,08:59:14 AM ET,08:59:14 AM ET,0.0,1,,P4_BURST,NORMAL
IPWR,6.8949,6.811,10,-0.84,-1.22,STOCHK_TIER1,08:59:14 AM ET,08:59:14 AM ET,0.0,1,,P4_BURST,NORMAL
IPWR,7.15,7.04275,5,0.21,0.3,HARD_STOP,08:59:14 AM ET,08:59:14 AM ET,2.1,2,PCT2,P4_BURST,NORMAL
IPWR,7.075,7.01,10,-0.65,-0.92,STOCHK_TIER1,08:59:14 AM ET,08:59:14 AM ET,0.0,1,,P4_BURST,NORMAL
IPWR,7.2,7.1931,10,-0.07,-0.1,STOCHK_TIER1,08:59:14 AM ET,08:59:14 AM ET,0.0,1,,P4_BURST,NORMAL
IREZ,8.36,8.33,10,-0.3,-0.36,MACD_BEAR_T1,08:59:15 AM ET,08:59:15 AM ET,0.01,1,,P4_BURST,NORMAL
IREZ,8.24,8.2796,10,0.4,0.48,STOCHK_TIER1,08:59:15 AM ET,08:59:15 AM ET,0.61,1,,P4_BURST,NORMAL
JZXN,1.2735,1.27,10,-0.04,-0.27,STOCHK_TIER1,08:59:15 AM ET,08:59:15 AM ET,0.51,1,,P4_BURST,NORMAL
JZXN,1.2703,1.2703,10,0.0,0.0,STOCHK_TIER1,08:59:15 AM ET,08:59:15 AM ET,0.74,1,,P4_BURST,NORMAL
KULR,4.035,4.01,10,-0.25,-0.62,STOCHK_TIER1,08:59:15 AM ET,08:59:15 AM ET,0.0,1,,P4_BURST,NORMAL
KULR,4.073,4.25,4,1.44,3.53,EOD_CLOSE,08:59:15 AM ET,08:59:15 AM ET,4.35,3,"PCT2,PCT4_AFTER2",P4_BURST,NORMAL
LESL,1.81,1.79,10,-0.2,-1.1,STOCHK_TIER1,08:59:15 AM ET,08:59:15 AM ET,0.0,1,,P4_BURST,NORMAL
LESL,1.991,1.961135,10,-0.3,-1.5,HARD_STOP,08:59:15 AM ET,08:59:15 AM ET,0.0,1,,P4_BURST,NORMAL
LESL,2.04,2.0094,10,-0.31,-1.5,HARD_STOP,08:59:15 AM ET,08:59:15 AM ET,0.0,1,,P4_BURST,NORMAL
LESL,2.0999,2.0684015,10,-0.31,-1.5,HARD_STOP,08:59:15 AM ET,08:59:15 AM ET,0.0,1,,P4_BURST,NORMAL
LESL,1.9501,1.96,5,0.3,1.53,STOCHK_TIER2,08:59:15 AM ET,08:59:15 AM ET,2.56,2,PCT2,P4_BURST,NORMAL
LESL,2.13,2.0980499999999997,10,-0.32,-1.5,HARD_STOP,08:59:15 AM ET,08:59:15 AM ET,0.0,1,,P4_BURST,NORMAL
LESL,2.23,2.19655,10,-0.33,-1.5,HARD_STOP,08:59:15 AM ET,08:59:15 AM ET,0.0,1,,P4_BURST,NORMAL
LESL,2.27,2.23595,10,-0.34,-1.5,HARD_STOP,08:59:15 AM ET,08:59:15 AM ET,0.0,1,,P4_BURST,NORMAL
LESL,2.5101,2.4724485,10,-0.38,-1.5,HARD_STOP,08:59:15 AM ET,08:59:15 AM ET,1.99,2,,P4_BURST,NORMAL
LESL,2.4199,2.46,3,0.89,3.68,FLOOR_BREACH,08:59:15 AM ET,08:59:15 AM ET,4.55,3,FAST4,P4_BURST,NORMAL
IREZ,8.665,8.68,10,0.15,0.17,STOCHK_TIER1,08:59:15 AM ET,08:59:15 AM ET,0.98,1,,P4_BURST,NORMAL
LESL,2.55,2.5117499999999997,10,-0.38,-1.5,HARD_STOP,08:59:15 AM ET,08:59:15 AM ET,0.0,1,,P4_BURST,NORMAL
IREZ,8.5873,8.63,10,0.43,0.5,STOCHK_TIER2,08:59:15 AM ET,08:59:15 AM ET,1.89,2,,P4_BURST,NORMAL
IREZ,8.7689,8.72,10,-0.49,-0.56,STOCHK_TIER1,08:59:15 AM ET,08:59:15 AM ET,0.13,1,,P4_BURST,NORMAL
LESL,2.39,2.35415,10,-0.36,-1.5,HARD_STOP,08:59:15 AM ET,08:59:15 AM ET,0.0,1,,P4_BURST,NORMAL
IREZ,8.705,8.67,10,-0.35,-0.4,STOCHK_TIER1,08:59:15 AM ET,08:59:15 AM ET,0.4,1,,P4_BURST,NORMAL
LESL,2.38,2.3443,10,-0.36,-1.5,HARD_STOP,08:59:15 AM ET,08:59:15 AM ET,0.42,1,,P4_BURST,NORMAL
IREZ,8.3962,8.36,10,-0.36,-0.43,STOCHK_TIER1,08:59:15 AM ET,08:59:15 AM ET,0.7,1,,P4_BURST,NORMAL
LESL,2.5007,2.4631895,10,-0.38,-1.5,HARD_STOP,08:59:15 AM ET,08:59:15 AM ET,0.0,1,,P4_BURST,NORMAL
IREZ,8.4,8.545,5,1.57,1.87,STOCHK_TIER2,08:59:15 AM ET,08:59:15 AM ET,2.62,2,PCT2,P4_BURST,NORMAL
LESL,2.595,2.5560750000000003,5,0.08,0.31,HARD_STOP,08:59:15 AM ET,08:59:15 AM ET,2.12,2,PCT2,P4_BURST,NORMAL
LESL,3.055,3.009175,10,-0.46,-1.5,HARD_STOP,08:59:15 AM ET,08:59:15 AM ET,0.49,1,,P4_BURST,NORMAL
IREZ,8.485,8.435,10,-0.5,-0.59,STOCHK_TIER1,08:59:15 AM ET,08:59:15 AM ET,0.65,1,,P4_BURST,NORMAL
IREZ,8.61,8.63,10,0.2,0.23,STOCHK_TIER1,08:59:16 AM ET,08:59:16 AM ET,0.75,1,,P4_BURST,NORMAL
IREZ,8.72,8.67,10,-0.5,-0.57,STOCHK_TIER1,08:59:16 AM ET,08:59:16 AM ET,0.0,1,,P4_BURST,NORMAL
LESL,2.63,3.11,4,2.42,9.2,FLOOR_BREACH,08:59:16 AM ET,08:59:16 AM ET,23.19,3,"PCT2,PCT4_AFTER2",P4_BURST,NORMAL
IREZ,8.8,8.755,10,-0.45,-0.51,STOCHK_TIER1,08:59:16 AM ET,08:59:16 AM ET,0.34,1,,P4_BURST,NORMAL
LESL,3.17,3.1224499999999997,10,-0.48,-1.5,HARD_STOP,08:59:16 AM ET,08:59:16 AM ET,0.0,1,,P4_BURST,NORMAL
IREZ,8.9,8.88,10,-0.2,-0.22,STOCHK_TIER1,08:59:16 AM ET,08:59:16 AM ET,0.17,1,,P4_BURST,NORMAL
LESL,3.66,3.77,3,1.87,5.11,FLOOR_BREACH,08:59:16 AM ET,08:59:16 AM ET,6.01,3,FAST4,P4_BURST,NORMAL
IREZ,8.711,8.66,10,-0.51,-0.59,STOCHK_TIER1,08:59:16 AM ET,08:59:16 AM ET,0.22,1,,P4_BURST,NORMAL
LESL,3.86,3.96,3,1.49,3.86,FLOOR_BREACH,08:59:16 AM ET,08:59:16 AM ET,4.92,3,FAST4,P4_BURST,NORMAL
IREZ,8.495,8.435,10,-0.6,-0.71,STOCHK_TIER1,08:59:16 AM ET,08:59:16 AM ET,0.06,1,,P4_BURST,NORMAL
LESL,3.94,3.94,10,0.0,0.0,FLOOR_BREACH,08:59:16 AM ET,08:59:16 AM ET,1.26,2,,P4_BURST,NORMAL
IREZ,8.14,8.06,10,-0.8,-0.98,STOCHK_TIER1,08:59:16 AM ET,08:59:16 AM ET,0.0,1,,P4_BURST,NORMAL
LESL,4.2999,4.2354015,10,-0.64,-1.5,HARD_STOP,08:59:16 AM ET,08:59:16 AM ET,0.0,1,,P4_BURST,NORMAL
IREZ,8.1698,8.16,10,-0.1,-0.12,STOCHK_TIER1,08:59:16 AM ET,08:59:16 AM ET,0.25,1,,P4_BURST,NORMAL
LESL,4.29,4.22565,10,-0.64,-1.5,HARD_STOP,08:59:16 AM ET,08:59:16 AM ET,0.0,1,,P4_BURST,NORMAL
IREZ,8.2002,8.16,10,-0.4,-0.49,STOCHK_TIER1,08:59:16 AM ET,08:59:16 AM ET,0.0,1,,P4_BURST,NORMAL
LESL,4.04,3.9794,10,-0.61,-1.5,HARD_STOP,08:59:16 AM ET,08:59:16 AM ET,0.0,1,,P4_BURST,NORMAL
LESL,4.05,3.9892499999999997,10,-0.61,-1.5,HARD_STOP,08:59:16 AM ET,08:59:16 AM ET,0.0,1,,P4_BURST,NORMAL
IREZ,7.99,8.03,10,0.4,0.5,STOCHK_TIER2,08:59:16 AM ET,08:59:16 AM ET,1.25,2,,P4_BURST,NORMAL
LESL,3.5197,3.4669044999999996,10,-0.53,-1.5,HARD_STOP,08:59:16 AM ET,08:59:16 AM ET,0.0,1,,P4_BURST,NORMAL
IREZ,7.98,7.9401,10,-0.4,-0.5,STOCHK_TIER1,08:59:16 AM ET,08:59:16 AM ET,0.0,1,,P4_BURST,NORMAL
IREZ,7.965,7.965,10,0.0,0.0,FLOOR_BREACH,08:59:16 AM ET,08:59:16 AM ET,1.07,2,,P4_BURST,NORMAL
LESL,3.45,3.57,3,1.48,4.29,FLOOR_BREACH,08:59:16 AM ET,08:59:16 AM ET,5.79,3,FAST4,P4_BURST,NORMAL
IREZ,7.995,7.95,10,-0.45,-0.56,STOCHK_TIER1,08:59:16 AM ET,08:59:16 AM ET,0.0,1,,P4_BURST,NORMAL
IREZ,7.99,8.05,10,0.6,0.75,STOCHK_TIER2,08:59:17 AM ET,08:59:17 AM ET,1.63,2,,P4_BURST,NORMAL
IREZ,8.19,8.11,10,-0.8,-0.98,STOCHK_TIER1,08:59:17 AM ET,08:59:17 AM ET,0.23,1,,P4_BURST,NORMAL
IREZ,8.095,8.0401,10,-0.55,-0.68,STOCHK_TIER1,08:59:17 AM ET,08:59:17 AM ET,0.0,1,,P4_BURST,NORMAL
IREZ,8.14,8.13,10,-0.1,-0.12,STOCHK_TIER1,08:59:17 AM ET,08:59:17 AM ET,0.25,1,,P4_BURST,NORMAL
IREZ,7.85,7.9401,10,0.9,1.15,STOCHK_TIER2,08:59:17 AM ET,08:59:17 AM ET,1.91,2,,P4_BURST,NORMAL
IREZ,7.88,7.9,10,0.2,0.25,STOCHK_TIER1,08:59:18 AM ET,08:59:18 AM ET,0.76,1,,P4_BURST,NORMAL
IREZ,7.84,7.8403,10,0.0,0.0,STOCHK_TIER1,08:59:18 AM ET,08:59:18 AM ET,0.13,1,,P4_BURST,NORMAL
IREZ,7.9,7.86,10,-0.4,-0.51,STOCHK_TIER1,08:59:18 AM ET,08:59:18 AM ET,0.0,1,,P4_BURST,NORMAL
LNKS,1.79,1.79,10,0.0,0.0,FLOOR_BREACH,08:59:18 AM ET,08:59:18 AM ET,1.12,2,,P4_BURST,NORMAL
LNKS,1.79,1.7801,10,-0.1,-0.55,STOCHK_TIER1,08:59:18 AM ET,08:59:18 AM ET,0.0,1,,P4_BURST,NORMAL
LNKS,1.7902,1.79,10,-0.0,-0.01,STOCHK_TIER1,08:59:18 AM ET,08:59:18 AM ET,0.55,1,,P4_BURST,NORMAL
LNKS,1.74,1.7139,10,-0.26,-1.5,HARD_STOP,08:59:18 AM ET,08:59:19 AM ET,0.57,1,,P4_BURST,NORMAL
LNKS,1.76,1.76,10,0.0,0.0,FLOOR_BREACH,08:59:19 AM ET,08:59:19 AM ET,1.14,2,,P4_BURST,NORMAL
MOBX,2.7998,2.757803,10,-0.42,-1.5,HARD_STOP,08:59:19 AM ET,08:59:19 AM ET,0.0,1,,P4_BURST,NORMAL
MOBX,2.98,3.01,5,0.64,2.16,FLOOR_BREACH,08:59:19 AM ET,08:59:19 AM ET,3.31,3,PCT2,P4_BURST,NORMAL
MOBX,2.97,3.08,3,1.39,4.68,FLOOR_BREACH,08:59:19 AM ET,08:59:19 AM ET,7.41,3,FAST4,P4_BURST,NORMAL
MOBX,2.9799,3.84,3,3.49,11.72,FLOOR_BREACH,08:59:19 AM ET,08:59:19 AM ET,35.24,3,FAST4,P4_BURST,NORMAL
MOBX,3.3947,3.3437794999999997,10,-0.51,-1.5,HARD_STOP,08:59:19 AM ET,08:59:19 AM ET,0.0,1,,P4_BURST,NORMAL
MOBX,3.4101,3.4084,10,-0.02,-0.05,FLOOR_BREACH,08:59:19 AM ET,08:59:19 AM ET,1.18,2,,P4_BURST,NORMAL
MOBX,3.17,3.1224499999999997,10,-0.48,-1.5,HARD_STOP,08:59:19 AM ET,08:59:19 AM ET,0.63,1,,P4_BURST,NORMAL
MOBX,3.04,3.115,4,0.77,2.52,FLOOR_BREACH,08:59:19 AM ET,08:59:19 AM ET,4.11,3,"PCT2,PCT4_AFTER2",P4_BURST,NORMAL
MOBX,3.291,3.28,10,-0.11,-0.33,FLOOR_BREACH,08:59:19 AM ET,08:59:19 AM ET,1.49,2,,P4_BURST,NORMAL
MOBX,3.195,3.22,5,0.45,1.41,FLOOR_BREACH,08:59:19 AM ET,08:59:19 AM ET,3.91,3,PCT2,P4_BURST,NORMAL
MOBX,3.2499,3.2101,10,-0.4,-1.22,STOCHK_TIER1,08:59:19 AM ET,08:59:19 AM ET,0.31,1,,P4_BURST,NORMAL
MOBX,3.1799,3.1322015,10,-0.48,-1.5,HARD_STOP,08:59:19 AM ET,08:59:19 AM ET,0.0,1,,P4_BURST,NORMAL
MOBX,3.16,3.1201,10,-0.4,-1.26,STOCHK_TIER1,08:59:19 AM ET,08:59:19 AM ET,0.0,1,,P4_BURST,NORMAL
MOBX,3.1,3.145,5,0.58,1.86,FLOOR_BREACH,08:59:19 AM ET,08:59:19 AM ET,3.23,3,PCT2,P4_BURST,NORMAL
MOBX,3.4093,3.3581605,10,-0.51,-1.5,HARD_STOP,08:59:19 AM ET,08:59:19 AM ET,1.19,2,,P4_BURST,NORMAL
MOBX,3.3177,3.2679345,10,-0.5,-1.5,HARD_STOP,08:59:19 AM ET,08:59:19 AM ET,0.95,1,,P4_BURST,NORMAL
MOBX,3.225,3.1801,10,-0.45,-1.39,STOCHK_TIER1,08:59:19 AM ET,08:59:19 AM ET,0.0,1,,P4_BURST,NORMAL
MOBX,2.1401,2.11,10,-0.3,-1.41,STOCHK_TIER1,08:59:19 AM ET,08:59:19 AM ET,0.0,1,,P4_BURST,NORMAL
MOBX,2.09,2.08,10,-0.1,-0.48,STOCHK_TIER1,08:59:20 AM ET,08:59:20 AM ET,0.0,1,,P4_BURST,NORMAL
MOBX,2.0498,2.035,10,-0.15,-0.72,STOCHK_TIER1,08:59:20 AM ET,08:59:20 AM ET,0.0,1,,P4_BURST,NORMAL
MOBX,2.0594,2.04,10,-0.19,-0.94,STOCHK_TIER1,08:59:20 AM ET,08:59:20 AM ET,0.03,1,,P4_BURST,NORMAL
MOBX,3.305,3.3011,10,-0.04,-0.12,FLOOR_BREACH,08:59:20 AM ET,08:59:20 AM ET,1.05,2,,P4_BURST,NORMAL
MOBX,1.995,1.995,10,0.0,0.0,STOCHK_TIER1,08:59:20 AM ET,08:59:20 AM ET,0.25,1,,P4_BURST,NORMAL
MOBX,1.9799,1.9729,10,-0.07,-0.35,STOCHK_TIER1,08:59:20 AM ET,08:59:20 AM ET,0.0,1,,P4_BURST,NORMAL
MOBX,1.92,1.9101,10,-0.1,-0.52,STOCHK_TIER1,08:59:20 AM ET,08:59:20 AM ET,0.0,1,,P4_BURST,NORMAL
MOBX,1.92,1.91,10,-0.1,-0.52,STOCHK_TIER1,08:59:20 AM ET,08:59:20 AM ET,0.0,1,,P4_BURST,NORMAL
MOBX,1.9,1.925,10,0.25,1.32,STOCHK_TIER2,08:59:20 AM ET,08:59:20 AM ET,1.58,2,,P4_BURST,NORMAL
MOBX,1.94,1.94,10,0.0,0.0,STOCHK_TIER1,08:59:21 AM ET,08:59:21 AM ET,0.52,1,,P4_BURST,NORMAL
MOBX,1.9413,1.9413,10,0.0,0.0,STOCHK_TIER1,08:59:21 AM ET,08:59:21 AM ET,0.45,1,,P4_BURST,NORMAL
SST,4.8009,4.728886500000001,10,-0.72,-1.5,HARD_STOP,08:59:21 AM ET,08:59:21 AM ET,0.0,1,,P4_BURST,NORMAL
SST,4.57,4.50145,10,-0.69,-1.5,HARD_STOP,08:59:21 AM ET,08:59:21 AM ET,0.0,1,,P4_BURST,NORMAL
SST,4.657,4.587145,10,-0.7,-1.5,HARD_STOP,08:59:21 AM ET,08:59:21 AM ET,0.0,1,,P4_BURST,NORMAL
SST,4.43,4.3902,10,-0.4,-0.9,STOCHK_TIER1,08:59:21 AM ET,08:59:21 AM ET,0.0,1,,P4_BURST,NORMAL
SST,4.11,4.11,3,1.19,2.9,FLOOR_BREACH,08:59:21 AM ET,08:59:21 AM ET,4.14,3,FAST4,P4_BURST,NORMAL
SST,3.8,3.743,10,-0.57,-1.5,HARD_STOP,08:59:21 AM ET,08:59:21 AM ET,0.0,1,,P4_BURST,NORMAL
SST,3.7923,3.7354154999999998,10,-0.57,-1.5,HARD_STOP,08:59:21 AM ET,08:59:21 AM ET,0.0,1,,P4_BURST,NORMAL
OCG,2.23,2.2,10,-0.3,-1.35,STOCHK_TIER1,08:59:21 AM ET,08:59:21 AM ET,0.0,1,,P4_BURST,NORMAL
SST,3.4498,3.398053,10,-0.52,-1.5,HARD_STOP,08:59:21 AM ET,08:59:21 AM ET,0.0,1,,P4_BURST,NORMAL
OCG,2.2,2.19,10,-0.1,-0.45,FLOOR_BREACH,08:59:21 AM ET,08:59:21 AM ET,1.36,2,,P4_BURST,NORMAL
OCG,2.204,2.2132,5,0.28,1.25,FLOOR_BREACH,08:59:21 AM ET,08:59:22 AM ET,2.99,2,PCT2,P4_BURST,NORMAL
OCG,2.21,2.17685,10,-0.33,-1.5,HARD_STOP,08:59:22 AM ET,08:59:22 AM ET,0.0,1,,P4_BURST,NORMAL
SST,3.0,2.97,10,-0.3,-1.0,STOCHK_TIER1,08:59:22 AM ET,08:59:22 AM ET,0.0,1,,P4_BURST,NORMAL
SST,3.1,3.0535,10,-0.46,-1.5,HARD_STOP,08:59:22 AM ET,08:59:22 AM ET,0.0,1,,P4_BURST,NORMAL
OCG,2.1,2.07,10,-0.3,-1.43,STOCHK_TIER1,08:59:22 AM ET,08:59:22 AM ET,0.0,1,,P4_BURST,NORMAL
OCG,2.09,2.22,3,1.3,6.22,EOD_CLOSE,08:59:22 AM ET,08:59:22 AM ET,6.22,3,FAST4,P4_BURST,NORMAL
ONDG,6.14,6.21,5,1.0,1.63,STOCHK_TIER2,08:59:22 AM ET,08:59:22 AM ET,2.12,2,PCT2,P4_BURST,NORMAL
ONDG,6.189,6.11,10,-0.79,-1.28,STOCHK_TIER1,08:59:22 AM ET,08:59:22 AM ET,0.18,1,,P4_BURST,NORMAL
ONDG,6.059,6.05,10,-0.09,-0.15,STOCHK_TIER1,08:59:22 AM ET,08:59:22 AM ET,0.42,1,,P4_BURST,NORMAL
ONDG,6.11,6.01835,10,-0.92,-1.5,HARD_STOP,08:59:22 AM ET,08:59:22 AM ET,0.0,1,,P4_BURST,NORMAL
ONDG,6.03,5.99,10,-0.4,-0.66,STOCHK_TIER1,08:59:22 AM ET,08:59:22 AM ET,0.0,1,,P4_BURST,NORMAL
ONDG,6.28,6.1858,4,0.95,1.51,HARD_STOP,08:59:22 AM ET,08:59:22 AM ET,4.76,3,"PCT2,PCT4_AFTER2",P4_BURST,NORMAL
ONDG,5.815,5.727775,10,-0.87,-1.5,HARD_STOP,08:59:22 AM ET,08:59:22 AM ET,0.0,1,,P4_BURST,NORMAL
ONDG,6.025,5.9346250000000005,10,-0.9,-1.5,HARD_STOP,08:59:22 AM ET,08:59:22 AM ET,0.0,1,,P4_BURST,NORMAL
ONDG,5.8,5.73,10,-0.7,-1.21,STOCHK_TIER1,08:59:22 AM ET,08:59:22 AM ET,0.86,1,,P4_BURST,NORMAL
ONDG,5.845,5.8,10,-0.45,-0.77,STOCHK_TIER1,08:59:22 AM ET,08:59:22 AM ET,0.0,1,,P4_BURST,NORMAL
ONDG,5.9,5.9,10,0.0,0.0,FLOOR_BREACH,08:59:22 AM ET,08:59:22 AM ET,1.02,2,,P4_BURST,NORMAL
ONDG,6.0693,6.0626,10,-0.07,-0.11,FLOOR_BREACH,08:59:22 AM ET,08:59:23 AM ET,1.01,2,,P4_BURST,NORMAL
AMBO,1.954,1.95,10,-0.04,-0.2,EOD_CLOSE,08:59:23 AM ET,08:59:23 AM ET,0.0,1,,P4_BURST,NORMAL
ONDG,6.2,6.18,10,-0.2,-0.32,STOCHK_TIER1,08:59:23 AM ET,08:59:23 AM ET,0.31,1,,P4_BURST,NORMAL
ONDG,6.36,6.33,10,-0.3,-0.47,STOCHK_TIER1,08:59:23 AM ET,08:59:23 AM ET,0.0,1,,P4_BURST,NORMAL
ONDG,6.3593,6.303,10,-0.56,-0.89,FLOOR_BREACH,08:59:23 AM ET,08:59:23 AM ET,1.9,2,,P4_BURST,NORMAL
ONDG,6.3,6.64,4,2.53,4.02,MACD_BEAR_T3,08:59:23 AM ET,08:59:23 AM ET,5.87,3,"PCT2,PCT4_AFTER2",P4_BURST,NORMAL
ONDG,6.73,6.76,10,0.3,0.45,STOCHK_TIER2,08:59:23 AM ET,08:59:23 AM ET,1.19,2,,P4_BURST,NORMAL
BZFD,1.38,1.36,10,-0.2,-1.45,STOCHK_TIER1,08:59:23 AM ET,08:59:23 AM ET,0.0,1,,P4_BURST,NORMAL
ONDG,6.985,6.880225,10,-1.05,-1.5,HARD_STOP,08:59:23 AM ET,08:59:23 AM ET,0.36,1,,P4_BURST,NORMAL
BZFD,1.15,1.145,10,-0.05,-0.43,STOCHK_TIER1,08:59:23 AM ET,08:59:23 AM ET,0.87,1,,P4_BURST,NORMAL
ONDG,6.88,6.85,10,-0.3,-0.44,STOCHK_TIER1,08:59:23 AM ET,08:59:23 AM ET,0.29,1,,P4_BURST,NORMAL
BZFD,1.135,1.135,10,0.0,0.0,FLOOR_BREACH,08:59:23 AM ET,08:59:23 AM ET,1.09,2,,P4_BURST,NORMAL
ONDG,6.91,6.87,10,-0.4,-0.58,STOCHK_TIER1,08:59:23 AM ET,08:59:23 AM ET,0.58,1,,P4_BURST,NORMAL
BZFD,1.1496,1.132356,10,-0.17,-1.5,HARD_STOP,08:59:23 AM ET,08:59:23 AM ET,0.0,1,,P4_BURST,NORMAL
ONDG,6.881,6.96,5,1.14,1.66,STOCHK_TIER2,08:59:23 AM ET,08:59:23 AM ET,2.67,2,PCT2,P4_BURST,NORMAL
BZFD,1.13,1.1362,10,0.06,0.55,STOCHK_TIER2,08:59:23 AM ET,08:59:23 AM ET,1.76,2,,P4_BURST,NORMAL
ONDG,7.12,7.025,10,-0.95,-1.33,STOCHK_TIER1,08:59:23 AM ET,08:59:23 AM ET,0.0,1,,P4_BURST,NORMAL
BZFD,1.15,1.14,10,-0.1,-0.87,STOCHK_TIER1,08:59:23 AM ET,08:59:23 AM ET,0.0,1,,P4_BURST,NORMAL
BZFD,1.1498,1.16,10,0.1,0.89,STOCHK_TIER2,08:59:23 AM ET,08:59:23 AM ET,1.76,2,,P4_BURST,NORMAL
ONDG,7.0191,7.21,4,1.84,2.62,MACD_BEAR_T3,08:59:23 AM ET,08:59:23 AM ET,4.0,3,"PCT2,PCT4_AFTER2",P4_BURST,NORMAL
BZFD,1.2,1.24,4,0.42,3.47,FLOOR_BREACH,08:59:24 AM ET,08:59:24 AM ET,5.0,3,"PCT2,PCT4_AFTER2",P4_BURST,NORMAL
ONDG,7.33,7.3147,10,-0.15,-0.21,STOCHK_TIER1,08:59:24 AM ET,08:59:24 AM ET,0.0,1,,P4_BURST,NORMAL
BZFD,1.2351,1.2475,5,0.19,1.51,STOCHK_TIER2,08:59:24 AM ET,08:59:24 AM ET,2.02,2,PCT2,P4_BURST,NORMAL
ONDG,7.445,7.333325,10,-1.12,-1.5,HARD_STOP,08:59:24 AM ET,08:59:24 AM ET,0.13,1,,P4_BURST,NORMAL
ONDG,7.2,7.199,10,-0.01,-0.01,STOCHK_TIER1,08:59:24 AM ET,08:59:24 AM ET,0.0,1,,P4_BURST,NORMAL
BZFD,1.2597,1.255,10,-0.05,-0.37,STOCHK_TIER1,08:59:24 AM ET,08:59:24 AM ET,0.02,1,,P4_BURST,NORMAL
ONDG,7.2296,7.22,10,-0.1,-0.13,STOCHK_TIER1,08:59:24 AM ET,08:59:24 AM ET,0.56,1,,P4_BURST,NORMAL
BZFD,1.26,1.27,10,0.1,0.79,STOCHK_TIER2,08:59:24 AM ET,08:59:24 AM ET,1.59,2,,P4_BURST,NORMAL
BZFD,1.25,1.23125,10,-0.19,-1.5,HARD_STOP,08:59:24 AM ET,08:59:24 AM ET,0.0,1,,P4_BURST,NORMAL
BZFD,1.215,1.2101,10,-0.05,-0.4,STOCHK_TIER1,08:59:24 AM ET,08:59:24 AM ET,0.0,1,,P4_BURST,NORMAL
BZFD,1.28,1.2801,10,0.0,0.01,STOCHK_TIER1,08:59:24 AM ET,08:59:24 AM ET,0.78,1,,P4_BURST,NORMAL
BZFD,1.2695,1.2605,10,-0.09,-0.71,STOCHK_TIER1,08:59:24 AM ET,08:59:24 AM ET,0.0,1,,P4_BURST,NORMAL
BZFD,1.28,1.27,10,-0.1,-0.78,STOCHK_TIER1,08:59:25 AM ET,08:59:25 AM ET,0.0,1,,P4_BURST,NORMAL
PMAX,3.48,3.4278,10,-0.52,-1.5,HARD_STOP,08:59:25 AM ET,08:59:25 AM ET,0.86,1,,P4_BURST,NORMAL
QCLS,5.0499,4.9741515,10,-0.76,-1.5,HARD_STOP,08:59:25 AM ET,08:59:25 AM ET,0.0,1,,P4_BURST,NORMAL
QCLS,5.135,5.13,10,-0.05,-0.1,FLOOR_BREACH,08:59:25 AM ET,08:59:25 AM ET,1.46,2,,P4_BURST,NORMAL
BZFD,1.275,1.271,10,-0.04,-0.31,STOCHK_TIER1,08:59:25 AM ET,08:59:25 AM ET,0.0,1,,P4_BURST,NORMAL
QCLS,5.3244,5.26,10,-0.64,-1.21,STOCHK_TIER1,08:59:25 AM ET,08:59:25 AM ET,0.0,1,,P4_BURST,NORMAL
RCAX,6.35,6.3,10,-0.5,-0.79,STOCHK_TIER1,08:59:25 AM ET,08:59:25 AM ET,0.0,1,,P4_BURST,NORMAL
BZFD,1.2799,1.2702,10,-0.1,-0.76,STOCHK_TIER1,08:59:25 AM ET,08:59:25 AM ET,0.0,1,,P4_BURST,NORMAL
BZFD,1.2882,1.2801,10,-0.08,-0.63,STOCHK_TIER1,08:59:25 AM ET,08:59:25 AM ET,0.13,1,,P4_BURST,NORMAL
RKLZ,2.7892,2.771,10,-0.18,-0.65,STOCHK_TIER1,08:59:25 AM ET,08:59:25 AM ET,0.0,1,,P4_BURST,NORMAL
RKLZ,2.7795,2.7701,10,-0.09,-0.34,STOCHK_TIER1,08:59:25 AM ET,08:59:25 AM ET,0.0,1,,P4_BURST,NORMAL
RKLZ,2.79,2.79,10,0.0,0.0,STOCHK_TIER1,08:59:25 AM ET,08:59:25 AM ET,0.35,1,,P4_BURST,NORMAL
RKLZ,2.8,2.8,10,0.0,0.0,MACD_BEAR_T1,08:59:25 AM ET,08:59:25 AM ET,0.0,1,,P4_BURST,NORMAL
BZFD,1.29,1.28,10,-0.1,-0.78,STOCHK_TIER1,08:59:25 AM ET,08:59:25 AM ET,0.0,1,,P4_BURST,NORMAL
BZFD,1.285,1.2801,10,-0.05,-0.38,STOCHK_TIER1,08:59:25 AM ET,08:59:25 AM ET,0.0,1,,P4_BURST,NORMAL
SNAL,1.1882,1.19,4,0.22,1.83,FLOOR_BREACH,08:59:25 AM ET,08:59:25 AM ET,4.36,3,"PCT2,PCT4_AFTER2",P4_BURST,NORMAL
SNAL,1.19,1.17215,10,-0.18,-1.5,HARD_STOP,08:59:25 AM ET,08:59:25 AM ET,0.0,1,,P4_BURST,NORMAL
SNAL,1.17,1.15245,10,-0.18,-1.5,HARD_STOP,08:59:25 AM ET,08:59:25 AM ET,0.43,1,,P4_BURST,NORMAL
SNAL,1.16,1.1425999999999998,10,-0.17,-1.5,HARD_STOP,08:59:25 AM ET,08:59:25 AM ET,0.0,1,,P4_BURST,NORMAL
BZFD,1.285,1.2701,10,-0.15,-1.16,STOCHK_TIER1,08:59:25 AM ET,08:59:25 AM ET,0.0,1,,P4_BURST,NORMAL
SNAL,1.305,1.31,3,0.46,3.5,FLOOR_BREACH,08:59:25 AM ET,08:59:25 AM ET,4.84,3,FAST4,P4_BURST,NORMAL
SNAL,1.3,1.2805,10,-0.2,-1.5,HARD_STOP,08:59:25 AM ET,08:59:25 AM ET,0.0,1,,P4_BURST,NORMAL
SNAL,1.31,1.4,4,0.64,4.86,FLOOR_BREACH,08:59:25 AM ET,08:59:25 AM ET,8.4,3,"PCT2,PCT4_AFTER2",P4_BURST,NORMAL
SNAL,1.54,1.54,10,0.0,0.0,FLOOR_BREACH,08:59:25 AM ET,08:59:25 AM ET,1.95,2,,P4_BURST,NORMAL
BZFD,1.28,1.28,10,0.0,0.0,STOCHK_TIER1,08:59:25 AM ET,08:59:25 AM ET,0.78,1,,P4_BURST,NORMAL
SNAL,1.49,1.46765,10,-0.22,-1.5,HARD_STOP,08:59:25 AM ET,08:59:25 AM ET,0.0,1,,P4_BURST,NORMAL
SNAL,1.47,1.49,4,0.3,2.04,FLOOR_BREACH,08:59:25 AM ET,08:59:25 AM ET,4.76,3,"PCT2,PCT4_AFTER2",P4_BURST,NORMAL
SNAL,1.4865,1.4642024999999999,10,-0.22,-1.5,HARD_STOP,08:59:26 AM ET,08:59:26 AM ET,0.0,1,,P4_BURST,NORMAL
SNAL,1.4482,1.426477,10,-0.22,-1.5,HARD_STOP,08:59:26 AM ET,08:59:26 AM ET,0.12,1,,P4_BURST,NORMAL
BZFD,1.29,1.31,5,0.25,1.94,MACD_BEAR_T3,08:59:25 AM ET,08:59:26 AM ET,3.1,3,PCT2,P4_BURST,NORMAL
SNAL,1.4,1.43,4,0.38,2.72,FLOOR_BREACH,08:59:26 AM ET,08:59:26 AM ET,4.31,3,"PCT2,PCT4_AFTER2",P4_BURST,NORMAL
SNAL,1.5,1.4775,10,-0.22,-1.5,HARD_STOP,08:59:26 AM ET,08:59:26 AM ET,0.0,1,,P4_BURST,NORMAL
SNAL,1.5,1.4775,10,-0.22,-1.5,HARD_STOP,08:59:26 AM ET,08:59:26 AM ET,0.0,1,,P4_BURST,NORMAL
BZFD,1.345,1.34,10,-0.05,-0.37,STOCHK_TIER1,08:59:26 AM ET,08:59:26 AM ET,0.0,1,,P4_BURST,NORMAL
SNAL,1.43,1.40855,10,-0.21,-1.5,HARD_STOP,08:59:26 AM ET,08:59:26 AM ET,0.0,1,,P4_BURST,NORMAL
SNAL,1.44,1.4183999999999999,10,-0.22,-1.5,HARD_STOP,08:59:26 AM ET,08:59:26 AM ET,0.0,1,,P4_BURST,NORMAL
BZFD,1.36,1.365,10,0.05,0.37,MACD_BEAR_T1,08:59:26 AM ET,08:59:26 AM ET,0.74,1,,P4_BURST,NORMAL
SNAL,1.38,1.385,5,0.18,1.27,FLOOR_BREACH,08:59:26 AM ET,08:59:26 AM ET,2.17,2,PCT2,P4_BURST,NORMAL
BZFD,1.3681,1.3643,10,-0.04,-0.28,MACD_BEAR_T1,08:59:26 AM ET,08:59:26 AM ET,0.14,1,,P4_BURST,NORMAL
SNAL,1.4889,1.4665664999999999,10,-0.22,-1.5,HARD_STOP,08:59:26 AM ET,08:59:26 AM ET,0.0,1,,P4_BURST,NORMAL
BZFD,1.3598,1.339403,10,-0.2,-1.5,HARD_STOP,08:59:26 AM ET,08:59:26 AM ET,0.0,1,,P4_BURST,NORMAL
SNAL,1.3201,1.3002985,10,-0.2,-1.5,HARD_STOP,08:59:26 AM ET,08:59:26 AM ET,0.37,1,,P4_BURST,NORMAL
BZFD,1.34,1.3199,10,-0.2,-1.5,HARD_STOP,08:59:26 AM ET,08:59:26 AM ET,0.0,1,,P4_BURST,NORMAL
SNAL,1.2797,1.3994,4,0.79,6.18,FLOOR_BREACH,08:59:26 AM ET,08:59:26 AM ET,13.31,3,"PCT2,PCT4_AFTER2",P4_BURST,NORMAL
BZFD,1.37,1.35,10,-0.2,-1.46,STOCHK_TIER1,08:59:26 AM ET,08:59:26 AM ET,0.0,1,,P4_BURST,NORMAL
SNAL,1.3152,1.295472,10,-0.2,-1.5,HARD_STOP,08:59:26 AM ET,08:59:26 AM ET,0.0,1,,P4_BURST,NORMAL
BZFD,1.3699,1.36,10,-0.1,-0.72,MACD_BEAR_T1,08:59:26 AM ET,08:59:26 AM ET,0.52,1,,P4_BURST,NORMAL
SNAL,1.3,1.3,10,0.0,0.0,FLOOR_BREACH,08:59:26 AM ET,08:59:27 AM ET,1.54,2,,P4_BURST,NORMAL
BZFD,1.36,1.3511,10,-0.09,-0.65,STOCHK_TIER1,08:59:27 AM ET,08:59:27 AM ET,0.0,1,,P4_BURST,NORMAL
SNAL,1.4257,1.4219,10,-0.04,-0.27,FLOOR_BREACH,08:59:27 AM ET,08:59:27 AM ET,1.94,2,,P4_BURST,NORMAL
SNAL,1.4,1.4206,5,0.33,2.34,FLOOR_BREACH,08:59:27 AM ET,08:59:27 AM ET,3.57,3,PCT2,P4_BURST,NORMAL
SNAL,1.415,1.4194,5,0.2,1.39,FLOOR_BREACH,08:59:27 AM ET,08:59:27 AM ET,2.46,2,PCT2,P4_BURST,NORMAL
BZFD,1.36,1.3505,10,-0.1,-0.7,STOCHK_TIER1,08:59:27 AM ET,08:59:27 AM ET,0.0,1,,P4_BURST,NORMAL
SNAL,1.4,1.3901,10,-0.1,-0.71,FLOOR_BREACH,08:59:27 AM ET,08:59:27 AM ET,1.43,2,,P4_BURST,NORMAL
BZFD,1.36,1.35,10,-0.1,-0.74,STOCHK_TIER1,08:59:27 AM ET,08:59:27 AM ET,0.0,1,,P4_BURST,NORMAL
SNAL,1.36,1.41,3,0.57,4.19,FLOOR_BREACH,08:59:27 AM ET,08:59:27 AM ET,5.63,3,FAST4,P4_BURST,NORMAL
BZFD,1.35,1.32975,10,-0.2,-1.5,HARD_STOP,08:59:27 AM ET,08:59:27 AM ET,0.0,1,,P4_BURST,NORMAL
SNAL,1.3614,1.3503,10,-0.11,-0.82,STOCHK_TIER1,08:59:27 AM ET,08:59:27 AM ET,0.26,1,,P4_BURST,NORMAL
BZFD,1.33,1.3100500000000002,10,-0.2,-1.5,HARD_STOP,08:59:27 AM ET,08:59:27 AM ET,0.0,1,,P4_BURST,NORMAL
SNAL,1.3773,1.3627,10,-0.15,-1.06,STOCHK_TIER1,08:59:27 AM ET,08:59:27 AM ET,0.0,1,,P4_BURST,NORMAL
BZFD,1.26,1.2411,10,-0.19,-1.5,HARD_STOP,08:59:27 AM ET,08:59:27 AM ET,0.0,1,,P4_BURST,NORMAL
SNAL,1.32,1.385,4,0.47,3.53,FLOOR_BREACH,08:59:27 AM ET,08:59:27 AM ET,6.44,3,"PCT2,PCT4_AFTER2",P4_BURST,NORMAL
SNAL,1.405,1.485,4,0.59,4.2,FLOOR_BREACH,08:59:28 AM ET,08:59:28 AM ET,9.2,3,"PCT2,PCT4_AFTER2",P4_BURST,NORMAL
BZFD,1.2935,1.2740975,10,-0.19,-1.5,HARD_STOP,08:59:28 AM ET,08:59:28 AM ET,0.0,1,,P4_BURST,NORMAL
BZFD,1.2708,1.2725,10,0.02,0.13,STOCHK_TIER1,08:59:28 AM ET,08:59:28 AM ET,0.13,1,,P4_BURST,NORMAL
SNAL,1.43,1.40855,10,-0.21,-1.5,HARD_STOP,08:59:28 AM ET,08:59:28 AM ET,0.0,1,,P4_BURST,NORMAL
BZFD,1.3,1.3,10,0.0,0.0,FLOOR_BREACH,08:59:28 AM ET,08:59:28 AM ET,1.54,2,,P4_BURST,NORMAL
BZFD,1.31,1.3,10,-0.1,-0.76,STOCHK_TIER1,08:59:28 AM ET,08:59:28 AM ET,0.44,1,,P4_BURST,NORMAL
BZFD,1.3006,1.3,10,-0.01,-0.05,FLOOR_BREACH,08:59:28 AM ET,08:59:29 AM ET,1.49,2,,P4_BURST,NORMAL
SNAL,1.375,1.36,10,-0.15,-1.09,STOCHK_TIER1,08:59:29 AM ET,08:59:29 AM ET,0.0,1,,P4_BURST,NORMAL
BZFD,1.31,1.3003,10,-0.1,-0.74,STOCHK_TIER1,08:59:29 AM ET,08:59:29 AM ET,0.0,1,,P4_BURST,NORMAL
SNAL,1.03,1.02,10,-0.1,-0.97,STOCHK_TIER1,08:59:29 AM ET,08:59:29 AM ET,0.0,1,,P4_BURST,NORMAL
BZFD,1.31,1.31,10,0.0,0.0,STOCHK_TIER1,08:59:29 AM ET,08:59:29 AM ET,0.76,1,,P4_BURST,NORMAL
IREZ,7.75,7.66,10,-0.9,-1.16,STOCHK_TIER1,08:59:31 AM ET,08:59:31 AM ET,0.0,1,,P4_BURST,NORMAL
IREZ,7.5215,7.51,10,-0.11,-0.15,STOCHK_TIER1,08:59:31 AM ET,08:59:31 AM ET,0.0,1,,P4_BURST,NORMAL
IREZ,7.53,8.14,3,5.53,7.34,FLOOR_BREACH,08:59:31 AM ET,08:59:31 AM ET,9.76,3,FAST4,P4_BURST,NORMAL
IREZ,8.365,8.36,10,-0.05,-0.06,FLOOR_BREACH,08:59:31 AM ET,08:59:31 AM ET,1.49,2,,P4_BURST,NORMAL
IREZ,8.33,8.3814,10,0.51,0.62,STOCHK_TIER2,08:59:31 AM ET,08:59:31 AM ET,1.74,2,,P4_BURST,NORMAL
IREZ,8.465,8.36,10,-1.05,-1.24,STOCHK_TIER1,08:59:31 AM ET,08:59:31 AM ET,0.3,1,,P4_BURST,NORMAL
IREZ,8.46,8.46,10,0.0,0.0,STOCHK_TIER1,08:59:31 AM ET,08:59:31 AM ET,0.71,1,,P4_BURST,NORMAL
IREZ,8.25,8.22,10,-0.3,-0.36,STOCHK_TIER1,08:59:31 AM ET,08:59:31 AM ET,0.0,1,,P4_BURST,NORMAL
IREZ,8.47,8.54,10,0.7,0.83,STOCHK_TIER2,08:59:31 AM ET,08:59:31 AM ET,1.36,2,,P4_BURST,NORMAL
IREZ,8.5599,8.44,10,-1.2,-1.4,STOCHK_TIER1,08:59:31 AM ET,08:59:31 AM ET,0.0,1,,P4_BURST,NORMAL
IREZ,8.3901,8.4,10,0.1,0.12,STOCHK_TIER1,08:59:31 AM ET,08:59:31 AM ET,0.71,1,,P4_BURST,NORMAL
IREZ,8.495,8.46,10,-0.35,-0.41,STOCHK_TIER1,08:59:31 AM ET,08:59:32 AM ET,0.29,1,,P4_BURST,NORMAL
IREZ,8.4501,8.47,10,0.2,0.24,STOCHK_TIER1,08:59:32 AM ET,08:59:32 AM ET,0.47,1,,P4_BURST,NORMAL
IREZ,8.5,8.47,10,-0.3,-0.35,STOCHK_TIER1,08:59:32 AM ET,08:59:32 AM ET,0.0,1,,P4_BURST,NORMAL
IREZ,8.49,8.46,10,-0.3,-0.35,MACD_BEAR_T1,08:59:32 AM ET,08:59:32 AM ET,0.12,1,,P4_BURST,NORMAL
IREZ,8.45,8.385,10,-0.65,-0.77,STOCHK_TIER1,08:59:32 AM ET,08:59:32 AM ET,0.0,1,,P4_BURST,NORMAL
IREZ,8.46,8.5312,5,1.21,1.43,STOCHK_TIER2,08:59:32 AM ET,08:59:32 AM ET,2.01,2,PCT2,P4_BURST,NORMAL
SNDQ,9.21,9.25,10,0.4,0.43,STOCHK_TIER1,08:59:32 AM ET,08:59:32 AM ET,0.54,1,,P4_BURST,NORMAL
IREZ,8.5,8.465,10,-0.35,-0.41,STOCHK_TIER1,08:59:32 AM ET,08:59:32 AM ET,0.0,1,,P4_BURST,NORMAL
SNDQ,9.27,9.25,10,-0.2,-0.22,STOCHK_TIER1,08:59:32 AM ET,08:59:32 AM ET,0.32,1,,P4_BURST,NORMAL
SOBR,1.81,1.78285,10,-0.27,-1.5,HARD_STOP,08:59:32 AM ET,08:59:32 AM ET,0.0,1,,P4_BURST,NORMAL
SOBR,1.8076,1.780486,10,-0.27,-1.5,HARD_STOP,08:59:32 AM ET,08:59:32 AM ET,0.0,1,,P4_BURST,NORMAL
IREZ,8.4,8.4101,10,0.1,0.12,STOCHK_TIER1,08:59:32 AM ET,08:59:32 AM ET,0.72,1,,P4_BURST,NORMAL
IREZ,8.4013,8.37,10,-0.31,-0.37,STOCHK_TIER1,08:59:32 AM ET,08:59:32 AM ET,0.82,1,,P4_BURST,NORMAL
IREZ,8.3201,8.38,10,0.6,0.72,STOCHK_TIER2,08:59:32 AM ET,08:59:33 AM ET,1.14,2,,P4_BURST,NORMAL
STAK,1.48,1.4578,10,-0.22,-1.5,HARD_STOP,08:59:33 AM ET,08:59:33 AM ET,0.0,1,,P4_BURST,NORMAL
STAK,1.4781,1.4559285,10,-0.22,-1.5,HARD_STOP,08:59:33 AM ET,08:59:33 AM ET,0.0,1,,P4_BURST,NORMAL
STAK,1.44,1.5206,3,0.67,4.62,FLOOR_BREACH,08:59:33 AM ET,08:59:33 AM ET,7.64,3,FAST4,P4_BURST,NORMAL
STAK,1.57,1.54645,10,-0.24,-1.5,HARD_STOP,08:59:33 AM ET,08:59:33 AM ET,0.0,1,,P4_BURST,NORMAL
IREZ,8.23,8.22,10,-0.1,-0.12,STOCHK_TIER1,08:59:33 AM ET,08:59:33 AM ET,0.0,1,,P4_BURST,NORMAL
STAK,1.47,1.47,10,0.0,0.0,FLOOR_BREACH,08:59:33 AM ET,08:59:33 AM ET,1.36,2,,P4_BURST,NORMAL
STAK,1.47,1.45,10,-0.2,-1.36,STOCHK_TIER1,08:59:33 AM ET,08:59:33 AM ET,0.0,1,,P4_BURST,NORMAL
IREZ,8.27,8.24,10,-0.3,-0.36,STOCHK_TIER1,08:59:33 AM ET,08:59:33 AM ET,0.12,1,,P4_BURST,NORMAL
STAK,1.13,1.1130499999999999,10,-0.17,-1.5,HARD_STOP,08:59:33 AM ET,08:59:34 AM ET,0.0,1,,P4_BURST,NORMAL
IREZ,8.27,8.28,10,0.1,0.12,STOCHK_TIER1,08:59:33 AM ET,08:59:34 AM ET,0.73,1,,P4_BURST,NORMAL
IREZ,8.21,8.19,10,-0.2,-0.24,STOCHK_TIER1,08:59:34 AM ET,08:59:34 AM ET,0.0,1,,P4_BURST,NORMAL
IREZ,8.0699,8.02,10,-0.5,-0.62,STOCHK_TIER1,08:59:34 AM ET,08:59:34 AM ET,0.09,1,,P4_BURST,NORMAL
IREZ,7.9582,8.045,5,1.24,1.56,STOCHK_TIER2,08:59:34 AM ET,08:59:34 AM ET,2.03,2,PCT2,P4_BURST,NORMAL
IREZ,8.16,8.2,10,0.4,0.49,STOCHK_TIER2,08:59:34 AM ET,08:59:35 AM ET,1.1,2,,P4_BURST,NORMAL
IREZ,8.25,8.2,10,-0.5,-0.61,STOCHK_TIER1,08:59:35 AM ET,08:59:35 AM ET,0.0,1,,P4_BURST,NORMAL
IREZ,8.315,8.2799,10,-0.35,-0.42,STOCHK_TIER1,08:59:35 AM ET,08:59:35 AM ET,0.3,1,,P4_BURST,NORMAL
IREZ,8.25,8.2088,10,-0.41,-0.5,STOCHK_TIER1,08:59:35 AM ET,08:59:35 AM ET,0.0,1,,P4_BURST,NORMAL
TDIC,15.98,15.7403,10,-2.4,-1.5,HARD_STOP,08:59:35 AM ET,08:59:35 AM ET,0.0,1,,P4_BURST,NORMAL
IREZ,8.3,8.2601,10,-0.4,-0.48,STOCHK_TIER1,08:59:35 AM ET,08:59:35 AM ET,0.18,1,,P4_BURST,NORMAL
VIVO,4.45,4.38325,10,-0.67,-1.5,HARD_STOP,08:59:35 AM ET,08:59:35 AM ET,0.0,1,,P4_BURST,NORMAL
VIVO,4.9,4.8265,10,-0.74,-1.5,HARD_STOP,08:59:35 AM ET,08:59:35 AM ET,0.0,1,,P4_BURST,NORMAL
VIVO,4.889,4.85,10,-0.39,-0.8,STOCHK_TIER1,08:59:36 AM ET,08:59:36 AM ET,0.0,1,,P4_BURST,NORMAL
VIVO,4.93,4.9,10,-0.3,-0.61,MACD_BEAR_T1,08:59:36 AM ET,08:59:36 AM ET,0.12,1,,P4_BURST,NORMAL
VIVO,5.06,5.01,10,-0.5,-0.99,STOCHK_TIER1,08:59:36 AM ET,08:59:36 AM ET,0.0,1,,P4_BURST,NORMAL
VIVO,5.06,5.04,10,-0.2,-0.4,STOCHK_TIER1,08:59:36 AM ET,08:59:36 AM ET,0.0,1,,P4_BURST,NORMAL
WOK,1.97,1.94045,10,-0.3,-1.5,HARD_STOP,08:59:36 AM ET,08:59:36 AM ET,0.0,1,,P4_BURST,NORMAL
IREZ,8.24,8.22,10,-0.2,-0.24,STOCHK_TIER1,08:59:36 AM ET,08:59:36 AM ET,0.0,1,,P4_BURST,NORMAL
SST,3.7,3.65,10,-0.5,-1.35,STOCHK_TIER1,08:59:37 AM ET,08:59:37 AM ET,0.0,1,,P4_BURST,NORMAL
SST,3.72,3.6642,10,-0.56,-1.5,HARD_STOP,08:59:37 AM ET,08:59:37 AM ET,0.0,1,,P4_BURST,NORMAL
SST,3.67,3.62,10,-0.5,-1.36,STOCHK_TIER1,08:59:37 AM ET,08:59:37 AM ET,0.0,1,,P4_BURST,NORMAL
SST,3.598,3.5785,10,-0.19,-0.54,STOCHK_TIER1,08:59:38 AM ET,08:59:38 AM ET,0.0,1,,P4_BURST,NORMAL
AIIO,5.04,5.1,5,1.0,1.99,STOCHK_TIER2,08:59:38 AM ET,08:59:38 AM ET,2.8,2,PCT2,P4_BURST,NORMAL
AIIO,5.12,5.0432,10,-0.77,-1.5,HARD_STOP,08:59:38 AM ET,08:59:38 AM ET,0.0,1,,P4_BURST,NORMAL
AIIO,4.96,4.93,10,-0.3,-0.6,STOCHK_TIER1,08:59:38 AM ET,08:59:38 AM ET,0.2,1,,P4_BURST,NORMAL
SST,3.59,3.5361499999999997,10,-0.54,-1.5,HARD_STOP,08:59:38 AM ET,08:59:38 AM ET,0.0,1,,P4_BURST,NORMAL
AIIO,4.7109,4.79,5,1.02,2.17,STOCHK_TIER2,08:59:38 AM ET,08:59:38 AM ET,2.93,2,PCT2,P4_BURST,NORMAL
AIIO,4.7291,4.75,10,0.21,0.44,STOCHK_TIER2,08:59:38 AM ET,08:59:38 AM ET,1.71,2,,P4_BURST,NORMAL
BZFD,1.27,1.27,10,0.0,0.0,STOCHK_TIER1,08:59:38 AM ET,08:59:38 AM ET,0.19,1,,P4_BURST,NORMAL
BZFD,1.3,1.2805,10,-0.2,-1.5,HARD_STOP,08:59:38 AM ET,08:59:38 AM ET,0.0,1,,P4_BURST,NORMAL
AUUD,1.94,1.9108999999999998,5,0.05,0.28,HARD_STOP,08:59:38 AM ET,08:59:38 AM ET,2.06,2,PCT2,P4_BURST,NORMAL
AUUD,2.0203,1.9899955000000003,10,-0.3,-1.5,HARD_STOP,08:59:38 AM ET,08:59:38 AM ET,0.0,1,,P4_BURST,NORMAL
AUUD,1.97,1.95,10,-0.2,-1.02,STOCHK_TIER1,08:59:38 AM ET,08:59:38 AM ET,0.0,1,,P4_BURST,NORMAL
AUUD,1.8,1.773,10,-0.27,-1.5,HARD_STOP,08:59:38 AM ET,08:59:38 AM ET,0.0,1,,P4_BURST,NORMAL
AUUD,1.81,1.81,10,0.0,0.0,FLOOR_BREACH,08:59:38 AM ET,08:59:38 AM ET,1.1,2,,P4_BURST,NORMAL
AUUD,1.89,1.8803,10,-0.1,-0.51,FLOOR_BREACH,08:59:38 AM ET,08:59:38 AM ET,1.06,2,,P4_BURST,NORMAL
AUUD,1.97,1.94045,10,-0.3,-1.5,HARD_STOP,08:59:38 AM ET,08:59:38 AM ET,0.0,1,,P4_BURST,NORMAL
AUUD,1.905,2.0403,4,0.91,4.78,FLOOR_BREACH,08:59:38 AM ET,08:59:38 AM ET,9.72,3,"PCT2,PCT4_AFTER2",P4_BURST,NORMAL
AUUD,2.04,2.11,4,0.78,3.82,FLOOR_BREACH,08:59:38 AM ET,08:59:38 AM ET,6.86,3,"PCT2,PCT4_AFTER2",P4_BURST,NORMAL
IREZ,8.36,8.33,10,-0.3,-0.36,MACD_BEAR_T1,08:59:38 AM ET,08:59:38 AM ET,0.01,1,,P4_BURST,NORMAL
AUUD,2.1634,2.31,4,1.03,4.75,FLOOR_BREACH,08:59:39 AM ET,08:59:39 AM ET,8.58,3,"PCT2,PCT4_AFTER2",P4_BURST,NORMAL
IREZ,8.24,8.2796,10,0.4,0.48,STOCHK_TIER1,08:59:39 AM ET,08:59:39 AM ET,0.61,1,,P4_BURST,NORMAL
MOBX,2.7998,2.757803,10,-0.42,-1.5,HARD_STOP,08:59:39 AM ET,08:59:39 AM ET,0.0,1,,P4_BURST,NORMAL
MOBX,2.98,3.01,5,0.64,2.16,FLOOR_BREACH,08:59:39 AM ET,08:59:39 AM ET,3.31,3,PCT2,P4_BURST,NORMAL
MOBX,2.97,3.08,3,1.39,4.68,FLOOR_BREACH,08:59:39 AM ET,08:59:39 AM ET,7.41,3,FAST4,P4_BURST,NORMAL
MOBX,2.9799,3.84,3,3.49,11.72,FLOOR_BREACH,08:59:39 AM ET,08:59:39 AM ET,35.24,3,FAST4,P4_BURST,NORMAL
MOBX,3.3947,3.3437794999999997,10,-0.51,-1.5,HARD_STOP,08:59:39 AM ET,08:59:39 AM ET,0.0,1,,P4_BURST,NORMAL
MOBX,3.4101,3.4084,10,-0.02,-0.05,FLOOR_BREACH,08:59:39 AM ET,08:59:39 AM ET,1.18,2,,P4_BURST,NORMAL
MOBX,3.17,3.1224499999999997,10,-0.48,-1.5,HARD_STOP,08:59:39 AM ET,08:59:39 AM ET,0.63,1,,P4_BURST,NORMAL
MOBX,3.04,3.115,4,0.77,2.52,FLOOR_BREACH,08:59:39 AM ET,08:59:39 AM ET,4.11,3,"PCT2,PCT4_AFTER2",P4_BURST,NORMAL
MOBX,3.291,3.28,10,-0.11,-0.33,FLOOR_BREACH,08:59:39 AM ET,08:59:39 AM ET,1.49,2,,P4_BURST,NORMAL
MOBX,3.195,3.22,5,0.45,1.41,FLOOR_BREACH,08:59:39 AM ET,08:59:39 AM ET,3.91,3,PCT2,P4_BURST,NORMAL
MOBX,3.2499,3.2101,10,-0.4,-1.22,STOCHK_TIER1,08:59:39 AM ET,08:59:39 AM ET,0.31,1,,P4_BURST,NORMAL
MOBX,3.1799,3.1322015,10,-0.48,-1.5,HARD_STOP,08:59:39 AM ET,08:59:39 AM ET,0.0,1,,P4_BURST,NORMAL
MOBX,3.16,3.1201,10,-0.4,-1.26,STOCHK_TIER1,08:59:39 AM ET,08:59:39 AM ET,0.0,1,,P4_BURST,NORMAL
MOBX,3.1,3.145,5,0.58,1.86,FLOOR_BREACH,08:59:39 AM ET,08:59:39 AM ET,3.23,3,PCT2,P4_BURST,NORMAL
BIYA,1.1398,1.122703,10,-0.17,-1.5,HARD_STOP,08:59:39 AM ET,08:59:39 AM ET,0.0,1,,P4_BURST,NORMAL
BIYA,1.1698,1.152253,5,0.06,0.54,HARD_STOP,08:59:39 AM ET,08:59:39 AM ET,2.58,2,PCT2,P4_BURST,NORMAL
MOBX,3.4093,3.3581605,10,-0.51,-1.5,HARD_STOP,08:59:39 AM ET,08:59:39 AM ET,1.19,2,,P4_BURST,NORMAL
MOBX,3.3177,3.2679345,10,-0.5,-1.5,HARD_STOP,08:59:40 AM ET,08:59:40 AM ET,0.95,1,,P4_BURST,NORMAL
BIYA,1.17,1.1702,5,0.15,1.29,FLOOR_BREACH,08:59:40 AM ET,08:59:40 AM ET,2.56,2,PCT2,P4_BURST,NORMAL
MOBX,3.225,3.1801,10,-0.45,-1.39,STOCHK_TIER1,08:59:40 AM ET,08:59:40 AM ET,0.0,1,,P4_BURST,NORMAL
BIYA,1.17,1.16,10,-0.1,-0.85,STOCHK_TIER1,08:59:40 AM ET,08:59:40 AM ET,0.0,1,,P4_BURST,NORMAL
MOBX,3.305,3.3011,10,-0.04,-0.12,FLOOR_BREACH,08:59:40 AM ET,08:59:40 AM ET,1.05,2,,P4_BURST,NORMAL
BIYA,1.1198,1.11,10,-0.1,-0.88,STOCHK_TIER1,08:59:40 AM ET,08:59:40 AM ET,0.02,1,,P4_BURST,NORMAL
ELAB,2.05,2.03,10,-0.2,-0.98,STOCHK_TIER1,08:59:41 AM ET,08:59:41 AM ET,0.0,1,,P4_BURST,NORMAL
ELAB,2.0499,2.0191515,10,-0.31,-1.5,HARD_STOP,08:59:41 AM ET,08:59:41 AM ET,0.0,1,,P4_BURST,NORMAL
ELAB,2.09,2.06,10,-0.3,-1.44,STOCHK_TIER1,08:59:41 AM ET,08:59:41 AM ET,0.0,1,,P4_BURST,NORMAL
AUUD,1.94,1.9108999999999998,5,0.05,0.28,HARD_STOP,08:59:41 AM ET,08:59:41 AM ET,2.06,2,PCT2,P4_BURST,NORMAL
AUUD,2.0203,1.9899955000000003,10,-0.3,-1.5,HARD_STOP,08:59:41 AM ET,08:59:41 AM ET,0.0,1,,P4_BURST,NORMAL
AUUD,1.97,1.95,10,-0.2,-1.02,STOCHK_TIER1,08:59:41 AM ET,08:59:41 AM ET,0.0,1,,P4_BURST,NORMAL
AUUD,1.8,1.773,10,-0.27,-1.5,HARD_STOP,08:59:42 AM ET,08:59:42 AM ET,0.0,1,,P4_BURST,NORMAL
AUUD,1.81,1.81,10,0.0,0.0,FLOOR_BREACH,08:59:42 AM ET,08:59:42 AM ET,1.1,2,,P4_BURST,NORMAL
AUUD,1.89,1.8803,10,-0.1,-0.51,FLOOR_BREACH,08:59:42 AM ET,08:59:42 AM ET,1.06,2,,P4_BURST,NORMAL
AUUD,1.97,1.94045,10,-0.3,-1.5,HARD_STOP,08:59:42 AM ET,08:59:42 AM ET,0.0,1,,P4_BURST,NORMAL
AUUD,1.905,2.0403,4,0.91,4.78,FLOOR_BREACH,08:59:42 AM ET,08:59:42 AM ET,9.72,3,"PCT2,PCT4_AFTER2",P4_BURST,NORMAL
AUUD,2.04,2.11,4,0.78,3.82,FLOOR_BREACH,08:59:42 AM ET,08:59:42 AM ET,6.86,3,"PCT2,PCT4_AFTER2",P4_BURST,NORMAL
AUUD,2.1634,2.31,4,1.03,4.75,FLOOR_BREACH,08:59:42 AM ET,08:59:42 AM ET,8.58,3,"PCT2,PCT4_AFTER2",P4_BURST,NORMAL
MLGO,4.59,4.59,10,0.0,0.0,STOCHK_TIER1,08:59:42 AM ET,08:59:42 AM ET,0.44,1,,P4_BURST,NORMAL
MLGO,4.3395,4.33,10,-0.1,-0.22,FLOOR_BREACH,08:59:42 AM ET,08:59:42 AM ET,1.06,2,,P4_BURST,NORMAL
MLGO,4.22,4.18,10,-0.4,-0.95,FLOOR_BREACH,08:59:43 AM ET,08:59:43 AM ET,1.18,2,,P4_BURST,NORMAL
MLGO,4.19,4.19,10,0.0,0.0,FLOOR_BREACH,08:59:43 AM ET,08:59:43 AM ET,1.19,2,,P4_BURST,NORMAL
MLGO,4.17,4.15,10,-0.2,-0.48,STOCHK_TIER1,08:59:43 AM ET,08:59:43 AM ET,0.24,1,,P4_BURST,NORMAL
MLGO,4.055,3.994175,10,-0.61,-1.5,HARD_STOP,08:59:43 AM ET,08:59:43 AM ET,0.0,1,,P4_BURST,NORMAL
QUCY,2.7598,2.718403,10,-0.41,-1.5,HARD_STOP,08:59:45 AM ET,08:59:45 AM ET,0.0,1,,P4_BURST,NORMAL
QUCY,2.68,2.7197,4,0.74,2.75,FLOOR_BREACH,08:59:45 AM ET,08:59:45 AM ET,4.83,3,"PCT2,PCT4_AFTER2",P4_BURST,NORMAL
QUCY,2.74,2.6989,10,-0.41,-1.5,HARD_STOP,08:59:45 AM ET,08:59:45 AM ET,0.0,1,,P4_BURST,NORMAL
QUCY,2.65,2.631,10,-0.19,-0.72,STOCHK_TIER1,08:59:45 AM ET,08:59:45 AM ET,0.38,1,,P4_BURST,NORMAL
QUCY,2.53,2.521,10,-0.09,-0.36,STOCHK_TIER1,08:59:45 AM ET,08:59:45 AM ET,0.36,1,,P4_BURST,NORMAL
SKK,3.6,3.546,10,-0.54,-1.5,HARD_STOP,08:59:46 AM ET,08:59:46 AM ET,0.0,1,,P4_BURST,NORMAL
SKK,3.57,3.51645,10,-0.54,-1.5,HARD_STOP,08:59:46 AM ET,08:59:46 AM ET,0.0,1,,P4_BURST,NORMAL
SKK,3.32,3.2702,10,-0.5,-1.5,HARD_STOP,08:59:46 AM ET,08:59:46 AM ET,0.0,1,,P4_BURST,NORMAL
SLE,5.1381,5.31,4,1.8,3.5,FLOOR_BREACH,08:59:46 AM ET,08:59:46 AM ET,4.9,3,"PCT2,PCT4_AFTER2",P4_BURST,NORMAL
SLE,6.33,6.23505,10,-0.95,-1.5,HARD_STOP,08:59:46 AM ET,08:59:46 AM ET,0.0,1,,P4_BURST,NORMAL
SNAL,1.2999,1.2804015,10,-0.19,-1.5,HARD_STOP,08:59:46 AM ET,08:59:46 AM ET,0.0,1,,P4_BURST,NORMAL
SNAL,1.3,1.2805,10,-0.2,-1.5,HARD_STOP,08:59:46 AM ET,08:59:46 AM ET,0.0,1,,P4_BURST,NORMAL
SNAL,1.25,1.23125,10,-0.19,-1.5,HARD_STOP,08:59:47 AM ET,08:59:47 AM ET,0.0,1,,P4_BURST,NORMAL
SNAL,1.2481,1.2403,10,-0.08,-0.62,STOCHK_TIER1,08:59:47 AM ET,08:59:47 AM ET,0.14,1,,P4_BURST,NORMAL
SNAL,1.2798,1.2606030000000001,10,-0.19,-1.5,HARD_STOP,08:59:47 AM ET,08:59:47 AM ET,0.0,1,,P4_BURST,NORMAL
SNAL,1.2497,1.2309545,10,-0.19,-1.5,HARD_STOP,08:59:47 AM ET,08:59:47 AM ET,0.0,1,,P4_BURST,NORMAL
SNAL,1.25,1.2402,10,-0.1,-0.78,STOCHK_TIER1,08:59:47 AM ET,08:59:47 AM ET,0.8,1,,P4_BURST,NORMAL
SNAL,1.1802,1.1802,10,0.0,0.0,STOCHK_TIER1,08:59:47 AM ET,08:59:47 AM ET,0.83,1,,P4_BURST,NORMAL
STAK,1.02,1.0702,3,0.5,4.91,FLOOR_BREACH,08:59:48 AM ET,08:59:48 AM ET,7.84,3,FAST4,P4_BURST,NORMAL
STAK,1.04,1.0301,10,-0.1,-0.95,STOCHK_TIER1,08:59:48 AM ET,08:59:48 AM ET,0.96,1,,P4_BURST,NORMAL
STAK,1.0997,1.0832045,10,-0.16,-1.5,HARD_STOP,08:59:48 AM ET,08:59:48 AM ET,0.0,1,,P4_BURST,NORMAL
STAK,1.07,1.0616,10,-0.08,-0.79,STOCHK_TIER1,08:59:49 AM ET,08:59:49 AM ET,0.93,1,,P4_BURST,NORMAL
TOPS,1.19,1.17215,10,-0.18,-1.5,HARD_STOP,08:59:49 AM ET,08:59:49 AM ET,0.0,1,,P4_BURST,NORMAL
TOPS,1.12,1.1032000000000002,10,-0.17,-1.5,HARD_STOP,08:59:49 AM ET,08:59:49 AM ET,0.0,1,,P4_BURST,NORMAL
TOPS,1.1,1.09,10,-0.1,-0.91,STOCHK_TIER1,08:59:49 AM ET,08:59:49 AM ET,0.0,1,,P4_BURST,NORMAL
TOPS,1.1,1.09,10,-0.1,-0.91,STOCHK_TIER1,08:59:49 AM ET,08:59:49 AM ET,0.0,1,,P4_BURST,NORMAL
TOPS,1.09,1.07365,10,-0.16,-1.5,HARD_STOP,08:59:49 AM ET,08:59:49 AM ET,0.0,1,,P4_BURST,NORMAL
TOPS,1.0566,1.05,10,-0.07,-0.62,STOCHK_TIER1,08:59:49 AM ET,08:59:49 AM ET,0.24,1,,P4_BURST,NORMAL
WOK,1.01,1.0598,4,0.46,4.59,FLOOR_BREACH,08:59:49 AM ET,08:59:49 AM ET,6.91,3,"PCT2,PCT4_AFTER2",P4_BURST,NORMAL
WOK,1.0798,1.063603,10,-0.16,-1.5,HARD_STOP,08:59:49 AM ET,08:59:49 AM ET,0.93,1,,P4_BURST,NORMAL
WOK,1.0303,1.04,10,0.1,0.94,STOCHK_TIER2,08:59:49 AM ET,08:59:49 AM ET,1.91,2,,P4_BURST,NORMAL
WOK,1.0498,1.05,10,0.0,0.02,STOCHK_TIER1,08:59:49 AM ET,08:59:49 AM ET,0.97,1,,P4_BURST,NORMAL
WOK,1.0599,1.05,10,-0.1,-0.93,STOCHK_TIER1,08:59:49 AM ET,08:59:49 AM ET,0.01,1,,P4_BURST,NORMAL
