row_id,row_join,intent_id,order_id,buy_fill_id,sell_fill_ids,account,symbol,entry_at,placement_at,placement_line,join_method,classification,subclass,classification_reason,era,entry_slot,holdout,session_day,hour_et,segment_id,placement_segment_id,slot_id,placement_slot_id,trigger,short_flip_bar,short_flip_emitted,third_short_bar,trail_bar,warm_at,seed_at,watch_sample_at,buy_qty,buy_vwap,sell_vwap,return_pct,outcome_exclusion
eb0aee36-058c-446f-8dc3-71f565019b69,exact_price_time_account,096bc9fe-ad65-4648-9afe-1a41c820e93f,f1caa108-5444-43ae-a123-4503c1775365,98274018-8947-495e-970a-f6723ca222f7,5a38b0e8-d238-43fc-aa7d-1a70810af15b,live:orb,SSM,2026-09-01 12:50:52.735+00,2026-09-01T12:48:02.636000+00:00,21214,exact_trigger_identity_delayed,UNKNOWN,UNKNOWN,short_flip_not_observed,pre_993,first,False,2026-09-01,08,1788266940000,,a57a183d-b210-5de6-ba6f-327d932e7912,,3.7699,,,,,2026-09-01T11:01:02.822000+00:00,2026-09-01T11:01:02.829000+00:00,2026-09-01T12:26:40.224000+00:00,1.00000000,3.77000000,3.84000000,1.856763925729442970822281200,
4925994d-c54d-4b81-8432-f4faba2203a9,exact_price_time_account,810017f8-13c3-4e1a-b795-eaf0526bd0c2,490186cd-ced2-4400-9a12-7678a4e7afbc,7dc86611-279e-4cfe-bc8e-5aa24b8cff7c,8b2685bd-3d4c-48e2-bcbe-6425e6c582e7,live:orb,BIAF,2026-09-01 13:00:31.389+00,2026-09-01T12:49:02.106000+00:00,21216,exact_trigger_identity_delayed,UNKNOWN,UNKNOWN,short_flip_not_observed,pre_993,first,False,2026-09-01,09,1788267540000,,a6a503da-6c75-5629-9b73-fec57c369f6c,,6.6903,,,,,2026-09-01T12:07:08.745000+00:00,2026-09-01T12:07:08.753000+00:00,2026-09-01T12:26:40.224000+00:00,1.00000000,6.72000000,6.85000000,1.934523809523809523809523800,
05b8d697-ba92-464b-a22a-9706210d651d,exact_price_time_account,b4b1fe14-1875-41d7-aaf3-5253e1717870,c305f98d-d207-490c-b253-22bdcea10d10,7f78ee9b-6273-4c14-94b4-b6e1ee3711a9,f7a5911c-2e7d-47a2-b1fd-ce3abd9d9261,live:schwab_1m_v2,BIAF,2026-09-01 13:07:57+00,,,not_first_slot,NOT_FIRST,,reclaim_or_other_entry,pre_993,reclaim,False,2026-09-01,09,1788267540000,,4bbfd29f-c857-54bf-ab61-7cd0ef0ea8f8,,6.8612,,,,,,,,2.00000000,6.86880000,7.02120000,2.218728162124388539482879100,
7cdd6950-6988-4bee-8377-890f76f08643,exact_price_time_account,ae014a62-1b58-4c01-a560-ec303ff2ad93,b2636854-6f62-4058-852f-3847f0ec3972,f4ef1a19-bc15-47d0-9104-a7470a504096,257ea47f-4fe5-465f-aad5-73acbb519858,live:orb,BIAF,2026-09-01 13:08:00.479+00,,,not_first_slot,NOT_FIRST,,reclaim_or_other_entry,pre_993,reclaim,False,2026-09-01,09,1788267540000,,4bbfd29f-c857-54bf-ab61-7cd0ef0ea8f8,,6.8612,,,,,,,,1.00000000,6.89340000,7.02000000,1.836539298459395943946383500,
b9ca88d2-9926-49ae-adf0-894944d02c31,exact_price_time_account,29b7e67a-51d6-43ea-be24-cc8f35df4ada,1a3554fa-51a3-479a-aed9-486de7b2f188,4bdbaeb2-3601-474e-a827-e0f7172a20d1,fc85f409-f8a2-4e69-9389-a9c228cea4c1,live:schwab_1m_v2,FLYE,2026-09-01 13:31:46+00,2026-09-01T13:31:28.356000+00:00,21544,exact_trigger_identity_near,UNKNOWN,UNKNOWN,short_flip_not_observed,pre_993,first,False,2026-09-01,09,1788269400000,1788269400000,f7990082-f592-59ea-b79d-f0239d5f4707,f7990082-f592-59ea-b79d-f0239d5f4707,1.8376,,,,,2026-09-01T13:31:28.349000+00:00,2026-09-01T11:01:02.822000+00:00,2026-09-01T13:31:27.140000+00:00,2.00000000,1.83990000,1.87000000,1.635958476004130659274960600,
207c0a1d-a6ab-4150-ad89-1e9004c371bb,exact_price_time_account,7f4bf186-531c-41a6-86f5-d3ff6c422450,a768e039-00f4-4760-aa1a-32cd32a43be3,7bdc0ce5-abbe-4a39-8c0c-a1cfc4f5b8a3,,live:orb,WETO,2026-09-01 13:33:42.736+00,,,not_first_slot,NOT_FIRST,,reclaim_or_other_entry,pre_993,reclaim,False,2026-09-01,09,1788269340000,,b39df27a-3622-578d-b1c7-524485874c41,,8.3000,,,,,,,,1.00000000,8.29000000,,,exit_fill_missing_or_ambiguous
ceed0d9c-6597-47b4-8c6c-fab2bb352528,exact_price_time_account,a3b7444b-2595-441f-9f9b-f3ae150bfe82,370b2f78-5ab7-4a84-a4a4-25cd3df923a3,06c37b38-a4eb-4ff7-90b1-6f38d3d279d2,d252955d-3daa-4ddd-b27e-ea322808da83,live:schwab_1m_v2,LIDR,2026-09-01 13:34:44+00,2026-09-01T13:32:02.636000+00:00,21559,exact_trigger_identity_near,UNKNOWN,UNKNOWN,short_flip_not_observed,pre_993,first,False,2026-09-01,09,1788269460000,1788269460000,a2fb7e8a-361e-5325-a1a4-ad426e9b1871,a2fb7e8a-361e-5325-a1a4-ad426e9b1871,1.6437,,,,,2026-09-01T12:21:00.895000+00:00,2026-09-01T12:21:00.901000+00:00,2026-09-01T13:31:27.140000+00:00,2.00000000,1.63000000,1.56500000,-3.987730061349693251533742330,
bac70a76-0019-4120-b5fc-05ee8079bbed,exact_price_time_account,7a31df6b-c774-4664-8722-7ac4a53beeb3,35e7a7f1-2345-41d9-9f62-04b4a299891d,cae4006f-a7e4-4721-9c9a-9fe20d9b76d7,d4d906b7-7b6b-40bd-b89e-487accfe4007,live:orb,LIDR,2026-09-01 13:34:44.623+00,2026-09-01T13:32:02.636000+00:00,21559,exact_trigger_identity_near,UNKNOWN,UNKNOWN,short_flip_not_observed,pre_993,first,False,2026-09-01,09,1788269460000,1788269460000,a2fb7e8a-361e-5325-a1a4-ad426e9b1871,a2fb7e8a-361e-5325-a1a4-ad426e9b1871,1.6437,,,,,2026-09-01T12:21:00.895000+00:00,2026-09-01T12:21:00.901000+00:00,2026-09-01T13:31:27.140000+00:00,1.00000000,1.64000000,1.56000000,-4.878048780487804878048780490,
19ef3a05-59f9-438b-819a-460b11ff7100,exact_price_time_account,f6ad1ef0-3e93-4cd6-ad29-8752eff8378d,07247a81-e9d3-49ff-af7a-28e0636fc038,23b354c6-aa80-4040-88da-275aa17056ce,6ffc21a0-3803-4be1-ab66-2f7cf78937d6,live:schwab_1m_v2,FLYE,2026-09-01 13:34:54+00,,,not_first_slot,NOT_FIRST,,reclaim_or_other_entry,pre_993,reclaim,False,2026-09-01,09,1788269400000,,f7990082-f592-59ea-b79d-f0239d5f4707,,2.0700,,,,,,,,2.00000000,2.07000000,1.97030000,-4.816425120772946859903381640,
cbd13d00-e354-4fd1-8886-4f79214c7c96,exact_price_time_account,062c0df5-0173-43cf-a690-d79868fff27d,79a51c42-499b-4ce0-9e34-863ac51bf33d,314b2238-9b36-486b-b3e7-a7cb46890048,d2f3e5e0-7c72-4c42-abb3-2ec197701e4d,live:orb,SSM,2026-09-01 13:38:01.82+00,2026-09-01T13:34:00.270000+00:00,21605,exact_trigger_identity_near,UNKNOWN,UNKNOWN,short_flip_not_observed,pre_993,first,False,2026-09-01,09,1788269580000,1788269580000,1c3cfcaf-d0f2-55cf-9c2f-27ea23ceb4f1,1c3cfcaf-d0f2-55cf-9c2f-27ea23ceb4f1,3.9540,,,,,2026-09-01T11:01:02.822000+00:00,2026-09-01T11:01:02.829000+00:00,2026-09-01T13:31:27.140000+00:00,1.00000000,3.97000000,4.05000000,2.015113350125944584382871500,
bd55c77b-d3c2-4fca-81c1-b335673a081f,exact_price_time_account,30156bce-3a60-42a5-b7d5-81528d7b5dfd,e0d2c591-1ccf-4d7a-ac97-faafe4cec6ae,bd015eaf-a532-4261-bd54-46fcbf6d34bf,0b95a452-e8ef-4db8-b1f4-d38b6afde3b8,live:orb,SSM,2026-09-01 14:43:50.477+00,2026-09-01T14:38:02.572000+00:00,22476,exact_trigger_identity_near,UNKNOWN,UNKNOWN,short_flip_not_observed,pre_993,first,False,2026-09-01,10,1788271020000,1788271020000,d16310c8-a1a7-54b5-8f2e-2edc18f15989,d16310c8-a1a7-54b5-8f2e-2edc18f15989,4.0578,,,,,2026-09-01T11:01:02.822000+00:00,2026-09-01T11:01:02.829000+00:00,2026-09-01T14:36:39.955000+00:00,1.00000000,4.05870000,4.14000000,2.003104442309113755636041100,
c7326c77-cbcc-431b-a5a6-be19340da11d,exact_price_time_account,51af2082-8274-4419-88ab-341acdc39d95,3dcccbcd-f08d-4e14-a08f-b81f62a6716d,16007925-2a44-419c-ab9a-e490b808cd37,c5d601c0-87ae-4c54-8754-2f48e43f3eb1,live:orb,SSM,2026-09-01 15:29:12.075+00,,,not_first_slot,NOT_FIRST,,reclaim_or_other_entry,pre_993,reclaim,False,2026-09-01,11,1788274260000,,3b5ba02c-baa4-5c73-9682-3a91a785234a,,3.9600,,,,,,,,1.00000000,3.95990000,4.04000000,2.022778352988711836157478700,
ffa17350-75ac-4af1-918a-d463a6908413,exact_price_time_account,ee6520a6-7272-48d9-b9b5-4bd517c7d475,bc81136f-5494-4521-940d-219ea6193a6b,2caaa8ff-1037-48ba-b69d-2014bf0a1c5e,66e01a80-2b47-47fe-ba68-4e400687d72d,live:schwab_1m_v2,BIAF,2026-09-01 15:31:52+00,2026-09-01T15:31:02.870000+00:00,23430,exact_trigger_identity_near,UNKNOWN,UNKNOWN,short_flip_not_observed,pre_993,first,False,2026-09-01,11,1788271500000,1788271500000,38e96df0-d3f0-518e-b80d-b97ebdbd1927,38e96df0-d3f0-518e-b80d-b97ebdbd1927,6.5755,,,,,2026-09-01T12:07:08.745000+00:00,2026-09-01T12:07:08.753000+00:00,2026-09-01T15:23:09.897000+00:00,2.00000000,6.59000000,6.71000000,1.820940819423368740515933200,
beae8d1f-60a9-4e1b-87bf-57c6a0cd11eb,exact_price_time_account,8dc6320b-32f7-4a49-b89d-47ef496fb62b,7046007b-5461-4bb1-8e76-1cffe4ccef8d,03007233-4c5c-4983-90ce-cfe0873c0f74,fb1740c6-3b69-4e63-84cb-23cc68c4bb08,live:orb,BIAF,2026-09-01 15:31:52.587+00,2026-09-01T15:31:02.870000+00:00,23430,exact_trigger_identity_near,UNKNOWN,UNKNOWN,short_flip_not_observed,pre_993,first,False,2026-09-01,11,1788271500000,1788271500000,38e96df0-d3f0-518e-b80d-b97ebdbd1927,38e96df0-d3f0-518e-b80d-b97ebdbd1927,6.5755,,,,,2026-09-01T12:07:08.745000+00:00,2026-09-01T12:07:08.753000+00:00,2026-09-01T15:23:09.897000+00:00,1.00000000,6.58900000,6.72000000,1.988162088329033237213537700,
9c81cc86-0805-49e8-a41a-e09bc3d798e1,exact_price_time_account,f68ceab0-da0d-4766-8262-a0162bdcfa5c,b56350b6-1430-4787-a94c-ea31ccdfe803,4417fb8c-6cfa-4441-907c-e97dde3c7d52,e619b2b6-b4e3-42bf-aecc-8e1b4c515c48,live:schwab_1m_v2,FLYE,2026-09-01 15:37:48+00,2026-09-01T15:37:02.511000+00:00,23514,exact_trigger_identity_near,UNKNOWN,UNKNOWN,short_flip_not_observed,pre_993,first,False,2026-09-01,11,1788276120000,1788276120000,c2f27f50-1178-5087-9f36-1773ceaaf79f,c2f27f50-1178-5087-9f36-1773ceaaf79f,1.8851,,,,,2026-09-01T15:15:25.058000+00:00,2026-09-01T13:31:28.365000+00:00,2026-09-01T15:23:09.897000+00:00,2.00000000,1.89000000,1.92000000,1.587301587301587301587301600,
d67d190e-887e-4f16-8b60-cb6542d88ce6,exact_price_time_account,244c83ea-8126-4a9a-beae-53b63665e989,4fef8c12-0258-40a8-9506-fb9a83bedae9,94821273-0fde-4978-831b-ba677773885f,143705a1-9029-45a1-8e67-626c24dc09c4,live:schwab_1m_v2,BIAF,2026-09-01 15:37:52+00,,,not_first_slot,NOT_FIRST,,reclaim_or_other_entry,pre_993,reclaim,False,2026-09-01,11,1788271500000,,38e96df0-d3f0-518e-b80d-b97ebdbd1927,,6.8000,,,,,,,,2.00000000,6.81000000,6.94000000,1.908957415565345080763583000,
a031d558-b183-4868-9d20-02b42175a453,exact_price_time_account,0584e2c1-500f-4f48-ae07-c9ae343ffdb7,9198b67e-62e8-40c0-920d-1a9e310173d6,79af05b5-a8a4-46ac-9449-cb5ad34c9493,c716252b-e24b-43d4-9f65-9b7acf73e832,live:schwab_1m_v2,LIDR,2026-09-01 15:55:44+00,,,not_first_slot,NOT_FIRST,,reclaim_or_other_entry,pre_993,reclaim,False,2026-09-01,11,1788273000000,,4fd1355e-5dda-5cd8-9236-46c76eb93389,,1.5500,,,,,,,,2.00000000,1.55000000,1.58000000,1.935483870967741935483871000,
e909bc25-7546-4156-86df-d67f91fdca14,exact_price_time_account,230f9534-f84a-44f7-8c81-69461d63aeed,79a180d2-dda9-4701-bbaf-0546fe06d2f9,a962ddf5-77b0-4507-894a-731b313d9618,8f9385c8-07bd-4f9b-baf3-7ff27c54123e,live:orb,LIDR,2026-09-01 15:55:44.535+00,,,not_first_slot,NOT_FIRST,,reclaim_or_other_entry,pre_993,reclaim,False,2026-09-01,11,1788273000000,,4fd1355e-5dda-5cd8-9236-46c76eb93389,,1.5500,,,,,,,,1.00000000,1.55000000,1.58000000,1.935483870967741935483871000,
9762e934-eefd-4b14-bedc-cb8fabe24f73,exact_price_time_account,acc3190f-c56a-4559-8c60-f9064e2d04ac,ffbcebbc-5dd7-4978-9ad1-974444228e87,361899d8-0c06-47b9-90f9-d00ed7a287b3,d7cfd834-de27-4aeb-b2c1-d9e6f2d068eb,live:schwab_1m_v2,FLYE,2026-09-01 16:07:54+00,,,not_first_slot,NOT_FIRST,,reclaim_or_other_entry,pre_993,reclaim,False,2026-09-01,12,1788276120000,,c2f27f50-1178-5087-9f36-1773ceaaf79f,,1.9700,,,,,,,,2.00000000,1.96990000,2.01000000,2.035636326717092238184679400,
c649361b-3e90-41e1-a812-d3f26811451f,exact_price_time_account,05928a99-d42c-4297-aadb-7e9c4be8bcc2,8735655e-2e53-4e92-8780-683dc8395432,a9c411f5-2cee-452a-bcee-56515ce793f3,80150195-15fd-4d3d-b6e6-98b25763cb76,live:schwab_1m_v2,BIAF,2026-09-01 16:39:31+00,2026-09-01T16:38:03.011000+00:00,24641,exact_trigger_identity_near,UNKNOWN,UNKNOWN,short_flip_not_observed,pre_993,first,False,2026-09-01,12,1788278100000,1788278100000,7fb4deae-d2b2-50e0-bc45-2765ef2573a0,7fb4deae-d2b2-50e0-bc45-2765ef2573a0,6.5179,,,,,2026-09-01T12:07:08.745000+00:00,2026-09-01T12:07:08.753000+00:00,2026-09-01T16:05:11.287000+00:00,2.00000000,6.51000000,6.65000000,2.150537634408602150537634400,
5b0f997a-f94b-451d-b684-105cc136e4c1,exact_price_time_account,b6fac5b0-022d-4c30-930e-2b947a970783,9fc5729e-0a7b-4de4-b6fc-58b940a9bf41,1200da0f-445c-4af1-a59f-e56251abb875,55740e71-7a32-4abe-8885-85f1ac1ab1cc,live:orb,BIAF,2026-09-01 16:39:31.038+00,2026-09-01T16:38:03.011000+00:00,24641,exact_trigger_identity_near,UNKNOWN,UNKNOWN,short_flip_not_observed,pre_993,first,False,2026-09-01,12,1788278100000,1788278100000,7fb4deae-d2b2-50e0-bc45-2765ef2573a0,7fb4deae-d2b2-50e0-bc45-2765ef2573a0,6.5179,,,,,2026-09-01T12:07:08.745000+00:00,2026-09-01T12:07:08.753000+00:00,2026-09-01T16:05:11.287000+00:00,1.00000000,6.52000000,6.65000000,1.993865030674846625766871200,
e3c759f6-8a6a-4fd8-ae38-aa3923bf6c55,exact_price_time_account,c364844e-6388-432b-906a-a18c2255ed2a,28fd1d1c-ab7f-4cc4-b00a-159a3572436a,53903a7f-0e27-42bb-af80-5a6191b82930,4ac2c60e-5143-432c-94d5-4560b5b25a6e,live:schwab_1m_v2,BIAF,2026-09-01 17:06:25+00,,,not_first_slot,NOT_FIRST,,reclaim_or_other_entry,pre_993,reclaim,False,2026-09-01,13,1788278100000,,7fb4deae-d2b2-50e0-bc45-2765ef2573a0,,6.6600,,,,,,,,2.00000000,6.66000000,6.79000000,1.951951951951951951951952000,
d8531e71-edd0-4981-9a27-7fc63be11a9b,exact_price_time_account,6ba38bd4-2c80-406d-9fbc-d56fb3854ca2,a29ad505-5fd6-4d37-b053-299ef08ea946,8dfa7875-0231-42d2-a211-d957cc5e1cf6,e63c5850-89c3-4702-9620-c8d1400c68b1,live:orb,RDAC,2026-09-01 17:47:01.611+00,2026-09-01T17:02:02.551000+00:00,25028,exact_trigger_identity_near,UNKNOWN,UNKNOWN,short_flip_not_observed,pre_993,first,False,2026-09-01,13,1788276960000,1788276960000,e976f675-cd24-55a9-a033-c2c875b26f91,e976f675-cd24-55a9-a033-c2c875b26f91,6.5148,,,,,2026-09-01T14:35:50.191000+00:00,2026-09-01T14:35:50.208000+00:00,2026-09-01T16:05:11.287000+00:00,1.00000000,6.50000000,6.63000000,2.00,
af6cd39a-ef7a-4548-9ae4-f880d35b3215,exact_price_time_account,1ae268d7-a184-4649-8fef-a2d11936908a,1a825d57-e3e6-4122-a512-594818d5c77e,0d9a9664-44fe-491a-8012-6b83d721cc8c,b56aa979-ecec-4362-93b4-517b85745090,live:orb,RDAC,2026-09-01 17:48:02.083+00,,,placement_matches_0,UNKNOWN,UNKNOWN,placement_matches_0,pre_993,first,False,2026-09-01,13,1788284760000,,86fbe7f9-72dc-55ea-bd3d-b033a7318fb3,,6.5299,,,,,,,,1.00000000,6.49000000,6.66000000,2.619414483821263482280431400,
8a691c5a-c309-450f-9e1f-fc669154508a,exact_price_time_account,eef29678-0220-4186-9332-291f6fa82067,aebe9b85-aa49-40f3-bf81-ea095eab7ee3,f3cbd6f9-147c-423d-985b-f46f7cc3331f,25ebd945-c302-418f-bdbb-ffb6ebe5bcde,live:schwab_1m_v2,FLYE,2026-09-01 17:48:40+00,2026-09-01T17:48:02.264000+00:00,25774,exact_trigger_identity_near,UNKNOWN,UNKNOWN,short_flip_not_observed,pre_993,first,False,2026-09-01,13,1788281700000,1788281700000,fe8fa8a2-ad36-5248-b2cb-a5677b70645b,fe8fa8a2-ad36-5248-b2cb-a5677b70645b,2.0265,,,,,2026-09-01T15:15:25.058000+00:00,2026-09-01T13:31:28.365000+00:00,2026-09-01T17:46:30.253000+00:00,2.00000000,2.04000000,2.07000000,1.470588235294117647058823500,
d687c573-b773-48a6-8dba-7116d9e74d3b,exact_price_time_account,59921c33-a56d-48fd-86b6-0419a15d721d,dafa0f64-5305-4a66-a4f8-fc03804e3603,90bab3a8-37f5-4fcb-b255-e0e6b769df00,756687bb-654c-4a01-910a-de0c89b718a0,live:schwab_1m_v2,FLYE,2026-09-01 17:57:53+00,,,not_first_slot,NOT_FIRST,,reclaim_or_other_entry,pre_993,reclaim,False,2026-09-01,13,1788281700000,,fe8fa8a2-ad36-5248-b2cb-a5677b70645b,,2.1000,,,,,,,,2.00000000,2.10000000,2.14000000,1.904761904761904761904761900,
6611dcc9-0cc7-4f2b-96d1-220f99fdf777,exact_price_time_account,c86184c5-d0c2-4228-9ac5-da6801c736b6,69403e63-a8c2-4d44-9c00-c5f7e2bef598,7acde324-56c1-42df-b538-f0921301fd67,406404f0-171b-48e6-8d8d-b4f827fccdde,live:schwab_1m_v2,BIAF,2026-09-01 18:30:07+00,2026-09-01T18:30:02.735000+00:00,26420,exact_trigger_identity_near,UNKNOWN,UNKNOWN,short_flip_not_observed,pre_993,first,False,2026-09-01,14,1788285300000,1788285300000,a5fc2735-2bc9-50a7-8f57-1ddeb5ed4856,a5fc2735-2bc9-50a7-8f57-1ddeb5ed4856,6.7414,,,,,2026-09-01T12:07:08.745000+00:00,2026-09-01T12:07:08.753000+00:00,2026-09-01T18:19:11.189000+00:00,2.00000000,6.76500000,6.88000000,1.699926090169992609016999300,
ea5a4c5d-bb4b-48cb-ada3-f16aa1212a71,exact_price_time_account,aeafa18a-6673-43ff-bcf0-6bf6dfad622c,9519b1fd-42f1-45dd-afe6-3d6ae98c40a1,6bc57250-c5f7-4a0d-bc2e-1d9d3b745af0,5f8f6e7a-86e5-4760-ad11-7b0490bad026,live:orb,SSM,2026-09-01 18:58:19.388+00,,,not_first_slot,NOT_FIRST,,reclaim_or_other_entry,pre_993,reclaim,False,2026-09-01,14,1788285240000,,04e6ae5d-b481-5ad1-8ddd-fad30700e4e7,,3.9900,,,,,,,,1.00000000,3.98900000,4.07000000,2.030584106292303835547756300,
441208ce-d317-4427-9829-8bc4a3b95de1,exact_price_time_account,cb18f992-5169-4361-9294-45a96a8488c1,92c5fac0-255b-4d8c-9050-17c824dd0230,315cd5a7-2941-42d2-bd48-11b63c266992,5e3a2bf0-afed-4e74-8dc8-f68f96ce9ffb,live:orb,SSM,2026-09-01 19:12:24.356+00,,,not_first_slot,NOT_FIRST,,reclaim_or_other_entry,pre_993,reclaim,False,2026-09-01,15,1788285240000,,f118b109-e992-5c58-b7f7-0aa12f3c11ca,,4.1623,,,,,,,,1.00000000,4.17000000,4.25000000,1.918465227817745803357314100,
9cae65a4-c30c-4cbd-81dc-73b182e9d414,exact_price_time_account,deea405f-9fc6-4d49-ad45-43e37142edb7,c0e73f03-17c3-4c42-8164-4f084bb0c74a,88fa0f36-fd08-492f-b64e-84f5466c16c6,3c08a8fb-5d0d-4989-aa49-29c6453be4cc,live:schwab_1m_v2,BIAF,2026-09-01 19:16:53+00,,,not_first_slot,NOT_FIRST,,reclaim_or_other_entry,pre_993,reclaim,False,2026-09-01,15,1788285300000,,a5fc2735-2bc9-50a7-8f57-1ddeb5ed4856,,6.8899,,,,,,,,2.00000000,6.91000000,6.59000000,-4.630969609261939218523878440,
420b74d4-20ba-4ccb-9c3d-a9db0b5231a0,exact_price_time_account,2a38c7a7-d390-47cf-af42-8446202fde08,265c4986-9282-4581-ab0a-9ef48b683856,37939873-de66-4a16-9977-ed4eb5e7f465,af2556ea-c320-497b-8f06-95a7b9d3706a,live:orb,BIAF,2026-09-01 19:16:53.191+00,,,not_first_slot,NOT_FIRST,,reclaim_or_other_entry,pre_993,reclaim,False,2026-09-01,15,1788285300000,,a5fc2735-2bc9-50a7-8f57-1ddeb5ed4856,,6.8899,,,,,,,,1.00000000,6.91000000,6.55000000,-5.209840810419681620839363240,
14c835fe-da40-4a36-8161-205a5bd2145a,exact_price_time_account,61085ad4-9825-466c-b657-78a23c99c896,878ac3e0-1239-429f-81d9-cf3e6ccbb901,3858ec9a-e8c5-4634-a426-1dc35262eaae,,live:schwab_1m_v2,FLYE,2026-09-01 19:55:26+00,2026-09-01T19:51:02.633000+00:00,27714,exact_trigger_identity_near,UNKNOWN,UNKNOWN,short_flip_not_observed,pre_993,first,False,2026-09-01,15,1788290400000,1788290400000,f87f6ee9-cb8c-5045-94f3-4721ee888d4b,f87f6ee9-cb8c-5045-94f3-4721ee888d4b,2.2149,,,,,2026-09-01T15:15:25.058000+00:00,2026-09-01T13:31:28.365000+00:00,2026-09-01T19:37:10.282000+00:00,2.00000000,2.21000000,,,exit_fill_missing_or_ambiguous
904f3e6e-ab13-4c5b-a47b-7567a03187cb,exact_price_time_account,6c0adf40-3f9b-48cf-ba08-eb639d35c579,70e64fd9-7dc1-4d87-b0f0-895e822ed2bf,6641af2f-e767-4429-8cb2-e122d07c564e,b44b3bee-9c06-400a-8d59-26cf60a0308f,live:schwab_1m_v2,LHAI,2026-09-02 13:58:37+00,2026-09-02T13:53:02.852000+00:00,32449,exact_trigger_identity_near,UNKNOWN,UNKNOWN,short_flip_not_observed,pre_993,first,False,2026-09-02,09,1788356940000,1788356940000,098a55a1-6510-53bb-84c0-db70abc729e2,098a55a1-6510-53bb-84c0-db70abc729e2,1.2451,,,,,2026-09-02T12:29:43.437000+00:00,2026-09-02T12:29:43.444000+00:00,2026-09-02T13:46:14.573000+00:00,2.00000000,1.25000000,1.18000000,-5.600,
b71c024c-714c-430f-8e06-0634e3569cae,exact_price_time_account,e44bd4fc-6daf-4ff5-a9b0-6385bd564c20,fbab5977-49ca-496e-b972-afee094e927b,ce414d98-0aef-4b5f-b25b-c04c87131898,80c30e33-0228-429d-be03-7ae02e6a8beb,live:orb,LHAI,2026-09-02 13:58:37.69+00,2026-09-02T13:53:02.852000+00:00,32449,exact_trigger_identity_near,UNKNOWN,UNKNOWN,short_flip_not_observed,pre_993,first,False,2026-09-02,09,1788356940000,1788356940000,098a55a1-6510-53bb-84c0-db70abc729e2,098a55a1-6510-53bb-84c0-db70abc729e2,1.2451,,,,,2026-09-02T12:29:43.437000+00:00,2026-09-02T12:29:43.444000+00:00,2026-09-02T13:46:14.573000+00:00,1.00000000,1.25000000,1.20000000,-4.00,
9d9f1a1b-0978-4a53-8a68-0dfadb7fa3d0,exact_price_time_account,b2c4e166-05ef-4a7e-87d3-1b5ff3322d1b,a35dbb53-e89c-440c-9505-74beb92a07ee,8af36b94-254e-40c2-90a8-1161258563ba,baad9936-cf44-481e-8af0-8fdcd639dac5,live:schwab_1m_v2,LHAI,2026-09-02 14:10:39+00,2026-09-02T14:03:02.227000+00:00,32498,exact_trigger_identity_near,UNKNOWN,UNKNOWN,short_flip_not_observed,pre_993,first,False,2026-09-02,10,1788356940000,,098a55a1-6510-53bb-84c0-db70abc729e2,098a55a1-6510-53bb-84c0-db70abc729e2,1.2446,,,,,2026-09-02T12:29:43.437000+00:00,2026-09-02T12:29:43.444000+00:00,2026-09-02T13:46:14.573000+00:00,2.00000000,1.23990000,1.18000000,-4.831034760867811920316154530,
80483b7a-0e9b-4afa-b055-c00a0e4a3170,exact_price_time_account,a71def98-2cd3-4937-91f0-4704bde10e63,9765fb10-561f-4720-b52f-6f4b1cd6269b,e0fdc968-353b-4f30-9679-d54247e1cb54,8928b228-8b99-4c24-90c9-9a03f8ba8536,live:orb,PPBT,2026-09-02 14:14:11.108+00,2026-09-02T14:13:02.718000+00:00,32580,exact_trigger_identity_near,UNKNOWN,UNKNOWN,short_flip_not_observed,pre_993,first,False,2026-09-02,10,1788356460000,1788356460000,c5e6d747-fcea-57a0-87f0-15cb19bea2f2,c5e6d747-fcea-57a0-87f0-15cb19bea2f2,2.4460,,,,,2026-09-02T12:46:23.926000+00:00,2026-09-02T12:46:23.934000+00:00,2026-09-02T14:10:35.326000+00:00,1.00000000,2.45000000,2.32000000,-5.306122448979591836734693880,
6aa3f449-c7b1-4562-9fbc-5cdc12fe06e9,exact_price_time_account,95152e17-dfca-427d-b8e0-83d985732449,38ef7c6c-d7d5-4817-bd9d-6cdbbdab40ce,a5f88693-48d7-49f3-b8ac-52fabaed2ac2,be3fc27c-1be5-46c0-9019-addf55345f64,live:schwab_1m_v2,BIAF,2026-09-02 15:16:00+00,2026-09-02T14:47:02.750000+00:00,32966,exact_trigger_identity_near,UNKNOWN,UNKNOWN,short_flip_not_observed,pre_993,first,False,2026-09-02,11,1788358860000,1788358860000,58f2bc1e-f1c7-5c75-afa2-8368825b5a7d,58f2bc1e-f1c7-5c75-afa2-8368825b5a7d,9.7321,,,,,2026-09-02T13:36:46.182000+00:00,2026-09-02T13:36:46.195000+00:00,2026-09-02T14:39:46.424000+00:00,2.00000000,9.77500000,9.93000000,1.585677749360613810741688000,
c0a8637d-8d42-43cf-ae79-bf788331cda1,exact_price_time_account,1c2a7588-b096-4cfe-b730-83d6cb8372ba,9ac1784f-224a-4d55-b100-160f44ccef30,fab5c3c0-8bf6-4ec3-a6c1-4e7730db8ffa,bbe4b2b4-8f8f-44d6-a2d6-49b9dd633f52,live:orb,BIAF,2026-09-02 15:16:00.403+00,2026-09-02T14:47:02.750000+00:00,32966,exact_trigger_identity_near,UNKNOWN,UNKNOWN,short_flip_not_observed,pre_993,first,False,2026-09-02,11,1788358860000,1788358860000,58f2bc1e-f1c7-5c75-afa2-8368825b5a7d,58f2bc1e-f1c7-5c75-afa2-8368825b5a7d,9.7321,,,,,2026-09-02T13:36:46.182000+00:00,2026-09-02T13:36:46.195000+00:00,2026-09-02T14:39:46.424000+00:00,1.00000000,9.75000000,9.95000000,2.051282051282051282051282100,
b082b72b-7c20-4282-b81c-beb869603c9f,exact_price_time_account,eb34fabd-e617-416d-be00-2fced947d9d6,1c8e75ef-4bda-46d7-8dcd-c15f487d0e25,14380ff2-f65e-464e-b08f-2b61e8c2d27e,f69e64b9-3208-47de-ab96-8d8fe5a93372,live:schwab_1m_v2,BIAF,2026-09-02 15:25:52+00,,,not_first_slot,NOT_FIRST,,reclaim_or_other_entry,pre_993,reclaim,False,2026-09-02,11,1788358860000,,58f2bc1e-f1c7-5c75-afa2-8368825b5a7d,,10.2322,,,,,,,,2.00000000,10.23500000,10.44000000,2.002931118710307767464582300,
ec56f853-247f-442e-bc1d-46882efbd2ca,exact_price_time_account,26db5c21-af07-4487-b1a2-31dd32a323d4,6bcdf275-77b9-46b9-8368-06517913f850,1c8eb1be-07ac-4bc2-ba09-7a6e1d6be3ab,5581d20e-d51f-4469-97e4-72645b076ab6,live:orb,VIOT,2026-09-02 15:58:52.504+00,2026-09-02T15:48:02.249000+00:00,33493,exact_trigger_identity_near,UNKNOWN,UNKNOWN,short_flip_not_observed,pre_993,first,False,2026-09-02,11,1788363120000,1788363120000,d7ebdb4d-4ab4-5c57-b997-da52403698b9,d7ebdb4d-4ab4-5c57-b997-da52403698b9,1.5428,,,,,2026-09-02T13:46:16.059000+00:00,2026-09-02T13:46:16.065000+00:00,2026-09-02T15:43:07.655000+00:00,1.00000000,1.54000000,1.57130000,2.032467532467532467532467500,
2f215dbf-bf2a-44e6-b7e3-2c24ac27d1b9,exact_price_time_account,f604619d-64e0-4140-8a1c-61100ae689bd,630b3164-b686-4010-86c0-4fd6954aa0ab,946e0120-b6bd-4c29-a3d8-1e4ec9a3a484,73b28967-3f72-4490-88da-9420d0a8d095,live:orb,PPBT,2026-09-02 16:33:52.68+00,2026-09-02T16:33:02.269000+00:00,34078,exact_trigger_identity_near,UNKNOWN,UNKNOWN,short_flip_not_observed,pre_993,first,False,2026-09-02,12,1788366360000,1788366360000,be44153b-9a4c-5507-a9b6-0eb0792e2eaa,be44153b-9a4c-5507-a9b6-0eb0792e2eaa,2.2834,,,,,2026-09-02T15:36:16.918000+00:00,2026-09-02T15:36:16.927000+00:00,2026-09-02T16:23:52.808000+00:00,1.00000000,2.28000000,2.33000000,2.192982456140350877192982500,
780d161c-5d40-4cf4-9c52-72ef3b62d5a3,exact_price_time_account,c325cee7-4b4a-4bdc-b55c-57c9f54d21e1,14a95cfb-64c1-4cf2-98a4-e8d06e134048,3ad7a98a-bbcc-4113-9278-89bc35462b88,c47a71b2-7026-4dc3-812d-afe7dfea4b2e,live:orb,PPBT,2026-09-02 17:13:22.042+00,,,not_first_slot,NOT_FIRST,,reclaim_or_other_entry,pre_993,reclaim,False,2026-09-02,13,1788367620000,,feb16c74-3595-5440-99ac-99d3fdd1f5b9,,2.3300,,,,,,,,1.00000000,2.32870000,2.38000000,2.202945849615665392708378100,
cc3c7366-b018-4a93-b535-ccb972cfadc0,exact_price_time_account,428d8ea3-19bf-4a9c-97e0-b58b3961031e,d7031a1f-4137-4b2d-a071-09b93caaada0,2decc8df-b985-4161-b7c0-4649baced088,b540b548-ac9f-4faa-827f-978b600ee297,live:orb,VIOT,2026-09-02 17:47:39.052+00,2026-09-02T17:44:02.468000+00:00,35347,exact_trigger_identity_near,UNKNOWN,UNKNOWN,short_flip_not_observed,pre_993,first,False,2026-09-02,13,1788370080000,1788370080000,f3b94a24-b3f7-53d9-88a1-4899b7d120f8,f3b94a24-b3f7-53d9-88a1-4899b7d120f8,1.6205,,,,,2026-09-02T13:46:16.059000+00:00,2026-09-02T13:46:16.065000+00:00,2026-09-02T17:43:28.118000+00:00,1.00000000,1.62000000,1.54000000,-4.938271604938271604938271600,
49ac84ca-996f-4d37-bd3c-8c8b76c3bd8b,exact_price_time_account,dd1a044d-23c6-4257-b1ed-4e0376b105ce,d4b17ec6-fea2-48df-bb74-7c8d5bb8320a,2bd4ae3e-fc42-40cd-8f08-fd293bc590e2,7fb258ff-170f-4021-92ae-130a0bc42deb,live:schwab_1m_v2,BIAF,2026-09-02 17:55:14+00,2026-09-02T17:52:02.880000+00:00,35469,exact_trigger_identity_near,UNKNOWN,UNKNOWN,short_flip_not_observed,pre_993,first,False,2026-09-02,13,1788368760000,1788368760000,aabdf49f-29b6-5022-883e-42fece27fc2c,aabdf49f-29b6-5022-883e-42fece27fc2c,10.3519,,,,,2026-09-02T13:36:46.182000+00:00,2026-09-02T13:36:46.195000+00:00,2026-09-02T17:43:28.118000+00:00,2.00000000,10.36000000,10.56000000,1.930501930501930501930501900,
baeb4b54-a096-44a4-b113-eacafcc03d1e,exact_price_time_account,37fe5744-d013-482c-9c27-76af5827175a,91a0c5d3-3e40-4f0a-a587-233eafca5006,eb0258c5-a558-4193-9516-5092f298ae2f,f3c39a6d-49c5-40a3-9bed-9ddc7d0f8557,live:orb,BIAF,2026-09-02 17:55:14.532+00,2026-09-02T17:52:02.880000+00:00,35469,exact_trigger_identity_near,UNKNOWN,UNKNOWN,short_flip_not_observed,pre_993,first,False,2026-09-02,13,1788368760000,1788368760000,aabdf49f-29b6-5022-883e-42fece27fc2c,aabdf49f-29b6-5022-883e-42fece27fc2c,10.3519,,,,,2026-09-02T13:36:46.182000+00:00,2026-09-02T13:36:46.195000+00:00,2026-09-02T17:43:28.118000+00:00,1.00000000,10.37500000,10.58000000,1.975903614457831325301204800,
2103d208-60f2-403f-9054-b2fd1b5d298e,exact_price_time_account,5283f527-096e-4ff6-850b-0ec26cc666d8,f128077e-fca1-4297-94b6-bc36c05c8298,b3f55148-e915-4e0a-ab53-6fc695438748,c718690c-81bb-44ee-b724-150cc436e0d7,live:orb,PPBT,2026-09-02 18:20:51.105+00,,,not_first_slot,NOT_FIRST,,reclaim_or_other_entry,pre_993,reclaim,False,2026-09-02,14,1788370500000,,ee6fa9bc-655d-5e2f-af03-e0ee5ef2a1b6,,2.3299,,,,,,,,1.00000000,2.33000000,2.38000000,2.145922746781115879828326200,
21ebe580-d7f1-4ed4-85f2-a3d245ca0c40,exact_price_time_account,a1578796-9deb-48b6-adf7-69d882174155,3af46357-466c-40ee-af99-75d4279a7d4c,f17e09c7-ebbe-4d40-b2f6-b645798e3324,bc9e269a-c146-4792-af76-4e0708a62da8,live:orb,VIOT,2026-09-02 18:45:00.364+00,,,not_first_slot,NOT_FIRST,,reclaim_or_other_entry,pre_993,reclaim,False,2026-09-02,14,1788372900000,,61956987-48d7-5748-addf-1134ab2b2a40,,1.5900,,,,,,,,1.00000000,1.59000000,1.62000000,1.886792452830188679245283000,
697a7405-4a13-46a0-a7a5-80fff6fe3e85,exact_price_time_account,d7da579c-6484-4dcc-b057-ceb34ca4f250,5f22c07d-7122-4ac8-bb77-56d23b41f789,a7c4aaef-9608-483a-a171-0c65754c0785,7382ece7-eaea-4000-bc10-6d80875b281e,live:orb,LHAI,2026-09-02 18:46:12.988+00,2026-09-02T18:45:55.224000+00:00,36529,exact_trigger_identity_near,UNKNOWN,UNKNOWN,short_flip_not_observed,pre_993,first,False,2026-09-02,14,1788374640000,1788374640000,6a168eef-b665-5c49-93c4-f8fc1fe6087b,6a168eef-b665-5c49-93c4-f8fc1fe6087b,1.1582,,,,,2026-09-02T18:45:55.214000+00:00,2026-09-02T18:45:53.659000+00:00,2026-09-02T18:45:53.672000+00:00,1.00000000,1.16000000,1.10000000,-5.172413793103448275862068970,
632a551a-48bc-43af-8b8d-a0fdfe83d190,exact_price_time_account,52b64a7f-7476-4204-a71a-53a56ff70238,860d0cd1-7e22-4da2-9494-f8e3778e7416,45c1d624-b7a1-4f9e-a692-338a51f94132,46e894f8-0c60-486d-9043-b8c1fc429aaf,live:schwab_1m_v2,LHAI,2026-09-02 18:46:13+00,2026-09-02T18:45:55.224000+00:00,36529,exact_trigger_identity_near,UNKNOWN,UNKNOWN,short_flip_not_observed,pre_993,first,False,2026-09-02,14,1788374640000,1788374640000,6a168eef-b665-5c49-93c4-f8fc1fe6087b,6a168eef-b665-5c49-93c4-f8fc1fe6087b,1.1582,,,,,2026-09-02T18:45:55.214000+00:00,2026-09-02T18:45:53.659000+00:00,2026-09-02T18:45:53.672000+00:00,2.00000000,1.16000000,1.10010000,-5.163793103448275862068965520,
ff05a0e7-f64e-47fe-9e8a-9c7713449505,exact_price_time_account,86bfb1b3-58ae-4268-98ba-36ace5df1c03,9fef4eec-be57-46d6-8c97-a2111eed05ae,29a285ab-f0fe-4fa8-9ace-bb0a76b517a7,f6eaedcd-3c80-4a6b-9f51-81c5bcbea9da,live:orb,PPBT,2026-09-02 18:50:14.344+00,2026-09-02T18:50:02.933000+00:00,36628,exact_trigger_identity_near,UNKNOWN,UNKNOWN,short_flip_not_observed,pre_993,first,False,2026-09-02,14,1788374520000,1788374520000,fe4524eb-369c-58a0-8ce8-71021b665015,fe4524eb-369c-58a0-8ce8-71021b665015,2.4320,,,,,2026-09-02T15:36:16.918000+00:00,2026-09-02T15:36:16.927000+00:00,2026-09-02T18:45:53.672000+00:00,1.00000000,2.43000000,2.30000000,-5.349794238683127572016460910,
e1850cd3-860e-4471-8878-f6408ffd9d8f,exact_price_time_account,f57e881a-87b9-4058-90a9-fe9cd61863cf,a86396e4-5283-46a8-a028-a158f462cb81,b88882b2-36ab-4874-97e0-3883f10a3d47,a3529c0e-5023-4268-9587-6c4d6e4141f4,live:orb,GELS,2026-09-03 12:31:28.883+00,,,placement_matches_0,UNKNOWN,UNKNOWN,placement_matches_0,pre_993,first,False,2026-09-03,08,1788438600000,,596b57b9-aa7e-5614-893a-5c6152c80606,,1.0257,,,,,,,,1.00000000,1.03000000,0.97470000,-5.368932038834951456310679610,
6bef1e03-79cf-4ca0-8c1d-df90812d7c7d,exact_price_time_account,c62a2f99-3919-4cee-954e-619e56cb7e55,f906f112-a841-4a13-a8a7-c35eda92d634,056d98e3-a63d-4824-b93e-5347722ba8f5,c6df5fbe-7e93-47a1-8aa5-2647a539cfd1,live:schwab_1m_v2,CHPT,2026-09-03 14:06:10+00,2026-09-03T13:57:02.245000+00:00,44842,exact_trigger_identity_near,UNKNOWN,UNKNOWN,short_flip_not_observed,pre_993,first,False,2026-09-03,10,1788443760000,1788443760000,9a69fa26-4760-5c82-9a16-86637810cc62,9a69fa26-4760-5c82-9a16-86637810cc62,7.7321,,,,,2026-09-03T13:36:55.619000+00:00,2026-09-03T13:36:55.625000+00:00,2026-09-03T13:38:22.371000+00:00,2.00000000,7.73000000,7.89000000,2.069857697283311772315653300,
82c5eebf-951c-4969-857b-819238084777,exact_price_time_account,2ffefd45-678a-4457-af60-6f48f657130e,b315122a-de89-47b0-be18-b1659343b60b,20907ae4-e751-42f8-835a-f9ddcf5e3bef,833c35f1-afbb-4ad6-999c-abe9be12c052,live:orb,CHPT,2026-09-03 14:06:10.037+00,2026-09-03T13:57:02.245000+00:00,44842,exact_trigger_identity_near,UNKNOWN,UNKNOWN,short_flip_not_observed,pre_993,first,False,2026-09-03,10,1788443760000,1788443760000,9a69fa26-4760-5c82-9a16-86637810cc62,9a69fa26-4760-5c82-9a16-86637810cc62,7.7321,,,,,2026-09-03T13:36:55.619000+00:00,2026-09-03T13:36:55.625000+00:00,2026-09-03T13:38:22.371000+00:00,1.00000000,7.74000000,7.89000000,1.937984496124031007751938000,
bc966afb-005c-4872-83ea-02fdd64d6f55,exact_price_time_account,6a5aaf3e-2b2d-4346-afe8-ffc98c5280ab,500d8489-3651-4c14-ad5a-51df9dad1381,ac79934f-26b9-4217-923a-4d303aa9cdf4,2f118a96-a2a8-4d09-ba30-40ad93b3dd92,live:orb,AEHL,2026-09-03 14:08:03.756+00,2026-09-03T13:46:02.346000+00:00,44777,exact_trigger_identity_near,UNKNOWN,UNKNOWN,short_flip_not_observed,pre_993,first,False,2026-09-03,10,1788442260000,1788442260000,2d9a404d-168a-5bba-a697-4c8e09ea9b3c,2d9a404d-168a-5bba-a697-4c8e09ea9b3c,8.1881,,,,,2026-09-03T13:17:08.651000+00:00,2026-09-03T13:17:08.657000+00:00,2026-09-03T13:38:22.371000+00:00,1.00000000,8.20000000,7.79000000,-5.00,
c51bcc69-b071-4563-a733-e1ce8041f07b,exact_price_time_account,5bb64e58-feb4-44e3-a20c-0a71b8b2d5e4,b4869e39-ff1b-4575-9f1e-236f963bbf34,b7111683-a402-4cca-8b01-d7c6fac86765,6ee64c67-37c6-42af-bdd4-a2ceda265d42,live:schwab_1m_v2,CHPT,2026-09-03 14:16:03+00,,,not_first_slot,NOT_FIRST,,reclaim_or_other_entry,pre_993,reclaim,False,2026-09-03,10,1788443760000,,9a69fa26-4760-5c82-9a16-86637810cc62,,7.8900,,,,,,,,2.00000000,7.89750000,8.05000000,1.930990819879708768597657500,
df266471-4661-43e1-9f2f-342df037ff34,exact_price_time_account,396362d2-74d2-41ca-9573-4239b2734aa2,8387708d-c9e6-4a12-af88-0ffc9fe2111c,df4b8a31-c25f-46cb-8b04-50ada6a6e063,bf26b1bd-f229-4e60-a441-cdbec5dc9641,live:orb,CHPT,2026-09-03 16:18:38.988+00,2026-09-03T16:14:00.395000+00:00,45426,exact_trigger_identity_near,UNKNOWN,UNKNOWN,short_flip_not_observed,pre_993,first,False,2026-09-03,12,1788448200000,1788448200000,193bb1bf-44b8-5632-afab-0c32c54486d2,193bb1bf-44b8-5632-afab-0c32c54486d2,7.7886,,,,,2026-09-03T13:36:55.619000+00:00,2026-09-03T13:36:55.625000+00:00,2026-09-03T15:29:38.911000+00:00,1.00000000,7.77500000,7.93000000,1.993569131832797427652733100,
ba332605-813e-4c89-bc0a-0f7bb1e0cf76,exact_price_time_account,17acb653-2d57-4615-b5a8-933c3a1290a7,b436ad54-5320-4a37-ac83-275da0f8b6a0,5e8d3a5d-34fc-4ac4-8605-8066a43d5495,e7893751-76df-4bfd-a4a2-1762fbe0a1f9,live:schwab_1m_v2,CHPT,2026-09-03 16:18:39+00,2026-09-03T16:14:00.395000+00:00,45426,exact_trigger_identity_near,UNKNOWN,UNKNOWN,short_flip_not_observed,pre_993,first,False,2026-09-03,12,1788448200000,1788448200000,193bb1bf-44b8-5632-afab-0c32c54486d2,193bb1bf-44b8-5632-afab-0c32c54486d2,7.7886,,,,,2026-09-03T13:36:55.619000+00:00,2026-09-03T13:36:55.625000+00:00,2026-09-03T15:29:38.911000+00:00,2.00000000,7.79000000,7.94000000,1.925545571245186136071887000,
af9d4767-fd89-421a-af2c-de3264044bda,exact_price_time_account,41ba4a76-708c-4062-80fb-d76d62b454cb,bea70230-749c-4e8d-b82f-bc6a93723b2a,77a9ba8c-4554-4f3e-b1ff-7bbe406e846c,d33301ce-2444-4f8b-bb9d-91103d5376f3,live:schwab_1m_v2,CHPT,2026-09-03 16:23:15+00,,,not_first_slot,NOT_FIRST,,reclaim_or_other_entry,pre_993,reclaim,False,2026-09-03,12,1788448200000,,193bb1bf-44b8-5632-afab-0c32c54486d2,,7.9400,,,,,,,,2.00000000,7.94000000,8.10000000,2.015113350125944584382871500,
87395171-a732-4f2c-b28b-13bddbce082b,exact_price_time_account,9261082b-1101-46ca-a008-1a8a0e9f4b58,c05e2ef2-8c11-4b4d-9b25-a59bf8f54444,7313d2c8-c2ca-4064-9587-e324260ea5a9,d16f84b3-3d0f-47e7-b5e5-148e19bff514,live:schwab_1m_v2,CHPT,2026-09-03 17:37:30+00,2026-09-03T17:26:02.624000+00:00,45621,exact_trigger_identity_near,UNKNOWN,UNKNOWN,short_flip_not_observed,pre_993,first,False,2026-09-03,13,1788456180000,1788456180000,05721661-5204-5d89-bd67-ebaf8d14ce0a,05721661-5204-5d89-bd67-ebaf8d14ce0a,9.0671,,,,,2026-09-03T13:36:55.619000+00:00,2026-09-03T13:36:55.625000+00:00,2026-09-03T15:29:38.911000+00:00,2.00000000,9.07000000,9.05500000,-0.1653803748621830209481808200,
849856a6-717f-4694-9f02-b482c1537df2,exact_price_time_account,6fa1fe04-8357-498e-bbbb-22fb298b0f4d,2ddc9f98-1fbf-4702-8792-eb29071771b4,d47401c1-60fe-473b-8e62-a473052249a3,,live:orb,CHPT,2026-09-03 17:37:30.515+00,2026-09-03T17:26:02.624000+00:00,45621,exact_trigger_identity_near,UNKNOWN,UNKNOWN,short_flip_not_observed,pre_993,first,False,2026-09-03,13,1788456180000,1788456180000,05721661-5204-5d89-bd67-ebaf8d14ce0a,05721661-5204-5d89-bd67-ebaf8d14ce0a,9.0671,,,,,2026-09-03T13:36:55.619000+00:00,2026-09-03T13:36:55.625000+00:00,2026-09-03T15:29:38.911000+00:00,1.00000000,9.08000000,,,exit_fill_missing_or_ambiguous
b571545f-2900-4a49-96c2-82126bde95d3,exact_price_time_account,29b1cc32-617c-492d-9602-4ff7e1377fb6,6f4f9cf7-235d-4875-a6db-5702d24848c2,47182bf7-4635-48ec-993b-0496532ddbb4,,live:schwab_1m_v2,CHPT,2026-09-03 17:45:21+00,,,not_first_slot,NOT_FIRST,,reclaim_or_other_entry,pre_993,reclaim,False,2026-09-03,13,1788456180000,,05721661-5204-5d89-bd67-ebaf8d14ce0a,,9.1000,,,,,,,,2.00000000,9.10000000,,,exit_fill_missing_or_ambiguous
31878790-01e3-4168-b397-c945758ce8c6,exact_price_time_account,603ae4de-e64f-4db5-aee2-baad0c0fc45c,9d41d727-f37a-41e6-acb7-9fea01995d98,e5ac37eb-bad3-4c4b-a659-72bf4e8d28e1,dbb98e99-f61b-4163-99d9-a32c90ca81aa,live:schwab_1m_v2,IMRN,2026-09-04 13:16:44+00,2026-09-04T13:09:02.145000+00:00,52415,exact_trigger_identity_delayed,UNKNOWN,UNKNOWN,short_flip_not_observed,pre_993,first,False,2026-09-04,09,1788527700000,,8fc26b5f-2145-5ff7-9bed-2b5fa023cee4,,1.7967,,,,,2026-09-04T11:01:00.910000+00:00,2026-09-04T10:30:32.101000+00:00,2026-09-04T13:05:58.255000+00:00,2.00000000,1.79500000,1.83000000,1.949860724233983286908078000,
f6fca67b-af2f-473c-8a77-d86b5c4bbf76,exact_price_time_account,f2ef92ce-c06b-477c-a186-0b0701cd4831,45003476-787c-46fd-b409-758d7c1cfc8c,84f34237-8415-42b4-8f3f-5b550fd3cc5c,c337f7b6-43c4-44ff-a07b-9cfd2a1712b4,live:orb,IMRN,2026-09-04 13:16:46.275+00,2026-09-04T13:09:02.145000+00:00,52415,exact_trigger_identity_delayed,UNKNOWN,UNKNOWN,short_flip_not_observed,pre_993,first,False,2026-09-04,09,1788527700000,,8fc26b5f-2145-5ff7-9bed-2b5fa023cee4,,1.7967,,,,,2026-09-04T11:01:00.910000+00:00,2026-09-04T10:30:32.101000+00:00,2026-09-04T13:05:58.255000+00:00,1.00000000,1.80000000,1.83000000,1.666666666666666666666666700,
7a09fe5a-9465-4e48-b103-9e09ac24c2a4,exact_price_time_account,6d934f65-234e-4898-bbbf-44ab3c264e6b,312c002f-9eaf-4165-a79e-b7a608a7e2be,818b3522-207d-4fb5-913c-bff92ae01f90,27a4240e-d041-49e7-ac9f-84ea7bd9c18f,live:schwab_1m_v2,IMRN,2026-09-04 13:22:50+00,,,not_first_slot,NOT_FIRST,,reclaim_or_other_entry,pre_993,reclaim,False,2026-09-04,09,1788527700000,,f2d08f18-0b6a-5e66-85a7-e12f843a301b,,1.8600,,,,,,,,2.00000000,1.86850000,1.81500000,-2.863259298902863259298902860,
1251c963-5e98-4aea-a122-60b0c4b50e10,exact_price_time_account,3e5c66ba-274e-4781-b0e5-a3974b540c33,0b12dec7-1f54-41c5-a227-5502a91ea0c6,327cdd8f-713f-4f56-847c-34ed413553dd,df4bfec2-3761-4164-819e-f2e170c7d109,live:schwab_1m_v2,IMRN,2026-09-04 15:34:11+00,2026-09-04T15:21:02.731000+00:00,53234,exact_trigger_identity_near,UNKNOWN,UNKNOWN,short_flip_not_observed,pre_993,first,False,2026-09-04,11,1788533760000,1788533760000,5472405a-6f67-5abe-a730-1cd9be9cf9d7,5472405a-6f67-5abe-a730-1cd9be9cf9d7,1.7076,,,,,2026-09-04T11:01:00.910000+00:00,2026-09-04T10:30:32.101000+00:00,2026-09-04T15:02:53.097000+00:00,2.00000000,1.71000000,1.69010000,-1.163742690058479532163742690,
4055ef93-43ed-4ee3-a626-8c556afdcc5e,exact_price_time_account,ab5062fd-a589-41a4-b361-2d18e71fe8ab,acbd8050-9ddd-4ffe-8895-379256e56f2a,2c84689e-6de0-4c1d-b9eb-3622111c7a51,66719dea-7c2d-49b5-a2dd-0fa52db529b9,live:orb,IMRN,2026-09-04 15:34:11.459+00,2026-09-04T15:21:02.731000+00:00,53234,exact_trigger_identity_near,UNKNOWN,UNKNOWN,short_flip_not_observed,pre_993,first,False,2026-09-04,11,1788533760000,1788533760000,5472405a-6f67-5abe-a730-1cd9be9cf9d7,5472405a-6f67-5abe-a730-1cd9be9cf9d7,1.7076,,,,,2026-09-04T11:01:00.910000+00:00,2026-09-04T10:30:32.101000+00:00,2026-09-04T15:02:53.097000+00:00,1.00000000,1.70900000,1.74000000,1.813926272674078408425980100,
9c6cc392-1f06-4061-9737-3a2acc86dab1,exact_price_time_account,dd1b0601-2e53-4ac9-867f-e8bd1aa8c197,f68acf47-0070-4a65-96f4-23dd8bab0d79,6d6cd1f2-3325-4915-ae6c-9ad0a638ec9d,a9aa37db-442e-4f0b-b847-068b7028555b,live:orb,CDTG,2026-09-04 15:40:27.884+00,2026-09-04T15:36:02.297000+00:00,53333,exact_trigger_identity_near,UNKNOWN,UNKNOWN,short_flip_not_observed,pre_993,first,False,2026-09-04,11,1788535740000,1788535740000,ed1f05db-874d-5981-9899-e441f94b67fa,ed1f05db-874d-5981-9899-e441f94b67fa,1.4197,,,,,2026-09-04T14:45:45.817000+00:00,2026-09-04T14:45:45.828000+00:00,2026-09-04T15:02:53.097000+00:00,1.00000000,1.42000000,1.45000000,2.112676056338028169014084500,
a4616d62-931c-453a-add3-106ff1dfebed,exact_price_time_account,2f537494-0604-4ca8-901d-7b31a055971c,4e048e7c-5939-48e9-93aa-ac51f455a2ca,82012a28-a0b2-49bd-a777-2faeb32456ba,6c3b3977-9ff4-4b73-8b37-ad18db26ed97,live:schwab_1m_v2,IMRN,2026-09-04 16:17:59+00,,,not_first_slot,NOT_FIRST,,reclaim_or_other_entry,pre_993,reclaim,False,2026-09-04,12,1788533760000,,5472405a-6f67-5abe-a730-1cd9be9cf9d7,,1.7200,,,,,,,,2.00000000,1.73000000,1.63100000,-5.722543352601156069364161850,
c461ab45-dfd6-4290-85c5-39804bd6b22a,exact_price_time_account,e3d0cb55-64c8-407b-8adf-ddbbc409c037,44577044-f8bc-46a3-bdc7-cacdb5dae8dd,1a6ccf00-f4bd-4110-8981-6527e9d11719,869ec764-ebfc-43e5-b14e-0d72b9df0932,live:orb,CDTG,2026-09-04 16:54:54.436+00,2026-09-04T16:52:00.712000+00:00,53806,exact_trigger_identity_near,UNKNOWN,UNKNOWN,short_flip_not_observed,pre_993,first,False,2026-09-04,12,1788538200000,1788538200000,91c3e585-945f-5610-bd32-c5e5a47e0bff,91c3e585-945f-5610-bd32-c5e5a47e0bff,1.3336,,,,,2026-09-04T14:45:45.817000+00:00,2026-09-04T14:45:45.828000+00:00,2026-09-04T15:02:53.097000+00:00,1.00000000,1.33500000,1.36000000,1.872659176029962546816479400,
c888915f-6d19-463a-a726-cfbcd7a432bf,exact_price_time_account,13d7fc48-5b14-4bf2-be3b-7424a75cfe0b,228b78bf-07ef-463e-9cf0-072ac16e7c6e,2e55ddef-939b-451d-a13b-b30e383d0b10,79df4c08-9087-40fb-94d2-b628410289e5,live:orb,IMRN,2026-09-04 17:33:42.912+00,2026-09-04T17:25:02.380000+00:00,54130,exact_trigger_identity_near,UNKNOWN,UNKNOWN,short_flip_not_observed,pre_993,first,False,2026-09-04,13,1788541020000,1788541020000,2381c027-43de-561c-a2ef-74f0c60c0c05,2381c027-43de-561c-a2ef-74f0c60c0c05,1.6251,,,,,2026-09-04T11:01:00.910000+00:00,2026-09-04T10:30:32.101000+00:00,2026-09-04T15:02:53.097000+00:00,1.00000000,1.64000000,1.64000000,0,
2595e218-cc8c-4b4f-ac67-27432a00230b,exact_price_time_account,49fe78f1-5025-4d5b-9f8f-a54dacf2328e,bd61d191-a1fa-45c4-ac05-ccea7e45af7d,5aec626a-2f90-4c22-8d57-d685549c14cb,188b3318-1249-4291-8945-7465ac700dbd,live:schwab_1m_v2,IMRN,2026-09-04 17:33:43+00,2026-09-04T17:25:02.380000+00:00,54130,exact_trigger_identity_near,UNKNOWN,UNKNOWN,short_flip_not_observed,pre_993,first,False,2026-09-04,13,1788541020000,1788541020000,2381c027-43de-561c-a2ef-74f0c60c0c05,2381c027-43de-561c-a2ef-74f0c60c0c05,1.6251,,,,,2026-09-04T11:01:00.910000+00:00,2026-09-04T10:30:32.101000+00:00,2026-09-04T15:02:53.097000+00:00,2.00000000,1.63000000,1.66000000,1.840490797546012269938650300,
5995fe74-4f73-4361-aacd-746da387e24a,exact_price_time_account,99702054-14da-4606-a29e-39cf075db100,8974bc47-640a-42e0-be16-0a78876aa876,4f5212d5-93ac-4354-a945-f8f29ae88570,812a0e88-d2d0-4376-bb1d-c200eb0db897,live:orb,CDTG,2026-09-04 17:35:26.891+00,2026-09-04T17:33:02.166000+00:00,54192,exact_trigger_identity_near,UNKNOWN,UNKNOWN,short_flip_not_observed,pre_993,first,False,2026-09-04,13,1788542340000,1788542340000,ebb5b256-9add-59ac-9c57-17957f9400df,ebb5b256-9add-59ac-9c57-17957f9400df,1.3079,,,,,2026-09-04T14:45:45.817000+00:00,2026-09-04T14:45:45.828000+00:00,2026-09-04T15:02:53.097000+00:00,1.00000000,1.30500000,1.33000000,1.915708812260536398467433000,
0292dc03-cbdd-4bbe-95b1-4fca9d7bb2e0,exact_price_time_account,5479e88d-9e88-463a-ab53-2d98c0b7d66b,89ec2889-225b-4829-8da2-b446b779ffc9,0bc53ccb-a83e-47db-b290-eb3ff1f0ccf4,3ee07d48-7f20-4f58-98a4-85938e9c9bbf,live:schwab_1m_v2,IMRN,2026-09-04 18:17:25+00,,,not_first_slot,NOT_FIRST,,reclaim_or_other_entry,pre_993,reclaim,False,2026-09-04,14,1788541020000,,2381c027-43de-561c-a2ef-74f0c60c0c05,,1.7100,,,,,,,,2.00000000,1.72000000,1.74000000,1.162790697674418604651162800,
c3e58d45-414b-4b4a-ac9d-a3a2b308a05d,exact_price_time_account,c76d0c99-130b-4c7c-b72e-d0013e52acba,5cb7a028-3f03-431e-b1b3-c3a608820b30,d24c256d-833d-4680-b593-2b87ba8c1223,e84d713f-494b-459d-8971-dca67a92b344,live:schwab_1m_v2,IMRN,2026-09-04 19:12:28+00,2026-09-04T19:08:03.043000+00:00,55096,exact_trigger_identity_near,UNKNOWN,UNKNOWN,short_flip_not_observed,pre_993,first,False,2026-09-04,15,1788548340000,1788548340000,00688a1f-af96-5ae8-a9d6-773ca770d313,00688a1f-af96-5ae8-a9d6-773ca770d313,1.7783,,,,,2026-09-04T11:01:00.910000+00:00,2026-09-04T10:30:32.101000+00:00,2026-09-04T18:49:16.059000+00:00,2.00000000,1.77500000,1.76010000,-0.8394366197183098591549295800,
ce522f83-2c3e-4519-b625-df1d3b4a32f3,exact_price_time_account,84e5e700-1324-4ce8-93e0-a70f94a0f9d5,e7469ef5-bdec-4dd5-9c4f-b75800ed0323,32f6fc91-f1f3-46d7-b076-1d3c5809ea50,7130282d-3d59-452e-b677-f5aed5ac200f,live:orb,IMRN,2026-09-04 19:12:28.211+00,2026-09-04T19:08:03.043000+00:00,55096,exact_trigger_identity_near,UNKNOWN,UNKNOWN,short_flip_not_observed,pre_993,first,False,2026-09-04,15,1788548340000,1788548340000,00688a1f-af96-5ae8-a9d6-773ca770d313,00688a1f-af96-5ae8-a9d6-773ca770d313,1.7783,,,,,2026-09-04T11:01:00.910000+00:00,2026-09-04T10:30:32.101000+00:00,2026-09-04T18:49:16.059000+00:00,1.00000000,1.78000000,1.69010000,-5.050561797752808988764044940,
4b041f42-2d3e-49b5-8df3-ab3af683a5b8,exact_price_time_account,d183ff9e-0c8a-4620-bfa6-de29d317c8da,f022aea8-8ca3-467f-868c-4d23a74da646,e084f99b-6b66-4bc4-993a-d256c34a4ff5,49d3ba81-ecb7-4e15-90fe-af6f6ab5ded3,live:orb,CDTG,2026-09-04 19:15:45.795+00,,,not_first_slot,NOT_FIRST,,reclaim_or_other_entry,pre_993,reclaim,False,2026-09-04,15,1788546540000,,631864a1-4e95-5e95-9ff0-9b9520d7a74a,,1.3600,,,,,,,,1.00000000,1.36000000,1.30500000,-4.044117647058823529411764710,
2e246d16-1601-4e5e-86cb-bfad592a297c,exact_price_time_account,c24c87e1-5adf-4f4a-8619-e58f92dcf20a,edda1d65-95b9-4227-a1a2-f73398d671b5,b721f960-39fb-434d-8918-797cc9079c0e,,live:schwab_1m_v2,BNC,2026-09-08 13:50:51+00,2026-09-08T13:40:02.958000+00:00,75985,exact_trigger_identity_near,UNKNOWN,UNKNOWN,scanner_membership_ambiguous,pre_993,first,False,2026-09-08,09,1788874260000,1788874260000,56376644-a34c-5e04-ba9f-2a82fd50bc47,56376644-a34c-5e04-ba9f-2a82fd50bc47,5.2486,2026-09-08T13:28:00+00:00,2026-09-08T13:29:02.839000+00:00,2026-09-08T13:30:00+00:00,2026-09-08T13:39:00+00:00,2026-09-08T13:04:09.182000+00:00,2026-09-08T13:04:09.193000+00:00,2026-09-08T13:32:08.799000+00:00,2.00000000,5.25000000,,,exit_fill_missing_or_ambiguous
3530f7b3-1f9c-4c18-ad81-e5315e8a7b0f,exact_price_time_account,bf82586b-52a1-4652-b42c-eca3cabff8b6,91d15408-0ee9-4a70-bc1f-2ca2e048c134,281fd7a6-40f8-4d73-9947-82ff4f7c41d2,b0c9b65f-8ed7-4f5c-831b-0b638516780d,live:orb,BNC,2026-09-08 13:50:51.255+00,2026-09-08T13:40:02.958000+00:00,75985,exact_trigger_identity_near,UNKNOWN,UNKNOWN,scanner_membership_ambiguous,pre_993,first,False,2026-09-08,09,1788874260000,1788874260000,56376644-a34c-5e04-ba9f-2a82fd50bc47,56376644-a34c-5e04-ba9f-2a82fd50bc47,5.2486,2026-09-08T13:28:00+00:00,2026-09-08T13:29:02.839000+00:00,2026-09-08T13:30:00+00:00,2026-09-08T13:39:00+00:00,2026-09-08T13:04:09.182000+00:00,2026-09-08T13:04:09.193000+00:00,2026-09-08T13:32:08.799000+00:00,1.00000000,5.25000000,5.13250000,-2.238095238095238095238095240,
e19f24ae-6d54-4fc3-ba14-a3ff459a510a,exact_price_time_account,df35fcfa-ff7f-4893-8633-e2fd1806b90a,75ecf7a6-c772-4930-8475-a4f4cf77ce20,11a30e37-ee16-4df2-89ca-1cf695ffa389,,live:schwab_1m_v2,BNC,2026-09-08 14:59:14+00,2026-09-08T14:44:02.757000+00:00,76552,exact_trigger_identity_near,UNKNOWN,UNKNOWN,warmup_after_short_or_unverified,pre_993,first,False,2026-09-08,10,1788876240000,1788876240000,a861fce1-415a-5eca-8f10-c3711fd88d67,a861fce1-415a-5eca-8f10-c3711fd88d67,4.8290,2026-09-08T14:04:00+00:00,2026-09-08T14:05:03.294000+00:00,2026-09-08T14:06:00+00:00,2026-09-08T14:43:00+00:00,2026-09-08T13:04:09.182000+00:00,2026-09-08T13:04:09.193000+00:00,2026-09-08T14:19:18.851000+00:00,2.00000000,4.83000000,,,exit_fill_missing_or_ambiguous
f3968fcd-2e90-46aa-99c2-55d6e1370e4e,exact_price_time_account,640a99db-b11e-4e36-9ead-e283ea3be263,990083e0-9f29-4027-9808-b4edf5162ab2,341b32df-c752-4de1-9965-9656069c8bbc,9bb96080-0f8a-4fc7-a500-59a6dcd67394,live:orb,BNC,2026-09-08 14:59:14.268+00,2026-09-08T14:44:02.757000+00:00,76552,exact_trigger_identity_near,UNKNOWN,UNKNOWN,warmup_after_short_or_unverified,pre_993,first,False,2026-09-08,10,1788876240000,1788876240000,a861fce1-415a-5eca-8f10-c3711fd88d67,a861fce1-415a-5eca-8f10-c3711fd88d67,4.8290,2026-09-08T14:04:00+00:00,2026-09-08T14:05:03.294000+00:00,2026-09-08T14:06:00+00:00,2026-09-08T14:43:00+00:00,2026-09-08T13:04:09.182000+00:00,2026-09-08T13:04:09.193000+00:00,2026-09-08T14:19:18.851000+00:00,1.00000000,4.83000000,4.93000000,2.070393374741200828157349900,
13be18ec-5ca5-4415-bcca-d7442dea8d90,exact_price_time_account,20085d20-0e6d-4da3-b10a-3ecac930abfa,62e2249a-4ec9-44ac-8c3a-8606c4f9207b,48cee69b-8a8d-4913-918e-c5a7925e1660,,live:schwab_1m_v2,BNC,2026-09-08 15:03:08+00,,,not_first_slot,NOT_FIRST,,reclaim_or_other_entry,pre_993,reclaim,False,2026-09-08,11,1788876240000,,ade4ae5e-a2e6-5d07-ad07-c758ca5be564,,4.9436,,,,,,,,2.00000000,4.94500000,,,exit_fill_missing_or_ambiguous
1fb0706e-07bc-4e91-bd1e-dc48f57e1cc6,exact_price_time_account,72a1416e-4434-4d10-98ce-770b665ff52c,21b48f45-7bd5-4bb7-bf01-1211134f9de1,2bef1b9c-4674-459d-8ac7-0051fdb5463e,159c2bbf-7cb5-4537-b301-850a37615843,live:schwab_1m_v2,NUR,2026-09-08 16:05:44+00,2026-09-08T16:04:02.782000+00:00,77203,exact_trigger_identity_near,LIVE,,live_short_and_trail_after_warmup,pre_993,first,False,2026-09-08,12,1788881400000,1788881400000,16108230-0f8c-54ab-9a80-ae599b4c7131,16108230-0f8c-54ab-9a80-ae599b4c7131,3.7533,2026-09-08T15:27:00+00:00,2026-09-08T15:28:02.395000+00:00,2026-09-08T15:29:00+00:00,2026-09-08T16:03:00+00:00,2026-09-08T14:19:20.620000+00:00,2026-09-08T14:19:20.627000+00:00,2026-09-08T14:19:18.851000+00:00,2.00000000,3.72000000,3.83000000,2.956989247311827956989247300,
9b3b404b-cc4f-4bd5-a3ef-7bccc3bfad51,exact_price_time_account,d72fc342-2b8b-4648-b12d-bcdb70d5c5cc,82f20c0f-2c08-4c82-9da8-d9df1908a885,4d834eca-fc5f-4e85-8911-ddad368b45f8,fbf0a055-3d4f-4f52-a551-7e9c87c552f1,live:orb,NUR,2026-09-08 16:05:44.435+00,2026-09-08T16:04:02.782000+00:00,77203,exact_trigger_identity_near,LIVE,,live_short_and_trail_after_warmup,pre_993,first,False,2026-09-08,12,1788881400000,1788881400000,16108230-0f8c-54ab-9a80-ae599b4c7131,16108230-0f8c-54ab-9a80-ae599b4c7131,3.7533,2026-09-08T15:27:00+00:00,2026-09-08T15:28:02.395000+00:00,2026-09-08T15:29:00+00:00,2026-09-08T16:03:00+00:00,2026-09-08T14:19:20.620000+00:00,2026-09-08T14:19:20.627000+00:00,2026-09-08T14:19:18.851000+00:00,1.00000000,3.73000000,3.80000000,1.876675603217158176943699700,
b9196c5b-895e-4bad-a1c1-1b151303ce69,exact_price_time_account,f6001a58-567a-4362-9085-bc547b2e35e0,7a7c0558-906c-40a0-8d46-12bff52cff53,014d81aa-aa09-4136-8b94-8ac5f86f65e2,,live:schwab_1m_v2,BNC,2026-09-08 16:09:50+00,2026-09-08T15:53:00.329000+00:00,77079,exact_trigger_identity_near,UNKNOWN,UNKNOWN,warmup_after_short_or_unverified,pre_993,first,False,2026-09-08,12,1788882720000,1788882720000,2dc66044-2d52-5e0a-8432-e53c5f99f705,2dc66044-2d52-5e0a-8432-e53c5f99f705,5.1967,2026-09-08T15:49:00+00:00,2026-09-08T15:50:02.629000+00:00,2026-09-08T15:51:00+00:00,2026-09-08T15:52:00+00:00,2026-09-08T13:04:09.182000+00:00,2026-09-08T13:04:09.193000+00:00,2026-09-08T14:19:18.851000+00:00,2.00000000,5.20000000,,,exit_fill_missing_or_ambiguous
e44127e0-589e-4ff6-b94e-b3129e8a8473,exact_price_time_account,9cf8adcf-aa8b-451a-b3d8-3bf8bf9a1a52,aa2349fd-77b3-4d17-902f-239adaf82eba,06657dfb-4df7-445d-ade1-ffe149804bec,1db84afa-44f8-4dbc-b388-943a45bc56db,live:orb,BNC,2026-09-08 16:09:50.385+00,2026-09-08T15:53:00.329000+00:00,77079,exact_trigger_identity_near,UNKNOWN,UNKNOWN,warmup_after_short_or_unverified,pre_993,first,False,2026-09-08,12,1788882720000,1788882720000,2dc66044-2d52-5e0a-8432-e53c5f99f705,2dc66044-2d52-5e0a-8432-e53c5f99f705,5.1967,2026-09-08T15:49:00+00:00,2026-09-08T15:50:02.629000+00:00,2026-09-08T15:51:00+00:00,2026-09-08T15:52:00+00:00,2026-09-08T13:04:09.182000+00:00,2026-09-08T13:04:09.193000+00:00,2026-09-08T14:19:18.851000+00:00,1.00000000,5.20000000,5.18500000,-0.2884615384615384615384615400,
c47db6b9-554a-4a2d-90f2-24bdfa453a28,exact_price_time_account,eaee08d3-4305-4f61-8c3a-4c31fd33605a,eee0c65c-d660-4830-aeaf-db5fd6d43ceb,0fb4d738-1824-4567-b0fa-201828e4cbdc,,live:schwab_1m_v2,BNC,2026-09-08 16:18:18+00,,,not_first_slot,NOT_FIRST,,reclaim_or_other_entry,pre_993,reclaim,False,2026-09-08,12,1788882720000,,2dc66044-2d52-5e0a-8432-e53c5f99f705,,5.3000,,,,,,,,2.00000000,5.30000000,,,exit_fill_missing_or_ambiguous
1534d72a-c19c-48cc-864b-ce596d6da1ba,exact_price_time_account,2ee8e470-4b92-4497-a884-ffef0b869878,e19425c9-df3b-4a40-93fa-a2d404de786b,6e5d79fa-31b5-4981-acb0-ed1b4bbd8c23,12c9ef46-016b-4506-859f-a3c61135d953,live:orb,MOBX,2026-09-08 17:16:14.713+00,2026-09-08T17:16:00.480000+00:00,78138,exact_trigger_identity_near,LIVE,,live_short_and_trail_after_warmup,pre_993,first,False,2026-09-08,13,1788883980000,1788883980000,b23bda18-2cf5-5216-8737-11ad275b2c52,b23bda18-2cf5-5216-8737-11ad275b2c52,1.3030,2026-09-08T16:10:00+00:00,2026-09-08T16:11:02.675000+00:00,2026-09-08T16:12:00+00:00,2026-09-08T17:15:00+00:00,2026-09-08T13:42:52.339000+00:00,2026-09-08T13:42:52.355000+00:00,2026-09-08T17:04:01.790000+00:00,1.00000000,1.30000000,1.33000000,2.307692307692307692307692300,
dfa60eeb-cda8-4de7-aecc-44652133518f,exact_price_time_account,d9421f55-0b02-4c61-abab-c523f5f3cc9c,bcc47f0b-06ca-41e8-ac51-7477a794cb6f,04bf23a2-a06b-4fff-ac2b-80c963b7eee9,,live:schwab_1m_v2,BNC,2026-09-08 17:25:02+00,2026-09-08T17:20:02.701000+00:00,78202,exact_trigger_identity_near,UNKNOWN,UNKNOWN,warmup_after_short_or_unverified,pre_993,first,False,2026-09-08,13,1788886380000,1788886380000,ae282df5-9c29-559d-a75b-26433172e0f1,ae282df5-9c29-559d-a75b-26433172e0f1,5.2871,2026-09-08T16:50:00+00:00,2026-09-08T16:51:02.847000+00:00,2026-09-08T16:52:00+00:00,2026-09-08T17:19:00+00:00,2026-09-08T13:04:09.182000+00:00,2026-09-08T13:04:09.193000+00:00,2026-09-08T17:04:01.790000+00:00,2.00000000,5.28870000,,,exit_fill_missing_or_ambiguous
e60ecb55-6ee0-4cf2-841e-c37ee8ebff56,exact_price_time_account,b782f661-c4bd-4e21-8cc2-82b151017453,280a22a8-1c1e-42a6-9ae2-a5fbf2be6cfe,3809646a-cbca-4adb-86bf-061b3b015428,d595652a-f53e-45a3-aa51-adacf054d922,live:orb,BNC,2026-09-08 17:25:02.378+00,2026-09-08T17:20:02.701000+00:00,78202,exact_trigger_identity_near,UNKNOWN,UNKNOWN,warmup_after_short_or_unverified,pre_993,first,False,2026-09-08,13,1788886380000,1788886380000,ae282df5-9c29-559d-a75b-26433172e0f1,ae282df5-9c29-559d-a75b-26433172e0f1,5.2871,2026-09-08T16:50:00+00:00,2026-09-08T16:51:02.847000+00:00,2026-09-08T16:52:00+00:00,2026-09-08T17:19:00+00:00,2026-09-08T13:04:09.182000+00:00,2026-09-08T13:04:09.193000+00:00,2026-09-08T17:04:01.790000+00:00,1.00000000,5.29000000,5.14010000,-2.833648393194706994328922500,
20a10f75-dd16-4a7c-ba6a-91bae70d3564,exact_price_time_account,71adb62b-4124-49fe-af2c-27a170392a71,d3b334af-495c-44ed-996a-b304a9b4c470,d4db12df-e77a-4378-befa-eda75c472fef,36984dfa-cdd6-4e85-a2fd-714f42bbeac2,live:schwab_1m_v2,NUR,2026-09-08 17:29:35+00,2026-09-08T17:16:02.962000+00:00,78149,exact_trigger_identity_near,LIVE,,live_short_and_trail_after_warmup,pre_993,first,False,2026-09-08,13,1788885180000,1788885180000,203bd33e-c4ea-5ca7-83d4-2307f06f0898,203bd33e-c4ea-5ca7-83d4-2307f06f0898,3.2444,2026-09-08T16:33:00+00:00,2026-09-08T16:34:02.460000+00:00,2026-09-08T16:35:00+00:00,2026-09-08T17:15:00+00:00,2026-09-08T14:19:20.620000+00:00,2026-09-08T14:19:20.627000+00:00,2026-09-08T17:04:01.790000+00:00,2.00000000,3.24000000,3.07000000,-5.246913580246913580246913580,
ecc47fbe-312a-432a-95a4-5503589ec6f9,exact_price_time_account,9348bb2b-03e2-4baa-9b06-e74f0050cc8a,941364e6-aafd-4268-b771-3213a4df60bf,446f29fe-fa56-48ce-9fcb-f3efcb8865e7,58bc2f64-cf59-4d2a-87de-a8d59eb6ab6c,live:orb,NUR,2026-09-08 17:29:35.374+00,2026-09-08T17:16:02.962000+00:00,78149,exact_trigger_identity_near,LIVE,,live_short_and_trail_after_warmup,pre_993,first,False,2026-09-08,13,1788885180000,1788885180000,203bd33e-c4ea-5ca7-83d4-2307f06f0898,203bd33e-c4ea-5ca7-83d4-2307f06f0898,3.2444,2026-09-08T16:33:00+00:00,2026-09-08T16:34:02.460000+00:00,2026-09-08T16:35:00+00:00,2026-09-08T17:15:00+00:00,2026-09-08T14:19:20.620000+00:00,2026-09-08T14:19:20.627000+00:00,2026-09-08T17:04:01.790000+00:00,1.00000000,3.24000000,3.19010000,-1.540123456790123456790123460,
543526e3-48e9-4db9-9057-61f185f441f8,exact_price_time_account,69d2db71-cca8-4b49-9b50-0deb026f6b86,c08d8a49-720f-4938-851c-267086a4142e,d89a4d8a-e991-4f90-ae36-059883400006,1ecc58b1-25e9-4b7a-af2e-0e5f1db874b0,live:schwab_1m_v2,MOBX,2026-09-08 17:35:53+00,,,not_first_slot,NOT_FIRST,,reclaim_or_other_entry,pre_993,reclaim,False,2026-09-08,13,1788883980000,,03ee81a3-e40c-5a97-953e-18cbfc9defbc,,1.3350,,,,,,,,2.00000000,1.33500000,1.29500000,-2.996254681647940074906367040,
0ab57f7a-01eb-4256-8832-7ddbb2270b8e,exact_price_time_account,3013bbc3-a0de-40e8-841e-0efac91d9410,8687aa16-2902-4b4c-9367-7d8b25c0bbac,f36572b6-3b0f-49af-8896-abafa63c2920,,live:schwab_1m_v2,BNC,2026-09-08 19:10:22+00,,,not_first_slot,NOT_FIRST,,reclaim_or_other_entry,pre_993,reclaim,False,2026-09-08,15,1788892740000,,3e7bfc17-af46-533f-ab85-d590a8c706ca,,5.4300,,,,,,,,2.00000000,5.43500000,,,exit_fill_missing_or_ambiguous
c3b4b412-96c5-4bee-a30e-c7d23a393ee9,exact_price_time_account,344f8b20-6394-47f7-8ca3-0e4b2af3b47f,f2bc4174-2c59-41e2-8635-0b17778ec24f,adeffb88-e308-4f1f-b6e0-ec922e06edb9,,live:orb,BNC,2026-09-08 19:10:25.266+00,,,not_first_slot,NOT_FIRST,,reclaim_or_other_entry,pre_993,reclaim,False,2026-09-08,15,1788892740000,,3e7bfc17-af46-533f-ab85-d590a8c706ca,,5.4300,,,,,,,,1.00000000,5.42500000,,,exit_fill_missing_or_ambiguous
ee60a830-4904-422c-a8a3-98973a5f4944,exact_price_time_account,3ebb509c-e7e7-4f10-9217-b2a5fcee47f2,632d8f9c-824e-40b4-b2eb-f32997aa8eb7,04e2d304-25eb-4944-9274-fa28d07a82f7,,live:orb,YMAT,2026-09-09 11:45:43.237+00,2026-09-09T11:45:00.389000+00:00,86196,exact_trigger_identity_near,LIVE,,live_short_and_trail_after_warmup,pre_993,first,False,2026-09-09,07,1788954240000,,840976ac-4526-5143-8fa6-0cfce11f42f6,,1.9975,2026-09-09T11:39:00+00:00,2026-09-09T11:40:02.977000+00:00,2026-09-09T11:41:00+00:00,2026-09-09T11:44:00+00:00,2026-09-09T11:01:02.926000+00:00,2026-09-09T11:01:02.940000+00:00,2026-09-09T10:35:34.174000+00:00,1.00000000,2.01000000,,,exit_fill_missing_or_ambiguous
dac5c677-fa5c-4a61-ac2a-50505937e1f8,exact_price_time_account,5a9dc856-6697-4c20-b280-f11daba342b7,db5eed1a-ddaa-4e87-908c-b8c662fb2560,db45a5d8-5840-4366-93a5-6376771a86dd,,live:orb,YMAT,2026-09-09 13:20:08.757+00,2026-09-09T13:20:03.210000+00:00,86795,exact_trigger_identity_near,LIVE,,live_short_and_trail_after_warmup,pre_993,first,False,2026-09-09,09,1788959940000,,b0b75407-2a08-5bc8-9887-bc5af25ba731,,1.8701,2026-09-09T12:21:00+00:00,2026-09-09T12:22:02.048000+00:00,2026-09-09T12:23:00+00:00,2026-09-09T13:19:00+00:00,2026-09-09T11:01:02.926000+00:00,2026-09-09T11:01:02.940000+00:00,2026-09-09T12:46:14.751000+00:00,1.00000000,1.87780000,,,exit_fill_missing_or_ambiguous
9102014c-0d4e-481f-bead-c4eee481af50,exact_price_time_account,51be8f78-a98c-4ab1-9edc-0cbedb26d55b,de7f8cd6-bcd7-4b89-a92a-2a72744e1912,978e4a4c-a6e7-4e53-90dc-1bf5a8b9ae17,76a2af3e-09a2-47e8-9c5e-91722cce47df,live:schwab_1m_v2,SUNE,2026-09-09 13:38:31+00,,,not_first_slot,NOT_FIRST,,reclaim_or_other_entry,pre_993,reclaim,False,2026-09-09,09,1788960900000,,8106d8bd-9dd1-5605-8466-d5e2a89af6ac,,3.1600,,,,,,,,2.00000000,3.16000000,3.32000000,5.063291139240506329113924100,
9c852273-1568-4620-8275-9c6b185dddc0,exact_price_time_account,c52ed0f5-3668-4497-8e64-952b0700e81f,679ae459-aff6-4215-9c74-eabfa4df467d,2b872cbe-1364-45d3-8b4f-e4b5d142d6ed,a3ebdf7c-6756-4018-8842-0aa5f5ac549b,live:orb,SUNE,2026-09-09 13:38:31.69+00,,,not_first_slot,NOT_FIRST,,reclaim_or_other_entry,pre_993,reclaim,False,2026-09-09,09,1788960900000,,8106d8bd-9dd1-5605-8466-d5e2a89af6ac,,3.1600,,,,,,,,1.00000000,3.16000000,3.32000000,5.063291139240506329113924100,
8c333098-af34-4e48-9667-07a7d86b7fa4,exact_price_time_account,25ebe23e-c4e1-46e1-b17d-a6950bb19395,4870040d-94d0-47f9-bf02-022f754795ed,ed38a442-50e7-4072-9ed2-f3696e5496aa,d3e78b4e-2c45-43cc-bf3c-3a8fb8bd67ae,live:schwab_1m_v2,SUNE,2026-09-09 15:34:00+00,2026-09-09T15:13:02.808000+00:00,87867,exact_trigger_identity_near,UNKNOWN,UNKNOWN,warmup_after_short_or_unverified,pre_993,first,False,2026-09-09,11,1788966720000,1788966720000,74833f70-50ae-50fa-b254-60b7e220e5be,74833f70-50ae-50fa-b254-60b7e220e5be,3.6210,2026-09-09T15:09:00+00:00,2026-09-09T15:10:00.823000+00:00,2026-09-09T15:11:00+00:00,2026-09-09T15:12:00+00:00,2026-09-09T12:51:59.398000+00:00,2026-09-09T13:37:56.514000+00:00,2026-09-09T14:50:00.603000+00:00,2.00000000,3.62000000,3.50500000,-3.176795580110497237569060770,
28b3b1ef-a7f4-4728-867a-bf4117fa5998,exact_price_time_account,ffe494fb-ff7d-470f-a9b3-1d225b67606b,66742c74-68a4-479c-b9e8-5a54df62e2cf,17354bfc-669a-46f0-9a97-c0e31ccbedf0,a6ee4a91-fcbc-4740-8d6a-31079909fc10,live:orb,SUNE,2026-09-09 15:34:00.028+00,2026-09-09T15:13:02.808000+00:00,87867,exact_trigger_identity_near,UNKNOWN,UNKNOWN,warmup_after_short_or_unverified,pre_993,first,False,2026-09-09,11,1788966720000,1788966720000,74833f70-50ae-50fa-b254-60b7e220e5be,74833f70-50ae-50fa-b254-60b7e220e5be,3.6210,2026-09-09T15:09:00+00:00,2026-09-09T15:10:00.823000+00:00,2026-09-09T15:11:00+00:00,2026-09-09T15:12:00+00:00,2026-09-09T12:51:59.398000+00:00,2026-09-09T13:37:56.514000+00:00,2026-09-09T14:50:00.603000+00:00,1.00000000,3.62000000,3.51090000,-3.013812154696132596685082870,
4279d613-7d51-4461-9e75-3740e550d06c,exact_price_time_account,53f173c7-d0ba-4f57-adc4-bcbf6c1fde57,7f9fa8f2-ebe5-4174-9c14-c147414a2cb8,1502a8fa-3f95-4a72-b90d-58259a781b67,1e55166e-aec9-4f95-ae73-83ef9f790d96,live:schwab_1m_v2,FTFT,2026-09-09 15:58:09+00,2026-09-09T15:53:03.087000+00:00,88321,exact_trigger_identity_near,LIVE,,live_short_and_trail_after_warmup,pre_993,first,False,2026-09-09,11,1788967800000,1788967800000,66ba41eb-3175-5c7b-a969-ce440696732b,66ba41eb-3175-5c7b-a969-ce440696732b,2.3107,2026-09-09T15:27:00+00:00,2026-09-09T15:28:02.504000+00:00,2026-09-09T15:29:00+00:00,2026-09-09T15:52:00+00:00,2026-09-09T14:50:02.212000+00:00,2026-09-09T14:50:02.242000+00:00,2026-09-09T14:50:00.603000+00:00,2.00000000,2.31000000,2.43000000,5.194805194805194805194805200,
bf296f59-b11d-484e-b9a3-a2db09ec9d34,exact_price_time_account,5e065286-a8c9-45c2-82c6-10f39f770b7a,f1a30f12-3283-4b6f-9cb2-c64a78f06213,e9f9dfce-d08f-4df4-9f6a-0c1aebf1fe51,1eff7321-82c8-42bb-bd21-fa5acbd29d9f,live:orb,FTFT,2026-09-09 15:58:09.13+00,2026-09-09T15:53:03.087000+00:00,88321,exact_trigger_identity_near,LIVE,,live_short_and_trail_after_warmup,pre_993,first,False,2026-09-09,11,1788967800000,1788967800000,66ba41eb-3175-5c7b-a969-ce440696732b,66ba41eb-3175-5c7b-a969-ce440696732b,2.3107,2026-09-09T15:27:00+00:00,2026-09-09T15:28:02.504000+00:00,2026-09-09T15:29:00+00:00,2026-09-09T15:52:00+00:00,2026-09-09T14:50:02.212000+00:00,2026-09-09T14:50:02.242000+00:00,2026-09-09T14:50:00.603000+00:00,1.00000000,2.31000000,2.43000000,5.194805194805194805194805200,
322b5a83-cc34-4c0f-a8b0-4ae09aff8322,exact_price_time_account,cd56a214-cb5b-4a6c-a092-153eff6c312d,580509a1-ccdd-4584-9e4a-6ec76ef1262d,87fb722e-2f75-4703-9be5-7572b9c692e1,cc04dd2b-a699-4858-a969-28acc0ae551f,live:schwab_1m_v2,FTFT,2026-09-09 16:10:08+00,,,not_first_slot,NOT_FIRST,,reclaim_or_other_entry,pre_993,reclaim,False,2026-09-09,12,1788967800000,,66ba41eb-3175-5c7b-a969-ce440696732b,,2.5000,,,,,,,,2.00000000,2.49990000,2.62000000,4.804192167686707468298731900,
ff1ccf54-ea28-4640-b39a-8c164cacbcd1,exact_price_time_account,91ebbc20-4054-4570-8f2b-f791dd43f7a2,0a2f3a2c-5eff-47b3-8285-3b813e42714a,be802826-e6d8-46d1-8ce1-6116e60a89f1,,live:orb,YMAT,2026-09-09 16:28:29.744+00,,,not_first_slot,NOT_FIRST,,reclaim_or_other_entry,pre_993,reclaim,False,2026-09-09,12,1788969480000,,df53367a-bc50-5d30-b034-6f5c8a6303c0,,1.9600,,,,,,,,1.00000000,1.96000000,,,exit_fill_missing_or_ambiguous
8c26b3af-a2fe-467a-9f88-be2106bafc32,exact_price_time_account,7c581792-3706-4d37-93e0-73cfb3eb4ed5,d2763e2b-e811-4ef9-9596-60c1ea50510d,2b24bd9c-4b68-451f-a920-b5809e402624,3dc84be5-b008-4250-9804-8d12e494fc0e,live:schwab_1m_v2,SUNE,2026-09-09 16:50:29+00,2026-09-09T16:48:02.232000+00:00,89002,exact_trigger_identity_near,UNKNOWN,UNKNOWN,warmup_after_short_or_unverified,pre_993,first,False,2026-09-09,12,1788970500000,1788970500000,69124d21-bdd6-52f2-9b54-592d213b5458,69124d21-bdd6-52f2-9b54-592d213b5458,3.5660,2026-09-09T16:11:00+00:00,2026-09-09T16:12:03.108000+00:00,2026-09-09T16:13:00+00:00,2026-09-09T16:47:00+00:00,2026-09-09T12:51:59.398000+00:00,2026-09-09T13:37:56.514000+00:00,2026-09-09T14:50:00.603000+00:00,2.00000000,3.55990000,3.54000000,-0.5590044664175959998876372900,
ce533c40-09dc-44f7-9e6a-e3ff09fad740,exact_price_time_account,ec816563-160e-4c97-b71f-b616ee2ffa16,a1482797-db2e-4f0f-86a7-75345739c0e1,99721d15-3ba2-4fd8-b206-b72c7335dab5,5ff4119e-0c6c-4241-9834-50e759d70aa9,live:orb,SUNE,2026-09-09 16:50:29.048+00,2026-09-09T16:48:02.232000+00:00,89002,exact_trigger_identity_near,UNKNOWN,UNKNOWN,warmup_after_short_or_unverified,pre_993,first,False,2026-09-09,12,1788970500000,1788970500000,69124d21-bdd6-52f2-9b54-592d213b5458,69124d21-bdd6-52f2-9b54-592d213b5458,3.5660,2026-09-09T16:11:00+00:00,2026-09-09T16:12:03.108000+00:00,2026-09-09T16:13:00+00:00,2026-09-09T16:47:00+00:00,2026-09-09T12:51:59.398000+00:00,2026-09-09T13:37:56.514000+00:00,2026-09-09T14:50:00.603000+00:00,1.00000000,3.57000000,3.55090000,-0.5350140056022408963585434200,
bba5af5b-6bc2-4407-860e-da10996abf32,exact_price_time_account,ee363fe2-d8a2-43eb-a216-030a107714e4,1cdf2613-0374-4a3c-923e-e93b0dc5f413,aadcd3ce-0c83-459c-94d7-637e01257e30,b3f03bbd-a5e0-44b9-a493-31ae06d3903c,live:schwab_1m_v2,SUNE,2026-09-09 17:07:16+00,,,not_first_slot,NOT_FIRST,,reclaim_or_other_entry,pre_993,reclaim,False,2026-09-09,13,1788970500000,,69124d21-bdd6-52f2-9b54-592d213b5458,,3.6000,,,,,,,,2.00000000,3.60000000,3.55000000,-1.388888888888888888888888890,
e632bff5-b277-4f90-b8ce-817731dee70d,exact_price_time_account,de1e07df-0998-47a8-8b2b-16fc90e49abd,1b84aa8c-f11d-4ac1-98a3-53bbd6ad4d89,3ea158ae-9203-4ada-a493-9136252d2893,852dd25f-40c5-41ad-8acc-84739080d974,live:schwab_1m_v2,FTFT,2026-09-09 17:31:17+00,2026-09-09T17:21:03.053000+00:00,89493,exact_trigger_identity_near,LIVE,,live_short_and_trail_after_warmup,pre_993,first,False,2026-09-09,13,1788972300000,1788972300000,5ac4c150-b460-54be-92e6-1d3521ac613a,5ac4c150-b460-54be-92e6-1d3521ac613a,2.6176,2026-09-09T16:42:00+00:00,2026-09-09T16:43:02.748000+00:00,2026-09-09T16:44:00+00:00,2026-09-09T17:20:00+00:00,2026-09-09T14:50:02.212000+00:00,2026-09-09T14:50:02.242000+00:00,2026-09-09T14:50:00.603000+00:00,2.00000000,2.61950000,2.41000000,-7.997709486543233441496468790,
250b2eb4-7f93-4187-8293-d65d10210772,exact_price_time_account,78c2552d-2cc9-46a3-9e71-17a963a5f030,bf853ba4-6a6f-4f6b-9711-6203225d3f61,be3a8410-3da0-4dc8-9960-e3193bc0389c,8e77f6b2-e93f-4f3c-ba2c-1c1debc3babf,live:orb,FTFT,2026-09-09 17:31:17.712+00,2026-09-09T17:21:03.053000+00:00,89493,exact_trigger_identity_near,LIVE,,live_short_and_trail_after_warmup,pre_993,first,False,2026-09-09,13,1788972300000,1788972300000,5ac4c150-b460-54be-92e6-1d3521ac613a,5ac4c150-b460-54be-92e6-1d3521ac613a,2.6176,2026-09-09T16:42:00+00:00,2026-09-09T16:43:02.748000+00:00,2026-09-09T16:44:00+00:00,2026-09-09T17:20:00+00:00,2026-09-09T14:50:02.212000+00:00,2026-09-09T14:50:02.242000+00:00,2026-09-09T14:50:00.603000+00:00,1.00000000,2.62000000,2.40000000,-8.396946564885496183206106870,
81ceb480-a5de-42d2-a7ce-ad31877a2a7f,exact_price_time_account,5b11d903-dcf7-40d9-9faa-34813eb8ca4a,b49689f0-8627-489f-a9be-c44c2d7eb6c6,2edd41e4-de39-45b1-8106-c986ce16c2cb,b4e39198-8005-4663-b3b1-0ff182472d89,live:schwab_1m_v2,SUNE,2026-09-09 18:23:32+00,,,not_first_slot,NOT_FIRST,,reclaim_or_other_entry,pre_993,reclaim,False,2026-09-09,14,1788974820000,,268a743f-293f-5bf0-9342-575348395d88,,3.9200,,,,,,,,2.00000000,3.91900000,4.12000000,5.128859402908905332993110500,
550bfa7f-2252-4b72-ac45-227a7018213d,exact_price_time_account,a4621fba-a829-4fd7-b359-14169cb74507,1482e2b0-6eca-4454-9054-172dcc8c6728,962bd154-c1ab-4ef9-bd4f-f882d42b1a81,25d2f4d7-c710-4859-930f-191e33f310ce,live:orb,SUNE,2026-09-09 18:23:32.407+00,,,not_first_slot,NOT_FIRST,,reclaim_or_other_entry,pre_993,reclaim,False,2026-09-09,14,1788974820000,,268a743f-293f-5bf0-9342-575348395d88,,3.9200,,,,,,,,1.00000000,3.92000000,4.12000000,5.102040816326530612244898000,
5a25c4aa-a0dc-48e0-9c13-948e92edf0eb,exact_price_time_account,a42efbad-b086-4741-b21a-b6036f4592ff,b4504d97-2077-41ec-958e-1eddac2cc00f,1a13b8b0-49e7-42c5-a6b6-43aae3e442ea,,live:orb,YMAT,2026-09-09 18:32:09.601+00,,,not_first_slot,NOT_FIRST,,reclaim_or_other_entry,pre_993,reclaim,False,2026-09-09,14,1788977280000,,7baacaba-555d-599f-aa08-9207674f7e7d,,2.1500,,,,,,,,1.00000000,2.14500000,,,exit_fill_missing_or_ambiguous
4ca53fcb-ca74-4493-b4b3-39338b0abfe9,exact_price_time_account,3222e813-78bb-478d-8806-d0ba442b97ef,6076e65f-f970-4f2a-8fdf-e395af202435,383b35bc-fe29-4613-8cb1-7c55fa0ff27e,d9d31692-569e-4ef2-9303-0119599f7b20,live:schwab_1m_v2,FTFT,2026-09-09 18:37:29+00,2026-09-09T18:33:02.727000+00:00,90533,exact_trigger_identity_near,LIVE,,live_short_and_trail_after_warmup,pre_993,first,False,2026-09-09,14,1788978480000,1788978480000,dc3df1d1-ef11-524f-ba0a-013d922a13de,dc3df1d1-ef11-524f-ba0a-013d922a13de,2.5602,2026-09-09T18:28:00+00:00,2026-09-09T18:29:02.445000+00:00,2026-09-09T18:30:00+00:00,2026-09-09T18:32:00+00:00,2026-09-09T14:50:02.212000+00:00,2026-09-09T14:50:02.242000+00:00,2026-09-09T14:50:00.603000+00:00,2.00000000,2.56000000,2.42500000,-5.273437500,
9f051443-8fdc-406e-9112-e84294b310bd,exact_price_time_account,00f9276f-8724-4902-809b-9f42f96b2d7a,6d12a83b-5981-4be4-ae31-66ad8b119149,c8dd5766-6988-478a-93b8-f1e55360b86b,90131565-cc37-4cdf-933c-e715c344c671,live:orb,FTFT,2026-09-09 18:37:29.231+00,2026-09-09T18:33:02.727000+00:00,90533,exact_trigger_identity_near,LIVE,,live_short_and_trail_after_warmup,pre_993,first,False,2026-09-09,14,1788978480000,1788978480000,dc3df1d1-ef11-524f-ba0a-013d922a13de,dc3df1d1-ef11-524f-ba0a-013d922a13de,2.5602,2026-09-09T18:28:00+00:00,2026-09-09T18:29:02.445000+00:00,2026-09-09T18:30:00+00:00,2026-09-09T18:32:00+00:00,2026-09-09T14:50:02.212000+00:00,2026-09-09T14:50:02.242000+00:00,2026-09-09T14:50:00.603000+00:00,1.00000000,2.56000000,2.42000000,-5.4687500,
e9f3061a-b841-426c-8cbd-3a4d3dd1088a,exact_price_time_account,4ddb9745-c275-4913-8f33-b7ed59efae77,354eb5a4-c69d-4f42-a955-3e96f2375a29,5e0ac128-bc37-417e-8f72-8a086c946564,c7645dc4-d188-49ed-a5f7-c291d5296e01,live:schwab_1m_v2,FTFT,2026-09-09 19:30:49+00,2026-09-09T19:29:02.508000+00:00,91564,exact_trigger_identity_near,LIVE,,live_short_and_trail_after_warmup,pre_993,first,False,2026-09-09,15,1788980940000,1788980940000,7c814fb9-9cf5-5070-8eb0-105a6db071f0,7c814fb9-9cf5-5070-8eb0-105a6db071f0,2.3647,2026-09-09T19:05:00+00:00,2026-09-09T19:06:02.835000+00:00,2026-09-09T19:07:00+00:00,2026-09-09T19:28:00+00:00,2026-09-09T14:50:02.212000+00:00,2026-09-09T14:50:02.242000+00:00,2026-09-09T14:50:00.603000+00:00,2.00000000,2.35990000,2.35500000,-0.2076359167761345819738124500,
11375829-1743-4141-9973-2c653457b7d2,exact_price_time_account,24ddebdb-380c-49b8-bf4e-2a9fd16562b2,ce53083f-a58a-4a73-9737-df32ec13cbc4,92361c3a-d4df-46a8-b510-c06ae9b4f81d,7b59fdb9-9455-4100-9eb9-e57fa3dd4e86,live:orb,FTFT,2026-09-09 19:30:49.275+00,2026-09-09T19:29:02.508000+00:00,91564,exact_trigger_identity_near,LIVE,,live_short_and_trail_after_warmup,pre_993,first,False,2026-09-09,15,1788980940000,1788980940000,7c814fb9-9cf5-5070-8eb0-105a6db071f0,7c814fb9-9cf5-5070-8eb0-105a6db071f0,2.3647,2026-09-09T19:05:00+00:00,2026-09-09T19:06:02.835000+00:00,2026-09-09T19:07:00+00:00,2026-09-09T19:28:00+00:00,2026-09-09T14:50:02.212000+00:00,2026-09-09T14:50:02.242000+00:00,2026-09-09T14:50:00.603000+00:00,1.00000000,2.35900000,2.35500000,-0.1695633743111487918609580300,
06bfed1c-137a-4b52-81bf-267995c66b4a,exact_price_time_account,6cd81803-7aa4-49ce-b8f8-0e5a28746a49,999b35ab-f525-47e7-a2ff-abc1953c1a7b,de87eedb-c3ca-4349-8457-87710f0ec7a8,2aee5c86-18bf-4b7f-9d5e-6fd8d50c0f18,live:schwab_1m_v2,FTFT,2026-09-09 19:39:09+00,,,not_first_slot,NOT_FIRST,,reclaim_or_other_entry,pre_993,reclaim,False,2026-09-09,15,1788980940000,,598beb41-4213-52de-842b-a89103ce25cb,,2.3950,,,,,,,,2.00000000,2.39500000,2.26500000,-5.427974947807933194154488520,
14a14246-62e2-4958-b63d-396f61834d21,exact_price_time_account,7f87d440-4b92-483d-b6f4-bd80f8665007,7d784413-ff0d-4b6a-8ae4-3e7b794983eb,cd90aa42-6e83-49c9-a131-45e479487884,603ee255-61c3-4681-b87d-6b557d9d4e65,live:orb,FTFT,2026-09-09 19:39:12.062+00,,,not_first_slot,NOT_FIRST,,reclaim_or_other_entry,pre_993,reclaim,False,2026-09-09,15,1788980940000,,598beb41-4213-52de-842b-a89103ce25cb,,2.3950,,,,,,,,1.00000000,2.39990000,2.26010000,-5.825242718446601941747572820,
6d6334cd-d9ad-4193-b983-2ffcbb723747,exact_price_time_account,39f692d5-5543-4471-8118-a6a424d5a32f,bc5a2234-3846-49a8-adc6-aa292351156b,cbe59887-840d-49f6-94fc-b65520902f28,1634a6ec-02cc-427b-863e-59b76e981a61,live:schwab_1m_v2,TNON,2026-09-10 11:48:06+00,2026-09-10T11:48:02.462000+00:00,104863,exact_trigger_identity_near,LIVE,,live_short_and_trail_after_warmup,pre_993,first,False,2026-09-10,07,1789039801135,,31489e8e-ded6-51f3-ab95-a1f8286c6793,,3.5454,2026-09-10T11:26:00+00:00,2026-09-10T11:27:01.221000+00:00,2026-09-10T11:28:00+00:00,2026-09-10T11:47:00+00:00,2026-09-10T11:01:02.585000+00:00,2026-09-10T11:01:02.606000+00:00,2026-09-10T08:06:24.155000+00:00,2.00000000,3.55820000,3.69500000,3.844640548591984711370917900,
3ba70724-34ef-4453-b30b-7485c1d66b8d,exact_price_time_account,e02c211e-260f-4309-b2c1-8255743c8980,7e22e320-bf63-435f-9c4f-f1e42f3d0cea,cc3d388d-c641-4643-93ff-75fe442a8397,b890d8e4-dff1-4bed-be3c-8e211b8ce02c,live:orb,TNON,2026-09-10 11:48:09.361+00,2026-09-10T11:48:02.462000+00:00,104863,exact_trigger_identity_near,LIVE,,live_short_and_trail_after_warmup,pre_993,first,False,2026-09-10,07,1789039801135,,31489e8e-ded6-51f3-ab95-a1f8286c6793,,3.5454,2026-09-10T11:26:00+00:00,2026-09-10T11:27:01.221000+00:00,2026-09-10T11:28:00+00:00,2026-09-10T11:47:00+00:00,2026-09-10T11:01:02.585000+00:00,2026-09-10T11:01:02.606000+00:00,2026-09-10T08:06:24.155000+00:00,1.00000000,3.56000000,3.67120000,3.123595505617977528089887600,
e76dfb2f-a5b9-4855-820f-705b63a6d411,exact_price_time_account,22a5f77e-e6ef-4ce3-8aaf-b35b26a24ba4,b460b3b1-34bf-44b1-b5c6-720278e184a7,d6a77ace-72a7-4c01-81e0-7e71b4392490,fb2834d0-a093-4942-98c9-19f4ea634e3b,live:orb,DBGI,2026-09-10 15:42:15.317+00,2026-09-10T15:41:02.365000+00:00,111710,exact_trigger_identity_near,LIVE,,live_short_and_trail_after_warmup,pre_993,first,False,2026-09-10,11,1789054202479,1789054202479,15dd6a01-fbab-5fab-baba-306321ed0728,15dd6a01-fbab-5fab-baba-306321ed0728,6.0097,2026-09-10T15:26:00+00:00,2026-09-10T15:27:02.530000+00:00,2026-09-10T15:28:00+00:00,2026-09-10T15:40:00+00:00,2026-09-10T14:37:45.648000+00:00,2026-09-10T14:37:44.023000+00:00,2026-09-10T14:37:44.024000+00:00,1.00000000,6.01000000,5.52000000,-8.153078202995008319467554080,
29d0d19e-9a90-4e9b-93da-17cc6ab16559,exact_price_time_account,064fffb1-ef4b-4cf5-85e3-496c1e4fa9a7,8874f3ed-3c0e-41ea-a920-6fc48bc99401,84f86ffa-acbc-4e16-be2b-73ff0d493eee,2241c3d8-8584-4a5b-985e-fd8fb865fd2c,live:orb,DBGI,2026-09-10 16:11:41.99+00,2026-09-10T16:11:02.007000+00:00,112775,exact_trigger_identity_near,LIVE,,live_short_and_trail_after_warmup,pre_993,first,False,2026-09-10,12,1789055642979,1789055642979,ba688d2a-eab1-58b7-8c44-1aa0b820df04,ba688d2a-eab1-58b7-8c44-1aa0b820df04,5.4736,2026-09-10T15:26:00+00:00,2026-09-10T15:27:02.530000+00:00,2026-09-10T15:28:00+00:00,2026-09-10T16:10:00+00:00,2026-09-10T14:37:45.648000+00:00,2026-09-10T14:37:44.023000+00:00,2026-09-10T14:37:44.024000+00:00,1.00000000,5.48000000,5.75000000,4.927007299270072992700729900,
75f86617-338b-4d26-a228-261e7489e323,exact_price_time_account,886fce75-cec2-42cd-83e3-2c910a9d2265,29d12146-9d1f-4092-b264-2a0a56d94ec1,a713e269-71fe-4d7b-b190-db24e140a9a6,12158c1f-ed54-4994-ba1f-5af2b3fc082b,live:schwab_1m_v2,FTFT,2026-09-11 16:02:19+00,2026-09-11T15:59:02.986000+00:00,153793,exact_trigger_identity_near,LIVE,,live_short_and_trail_after_warmup,pre_993,first,False,2026-09-11,12,1789141202801,1789141202801,4851bac9-88e3-5fa5-84b3-75807d3e6a51,4851bac9-88e3-5fa5-84b3-75807d3e6a51,2.7793,2026-09-11T15:36:00+00:00,2026-09-11T15:37:01.939000+00:00,2026-09-11T15:38:00+00:00,2026-09-11T15:58:00+00:00,2026-09-11T14:48:49.760000+00:00,2026-09-11T14:48:49.768000+00:00,2026-09-11T15:09:59.325000+00:00,2.00000000,2.78000000,2.92000000,5.035971223021582733812949600,
151aceef-018a-42d9-83dd-dffbbd8a98f5,exact_price_time_account,7b6a8cfd-b5b9-4fef-ac04-d014afeb9708,11245008-c650-4a5d-ae95-f4ebd846b9fc,64544835-2722-451a-bb5b-c6dc28956e54,ea822fcc-dfa5-4f2d-8acb-756ec31612c4,live:orb,FTFT,2026-09-11 16:02:19.808+00,2026-09-11T15:59:02.986000+00:00,153793,exact_trigger_identity_near,LIVE,,live_short_and_trail_after_warmup,pre_993,first,False,2026-09-11,12,1789141202801,1789141202801,4851bac9-88e3-5fa5-84b3-75807d3e6a51,4851bac9-88e3-5fa5-84b3-75807d3e6a51,2.7793,2026-09-11T15:36:00+00:00,2026-09-11T15:37:01.939000+00:00,2026-09-11T15:38:00+00:00,2026-09-11T15:58:00+00:00,2026-09-11T14:48:49.760000+00:00,2026-09-11T14:48:49.768000+00:00,2026-09-11T15:09:59.325000+00:00,1.00000000,2.77500000,2.91000000,4.864864864864864864864864900,
e767d3ba-0808-4e50-96ef-65d9322f3cb1,exact_price_time_account,f9f7fbd8-994f-479c-b30f-c3067314bc80,63f53867-cfb1-46bf-9964-90d5f617f637,ff4c47ba-309e-4e14-8460-9ad92010f66e,f8f59e78-77e6-47f6-92a6-074f3444a367,live:schwab_1m_v2,FTFT,2026-09-11 18:08:14+00,2026-09-11T18:06:02.925000+00:00,159850,exact_trigger_identity_near,LIVE,,live_short_and_trail_after_warmup,pre_993,first,False,2026-09-11,14,1789144922755,1789144922755,8e0fa671-8c87-5de6-8df2-ae82ea4ae934,8e0fa671-8c87-5de6-8df2-ae82ea4ae934,2.9173,2026-09-11T16:38:00+00:00,2026-09-11T16:39:02.183000+00:00,2026-09-11T16:40:00+00:00,2026-09-11T18:05:00+00:00,2026-09-11T14:48:49.760000+00:00,2026-09-11T14:48:49.768000+00:00,2026-09-11T17:32:33.228000+00:00,2.00000000,2.92000000,2.81000000,-3.767123287671232876712328770,
3e04807e-fc2e-46a0-9c2c-d8994a1f3470,exact_price_time_account,6dad82b4-20e2-4049-8d12-8db47f88610e,b2c62af1-027c-47bf-97c5-91711be2632e,8e8565f6-6e81-422a-ad4b-97a25757b858,c2d32a04-dacb-4848-ab53-0f7f871e1a81,live:orb,FTFT,2026-09-11 18:08:14.762+00,2026-09-11T18:06:02.925000+00:00,159850,exact_trigger_identity_near,LIVE,,live_short_and_trail_after_warmup,pre_993,first,False,2026-09-11,14,1789144922755,1789144922755,8e0fa671-8c87-5de6-8df2-ae82ea4ae934,8e0fa671-8c87-5de6-8df2-ae82ea4ae934,2.9173,2026-09-11T16:38:00+00:00,2026-09-11T16:39:02.183000+00:00,2026-09-11T16:40:00+00:00,2026-09-11T18:05:00+00:00,2026-09-11T14:48:49.760000+00:00,2026-09-11T14:48:49.768000+00:00,2026-09-11T17:32:33.228000+00:00,1.00000000,2.92000000,2.81500000,-3.595890410958904109589041100,
c02cd56c-682a-43a3-80b4-5a76d09ee4d1,exact_price_time_account,94beda21-a4bd-4cc8-b2a9-2a19b5181b3d,4cc89742-c5f4-470e-ac3e-9ba4551685a2,fe77e0d7-6323-47ec-917d-d1479896d8c2,5480dde1-016d-46cc-977a-addaf685c42c,live:schwab_1m_v2,FTFT,2026-09-11 19:11:12+00,2026-09-11T19:11:03.088000+00:00,162954,exact_trigger_identity_near,LIVE,,live_short_and_trail_after_warmup,pre_993,first,False,2026-09-11,15,1789153143019,1789153143019,6da3a185-4be2-5b78-9e72-7cbe341f8fa9,6da3a185-4be2-5b78-9e72-7cbe341f8fa9,2.9627,2026-09-11T18:55:00+00:00,2026-09-11T18:56:02.189000+00:00,2026-09-11T18:57:00+00:00,2026-09-11T19:10:00+00:00,2026-09-11T14:48:49.760000+00:00,2026-09-11T14:48:49.768000+00:00,2026-09-11T18:41:41.331000+00:00,2.00000000,2.96000000,2.90160000,-1.972972972972972972972972970,
2cf65b9f-12e9-4e78-8769-4e124fed7a23,exact_price_time_account,fd9944c1-368b-4d7a-914c-a760cebc1211,ea504986-df22-4604-951b-869817359de4,4e804cb4-fd24-4e48-b8b9-9197160b978f,802fd19b-760b-4ff9-bd2d-e80ad2a1b8b8,live:orb,BMGL,2026-09-14 14:54:41.063+00,2026-09-14T14:49:01.922000+00:00,264889,exact_trigger_identity_near,LIVE,,live_short_and_trail_after_warmup,pre_993,first,False,2026-09-14,10,1789394882956,1789394882956,d5bae362-c3a0-575f-8d5e-8d22df67dfd3,d5bae362-c3a0-575f-8d5e-8d22df67dfd3,7.8451,2026-09-14T14:04:00+00:00,2026-09-14T14:05:02.782000+00:00,2026-09-14T14:06:00+00:00,2026-09-14T14:48:00+00:00,2026-09-14T12:20:34.388000+00:00,2026-09-14T12:20:34.397000+00:00,2026-09-14T13:35:49.123000+00:00,1.00000000,7.86000000,7.64500000,-2.735368956743002544529262090,
c4062003-303b-4fc6-8322-8739ed4b831e,exact_price_time_account,94334db6-193b-4e14-8ef0-65c58da70bea,85a08f2e-1796-4a25-923d-805a0dafd5fe,87e5de23-abc5-49b5-ac32-5ce6dffe19da,34594b18-e0ec-40d7-bfa1-2c3af40ea9ee,live:schwab_1m_v2,FTFT,2026-09-14 16:22:23+00,2026-09-14T16:17:02.197000+00:00,267274,exact_trigger_identity_near,LIVE,,live_short_and_trail_after_warmup,pre_993,first,False,2026-09-14,12,1789402442882,1789402442882,62463789-45ad-5115-a3d9-405b3a0d8c00,62463789-45ad-5115-a3d9-405b3a0d8c00,5.0280,2026-09-14T16:10:00+00:00,2026-09-14T16:11:02.961000+00:00,2026-09-14T16:12:00+00:00,2026-09-14T16:16:00+00:00,2026-09-14T13:35:50.318000+00:00,2026-09-14T13:35:50.336000+00:00,2026-09-14T16:14:02.398000+00:00,2.00000000,5.04000000,5.28000000,4.761904761904761904761904800,
9f986239-ca55-4aec-b879-4aa3ab2b8c85,exact_price_time_account,cb82a097-83e3-4dda-82d9-22c9e2cfd36f,67e27c79-3067-4297-b8a4-adeaef2a304c,3375a895-a10d-4022-853b-d8e9be4d2579,ae62acb0-df29-4e86-a253-25e495c09793,live:orb,FTFT,2026-09-14 16:22:23.332+00,2026-09-14T16:17:02.197000+00:00,267274,exact_trigger_identity_near,LIVE,,live_short_and_trail_after_warmup,pre_993,first,False,2026-09-14,12,1789402442882,1789402442882,62463789-45ad-5115-a3d9-405b3a0d8c00,62463789-45ad-5115-a3d9-405b3a0d8c00,5.0280,2026-09-14T16:10:00+00:00,2026-09-14T16:11:02.961000+00:00,2026-09-14T16:12:00+00:00,2026-09-14T16:16:00+00:00,2026-09-14T13:35:50.318000+00:00,2026-09-14T13:35:50.336000+00:00,2026-09-14T16:14:02.398000+00:00,1.00000000,5.04000000,5.29000000,4.960317460317460317460317500,
df7a43c5-0f73-4fd3-878f-55a00cbd4130,exact_price_time_account,d2e2bd6c-18b4-4946-b887-be9eff4a24ef,e4907a25-2295-4044-8f85-984dbfe82b43,196a756b-d6ea-4340-bf89-54aaa8e2967e,4931ef2f-4c71-4398-b541-1dd407cec23a,live:orb,BMGL,2026-09-14 17:39:58.983+00,2026-09-14T17:38:03.125000+00:00,270950,exact_trigger_identity_near,LIVE,,live_short_and_trail_after_warmup,pre_993,first,False,2026-09-14,13,1789405862461,1789405862461,5aebcf90-c2b8-50e7-af03-474803884381,5aebcf90-c2b8-50e7-af03-474803884381,7.2339,2026-09-14T17:07:00+00:00,2026-09-14T17:08:02.994000+00:00,2026-09-14T17:09:00+00:00,2026-09-14T17:37:00+00:00,2026-09-14T12:20:34.388000+00:00,2026-09-14T12:20:34.397000+00:00,2026-09-14T16:18:38.336000+00:00,1.00000000,7.22000000,7.58000000,4.986149584487534626038781200,
d033cef6-61a1-4090-bbc2-4f880c6d4fe4,exact_price_time_account,76976d74-843c-4b5f-9c2f-91bae7e3f79a,b67aa647-75d1-4f68-af9a-9d5478075a2f,b64f0fcd-555c-4459-8602-8605e221472b,ab99e1c3-2fa0-4328-a7c4-f8f426a1efce,live:schwab_1m_v2,FTFT,2026-09-14 18:42:41+00,2026-09-14T18:39:01.053000+00:00,273653,exact_trigger_identity_near,LIVE,,live_short_and_trail_after_warmup,pre_993,first,False,2026-09-14,14,1789410362403,1789410362403,137e1f81-6fd0-531f-aa8b-7a238e343bca,137e1f81-6fd0-531f-aa8b-7a238e343bca,5.7869,2026-09-14T18:22:00+00:00,2026-09-14T18:23:03.035000+00:00,2026-09-14T18:24:00+00:00,2026-09-14T18:38:00+00:00,2026-09-14T13:35:50.318000+00:00,2026-09-14T13:35:50.336000+00:00,2026-09-14T16:18:38.336000+00:00,2.00000000,5.77500000,6.08000000,5.281385281385281385281385300,
fcd07769-855b-49a4-9098-f952b4d75217,exact_price_time_account,077e030a-0f52-460d-b51a-6f97f71b6d65,4bb40607-dcae-43db-8ff9-6c3acbcda19d,7b2db476-80b9-45ab-8b6a-00e577d78bf6,c6c87526-e485-4adc-a167-befcb7be7bc7,live:orb,FTFT,2026-09-14 18:42:41.77+00,2026-09-14T18:39:01.053000+00:00,273653,exact_trigger_identity_near,LIVE,,live_short_and_trail_after_warmup,pre_993,first,False,2026-09-14,14,1789410362403,1789410362403,137e1f81-6fd0-531f-aa8b-7a238e343bca,137e1f81-6fd0-531f-aa8b-7a238e343bca,5.7869,2026-09-14T18:22:00+00:00,2026-09-14T18:23:03.035000+00:00,2026-09-14T18:24:00+00:00,2026-09-14T18:38:00+00:00,2026-09-14T13:35:50.318000+00:00,2026-09-14T13:35:50.336000+00:00,2026-09-14T16:18:38.336000+00:00,1.00000000,5.79000000,6.08000000,5.008635578583765112262521600,
4dad8f7a-c29b-4a88-9cf5-59da696be605,exact_price_time_account,5b9385e8-dbed-445a-985e-50fb1d975eef,e110992a-a6b5-4dfa-9b19-fc78aa6c6fb9,6db477f1-bd24-4fa5-ac12-80bffa2b922f,e243ca3a-9565-48b4-a457-8ecf16153882,live:orb,BMGL,2026-09-14 19:01:43.186+00,2026-09-14T19:00:02.683000+00:00,274511,exact_trigger_identity_near,LIVE,,live_short_and_trail_after_warmup,pre_993,first,False,2026-09-14,15,1789412402646,1789412402646,2ac06f3f-9ca8-5c06-9f30-9b1d003db7d7,2ac06f3f-9ca8-5c06-9f30-9b1d003db7d7,7.6424,2026-09-14T18:53:00+00:00,2026-09-14T18:54:03.063000+00:00,2026-09-14T18:55:00+00:00,2026-09-14T18:59:00+00:00,2026-09-14T12:20:34.388000+00:00,2026-09-14T12:20:34.397000+00:00,2026-09-14T16:18:38.336000+00:00,1.00000000,7.65000000,7.13500000,-6.732026143790849673202614380,
3e37c58d-7b52-45a8-bb6a-225a4c388988,exact_price_time_account,27153225-9e69-41f3-b4c4-d4574013965d,83a801b8-832b-4661-9c2f-893e84416192,b58c42c4-53f6-4fe8-83fb-bdefa4b90147,,live:orb,BMGL,2026-09-14 19:59:03.983+00,2026-09-14T19:56:02.449000+00:00,277219,exact_trigger_identity_near,LIVE,,live_short_and_trail_after_warmup,pre_993,first,False,2026-09-14,15,1789415762432,1789415762432,2e5fbf71-7793-57d2-9476-8ed9a8a3df22,2e5fbf71-7793-57d2-9476-8ed9a8a3df22,7.3299,2026-09-14T19:44:00+00:00,2026-09-14T19:45:04.039000+00:00,2026-09-14T19:46:00+00:00,2026-09-14T19:55:00+00:00,2026-09-14T12:20:34.388000+00:00,2026-09-14T12:20:34.397000+00:00,2026-09-14T19:55:36.324000+00:00,1.00000000,7.33990000,,,exit_fill_missing_or_ambiguous
1f8e14a2-f1c6-400f-8a75-b3fd1c67b14e,exact_price_time_account,5fe57451-fdfa-4112-95c7-ccbb551348b5,ba67df62-3849-4b49-bed9-0ac4e5fd7fa0,d2be2706-9f6c-4624-bd87-bd7077ed52c2,d3174e16-e11a-41c4-81fa-47b7a7e48f30,live:orb,MYSZ,2026-09-15 12:53:11.388+00,2026-09-15T12:47:02.245000+00:00,302373,exact_trigger_identity_delayed,LIVE,,live_short_and_trail_after_warmup,pre_993,first,False,2026-09-15,08,1789474622115,,6ef0052a-a6c4-52d6-8493-1ad7affc6d3f,,2.4399,2026-09-15T12:12:00+00:00,2026-09-15T12:13:02.401000+00:00,2026-09-15T12:14:00+00:00,2026-09-15T12:46:00+00:00,2026-09-15T11:01:02.386000+00:00,2026-09-15T11:01:02.402000+00:00,2026-09-15T12:17:11.990000+00:00,1.00000000,2.44000000,2.43230000,-0.3155737704918032786885245900,
c2a5f678-5db2-4558-b2d1-45de26bedaca,exact_price_time_account,77b6e317-dfa3-44f0-8116-7196cbddcb73,3dc083e5-d185-4b70-9851-913655987a7d,1ff6e1e9-271f-49ca-808e-c2a8326f32fd,50cc12ed-35ff-4ff7-a8b0-3c8eb06cf959,live:orb,MYSZ,2026-09-15 13:35:13.906+00,,,placement_matches_0,UNKNOWN,UNKNOWN,placement_matches_0,pre_993,first,False,2026-09-15,09,1789478881751,,7b79275b-8246-5e4b-8c86-eb76c63e7ee6,,2.4689,,,,,,,,1.00000000,2.46500000,2.27000000,-7.910750507099391480730223120,
ba66e2a5-fc71-488d-ad9d-b011c5b56287,exact_price_time_account,357422c8-7760-44e3-9005-cc5ab9b686bf,debd1016-05f3-4cbe-a572-b0dd6a946294,fff0b6c2-9289-49c8-83b7-f98b50613285,1374e05a-e938-4b5c-a7c2-2945c0dc2ff2,live:orb,SUGP,2026-09-15 13:35:53.616+00,2026-09-15T13:34:02.946000+00:00,303710,exact_trigger_identity_near,LIVE,,live_short_and_trail_after_warmup,pre_993,first,False,2026-09-15,09,1789479242937,1789479242937,0a9bb4d4-eb2a-5b55-a454-058b55726496,0a9bb4d4-eb2a-5b55-a454-058b55726496,1.1466,2026-09-15T13:30:00+00:00,2026-09-15T13:31:02.581000+00:00,2026-09-15T13:32:00+00:00,2026-09-15T13:33:00+00:00,2026-09-15T12:17:13.202000+00:00,2026-09-15T12:17:13.208000+00:00,2026-09-15T12:17:11.990000+00:00,1.00000000,1.15000000,1.09500000,-4.782608695652173913043478260,
6325879a-2fc5-4a02-a418-f38713825b97,exact_price_time_account,63215560-14a3-46fc-b595-602f3b392008,f36e5f90-4871-4958-8da3-e2d8d803c75a,701ac5c8-4373-4303-8ee4-068a02b8c783,0421c254-7489-43ad-b0fc-711de2f6788b,live:orb,SUGP,2026-09-15 13:43:10.823+00,2026-09-15T13:38:01.407000+00:00,303982,exact_trigger_identity_near,LIVE,,live_short_and_trail_after_warmup,pre_993,first,False,2026-09-15,09,1789479481402,1789479481402,f9e6dfb4-723c-57bf-a311-f3c9e0d01a35,f9e6dfb4-723c-57bf-a311-f3c9e0d01a35,1.1466,2026-09-15T13:30:00+00:00,2026-09-15T13:31:02.581000+00:00,2026-09-15T13:32:00+00:00,2026-09-15T13:37:00+00:00,2026-09-15T12:17:13.202000+00:00,2026-09-15T12:17:13.208000+00:00,2026-09-15T12:17:11.990000+00:00,1.00000000,1.15000000,1.21000000,5.217391304347826086956521700,
2ce38e7c-1b99-4480-9434-f5ff8c19470a,exact_price_time_account,056e7eb6-bec7-4572-bc9e-e70941d506f5,211f47cf-c752-4ff1-80ec-07996f4e339b,b72fa463-9f11-4fc7-8643-1415d43f51b8,8f49690b-c83b-4e51-b4fe-c508f6d43480,live:orb,MYSZ,2026-09-15 15:19:52.214+00,2026-09-15T15:18:02.965000+00:00,308645,exact_trigger_identity_near,REBUILT,same_session_readd,short_or_trail_before_confirm,pre_993,first,False,2026-09-15,11,1789485482949,1789485482949,7542177d-b656-5b6b-bf90-6c4b6c2437bf,7542177d-b656-5b6b-bf90-6c4b6c2437bf,2.3029,2026-09-15T13:59:00+00:00,2026-09-15T14:00:01.115000+00:00,2026-09-15T14:01:00+00:00,2026-09-15T15:17:00+00:00,2026-09-15T15:17:59.853000+00:00,2026-09-15T15:17:59.860000+00:00,2026-09-15T15:17:58.749000+00:00,1.00000000,2.30000000,2.41500000,5.00,
65e1e471-50a4-4626-af4e-fa31752057b0,exact_price_time_account,6088ce6a-b091-4af4-96f9-8e778205eaca,d880e898-ed71-4065-bbf8-ac65d0e5b39b,6362ee52-a223-4998-911f-63d4d3923d54,b84a3707-76ce-42e2-8cc5-e2e13fe23965,live:schwab_1m_v2,VEEA,2026-09-15 15:47:04+00,2026-09-15T15:44:02.592000+00:00,311300,exact_trigger_identity_near,UNKNOWN,UNKNOWN,warmup_after_short_or_unverified,pre_993,first,False,2026-09-15,11,1789483981920,1789483981920,cf44421d-7fb5-5732-b2f3-5465866a871a,cf44421d-7fb5-5732-b2f3-5465866a871a,5.8190,2026-09-15T14:49:00+00:00,2026-09-15T14:50:02.564000+00:00,2026-09-15T14:51:00+00:00,2026-09-15T15:43:00+00:00,2026-09-15T11:13:16.431000+00:00,2026-09-15T11:13:16.441000+00:00,2026-09-15T15:35:45.565000+00:00,2.00000000,5.82000000,6.11000000,4.982817869415807560137457000,
90d0d0ad-0c8d-45c9-8a85-6876d0231f89,exact_price_time_account,502c0a4c-8432-440f-88eb-28026da02ed5,72a89e36-0d16-42bb-87df-cdbb0f2d6d64,51d5bde4-26fc-4da2-9821-04e42fd2efaa,c05912ba-f27c-46df-a1de-a9a0e0f67521,live:orb,VEEA,2026-09-15 15:47:04.431+00,2026-09-15T15:44:02.592000+00:00,311300,exact_trigger_identity_near,UNKNOWN,UNKNOWN,warmup_after_short_or_unverified,pre_993,first,False,2026-09-15,11,1789483981920,1789483981920,cf44421d-7fb5-5732-b2f3-5465866a871a,cf44421d-7fb5-5732-b2f3-5465866a871a,5.8190,2026-09-15T14:49:00+00:00,2026-09-15T14:50:02.564000+00:00,2026-09-15T14:51:00+00:00,2026-09-15T15:43:00+00:00,2026-09-15T11:13:16.431000+00:00,2026-09-15T11:13:16.441000+00:00,2026-09-15T15:35:45.565000+00:00,1.00000000,5.83000000,6.12000000,4.974271012006861063464837000,
89aa07a1-c9b7-4ab7-8bd2-f30e5e5ce776,exact_price_time_account,fbba06c5-78a8-4188-b33e-1ab1ded560da,6ef59a77-fad4-4ce8-9328-8d69a16dc884,390e674b-4107-4e30-a369-520fd9aa6266,cae5af6d-c0a5-4137-8b81-47623c64a18c,live:orb,MYSZ,2026-09-15 16:08:38.484+00,2026-09-15T16:03:02.617000+00:00,312195,exact_trigger_identity_near,LIVE,,live_short_and_trail_after_warmup,pre_993,first,False,2026-09-15,12,1789487642980,1789487642980,5e49300f-1fa3-5ba0-9bb6-d28d35318407,5e49300f-1fa3-5ba0-9bb6-d28d35318407,2.3998,2026-09-15T15:50:00+00:00,2026-09-15T15:51:02.974000+00:00,2026-09-15T15:52:00+00:00,2026-09-15T16:02:00+00:00,2026-09-15T15:17:59.853000+00:00,2026-09-15T15:17:59.860000+00:00,2026-09-15T15:51:26.362000+00:00,1.00000000,2.40000000,2.18100000,-9.12500,
ef638863-2924-4143-8a7c-3261f5125bf3,exact_price_time_account,f5aa94a3-5286-4aff-8788-dbf94f39ac97,337d8226-4c2e-4c2b-a87c-3169fa955c31,2c5fa334-47e9-498e-aef1-b5addc3b761d,3c48cdbb-6fa6-4f1a-9683-ce66c5b54fbb,live:orb,MYSZ,2026-09-15 16:44:59.875+00,2026-09-15T16:44:02.932000+00:00,314100,exact_trigger_identity_near,LIVE,,live_short_and_trail_after_warmup,pre_993,first,False,2026-09-15,12,1789490102815,1789490102815,88e41c55-b978-5de2-a964-3d75004eeab1,88e41c55-b978-5de2-a964-3d75004eeab1,2.3326,2026-09-15T16:31:00+00:00,2026-09-15T16:32:00.742000+00:00,2026-09-15T16:33:00+00:00,2026-09-15T16:43:00+00:00,2026-09-15T15:17:59.853000+00:00,2026-09-15T15:17:59.860000+00:00,2026-09-15T16:25:26.026000+00:00,1.00000000,2.33000000,2.28000000,-2.145922746781115879828326180,
456df909-5ae0-444f-bde9-a450d3891957,exact_price_time_account,4c070871-7e43-41d0-843e-f478faac0955,07852aa8-92d7-4fda-b842-3afb39b6b567,02abd506-729a-4f89-879b-d4178cf0250d,55a15c82-2cb3-4afb-a85f-06f95eb0b0c9,live:orb,MYSZ,2026-09-15 16:51:54.739+00,2026-09-15T16:51:00.325000+00:00,314379,exact_trigger_identity_near,LIVE,,live_short_and_trail_after_warmup,pre_993,first,False,2026-09-15,12,1789491060318,1789491060318,ec5ebefc-5be6-55f2-95eb-7f0841fde85c,ec5ebefc-5be6-55f2-95eb-7f0841fde85c,2.3326,2026-09-15T16:31:00+00:00,2026-09-15T16:32:00.742000+00:00,2026-09-15T16:33:00+00:00,2026-09-15T16:50:00+00:00,2026-09-15T15:17:59.853000+00:00,2026-09-15T15:17:59.860000+00:00,2026-09-15T16:25:26.026000+00:00,1.00000000,2.34000000,2.18000000,-6.837606837606837606837606840,
fcd958e0-3a7f-4eac-a520-f7aad57f6b32,exact_price_time_account,f9917c72-4dcf-4e2c-97c9-52a037e0de92,2172ce19-dd84-4e44-ac73-28d6dd3a8aff,49f85588-c99a-4734-a214-85ff89524d27,bb4b8ba3-dfb0-4e9a-a922-daad696f5139,live:schwab_1m_v2,IPW,2026-09-15 17:21:54+00,2026-09-15T17:19:02.693000+00:00,315711,exact_trigger_identity_near,LIVE,,live_short_and_trail_after_warmup,pre_993,first,False,2026-09-15,13,1789492382211,1789492382211,ced8df29-fa91-5ea6-ab65-21513d3f1b21,ced8df29-fa91-5ea6-ab65-21513d3f1b21,3.1528,2026-09-15T17:09:00+00:00,2026-09-15T17:10:03.152000+00:00,2026-09-15T17:11:00+00:00,2026-09-15T17:18:00+00:00,2026-09-15T16:25:27.008000+00:00,2026-09-15T16:25:27.018000+00:00,2026-09-15T17:01:39.487000+00:00,2.00000000,3.15000000,2.90000000,-7.936507936507936507936507940,
8b28581c-f6d2-48fe-9c16-e7a1c61a06b9,exact_price_time_account,34445a5a-5c63-44f9-93b3-2260566bcb53,14e8f946-2cca-4593-8baa-0cdcfc78839d,e8ca2626-41ae-45a9-914a-66e81f51df44,0ce053ee-31f3-4033-8f23-ad33ca03c4b9,live:orb,IPW,2026-09-15 17:21:54.31+00,2026-09-15T17:19:02.693000+00:00,315711,exact_trigger_identity_near,LIVE,,live_short_and_trail_after_warmup,pre_993,first,False,2026-09-15,13,1789492382211,1789492382211,ced8df29-fa91-5ea6-ab65-21513d3f1b21,ced8df29-fa91-5ea6-ab65-21513d3f1b21,3.1528,2026-09-15T17:09:00+00:00,2026-09-15T17:10:03.152000+00:00,2026-09-15T17:11:00+00:00,2026-09-15T17:18:00+00:00,2026-09-15T16:25:27.008000+00:00,2026-09-15T16:25:27.018000+00:00,2026-09-15T17:01:39.487000+00:00,1.00000000,3.16000000,2.91000000,-7.911392405063291139240506330,
63df1e0f-12ac-43d2-8efb-ac31a7795201,exact_price_time_account,95e10d6b-eb84-404e-99d5-51557e3cf881,c82f195a-9a5f-421b-b095-8acde21927fb,0699ad66-0763-4bf7-9f86-cac04442d104,665372f4-995a-450c-96ad-dc7c773a9530,live:schwab_1m_v2,VEEA,2026-09-15 17:35:54+00,2026-09-15T17:31:02.753000+00:00,316316,exact_trigger_identity_near,UNKNOWN,UNKNOWN,warmup_after_short_or_unverified,pre_993,first,False,2026-09-15,13,1789492442905,1789492442905,25be6cab-324e-5aab-8597-ca23cad2a7ba,25be6cab-324e-5aab-8597-ca23cad2a7ba,6.1168,2026-09-15T17:10:00+00:00,2026-09-15T17:11:02.827000+00:00,2026-09-15T17:12:00+00:00,2026-09-15T17:30:00+00:00,2026-09-15T11:13:16.431000+00:00,2026-09-15T11:13:16.441000+00:00,2026-09-15T17:21:50.799000+00:00,2.00000000,6.13000000,5.63080000,-8.143556280587275693311582380,
bfbe3e47-9cfe-47b1-88e2-08a8e432e2c1,exact_price_time_account,f07a7a94-0c81-47a8-952f-9472fba12598,ba2ca52e-2f01-4436-928d-e5e90a83fcb8,94244c55-d19c-482b-af72-f764296c1263,51dff134-e3e6-41cf-ab54-34be2a18c764,live:orb,VEEA,2026-09-15 17:35:54.95+00,2026-09-15T17:31:02.753000+00:00,316316,exact_trigger_identity_near,UNKNOWN,UNKNOWN,warmup_after_short_or_unverified,pre_993,first,False,2026-09-15,13,1789492442905,1789492442905,25be6cab-324e-5aab-8597-ca23cad2a7ba,25be6cab-324e-5aab-8597-ca23cad2a7ba,6.1168,2026-09-15T17:10:00+00:00,2026-09-15T17:11:02.827000+00:00,2026-09-15T17:12:00+00:00,2026-09-15T17:30:00+00:00,2026-09-15T11:13:16.431000+00:00,2026-09-15T11:13:16.441000+00:00,2026-09-15T17:21:50.799000+00:00,1.00000000,6.13000000,5.63000000,-8.156606851549755301794453510,
534d81be-f388-46b7-a685-9d0fa3fc6413,exact_price_time_account,99b511d1-2230-4c7a-916b-894337c413f7,11b90594-2448-4748-b3f0-21c715b43b67,5ec2840c-09c4-4513-80ba-e41b303ab8b3,983bb1df-20e8-4eec-b1ec-72ac5a77d633,live:schwab_1m_v2,IPW,2026-09-15 18:01:06+00,2026-09-15T17:56:02.990000+00:00,317444,exact_trigger_identity_near,LIVE,,live_short_and_trail_after_warmup,pre_993,first,False,2026-09-15,14,1789494602698,1789494602698,93a315bf-b224-53d6-a983-be53aade0efe,93a315bf-b224-53d6-a983-be53aade0efe,2.8682,2026-09-15T17:46:00+00:00,2026-09-15T17:47:02.376000+00:00,2026-09-15T17:48:00+00:00,2026-09-15T17:55:00+00:00,2026-09-15T16:25:27.008000+00:00,2026-09-15T16:25:27.018000+00:00,2026-09-15T17:21:50.799000+00:00,2.00000000,2.87000000,2.81500000,-1.916376306620209059233449480,
04cd2389-16cd-4940-874a-382a24405f1e,exact_price_time_account,61e9f0c0-458f-4ec5-a1ac-bdae1f0307de,160bb6a2-b06f-4666-b8a8-85bdd263226c,f7fe9073-4f46-4314-9fa6-aa79ce1c32c1,aec6c4bb-391e-4972-a567-c378d2edaa41,live:orb,IPW,2026-09-15 18:01:06.556+00,2026-09-15T17:56:02.990000+00:00,317444,exact_trigger_identity_near,LIVE,,live_short_and_trail_after_warmup,pre_993,first,False,2026-09-15,14,1789494602698,1789494602698,93a315bf-b224-53d6-a983-be53aade0efe,93a315bf-b224-53d6-a983-be53aade0efe,2.8682,2026-09-15T17:46:00+00:00,2026-09-15T17:47:02.376000+00:00,2026-09-15T17:48:00+00:00,2026-09-15T17:55:00+00:00,2026-09-15T16:25:27.008000+00:00,2026-09-15T16:25:27.018000+00:00,2026-09-15T17:21:50.799000+00:00,1.00000000,2.88000000,2.82000000,-2.083333333333333333333333330,
02f6e446-8510-42fd-81e3-8e54516c473c,exact_price_time_account,837d4005-3dfc-467e-91c5-275bfd8f4570,55d129e3-f7aa-464a-a36f-b1adc56a906c,37caf9f2-d5ed-4a53-a560-66ad43404041,1b9d24a4-0bd6-4ece-bf24-4be20e06d3ae,live:schwab_1m_v2,VEEA,2026-09-15 18:19:26+00,2026-09-15T18:17:02.525000+00:00,318332,exact_trigger_identity_near,UNKNOWN,UNKNOWN,warmup_after_short_or_unverified,pre_993,first,False,2026-09-15,14,1789495502787,1789495502787,0c4fc6f9-6b97-5c42-b491-129115e8bb4c,0c4fc6f9-6b97-5c42-b491-129115e8bb4c,5.6188,2026-09-15T18:01:00+00:00,2026-09-15T18:02:02.359000+00:00,2026-09-15T18:03:00+00:00,2026-09-15T18:16:00+00:00,2026-09-15T11:13:16.431000+00:00,2026-09-15T11:13:16.441000+00:00,2026-09-15T18:03:16.580000+00:00,2.00000000,5.62000000,5.77010000,2.670818505338078291814946600,
45b6f243-b3f9-4291-ab5a-8ad993780599,exact_price_time_account,684a18a9-6859-4da5-bf56-305c5628e8ff,c9528637-78ef-4990-a1f2-aa5a0892849a,a7081b95-bab8-417a-8635-3c5c9bc21eb5,97dd0ed3-4e90-4de7-a9ef-69a0291829c1,live:orb,VEEA,2026-09-15 18:19:26.274+00,2026-09-15T18:17:02.525000+00:00,318332,exact_trigger_identity_near,UNKNOWN,UNKNOWN,warmup_after_short_or_unverified,pre_993,first,False,2026-09-15,14,1789495502787,1789495502787,0c4fc6f9-6b97-5c42-b491-129115e8bb4c,0c4fc6f9-6b97-5c42-b491-129115e8bb4c,5.6188,2026-09-15T18:01:00+00:00,2026-09-15T18:02:02.359000+00:00,2026-09-15T18:03:00+00:00,2026-09-15T18:16:00+00:00,2026-09-15T11:13:16.431000+00:00,2026-09-15T11:13:16.441000+00:00,2026-09-15T18:03:16.580000+00:00,1.00000000,5.63000000,5.91000000,4.973357015985790408525754900,
19ffba16-3756-4363-b4e9-7f52ae049617,exact_price_time_account,117a02fc-0db4-4778-a099-32c1556a9cab,898a48da-ddb7-4cb8-9777-7e680c86cfe1,33278021-531a-4459-baa2-cdbe3b1298b5,2a6b7ad5-8db4-4cb9-843a-513c6362f2ff,live:schwab_1m_v2,VEEA,2026-09-15 19:12:29+00,2026-09-15T18:56:02.126000+00:00,320084,exact_trigger_identity_near,UNKNOWN,UNKNOWN,warmup_after_short_or_unverified,pre_993,first,False,2026-09-15,15,1789498562109,1789498562109,4b8313db-fa60-56f9-85a2-56ed76b87ee1,4b8313db-fa60-56f9-85a2-56ed76b87ee1,5.9012,2026-09-15T18:52:00+00:00,2026-09-15T18:53:02.908000+00:00,2026-09-15T18:54:00+00:00,2026-09-15T18:55:00+00:00,2026-09-15T11:13:16.431000+00:00,2026-09-15T11:13:16.441000+00:00,2026-09-15T18:51:54.318000+00:00,2.00000000,5.93000000,6.20000000,4.553119730185497470489038800,
3aee6206-561d-4e53-8d96-18a5b4665ef1,exact_price_time_account,0c2c013e-7074-48cf-be72-3057d6e41d7f,d3933679-8fd7-4e40-a510-6d92636be814,095fffc9-dfa5-4cfc-aee6-13168fd09f15,899410bc-6159-48d1-aeaf-9b0834d82433,live:orb,VEEA,2026-09-15 19:12:29.426+00,2026-09-15T18:56:02.126000+00:00,320084,exact_trigger_identity_near,UNKNOWN,UNKNOWN,warmup_after_short_or_unverified,pre_993,first,False,2026-09-15,15,1789498562109,1789498562109,4b8313db-fa60-56f9-85a2-56ed76b87ee1,4b8313db-fa60-56f9-85a2-56ed76b87ee1,5.9012,2026-09-15T18:52:00+00:00,2026-09-15T18:53:02.908000+00:00,2026-09-15T18:54:00+00:00,2026-09-15T18:55:00+00:00,2026-09-15T11:13:16.431000+00:00,2026-09-15T11:13:16.441000+00:00,2026-09-15T18:51:54.318000+00:00,1.00000000,5.89500000,6.19000000,5.004240882103477523324851600,
3a57cda8-f4ce-4dfa-a1e1-2c71f2403d5b,exact_price_time_account,885b473d-904d-43da-91b5-6d295caab1f9,f1398472-d980-4266-93ef-9046eb6f1ff1,0b61cb48-fb54-44d1-a0ee-e0a83815bdd9,74ec79da-8596-4a28-b6f6-c14aa42ad64a,live:schwab_1m_v2,MEDS,2026-09-15 19:39:28+00,2026-09-15T19:34:02.434000+00:00,321835,exact_trigger_identity_near,LIVE,,live_short_and_trail_after_warmup,pre_993,first,False,2026-09-15,15,1789495682924,1789495682924,4335e249-8985-51b3-900f-7fb697579ee3,4335e249-8985-51b3-900f-7fb697579ee3,1.8926,2026-09-15T18:00:00+00:00,2026-09-15T18:01:02.707000+00:00,2026-09-15T18:06:00+00:00,2026-09-15T19:33:00+00:00,2026-09-15T17:01:40.893000+00:00,2026-09-15T17:01:40.908000+00:00,2026-09-15T18:51:54.318000+00:00,2.00000000,1.90000000,1.81500000,-4.473684210526315789473684210,
c0d92271-326c-44d1-bcfd-afcf5bf24c22,exact_price_time_account,4bdcdb09-1bc8-49b9-ac92-8014187990c0,fd90932f-50a5-4ddd-81d3-7f886715d932,270fb8fe-7f0a-43e0-8c45-d523a3827ae2,777801a8-46a7-4b5b-8fae-2a5a44a57348,live:orb,MEDS,2026-09-15 19:39:29.687+00,2026-09-15T19:34:02.434000+00:00,321835,exact_trigger_identity_near,LIVE,,live_short_and_trail_after_warmup,pre_993,first,False,2026-09-15,15,1789495682924,1789495682924,4335e249-8985-51b3-900f-7fb697579ee3,4335e249-8985-51b3-900f-7fb697579ee3,1.8926,2026-09-15T18:00:00+00:00,2026-09-15T18:01:02.707000+00:00,2026-09-15T18:06:00+00:00,2026-09-15T19:33:00+00:00,2026-09-15T17:01:40.893000+00:00,2026-09-15T17:01:40.908000+00:00,2026-09-15T18:51:54.318000+00:00,1.00000000,1.90000000,1.74010000,-8.415789473684210526315789470,
8d091ed5-2642-4c01-b5c1-136f502d52d0,exact_price_time_account,bd0c2a29-b075-4148-9e85-eb8739d6e079,cc9ac0d8-5698-48ed-8601-a02548b5cd0e,097f4034-1479-483c-b938-91e6ef979a5d,2fc91e73-3484-44e1-8383-b1327cfb834b,live:schwab_1m_v2,MEDS,2026-09-16 13:30:12+00,2026-09-16T13:30:03.299000+00:00,350854,exact_trigger_identity_near,LIVE,,live_short_and_trail_after_warmup,pre_993,first,False,2026-09-16,09,1789565403195,1789565403195,d2551f46-de22-5d59-95fd-329181455f4f,d2551f46-de22-5d59-95fd-329181455f4f,4.3087,2026-09-16T13:26:00+00:00,2026-09-16T13:27:02.855000+00:00,2026-09-16T13:28:00+00:00,2026-09-16T13:29:00+00:00,2026-09-16T11:01:02.696000+00:00,2026-09-16T11:01:02.705000+00:00,2026-09-16T11:43:04.572000+00:00,2.00000000,4.31000000,4.52000000,4.872389791183294663573085800,
7d7e7168-5b13-4e70-87a0-6d7c352bffe3,exact_price_time_account,40df7817-eea2-4b96-b885-a7c929d0f87e,abbf9dfd-d9ff-4c4f-8c16-9fdf0c03d6eb,d93fdfce-d22b-4be3-bed1-f3a6e867d008,3820c465-5e31-443c-8ded-9eb72265a34b,live:orb,ZTG,2026-09-16 14:56:41.635+00,2026-09-16T14:54:02.517000+00:00,356195,exact_trigger_identity_near,LIVE,,live_short_and_trail_after_warmup,pre_993,first,False,2026-09-16,10,1789565703182,1789565703182,52c664e4-caf1-547f-8658-1e7c522141d2,52c664e4-caf1-547f-8658-1e7c522141d2,1.7304,2026-09-16T13:31:00+00:00,2026-09-16T13:32:00.711000+00:00,2026-09-16T13:33:00+00:00,2026-09-16T14:53:00+00:00,2026-09-16T11:12:39.288000+00:00,2026-09-16T11:12:39.296000+00:00,2026-09-16T14:53:37.698000+00:00,1.00000000,1.73000000,1.89000000,9.248554913294797687861271700,
5aea2b14-7703-4090-bbde-148993e90cd4,exact_price_time_account,82c9a07e-a6be-4433-bbcd-482dbc75613b,2cd0aeb0-baf1-4d31-8089-31d3e8c3ee1b,71f2b3d2-d320-44dc-b5be-747685549c2a,2053df5f-92d6-416d-a2d0-f2359eaa098e,live:orb,FTFT,2026-09-16 15:18:57.328+00,2026-09-16T15:01:02.210000+00:00,356702,exact_trigger_identity_near,REBUILT,same_session_readd,historical_short_or_trail_bar,pre_993,first,False,2026-09-16,11,1789570262530,1789570262530,82f93f5b-fd8a-5dfa-a3bd-45ead9704211,82f93f5b-fd8a-5dfa-a3bd-45ead9704211,7.8887,2026-09-16T14:15:00+00:00,2026-09-16T14:49:44.974000+00:00,2026-09-16T14:49:00+00:00,2026-09-16T15:00:00+00:00,2026-09-16T14:49:45.943000+00:00,2026-09-16T14:49:45.954000+00:00,2026-09-16T14:53:37.698000+00:00,1.00000000,7.93000000,8.33000000,5.044136191677175283732660800,
a229521f-ca33-4d53-b367-3668bf071fa6,exact_price_time_account,541e6409-7b83-4183-9a05-f018eb153ea3,7fb92978-2c40-42e3-83f7-c34a165b155a,bb3c144d-c5b5-4765-aa9f-f46d12034b9e,f505c51d-6d9b-4b53-beb4-4c1c88560d39,live:schwab_1m_v2,MEDS,2026-09-16 15:44:42+00,2026-09-16T15:31:02.659000+00:00,358830,exact_trigger_identity_near,LIVE,,live_short_and_trail_after_warmup,pre_993,first,False,2026-09-16,11,1789572662650,1789572662650,de857fa7-855b-5c3d-9246-26d2e8c57169,de857fa7-855b-5c3d-9246-26d2e8c57169,10.1883,2026-09-16T15:27:00+00:00,2026-09-16T15:28:02.309000+00:00,2026-09-16T15:29:00+00:00,2026-09-16T15:30:00+00:00,2026-09-16T11:01:02.696000+00:00,2026-09-16T11:01:02.705000+00:00,2026-09-16T15:30:59.198000+00:00,2.00000000,10.19000000,9.91500000,-2.698724239450441609421000980,
09ae7059-f321-4103-a56a-05ce3d246164,exact_price_time_account,f38a8661-5b17-48b2-bf03-79101fad5b3d,77c4f4a1-c385-4187-93ca-ebf73443f122,6f5308cf-7aa9-49d7-87c1-8be46db27f8a,068b1696-2198-495f-879e-8cff9a0fb156,live:schwab_1m_v2,MEDS,2026-09-16 15:47:12+00,2026-09-16T15:47:02.537000+00:00,360892,exact_trigger_identity_near,LIVE,,live_short_and_trail_after_warmup,pre_993,first,False,2026-09-16,11,1789573622529,1789573622529,be02c37f-8b1c-53cf-9a47-2608ce34b82f,be02c37f-8b1c-53cf-9a47-2608ce34b82f,10.1883,2026-09-16T15:27:00+00:00,2026-09-16T15:28:02.309000+00:00,2026-09-16T15:29:00+00:00,2026-09-16T15:46:00+00:00,2026-09-16T11:01:02.696000+00:00,2026-09-16T11:01:02.705000+00:00,2026-09-16T15:38:25.329000+00:00,2.00000000,10.20000000,9.37000000,-8.137254901960784313725490200,
47e0626a-b4a7-480c-ad7c-de833f7174f8,exact_price_time_account,5e4ca0e0-cce2-41b2-b782-c1cbb168d278,c5333fc9-87d0-4e43-90e5-6f9763c0736f,14f179b7-8c0b-446b-8cbe-a73d41fdaebd,1883a154-a8c0-4642-a853-497e8665cc1a,live:schwab_1m_v2,FTFT,2026-09-16 16:00:46+00,2026-09-16T16:00:03.109000+00:00,361676,exact_trigger_identity_near,LIVE,,live_short_and_trail_after_warmup,pre_993,first,False,2026-09-16,12,1789573742671,1789573742671,455d29ae-880b-572e-9599-af03aeae57d9,455d29ae-880b-572e-9599-af03aeae57d9,7.9934,2026-09-16T15:45:00+00:00,2026-09-16T15:46:03.121000+00:00,2026-09-16T15:47:00+00:00,2026-09-16T15:59:00+00:00,2026-09-16T14:49:45.943000+00:00,2026-09-16T14:49:45.954000+00:00,2026-09-16T15:38:25.329000+00:00,2.00000000,7.98990000,7.86000000,-1.625802575751886757030751320,
7beed3f2-098a-4133-bdef-a2fd49a80754,exact_price_time_account,e0c81b11-100d-4ffd-b622-78f4f49c0fa4,ebbd387f-5796-4ee3-b98e-5110477c9b1b,942f987c-2ddd-4d09-8044-bd9d1f317d47,4f35b7c3-4d2a-4154-82dc-9cdaa0a46f12,live:orb,FTFT,2026-09-16 16:00:46.034+00,2026-09-16T16:00:03.109000+00:00,361676,exact_trigger_identity_near,LIVE,,live_short_and_trail_after_warmup,pre_993,first,False,2026-09-16,12,1789573742671,1789573742671,455d29ae-880b-572e-9599-af03aeae57d9,455d29ae-880b-572e-9599-af03aeae57d9,7.9934,2026-09-16T15:45:00+00:00,2026-09-16T15:46:03.121000+00:00,2026-09-16T15:47:00+00:00,2026-09-16T15:59:00+00:00,2026-09-16T14:49:45.943000+00:00,2026-09-16T14:49:45.954000+00:00,2026-09-16T15:38:25.329000+00:00,1.00000000,7.99000000,7.59000000,-5.006257822277847309136420530,
2efd6b45-e48c-4378-9525-df97d95fda4c,exact_price_time_account,5e005dad-5cc8-4546-a188-9871632bcaf5,21aec17f-d0e4-4c31-9eb0-426594b55d71,68f09623-bf53-4884-81a4-52ebe1bf7b76,5795dd5d-520c-4a4e-9cd4-56b803063c01,live:schwab_1m_v2,QCLS,2026-09-16 16:14:36+00,2026-09-16T16:08:02.613000+00:00,362196,exact_trigger_identity_near,LIVE,,live_short_and_trail_after_warmup,pre_993,first,False,2026-09-16,12,1789574882599,1789574882599,37bf453f-b335-5984-8b66-0130366a2eef,37bf453f-b335-5984-8b66-0130366a2eef,1.5032,2026-09-16T15:59:00+00:00,2026-09-16T16:00:02.920000+00:00,2026-09-16T16:01:00+00:00,2026-09-16T16:07:00+00:00,2026-09-16T15:33:54.707000+00:00,2026-09-16T15:33:54.720000+00:00,2026-09-16T16:06:29.758000+00:00,2.00000000,1.50050000,1.63000000,8.630456514495168277240919700,
673c7fac-485d-454f-bda2-bf505f26d79c,exact_price_time_account,0d847d20-e076-41ea-bf42-a2f0accd6bab,3fc1c777-55b2-48e3-83fd-74d90b1589ac,bd63ac4b-accc-4d5d-afcf-2c48ceac76fc,83141912-8583-41ba-aff1-17414b31ba29,live:orb,QCLS,2026-09-16 16:14:36.445+00,2026-09-16T16:08:02.613000+00:00,362196,exact_trigger_identity_near,LIVE,,live_short_and_trail_after_warmup,pre_993,first,False,2026-09-16,12,1789574882599,1789574882599,37bf453f-b335-5984-8b66-0130366a2eef,37bf453f-b335-5984-8b66-0130366a2eef,1.5032,2026-09-16T15:59:00+00:00,2026-09-16T16:00:02.920000+00:00,2026-09-16T16:01:00+00:00,2026-09-16T16:07:00+00:00,2026-09-16T15:33:54.707000+00:00,2026-09-16T15:33:54.720000+00:00,2026-09-16T16:06:29.758000+00:00,1.00000000,1.51000000,1.63500000,8.278145695364238410596026500,
a1de6269-0ac6-4707-a023-2fcd44c5d866,exact_price_time_account,a097c1ff-6e6d-4dce-8bee-bfff3409361d,5c0fe074-4419-4e16-b44c-6919b5f46cba,157ceae1-fdc7-46aa-9a88-7c1672e73e92,ed8d9e34-fae1-49d0-b23b-8465e96c41d4,live:schwab_1m_v2,BENF,2026-09-16 17:48:03+00,2026-09-16T17:43:02.260000+00:00,370113,exact_trigger_identity_near,LIVE,,live_short_and_trail_after_warmup,pre_993,first,False,2026-09-16,13,1789578482329,1789578482329,f10afbdb-f69a-5df5-9d78-2730b4352810,f10afbdb-f69a-5df5-9d78-2730b4352810,0.9401,2026-09-16T17:04:00+00:00,2026-09-16T17:05:00.762000+00:00,2026-09-16T17:06:00+00:00,2026-09-16T17:42:00+00:00,2026-09-16T16:39:38.799000+00:00,2026-09-16T16:39:38.808000+00:00,2026-09-16T17:25:10.987000+00:00,2.00000000,0.94480000,0.87760000,-7.112616426756985605419136330,
8351f55f-dd19-4684-ad02-1998b75a5309,exact_price_time_account,bc3c8ff1-a9dd-45ae-9b99-6da043e17bba,820bd87a-852a-4a92-a8bb-91d8aa445d72,70f200e0-5a4e-4790-8cb7-db739e0cfd26,07beabfa-9387-4a63-a7ab-85b246b6a4b7,live:orb,ZTG,2026-09-16 17:57:16.342+00,2026-09-16T17:53:02.565000+00:00,370892,exact_trigger_identity_near,LIVE,,live_short_and_trail_after_warmup,pre_993,first,False,2026-09-16,13,1789573803212,1789573803212,1ea7c275-b683-5543-b6b8-80bbe000a378,1ea7c275-b683-5543-b6b8-80bbe000a378,1.2961,2026-09-16T15:46:00+00:00,2026-09-16T15:47:02.570000+00:00,2026-09-16T15:48:00+00:00,2026-09-16T17:52:00+00:00,2026-09-16T11:12:39.288000+00:00,2026-09-16T11:12:39.296000+00:00,2026-09-16T17:45:39.585000+00:00,1.00000000,1.30000000,1.37000000,5.384615384615384615384615400,
32a595a5-bfb0-4e2c-abb7-2e473ea51ff3,exact_price_time_account,0b54b0c1-6c2b-41b1-a93b-b15a1c4a6c14,c337e41c-a190-47b5-a7f1-de29bf3e01eb,13a3eae8-2a81-474a-8226-68f94b46be43,4df00833-11fc-48d3-b73c-3413c1a5bdeb,live:orb,DLXY,2026-09-16 18:26:02.406+00,2026-09-16T18:20:03.193000+00:00,379752,exact_trigger_identity_near,LIVE,,live_short_and_trail_after_warmup,pre_993,first,False,2026-09-16,14,1789581182533,1789581182533,d28c255e-34e5-52af-9b21-8d0900c1b685,d28c255e-34e5-52af-9b21-8d0900c1b685,1.7366,2026-09-16T17:21:00+00:00,2026-09-16T17:22:02.778000+00:00,2026-09-16T17:41:00+00:00,2026-09-16T18:19:00+00:00,2026-09-16T15:42:02.833000+00:00,2026-09-16T15:42:02.845000+00:00,2026-09-16T18:14:15.114000+00:00,1.00000000,1.75000000,1.91000000,9.142857142857142857142857100,
619b201b-84aa-4233-ae6b-ef5b3d4c1940,exact_price_time_account,b2ae6480-fbaf-4d8c-a815-d3beebfcaf59,09073ff8-4ef3-4707-b8b8-02e5baba7f48,75e66297-02ef-4413-9c93-9a8dfafca111,5eae22b3-c878-4c90-a01c-d3b9b8d0d673,live:schwab_1m_v2,QCLS,2026-09-16 18:31:23+00,2026-09-16T18:18:02.364000+00:00,379537,exact_trigger_identity_near,LIVE,,live_short_and_trail_after_warmup,pre_993,first,False,2026-09-16,14,1789582142664,1789582142664,fef4cef6-2bc7-51da-be4f-f216f7807038,fef4cef6-2bc7-51da-be4f-f216f7807038,1.1683,2026-09-16T18:05:00+00:00,2026-09-16T18:06:02.467000+00:00,2026-09-16T18:07:00+00:00,2026-09-16T18:17:00+00:00,2026-09-16T15:33:54.707000+00:00,2026-09-16T15:33:54.720000+00:00,2026-09-16T18:05:51.945000+00:00,2.00000000,1.16500000,1.23000000,5.579399141630901287553648100,
1f44b05c-f6e5-4f7f-b5e6-593dab9c5724,exact_price_time_account,ce67fd96-e2e4-43a4-9367-66d76894afcf,d4287a5e-35d7-47e4-8560-5dddfebe0d78,d779b1c8-19cf-448e-8181-0d633663eda6,0b34fb6b-16b5-4662-bbc7-ec5c399d6662,live:orb,QCLS,2026-09-16 18:31:23.96+00,2026-09-16T18:18:02.364000+00:00,379537,exact_trigger_identity_near,LIVE,,live_short_and_trail_after_warmup,pre_993,first,False,2026-09-16,14,1789582142664,1789582142664,fef4cef6-2bc7-51da-be4f-f216f7807038,fef4cef6-2bc7-51da-be4f-f216f7807038,1.1683,2026-09-16T18:05:00+00:00,2026-09-16T18:06:02.467000+00:00,2026-09-16T18:07:00+00:00,2026-09-16T18:17:00+00:00,2026-09-16T15:33:54.707000+00:00,2026-09-16T15:33:54.720000+00:00,2026-09-16T18:05:51.945000+00:00,1.00000000,1.17000000,1.23000000,5.128205128205128205128205100,
0a1c97af-b061-402d-9d0b-a87b5d16dc3c,exact_price_time_account,9e5babdc-713a-4ef2-9c53-9fcb9e081e25,722c4210-c915-4545-a52e-6c16def4edfb,00d125bc-76f9-4a12-b189-2763d49c2e8b,743a100e-238d-441f-84d4-8ad3c0d89290,live:schwab_1m_v2,MEDS,2026-09-16 18:52:21+00,2026-09-16T18:42:03.031000+00:00,382413,exact_trigger_identity_near,LIVE,,live_short_and_trail_after_warmup,pre_993,first,False,2026-09-16,14,1789584123023,1789584123023,cdb58595-6823-527a-b9cd-2d160ef814ba,cdb58595-6823-527a-b9cd-2d160ef814ba,6.7162,2026-09-16T18:38:00+00:00,2026-09-16T18:39:02.771000+00:00,2026-09-16T18:40:00+00:00,2026-09-16T18:41:00+00:00,2026-09-16T11:01:02.696000+00:00,2026-09-16T11:01:02.705000+00:00,2026-09-16T18:23:50.326000+00:00,2.00000000,6.72500000,7.05000000,4.832713754646840148698884800,
8de83c84-ec69-43be-a907-a7fadacf2730,exact_price_time_account,e9b6aebf-847d-48a2-90de-c2a7489fee37,f5261117-5629-4400-b5fb-316a020913f0,40526926-3dc3-4380-b4f4-bbcce55002c9,e3241184-e3c4-48dd-9cfa-792e6b1cfab1,live:orb,MEDS,2026-09-16 18:52:21.593+00,2026-09-16T18:42:03.031000+00:00,382413,exact_trigger_identity_near,LIVE,,live_short_and_trail_after_warmup,pre_993,first,False,2026-09-16,14,1789584123023,1789584123023,cdb58595-6823-527a-b9cd-2d160ef814ba,cdb58595-6823-527a-b9cd-2d160ef814ba,6.7162,2026-09-16T18:38:00+00:00,2026-09-16T18:39:02.771000+00:00,2026-09-16T18:40:00+00:00,2026-09-16T18:41:00+00:00,2026-09-16T11:01:02.696000+00:00,2026-09-16T11:01:02.705000+00:00,2026-09-16T18:23:50.326000+00:00,1.00000000,6.72000000,7.06000000,5.059523809523809523809523800,
8d096085-7410-4567-951b-e7f58f6337d5,exact_price_time_account,7ed2df6b-5896-42b7-a04e-d096759df8dc,bd84bd9a-d14d-4936-b8fa-a04e63543ee0,7d89a96c-f163-43dc-801a-180528ed09cb,e94e9a75-e7b9-4eab-b71e-867de80706e5,live:orb,ZTG,2026-09-16 19:03:01.413+00,2026-09-16T18:51:02.885000+00:00,383391,exact_trigger_identity_near,LIVE,,live_short_and_trail_after_warmup,pre_993,first,False,2026-09-16,15,1789583703090,1789583703090,60491b70-110d-5808-b87b-53056eb71ed7,60491b70-110d-5808-b87b-53056eb71ed7,1.2826,2026-09-16T18:31:00+00:00,2026-09-16T18:32:03.124000+00:00,2026-09-16T18:33:00+00:00,2026-09-16T18:50:00+00:00,2026-09-16T11:12:39.288000+00:00,2026-09-16T11:12:39.296000+00:00,2026-09-16T17:45:39.585000+00:00,1.00000000,1.27720000,1.34000000,4.917005950516755402442843700,
b5fb8bbe-eba1-4074-8af5-69ff3ef0afef,exact_price_time_account,dc63144e-9c30-43dd-b511-414b74559c24,20e23cdf-2e80-4b91-a105-93145cb04045,caaf01cc-7771-4dde-bffe-5eeb5f922146,c96f38a8-46da-450f-8330-781a083cf643,live:orb,AEHL,2026-09-16 19:07:15.84+00,2026-09-16T19:05:03.383000+00:00,384826,exact_trigger_identity_near,LIVE,,live_short_and_trail_after_warmup,pre_993,first,False,2026-09-16,15,1789585503329,1789585503329,f4bba955-231f-533b-abeb-4f2cc31a3927,f4bba955-231f-533b-abeb-4f2cc31a3927,8.3992,2026-09-16T18:55:00+00:00,2026-09-16T18:56:02.228000+00:00,2026-09-16T18:57:00+00:00,2026-09-16T19:04:00+00:00,2026-09-16T18:05:59.670000+00:00,2026-09-16T18:05:59.684000+00:00,2026-09-16T18:57:13.195000+00:00,1.00000000,8.43000000,8.85000000,4.982206405693950177935943100,
89e2592f-2a86-4a83-b0aa-cdf41ccb3adf,exact_price_time_account,33f1b6da-9320-460e-bbbb-e8f2310df33b,cbd84e97-2a11-474e-bee0-240a940b985a,33dea220-f816-4f1b-baa0-ea62b1ef5833,dc1b8cc3-75a2-4cf4-a5c8-e694b9510e6f,live:schwab_1m_v2,MEDS,2026-09-16 19:31:29+00,2026-09-16T19:25:02.607000+00:00,386965,exact_trigger_identity_near,LIVE,,live_short_and_trail_after_warmup,pre_993,first,False,2026-09-16,15,1789586702551,1789586702551,0c02d692-2c3d-5f25-8897-d38585d7debc,0c02d692-2c3d-5f25-8897-d38585d7debc,6.7594,2026-09-16T19:21:00+00:00,2026-09-16T19:22:01.392000+00:00,2026-09-16T19:23:00+00:00,2026-09-16T19:24:00+00:00,2026-09-16T11:01:02.696000+00:00,2026-09-16T11:01:02.705000+00:00,2026-09-16T19:21:29.048000+00:00,2.00000000,6.76000000,6.70000000,-0.8875739644970414201183432000,
,managed_row_matches_0,4fd98fd2-8aa8-4bf7-8406-691fdba4166a,b25bd033-e7aa-4315-92d1-79ad10171673,71ef5ff9-2a76-4aca-8f79-c2d002ccd73a,,live:orb,MEDS,2026-09-16 19:31:29.732+00,2026-09-16T19:25:02.607000+00:00,386965,exact_trigger_identity_near,LIVE,,live_short_and_trail_after_warmup,pre_993,first,False,2026-09-16,15,1789586702551,1789586702551,0c02d692-2c3d-5f25-8897-d38585d7debc,0c02d692-2c3d-5f25-8897-d38585d7debc,6.7594,2026-09-16T19:21:00+00:00,2026-09-16T19:22:01.392000+00:00,2026-09-16T19:23:00+00:00,2026-09-16T19:24:00+00:00,2026-09-16T11:01:02.696000+00:00,2026-09-16T11:01:02.705000+00:00,2026-09-16T19:21:29.048000+00:00,1.00000000,6.76000000,,,managed_row_matches_0
,managed_row_matches_0,5b7fe7c0-7a04-4a18-8721-5cfcf58cab9d,0a7632a4-b306-4958-9802-6cb4097b923a,aa78e304-07a0-4ba5-bdf5-5bf9c1b2f768,,live:orb,DLXY,2026-09-16 19:41:48.799+00,2026-09-16T19:33:01.403000+00:00,387758,exact_trigger_identity_near,LIVE,,live_short_and_trail_after_warmup,pre_993,first,False,2026-09-16,15,1789587181381,1789587181381,33173ebd-64e3-5df7-9f42-9bca367acd8d,33173ebd-64e3-5df7-9f42-9bca367acd8d,1.8928,2026-09-16T19:16:00+00:00,2026-09-16T19:17:02.714000+00:00,2026-09-16T19:22:00+00:00,2026-09-16T19:32:00+00:00,2026-09-16T15:42:02.833000+00:00,2026-09-16T15:42:02.845000+00:00,2026-09-16T19:21:29.048000+00:00,1.00000000,1.90000000,,,managed_row_matches_0
27c99a6a-88ad-4c6f-aef3-f1f19f8cba9f,exact_price_time_account,b48c05a6-a10e-47eb-9f03-e261ffaa2c80,0bceabcb-b63e-45e5-9e8d-369b17e3ebc6,02e1f92e-0d34-43dd-94fc-677b0486b832,97d2f109-d220-42bf-b59d-7cda7e7ab873,live:orb,NAMI,2026-09-16 19:57:40.244+00,2026-09-16T19:55:03.266000+00:00,390353,exact_trigger_identity_near,LIVE,,live_short_and_trail_after_warmup,pre_993,first,False,2026-09-16,15,1789587123102,1789587123102,9f1d04a3-fedb-504f-84e2-860effbaa2fe,9f1d04a3-fedb-504f-84e2-860effbaa2fe,3.2191,2026-09-16T19:28:00+00:00,2026-09-16T19:29:03.018000+00:00,2026-09-16T19:30:00+00:00,2026-09-16T19:54:00+00:00,2026-09-16T19:21:30.263000+00:00,2026-09-16T19:21:30.279000+00:00,2026-09-16T19:45:06.651000+00:00,1.00000000,3.21000000,3.19500000,-0.4672897196261682242990654200,
93c1dab4-d6ad-44e5-8a4f-d9d872025758,exact_price_time_account,78ae0005-e434-460f-99c4-73d3799100ca,25f26260-dd7f-4fd0-97d0-bddd0f8e87c0,5baa140f-fa4a-4709-944a-c7e53cf54af3,d078a0dc-7b72-43d0-9b6f-913a45268209,live:orb,ZTG,2026-09-16 19:59:00.418+00,2026-09-16T19:41:02.981000+00:00,388738,exact_trigger_identity_near,LIVE,,live_short_and_trail_after_warmup,pre_993,first,False,2026-09-16,15,1789586522651,1789586522651,9138ede7-95ac-545c-8eea-6f3f2a85f56a,9138ede7-95ac-545c-8eea-6f3f2a85f56a,1.1929,2026-09-16T19:18:00+00:00,2026-09-16T19:19:02.911000+00:00,2026-09-16T19:20:00+00:00,2026-09-16T19:40:00+00:00,2026-09-16T11:12:39.288000+00:00,2026-09-16T11:12:39.296000+00:00,2026-09-16T19:11:20.328000+00:00,1.00000000,1.17890000,1.08000000,-8.389176350835524641615064890,
dbf7d123-32e1-4c25-bd0c-74f9cf7a66d6,exact_price_time_account,0633e36b-7efc-40b4-8926-eb7991dc3e24,24b6ff63-ba50-4b8b-b8d2-2519c9fbb328,628807a5-173f-4451-ad95-d86b9dfdf23c,e4836a60-afbc-431e-a84a-29c304f65722,live:schwab_1m_v2,DAIC,2026-09-17 12:50:46+00,2026-09-17T12:36:02.484000+00:00,443982,exact_trigger_identity_delayed,LIVE,,live_short_and_trail_after_warmup,post_993_pre_1049,first,False,2026-09-17,08,1789647242271,,6d9b52bf-131f-5ef0-a5a1-886f8bdf6f20,,3.9849,2026-09-17T12:10:00+00:00,2026-09-17T12:11:02.195000+00:00,2026-09-17T12:12:00+00:00,2026-09-17T12:35:00+00:00,2026-09-17T11:01:02.769000+00:00,2026-09-17T11:01:02.779000+00:00,2026-09-17T12:29:45.269000+00:00,2.00000000,3.98500000,4.10150000,2.923462986198243412797992500,
c71a0c26-1454-4bc9-96b8-b7298bf623b4,exact_price_time_account,de38b7c7-3bd4-47bc-a8bf-7e87c7e9e7de,33233752-c5d3-4ca7-97e4-77681af60418,0f74aa2f-6827-4151-8bfb-6c6b5ff6997e,001ce74d-9bff-4aad-a23c-134bb1f0b329,live:orb,DAIC,2026-09-17 12:50:46.723+00,2026-09-17T12:36:02.484000+00:00,443982,exact_trigger_identity_delayed,LIVE,,live_short_and_trail_after_warmup,post_993_pre_1049,first,False,2026-09-17,08,1789647242271,,6d9b52bf-131f-5ef0-a5a1-886f8bdf6f20,,3.9849,2026-09-17T12:10:00+00:00,2026-09-17T12:11:02.195000+00:00,2026-09-17T12:12:00+00:00,2026-09-17T12:35:00+00:00,2026-09-17T11:01:02.769000+00:00,2026-09-17T11:01:02.779000+00:00,2026-09-17T12:29:45.269000+00:00,1.00000000,3.99000000,4.18300000,4.837092731829573934837092700,
89c88488-5a51-4db7-8c26-80649f119b30,exact_price_time_account,fa475db1-89c4-4edd-8d88-1eb77163e069,8796428f-eee7-4b04-b317-1fb62b80284b,6f903c91-fc7e-42e2-9483-1f113bcd7065,b34a27e1-a2ac-46ee-867b-beeaf2dee6d2,live:orb,KXIN,2026-09-17 13:51:24.954+00,2026-09-17T13:46:02.685000+00:00,447680,exact_trigger_identity_near,LIVE,,live_short_and_trail_after_warmup,post_993_pre_1049,first,False,2026-09-17,09,1789651922308,1789651922308,c84ae0e5-4ba3-5af7-86cb-242877728763,c84ae0e5-4ba3-5af7-86cb-242877728763,1.6834,2026-09-17T13:28:00+00:00,2026-09-17T13:29:03.111000+00:00,2026-09-17T13:30:00+00:00,2026-09-17T13:45:00+00:00,2026-09-17T11:01:02.779000+00:00,2026-09-17T11:01:02.803000+00:00,2026-09-17T13:42:59.837000+00:00,1.00000000,1.68000000,1.65500000,-1.488095238095238095238095240,
e11645ca-63cc-4aa5-90a6-b3f24be0bcb3,exact_price_time_account,715e5e48-7a91-4710-8b4d-caf92884776d,590287c9-3f7c-4b78-80b6-f13bc91f8a47,fa91bd9a-f7b7-4d45-b296-1ba6cfb674bc,097e5c93-1585-49d9-beb0-2ce792a516aa,live:orb,TURB,2026-09-17 13:58:42.524+00,2026-09-17T13:55:02.928000+00:00,448202,exact_trigger_identity_near,LIVE,,live_short_and_trail_after_warmup,post_993_pre_1049,first,False,2026-09-17,09,1789652162791,1789652162791,d68a3f64-5868-59bc-a35f-d104ecc9e3e4,d68a3f64-5868-59bc-a35f-d104ecc9e3e4,1.6111,2026-09-17T13:32:00+00:00,2026-09-17T13:33:02.695000+00:00,2026-09-17T13:34:00+00:00,2026-09-17T13:54:00+00:00,2026-09-17T12:29:46.121000+00:00,2026-09-17T12:29:46.128000+00:00,2026-09-17T13:42:59.837000+00:00,1.00000000,1.62000000,1.59500000,-1.543209876543209876543209880,
8fff72d0-bf49-44f8-a431-f6bebfafbe33,exact_price_time_account,dce83476-b5d7-47a3-a5f5-9dbe26df9642,eee44687-e24a-4993-9e09-9c3a0bc7ff00,897b16a1-aeb1-4c1a-b881-4483e0484e8d,00e179da-e4ea-4957-810d-e1276226a339,live:orb,TURB,2026-09-17 14:04:05.715+00,2026-09-17T14:01:02.688000+00:00,448535,exact_trigger_identity_near,LIVE,,live_short_and_trail_after_warmup,post_993_pre_1049,first,False,2026-09-17,10,1789653662678,1789653662678,cdede1d1-610c-57e3-bfb8-e8bf2d076e2c,cdede1d1-610c-57e3-bfb8-e8bf2d076e2c,1.6111,2026-09-17T13:32:00+00:00,2026-09-17T13:33:02.695000+00:00,2026-09-17T13:34:00+00:00,2026-09-17T14:00:00+00:00,2026-09-17T12:29:46.121000+00:00,2026-09-17T12:29:46.128000+00:00,2026-09-17T13:42:59.837000+00:00,1.00000000,1.62000000,1.70000000,4.938271604938271604938271600,
8e7e4c67-cd0c-4055-a4d1-36ca92e2b29c,exact_price_time_account,1ba2877c-218f-4a36-b1ca-7598af05686e,eb9603e3-8a97-4c82-a678-0d3fe8fa1198,63fa8a61-25e7-44cb-b390-fb110c4cffa2,e2a8fb29-d594-4796-b27b-e188944b8ac8,live:orb,TURB,2026-09-17 14:47:06.032+00,2026-09-17T14:41:02.920000+00:00,451157,exact_trigger_identity_near,LIVE,,live_short_and_trail_after_warmup,post_993_pre_1049,first,False,2026-09-17,10,1789654982170,1789654982170,e60ed226-a215-5ae3-9687-8bbbe9004c4c,e60ed226-a215-5ae3-9687-8bbbe9004c4c,1.5374,2026-09-17T14:15:00+00:00,2026-09-17T14:16:02.646000+00:00,2026-09-17T14:21:00+00:00,2026-09-17T14:40:00+00:00,2026-09-17T12:29:46.121000+00:00,2026-09-17T12:29:46.128000+00:00,2026-09-17T14:21:01.598000+00:00,1.00000000,1.54000000,1.42000000,-7.792207792207792207792207790,
638e5492-2c10-4f19-a217-f3840b99b961,exact_price_time_account,b08322f8-d5b9-4dc0-8d2d-09cdc9cefb7c,77ce5cd7-435f-4403-9432-9a8b0a1c1fed,8f1f6fe0-6cd5-439d-81b1-35bffad161cb,2e4be2ad-c84f-4e52-bfe5-f8f0b82669df,live:schwab_1m_v2,AEMD,2026-09-17 14:51:43+00,2026-09-17T14:45:02.985000+00:00,451414,exact_trigger_identity_near,LIVE,,live_short_and_trail_after_warmup,post_993_pre_1049,first,False,2026-09-17,10,1789653782933,1789653782933,51b8219e-f177-5ff5-a995-5121dd7d3d0f,51b8219e-f177-5ff5-a995-5121dd7d3d0f,7.2431,2026-09-17T13:59:00+00:00,2026-09-17T14:00:02.937000+00:00,2026-09-17T14:01:00+00:00,2026-09-17T14:44:00+00:00,2026-09-17T11:01:01.089000+00:00,2026-09-17T10:36:04.837000+00:00,2026-09-17T14:21:01.598000+00:00,2.00000000,7.25000000,7.61000000,4.965517241379310344827586200,
3d671ddc-0a58-4c0a-900d-70e54cc2d123,exact_price_time_account,eed5a28d-f41f-4408-a50f-212595039732,69dd46a5-410b-43e8-a12f-f27e54a673c3,d09ce0df-9e8d-44f9-95c4-c06da3fcc3e1,4320cbca-6667-460b-b63f-8c5e156e1817,live:orb,AEMD,2026-09-17 14:51:43.65+00,2026-09-17T14:45:02.985000+00:00,451414,exact_trigger_identity_near,LIVE,,live_short_and_trail_after_warmup,post_993_pre_1049,first,False,2026-09-17,10,1789653782933,1789653782933,51b8219e-f177-5ff5-a995-5121dd7d3d0f,51b8219e-f177-5ff5-a995-5121dd7d3d0f,7.2431,2026-09-17T13:59:00+00:00,2026-09-17T14:00:02.937000+00:00,2026-09-17T14:01:00+00:00,2026-09-17T14:44:00+00:00,2026-09-17T11:01:01.089000+00:00,2026-09-17T10:36:04.837000+00:00,2026-09-17T14:21:01.598000+00:00,1.00000000,7.26000000,7.62000000,4.958677685950413223140495900,
0e37362a-1c7d-48b3-b249-ebfe044d9d47,exact_price_time_account,79061c49-bec1-4e93-955c-ede8aab69c37,1584d50e-0ca3-420d-b21c-94fafbcfddcf,e546b38a-8b1a-41e0-9463-ebfde20937b9,5f876317-731e-429e-9419-1d032cc585e6,live:schwab_1m_v2,DAIC,2026-09-17 15:16:36+00,2026-09-17T15:16:02.763000+00:00,453455,exact_trigger_identity_near,LIVE,,live_short_and_trail_after_warmup,post_993_pre_1049,first,False,2026-09-17,11,1789654442800,1789654442800,b0c373e4-ac49-5fba-ad8c-23990403d72f,b0c373e4-ac49-5fba-ad8c-23990403d72f,4.8648,2026-09-17T14:10:00+00:00,2026-09-17T14:11:02.568000+00:00,2026-09-17T14:12:00+00:00,2026-09-17T15:15:00+00:00,2026-09-17T11:01:02.769000+00:00,2026-09-17T11:01:02.779000+00:00,2026-09-17T15:04:22.249000+00:00,2.00000000,4.86000000,4.76500000,-1.954732510288065843621399180,
c1c25a37-2b98-41b8-acf9-0025238e55df,exact_price_time_account,39f33cc4-0ce8-4fb8-9b58-c8e7b179b46a,3cb93053-e4e2-4f81-a559-10c06e115517,3a1c0138-9172-457c-8357-c019c122ce7d,9e78ddd2-372e-4976-9e04-f135698f8180,live:orb,DAIC,2026-09-17 15:16:36.71+00,2026-09-17T15:16:02.763000+00:00,453455,exact_trigger_identity_near,LIVE,,live_short_and_trail_after_warmup,post_993_pre_1049,first,False,2026-09-17,11,1789654442800,1789654442800,b0c373e4-ac49-5fba-ad8c-23990403d72f,b0c373e4-ac49-5fba-ad8c-23990403d72f,4.8648,2026-09-17T14:10:00+00:00,2026-09-17T14:11:02.568000+00:00,2026-09-17T14:12:00+00:00,2026-09-17T15:15:00+00:00,2026-09-17T11:01:02.769000+00:00,2026-09-17T11:01:02.779000+00:00,2026-09-17T15:04:22.249000+00:00,1.00000000,4.86000000,5.13010000,5.557613168724279835390946500,
8e2f658b-1f3a-4325-bdea-da3249894610,exact_price_time_account,6de213d6-0586-4d99-8e9d-a4780186c845,ece810d2-a2a6-4b43-8563-049f37045c9a,3ab1ed3d-3bc2-444c-9420-23be94ddda4c,464b7510-2334-43a5-84e6-fdae054eda70,live:orb,DAIC,2026-09-17 17:22:16.994+00,2026-09-17T17:18:02.490000+00:00,462534,exact_trigger_identity_near,LIVE,,live_short_and_trail_after_warmup,post_993_pre_1049,first,False,2026-09-17,13,1789664462195,1789664462195,a1167577-02e2-5006-9430-043883020f20,a1167577-02e2-5006-9430-043883020f20,5.0829,2026-09-17T16:57:00+00:00,2026-09-17T16:58:03.018000+00:00,2026-09-17T16:59:00+00:00,2026-09-17T17:17:00+00:00,2026-09-17T11:01:02.769000+00:00,2026-09-17T11:01:02.779000+00:00,2026-09-17T16:56:37.148000+00:00,1.00000000,5.07000000,4.86500000,-4.043392504930966469428007890,
3811204e-4047-46b9-b9f1-e631adee6265,exact_price_time_account,1779a6e8-e31d-43cc-bcfc-8b210df8705c,31eeb2f6-ef23-4e43-9076-8db848c542d0,392a8931-5ac6-4376-9bd2-32bc51e35e34,4dbc84b7-4efa-4386-b938-094dd8d62f3b,live:schwab_1m_v2,DAIC,2026-09-17 17:22:17+00,2026-09-17T17:18:02.490000+00:00,462534,exact_trigger_identity_near,LIVE,,live_short_and_trail_after_warmup,post_993_pre_1049,first,False,2026-09-17,13,1789664462195,1789664462195,a1167577-02e2-5006-9430-043883020f20,a1167577-02e2-5006-9430-043883020f20,5.0829,2026-09-17T16:57:00+00:00,2026-09-17T16:58:03.018000+00:00,2026-09-17T16:59:00+00:00,2026-09-17T17:17:00+00:00,2026-09-17T11:01:02.769000+00:00,2026-09-17T11:01:02.779000+00:00,2026-09-17T16:56:37.148000+00:00,2.00000000,5.08000000,4.86620000,-4.208661417322834645669291340,
d400e25a-6fa0-4577-b393-6f178f1164ff,exact_price_time_account,995343eb-e954-4aa5-a3c7-67dab092b2ab,fe99591b-e644-4ff5-a0da-9a851d8a323c,9d11d373-489c-40d7-84c3-506856990dac,10366a7b-9a57-46fd-96ff-bc23c52e8cdb,live:schwab_1m_v2,AEMD,2026-09-17 17:27:46+00,2026-09-17T17:07:02.700000+00:00,461892,exact_trigger_identity_near,LIVE,,live_short_and_trail_after_warmup,post_993_pre_1049,first,False,2026-09-17,13,1789663922227,1789663922227,8abf95d3-d261-5c5c-abbd-05c666302102,8abf95d3-d261-5c5c-abbd-05c666302102,6.5418,2026-09-17T16:48:00+00:00,2026-09-17T16:49:02.319000+00:00,2026-09-17T16:50:00+00:00,2026-09-17T17:06:00+00:00,2026-09-17T11:01:01.089000+00:00,2026-09-17T10:36:04.837000+00:00,2026-09-17T16:56:37.148000+00:00,2.00000000,6.55000000,6.39000000,-2.442748091603053435114503820,
828277db-b750-4d83-95ca-e1ea122d2ddb,exact_price_time_account,6a56cff4-98b2-4f31-bd46-40ec6cb7090c,1f38440c-9bc4-4754-b1bf-881b6fc7a1ab,82da3d88-92e4-467b-a596-1d4be176b6b7,7884b2e5-b252-47cd-8f8e-d84d1f22c479,live:orb,AEMD,2026-09-17 17:27:46.633+00,2026-09-17T17:07:02.700000+00:00,461892,exact_trigger_identity_near,LIVE,,live_short_and_trail_after_warmup,post_993_pre_1049,first,False,2026-09-17,13,1789663922227,1789663922227,8abf95d3-d261-5c5c-abbd-05c666302102,8abf95d3-d261-5c5c-abbd-05c666302102,6.5418,2026-09-17T16:48:00+00:00,2026-09-17T16:49:02.319000+00:00,2026-09-17T16:50:00+00:00,2026-09-17T17:06:00+00:00,2026-09-17T11:01:01.089000+00:00,2026-09-17T10:36:04.837000+00:00,2026-09-17T16:56:37.148000+00:00,1.00000000,6.51000000,6.84000000,5.069124423963133640552995400,
7c5beb21-b362-4de8-892c-70f8f2824db8,exact_price_time_account,068f6d5b-0325-4b0d-be3a-4fa7653aab40,2b718092-33b7-412f-9167-65a567062b82,7eefbcef-4775-48d0-aa6d-7e5a1632a33f,dee01f01-a36e-4610-a6f8-4eb31bc6f2ae,live:schwab_1m_v2,DAIC,2026-09-17 18:56:59+00,2026-09-17T18:39:03.027000+00:00,466838,exact_trigger_identity_near,LIVE,,live_short_and_trail_after_warmup,post_993_pre_1049,first,False,2026-09-17,14,1789669982751,1789669982751,901ce4bb-684c-5e1b-b915-90a8bcb98c6e,901ce4bb-684c-5e1b-b915-90a8bcb98c6e,5.0615,2026-09-17T18:29:00+00:00,2026-09-17T18:30:03.520000+00:00,2026-09-17T18:31:00+00:00,2026-09-17T18:38:00+00:00,2026-09-17T11:01:02.769000+00:00,2026-09-17T11:01:02.779000+00:00,2026-09-17T18:19:52.451000+00:00,2.00000000,5.06000000,5.31000000,4.940711462450592885375494100,
c6622098-3c7c-4495-94e7-396320e3521f,exact_price_time_account,172ef72b-fe70-4569-a589-5af8f4aeaa20,58d63fed-6cc3-478e-816a-1cec946692ba,fac0d188-43c6-4435-be6b-fe44ad6ba22f,e8512ed4-90aa-4598-a8af-0b8f5b2479da,live:orb,DAIC,2026-09-17 18:56:59.409+00,2026-09-17T18:39:03.027000+00:00,466838,exact_trigger_identity_near,LIVE,,live_short_and_trail_after_warmup,post_993_pre_1049,first,False,2026-09-17,14,1789669982751,1789669982751,901ce4bb-684c-5e1b-b915-90a8bcb98c6e,901ce4bb-684c-5e1b-b915-90a8bcb98c6e,5.0615,2026-09-17T18:29:00+00:00,2026-09-17T18:30:03.520000+00:00,2026-09-17T18:31:00+00:00,2026-09-17T18:38:00+00:00,2026-09-17T11:01:02.769000+00:00,2026-09-17T11:01:02.779000+00:00,2026-09-17T18:19:52.451000+00:00,1.00000000,5.06900000,5.32000000,4.951666995462615900572105000,
74153188-3b33-47b4-97cf-526bea6721b8,exact_price_time_account,4fce2154-a281-4e5b-9794-a195c1d33a1c,b97186f4-6e12-40c6-ace9-a8cc3e8ed9b6,d586e473-1244-40a3-a457-1dd80fba95a8,9d062471-fed9-489f-a130-168aee7d14dc,live:schwab_1m_v2,AEMD,2026-09-17 19:40:27+00,2026-09-17T19:29:02.374000+00:00,469944,exact_trigger_identity_near,LIVE,,live_short_and_trail_after_warmup,post_993_pre_1049,first,False,2026-09-17,15,1789670342852,1789670342852,991124e9-962d-55d3-b506-69536a3797d2,991124e9-962d-55d3-b506-69536a3797d2,6.3501,2026-09-17T18:35:00+00:00,2026-09-17T18:36:02.282000+00:00,2026-09-17T18:37:00+00:00,2026-09-17T19:28:00+00:00,2026-09-17T11:01:01.089000+00:00,2026-09-17T10:36:04.837000+00:00,2026-09-17T19:15:52.115000+00:00,2.00000000,6.35000000,6.67000000,5.039370078740157480314960600,
a8c59c18-0a8e-4e4d-a13d-dad65eadebcf,exact_price_time_account,4229ce92-9384-436b-bdc4-76943b113a3c,c26cfae2-5268-4a2f-a235-ae58381048b6,c1ca0273-8043-4b91-b545-2306b7269000,426bfcbe-1e1e-43bf-bc8e-b3a9669407b2,live:orb,AEMD,2026-09-17 19:40:27.124+00,2026-09-17T19:29:02.374000+00:00,469944,exact_trigger_identity_near,LIVE,,live_short_and_trail_after_warmup,post_993_pre_1049,first,False,2026-09-17,15,1789670342852,1789670342852,991124e9-962d-55d3-b506-69536a3797d2,991124e9-962d-55d3-b506-69536a3797d2,6.3501,2026-09-17T18:35:00+00:00,2026-09-17T18:36:02.282000+00:00,2026-09-17T18:37:00+00:00,2026-09-17T19:28:00+00:00,2026-09-17T11:01:01.089000+00:00,2026-09-17T10:36:04.837000+00:00,2026-09-17T19:15:52.115000+00:00,1.00000000,6.35000000,6.67000000,5.039370078740157480314960600,
1d800d8e-7a76-4a76-9e35-dae0af44742e,exact_price_time_account,de0f043a-eedc-4bbe-b109-b460ec45002d,2c792563-9f54-43dc-8377-668563fc75cc,693ece79-f9f9-4378-9e22-7af60e6e0fe0,d2d2c04c-3f52-49d8-82c1-fcbbee66eb8c,live:orb,IMCC,2026-09-18 12:56:24.459+00,2026-09-18T12:40:03.218000+00:00,532229,exact_trigger_identity_delayed,LIVE,,live_short_and_trail_after_warmup,post_993_pre_1049,first,False,2026-09-18,08,1789733522621,,fd0f5397-a8fb-5aaa-b100-c8877c5bb085,,3.1195,2026-09-18T12:08:00+00:00,2026-09-18T12:09:00.539000+00:00,2026-09-18T12:10:00+00:00,2026-09-18T12:39:00+00:00,2026-09-18T11:01:02.502000+00:00,2026-09-18T11:01:02.511000+00:00,2026-09-18T12:38:16.845000+00:00,1.00000000,3.13000000,3.24000000,3.514376996805111821086262000,
2663d8e3-1289-4e4e-b772-5a15974e570d,exact_price_time_account,e391ed1b-2711-4e6e-9c1f-7f1800f6a158,47ced326-6f1e-4022-b471-ae4aa1289fe0,e1f1caef-6118-43da-abc7-2dda9536e21a,6f383c29-8e02-415f-8e97-0e8749c8b321,live:orb,ZTG,2026-09-18 16:15:34.267+00,2026-09-18T16:15:02.816000+00:00,546043,exact_trigger_identity_near,LIVE,,live_short_and_trail_after_warmup,post_993_pre_1049,first,False,2026-09-18,12,1789748102724,1789748102724,6f12ebb0-2047-5059-84be-c783433a54fe,6f12ebb0-2047-5059-84be-c783433a54fe,1.8515,2026-09-18T16:11:00+00:00,2026-09-18T16:12:02.707000+00:00,2026-09-18T16:13:00+00:00,2026-09-18T16:14:00+00:00,2026-09-18T15:30:49.140000+00:00,2026-09-18T15:30:49.153000+00:00,2026-09-18T15:52:24.106000+00:00,1.00000000,1.85000000,1.94000000,4.864864864864864864864864900,
9aead583-af9f-487d-8131-ab3eadf2dc26,exact_price_time_account,3fcc3f2f-f802-473f-99be-91c222d8b378,8c354fdf-4f60-4543-907d-65e08463c891,e7bff0e3-3c8d-4750-8832-ac69c8c7ac57,07f5f149-e7d6-40a0-bac4-e086b76bfce3,live:schwab_1m_v2,GIPR,2026-09-18 17:05:41+00,2026-09-18T16:44:02.464000+00:00,548132,exact_trigger_identity_near,LIVE,,live_short_and_trail_after_warmup,post_993_pre_1049,first,False,2026-09-18,13,1789748402961,1789748402961,53610d14-3aa2-5501-a602-8999d550979b,53610d14-3aa2-5501-a602-8999d550979b,1.1940,2026-09-18T16:16:00+00:00,2026-09-18T16:17:00.405000+00:00,2026-09-18T16:18:00+00:00,2026-09-18T16:43:00+00:00,2026-09-18T15:52:26.036000+00:00,2026-09-18T15:52:26.042000+00:00,2026-09-18T15:52:24.106000+00:00,2.00000000,1.19000000,1.17500000,-1.260504201680672268907563030,
48e5677f-ef66-495a-809f-07dc4ad8da2e,exact_price_time_account,7cddb471-7417-416d-b58b-d04e6e84b9cf,573d0531-f2a0-4fbd-86de-aa80e8c06a9d,f3d79b60-8f89-4bab-a5ef-c8b1f46d1708,d21be352-6d8f-4b0f-8122-ec773fb98390,live:orb,GIPR,2026-09-18 17:05:41.062+00,2026-09-18T16:44:02.464000+00:00,548132,exact_trigger_identity_near,LIVE,,live_short_and_trail_after_warmup,post_993_pre_1049,first,False,2026-09-18,13,1789748402961,1789748402961,53610d14-3aa2-5501-a602-8999d550979b,53610d14-3aa2-5501-a602-8999d550979b,1.1940,2026-09-18T16:16:00+00:00,2026-09-18T16:17:00.405000+00:00,2026-09-18T16:18:00+00:00,2026-09-18T16:43:00+00:00,2026-09-18T15:52:26.036000+00:00,2026-09-18T15:52:26.042000+00:00,2026-09-18T15:52:24.106000+00:00,1.00000000,1.20000000,1.10010000,-8.32500,
0a7fa3e1-803c-403d-8804-1d56d584c893,exact_price_time_account,c9fba3ab-f404-4941-96e5-e205525a94e0,65e8798d-cbe2-47aa-a29f-68c0d650fddf,e4485884-8ce1-4665-b154-32b4213346d9,22fbe1f0-55ec-4cd4-b6de-733e96461a67,live:orb,ZTG,2026-09-18 17:26:32.53+00,2026-09-18T17:10:01.904000+00:00,550329,exact_trigger_identity_near,LIVE,,live_short_and_trail_after_warmup,post_993_pre_1049,first,False,2026-09-18,13,1789749962436,1789749962436,560eeeb7-827c-5d41-842a-72bd90fd628b,560eeeb7-827c-5d41-842a-72bd90fd628b,1.9272,2026-09-18T16:42:00+00:00,2026-09-18T16:43:02.593000+00:00,2026-09-18T16:44:00+00:00,2026-09-18T17:09:00+00:00,2026-09-18T15:30:49.140000+00:00,2026-09-18T15:30:49.153000+00:00,2026-09-18T15:52:24.106000+00:00,1.00000000,1.93000000,2.03000000,5.181347150259067357512953400,
46be8a54-bea4-4fb9-9277-ac2043dd8f9a,exact_price_time_account,d13bfa18-f350-4942-a0c1-5b76ec0f571d,b7f98554-f0d2-4f60-bdc4-ed178fdda31d,daedacb5-5193-4666-8dde-b3ad6e82abe7,d838f8cd-42b7-4b45-8411-656075cdc649,live:orb,IMCC,2026-09-18 17:44:20.72+00,2026-09-18T17:42:02.238000+00:00,553038,exact_trigger_identity_near,LIVE,,live_short_and_trail_after_warmup,post_993_pre_1049,first,False,2026-09-18,13,1789752603363,1789752603363,66b3167c-3d62-54fe-8f03-823a4327e20c,66b3167c-3d62-54fe-8f03-823a4327e20c,5.5154,2026-09-18T17:26:00+00:00,2026-09-18T17:27:00.979000+00:00,2026-09-18T17:28:00+00:00,2026-09-18T17:41:00+00:00,2026-09-18T11:01:02.502000+00:00,2026-09-18T11:01:02.511000+00:00,2026-09-18T15:52:24.106000+00:00,1.00000000,5.53000000,5.02010000,-9.220614828209764918625678120,
c6a33a2f-787a-42b3-a507-72dca49cd974,exact_price_time_account,3778618a-0025-4c3d-a89b-8e0773341ce9,5fc3afd5-b49a-47e5-8840-87f160f32eae,ca470f12-b1ed-4a8b-a6b8-1ba4f8bb279e,a73415a5-3094-4fa6-a20a-fdc67027a7fc,live:schwab_1m_v2,GIPR,2026-09-18 18:03:16+00,2026-09-18T17:43:02.189000+00:00,553135,exact_trigger_identity_near,LIVE,,live_short_and_trail_after_warmup,post_993_pre_1049,first,False,2026-09-18,14,1789752842886,1789752842886,10540852-f14b-5a9c-b46f-eff124d42d4e,10540852-f14b-5a9c-b46f-eff124d42d4e,1.1355,2026-09-18T17:30:00+00:00,2026-09-18T17:31:03.122000+00:00,2026-09-18T17:32:00+00:00,2026-09-18T17:42:00+00:00,2026-09-18T15:52:26.036000+00:00,2026-09-18T15:52:26.042000+00:00,2026-09-18T15:52:24.106000+00:00,2.00000000,1.14000000,1.11500000,-2.192982456140350877192982460,
8b5d8bbd-5d57-4a80-a27e-380fd1011689,exact_price_time_account,edfa364d-3a9a-476e-babd-747bd410fc78,a0247307-1d6e-4e1f-8877-ed2354fbabf9,6ee36fc7-0288-4948-bd7c-4e2ed1640950,db003491-7ddf-4761-b8d5-264f749bc355,live:orb,GIPR,2026-09-18 18:03:16.211+00,2026-09-18T17:43:02.189000+00:00,553135,exact_trigger_identity_near,LIVE,,live_short_and_trail_after_warmup,post_993_pre_1049,first,False,2026-09-18,14,1789752842886,1789752842886,10540852-f14b-5a9c-b46f-eff124d42d4e,10540852-f14b-5a9c-b46f-eff124d42d4e,1.1355,2026-09-18T17:30:00+00:00,2026-09-18T17:31:03.122000+00:00,2026-09-18T17:32:00+00:00,2026-09-18T17:42:00+00:00,2026-09-18T15:52:26.036000+00:00,2026-09-18T15:52:26.042000+00:00,2026-09-18T15:52:24.106000+00:00,1.00000000,1.14000000,0.93000000,-18.42105263157894736842105263,
c971861d-d6c6-4f40-aff3-d14961fe77a0,exact_price_time_account,1a73bc3b-658d-42dd-94b6-a34b68745b18,11c32bb5-8def-4d53-ab02-8a990abb45ce,bf7d7a1c-7eae-4f62-b450-7850a66c6bb7,b4e7e7ca-f08c-4740-90ad-5333a041657d,live:orb,ZTG,2026-09-18 18:50:00.747+00,2026-09-18T18:43:02.365000+00:00,557644,exact_trigger_identity_near,LIVE,,live_short_and_trail_after_warmup,post_993_pre_1049,first,False,2026-09-18,14,1789755662527,1789755662527,45103522-922b-533a-8fb0-d9a9032f0255,45103522-922b-533a-8fb0-d9a9032f0255,1.9131,2026-09-18T18:17:00+00:00,2026-09-18T18:18:02.275000+00:00,2026-09-18T18:19:00+00:00,2026-09-18T18:42:00+00:00,2026-09-18T15:30:49.140000+00:00,2026-09-18T15:30:49.153000+00:00,2026-09-18T15:52:24.106000+00:00,1.00000000,1.92000000,1.85000000,-3.645833333333333333333333330,
bb08a36e-7232-4079-8044-65d22f02cbd7,exact_price_time_account,4b4cf612-e405-40da-87dc-8a1bd1eaf1eb,51995b39-e0bc-46d7-b270-a7a58082479c,f2d4c20d-b4be-4109-8264-8979433b883d,fda1fcb1-fc6f-4c3f-9d3b-f99e36e6240e,live:orb,ZTG,2026-09-18 19:06:34.431+00,2026-09-18T19:01:00.539000+00:00,558770,exact_trigger_identity_near,LIVE,,live_short_and_trail_after_warmup,post_993_pre_1049,first,False,2026-09-18,15,1789757642152,1789757642152,053b6647-1347-5378-8ed0-0c67959c4f8f,053b6647-1347-5378-8ed0-0c67959c4f8f,1.8590,2026-09-18T18:17:00+00:00,2026-09-18T18:18:02.275000+00:00,2026-09-18T18:19:00+00:00,2026-09-18T19:00:00+00:00,2026-09-18T15:30:49.140000+00:00,2026-09-18T15:30:49.153000+00:00,2026-09-18T15:52:24.106000+00:00,1.00000000,1.87000000,1.96000000,4.812834224598930481283422500,
e42da5dd-2aa0-4276-b83d-811b055525ea,exact_price_time_account,10e189d6-cbdc-4ead-897a-8fadb8da92a2,c26c93d2-53dc-414b-b8a9-7a34fab0d03e,8acbdab2-81ee-4a5d-a39d-624a1724ae5f,798c77f5-02a1-4ae3-8d04-809a72cfde77,live:schwab_1m_v2,GLND,2026-09-21 13:22:50+00,2026-09-21T13:06:01.115000+00:00,646998,exact_trigger_identity_delayed,LIVE,,live_short_and_trail_after_warmup,post_993_pre_1049,first,False,2026-09-21,09,1789993982982,,790a2fa6-0821-5133-bf53-d403469ee343,,3.0417,2026-09-21T12:29:00+00:00,2026-09-21T12:30:02.818000+00:00,2026-09-21T12:31:00+00:00,2026-09-21T13:05:00+00:00,2026-09-21T11:01:00.653000+00:00,2026-09-18T21:48:48.632000+00:00,2026-09-21T12:22:56.919000+00:00,2.00000000,3.05000000,2.76500000,-9.344262295081967213114754100,
f9a04914-b73e-47f3-b414-90054b42725c,exact_price_time_account,d813b5ee-42ad-4eb2-ba79-ad25f8ad15ab,fe01535b-f3de-444b-b76f-a6e60df7792d,e87dc239-06cf-402e-8f63-624595be4025,13ea4055-77ff-4bf5-a66e-5c03f2f5c86e,live:schwab_1m_v2,NCPL,2026-09-21 14:03:35+00,2026-09-21T13:59:02.974000+00:00,649980,exact_trigger_identity_near,LIVE,,live_short_and_trail_after_warmup,post_993_pre_1049,first,False,2026-09-21,10,1789998242206,1789998242206,36b6aad3-bd99-525d-a63f-767e88e2c24a,36b6aad3-bd99-525d-a63f-767e88e2c24a,1.2137,2026-09-21T13:40:00+00:00,2026-09-21T13:41:02.671000+00:00,2026-09-21T13:42:00+00:00,2026-09-21T13:58:00+00:00,2026-09-21T12:22:58.624000+00:00,2026-09-21T12:22:58.631000+00:00,2026-09-21T13:55:00.626000+00:00,2.00000000,1.21000000,1.12000000,-7.438016528925619834710743800,
,managed_row_matches_0,e44d919d-b65e-4892-aa1b-b71f151a9fc5,57c141ea-dadd-4105-a089-b57acaedf390,c262e78e-8b8e-4a64-bda8-4181a567d78a,,live:orb,NCPL,2026-09-21 14:03:35.213+00,2026-09-21T13:59:02.974000+00:00,649980,exact_trigger_identity_near,LIVE,,live_short_and_trail_after_warmup,post_993_pre_1049,first,False,2026-09-21,10,1789998242206,1789998242206,36b6aad3-bd99-525d-a63f-767e88e2c24a,36b6aad3-bd99-525d-a63f-767e88e2c24a,1.2137,2026-09-21T13:40:00+00:00,2026-09-21T13:41:02.671000+00:00,2026-09-21T13:42:00+00:00,2026-09-21T13:58:00+00:00,2026-09-21T12:22:58.624000+00:00,2026-09-21T12:22:58.631000+00:00,2026-09-21T13:55:00.626000+00:00,1.00000000,1.21000000,,,managed_row_matches_0
e64adf7f-7684-42a6-a30c-d75e5eb85343,exact_price_time_account,b284fc7d-1dc6-4e3d-8172-50eed16d424f,bb792dcd-f366-47be-a260-b9720fb337b1,24a85e79-83d5-4c26-abf6-72d33a5c555b,b0c63ff8-f589-421e-88fd-c612e4932268,live:schwab_1m_v2,GLND,2026-09-21 14:16:16+00,2026-09-21T14:02:02.958000+00:00,650189,exact_trigger_identity_near,LIVE,,live_short_and_trail_after_warmup,post_993_pre_1049,first,False,2026-09-21,10,1789997642199,1789997642199,2a872114-651e-5bdb-a8d3-c557772d091d,2a872114-651e-5bdb-a8d3-c557772d091d,2.8618,2026-09-21T13:30:00+00:00,2026-09-21T13:31:02.446000+00:00,2026-09-21T13:32:00+00:00,2026-09-21T14:01:00+00:00,2026-09-21T11:01:00.653000+00:00,2026-09-18T21:48:48.632000+00:00,2026-09-21T14:00:17.229000+00:00,2.00000000,2.85000000,2.86500000,0.526315789473684210526315800,
5e414176-ee59-4d8e-9b55-f01f3b1fa7b4,exact_price_time_account,8cf0f250-541f-4aac-a556-13b2a609ef2e,709aa686-f9b5-4a35-8ce5-808a312e9694,7644c8bc-85d9-46ea-be31-e662d94ba6a7,6fad0f29-a989-4cb1-a3aa-05b1c7c7577a,live:orb,GLND,2026-09-21 14:16:16.878+00,2026-09-21T14:02:02.958000+00:00,650189,exact_trigger_identity_near,LIVE,,live_short_and_trail_after_warmup,post_993_pre_1049,first,False,2026-09-21,10,1789997642199,1789997642199,2a872114-651e-5bdb-a8d3-c557772d091d,2a872114-651e-5bdb-a8d3-c557772d091d,2.8618,2026-09-21T13:30:00+00:00,2026-09-21T13:31:02.446000+00:00,2026-09-21T13:32:00+00:00,2026-09-21T14:01:00+00:00,2026-09-21T11:01:00.653000+00:00,2026-09-18T21:48:48.632000+00:00,2026-09-21T14:00:17.229000+00:00,1.00000000,2.85000000,3.15010000,10.52982456140350877192982460,
7261a901-f5fc-4e29-a680-d27b4e7fe25f,exact_price_time_account,8040d11d-e07c-40ec-919d-d3f811a08c45,c5fe6836-5963-4c73-98b2-4ba4cd9ce88e,9957bbee-54dc-49b2-8419-368fb35fe5d5,c76994ad-9366-415f-ba13-af5c672a9418,live:schwab_1m_v2,NCPL,2026-09-21 14:30:00+00,2026-09-21T14:22:02.858000+00:00,652281,exact_trigger_identity_near,LIVE,,live_short_and_trail_after_warmup,post_993_pre_1049,first,False,2026-09-21,10,1790000522846,1790000522846,5be2f7ee-5644-5eff-ad89-bea04fdddf3a,5be2f7ee-5644-5eff-ad89-bea04fdddf3a,1.2077,2026-09-21T14:18:00+00:00,2026-09-21T14:19:02.161000+00:00,2026-09-21T14:20:00+00:00,2026-09-21T14:21:00+00:00,2026-09-21T12:22:58.624000+00:00,2026-09-21T12:22:58.631000+00:00,2026-09-21T14:19:41.754000+00:00,2.00000000,1.21000000,1.15500000,-4.545454545454545454545454550,
ace8e44b-ec65-4b65-963f-4a821fd977ef,exact_price_time_account,92cb6a9d-2548-4d79-93b9-011c47690ce6,5970db4d-596a-421f-8d8c-2d39d9dff378,524e8ba0-51c7-4a64-8955-08c7cf11dfed,7af58f0a-0ded-4a62-8ca8-5d9b1f1ade31,live:orb,NCPL,2026-09-21 14:30:00.491+00,2026-09-21T14:22:02.858000+00:00,652281,exact_trigger_identity_near,LIVE,,live_short_and_trail_after_warmup,post_993_pre_1049,first,False,2026-09-21,10,1790000522846,1790000522846,5be2f7ee-5644-5eff-ad89-bea04fdddf3a,5be2f7ee-5644-5eff-ad89-bea04fdddf3a,1.2077,2026-09-21T14:18:00+00:00,2026-09-21T14:19:02.161000+00:00,2026-09-21T14:20:00+00:00,2026-09-21T14:21:00+00:00,2026-09-21T12:22:58.624000+00:00,2026-09-21T12:22:58.631000+00:00,2026-09-21T14:19:41.754000+00:00,1.00000000,1.22000000,1.12000000,-8.196721311475409836065573770,
642217db-43cc-481a-9d46-f994835a5337,exact_price_time_account,3fce34cb-9d7c-4a1e-a8f8-d634471a60a3,08f88144-d8ab-4009-b3c6-dd618e76c2c3,7196cfa4-89de-4b23-8491-5a26a3d5fa26,13896615-c788-4385-8ca6-175c66a0b206,live:schwab_1m_v2,GRML,2026-09-21 14:32:27+00,2026-09-21T14:32:02.306000+00:00,652950,exact_trigger_identity_near,LIVE,,live_short_and_trail_after_warmup,post_993_pre_1049,first,False,2026-09-21,10,1789998362301,1789998362301,f710f57e-f5d6-5dbc-91d6-2b05e664ad95,f710f57e-f5d6-5dbc-91d6-2b05e664ad95,7.1950,2026-09-21T13:42:00+00:00,2026-09-21T13:43:02.807000+00:00,2026-09-21T13:44:00+00:00,2026-09-21T14:31:00+00:00,2026-09-21T11:01:02.123000+00:00,2026-09-21T11:01:02.133000+00:00,2026-09-21T14:23:58.717000+00:00,2.00000000,7.17850000,7.07000000,-1.511457825450999512432959530,
9d4ad0f1-2dbe-47c8-8e0b-afc392422775,exact_price_time_account,eb18e3c5-7ab9-4bf7-bf14-62966ba31493,aca7cb65-1537-4d54-956f-ef8c8deabb44,44cad6c0-e346-41dc-aac0-9f1acdb38cee,d52c6f6e-fa84-47bf-a748-e4b6ac9f81a0,live:orb,GRML,2026-09-21 14:32:27.855+00,2026-09-21T14:32:02.306000+00:00,652950,exact_trigger_identity_near,LIVE,,live_short_and_trail_after_warmup,post_993_pre_1049,first,False,2026-09-21,10,1789998362301,1789998362301,f710f57e-f5d6-5dbc-91d6-2b05e664ad95,f710f57e-f5d6-5dbc-91d6-2b05e664ad95,7.1950,2026-09-21T13:42:00+00:00,2026-09-21T13:43:02.807000+00:00,2026-09-21T13:44:00+00:00,2026-09-21T14:31:00+00:00,2026-09-21T11:01:02.123000+00:00,2026-09-21T11:01:02.133000+00:00,2026-09-21T14:23:58.717000+00:00,1.00000000,7.18000000,7.54500000,5.083565459610027855153203300,
83e6afed-bbe6-4fc0-b71b-2b4db707fdb5,exact_price_time_account,da06fcfd-f74e-4265-88dd-018192b0361a,26a10329-98b4-4f1d-b97e-ed5a52f0594a,362f2df4-3b48-44dd-98a2-9f3b263f413c,204acc43-4698-4e3c-ab97-d2b42a9424a1,live:schwab_1m_v2,VRME,2026-09-21 15:10:06+00,2026-09-21T15:08:03.036000+00:00,655175,exact_trigger_identity_near,LIVE,,live_short_and_trail_after_warmup,post_993_pre_1049,first,False,2026-09-21,11,1790002982262,1790002982262,643daaee-1eaf-5998-a260-0c8249ede23c,643daaee-1eaf-5998-a260-0c8249ede23c,1.1534,2026-09-21T14:59:00+00:00,2026-09-21T15:00:04.008000+00:00,2026-09-21T15:01:00+00:00,2026-09-21T15:07:00+00:00,2026-09-21T13:55:01.726000+00:00,2026-09-21T13:55:01.847000+00:00,2026-09-21T14:23:58.717000+00:00,2.00000000,1.14990000,1.11000000,-3.469866944951734933472475870,
a52198b7-301c-4b81-ad46-1c19722d4252,exact_price_time_account,afbdadb7-e575-4704-b69a-33af360aba71,5b060f76-dd79-40cd-abd7-7b28a9c32d2b,224897a7-0b42-4244-baff-0f01b606389f,d0af7e0d-124f-486f-8417-432e182c512f,live:schwab_1m_v2,VRME,2026-09-21 15:35:27+00,2026-09-21T15:28:03.040000+00:00,656658,exact_trigger_identity_near,LIVE,,live_short_and_trail_after_warmup,post_993_pre_1049,first,False,2026-09-21,11,1790003582835,1790003582835,54803ee2-9ded-5fef-846e-4ad457fb30a8,54803ee2-9ded-5fef-846e-4ad457fb30a8,1.1314,2026-09-21T14:59:00+00:00,2026-09-21T15:00:04.008000+00:00,2026-09-21T15:01:00+00:00,2026-09-21T15:27:00+00:00,2026-09-21T13:55:01.726000+00:00,2026-09-21T13:55:01.847000+00:00,2026-09-21T14:23:58.717000+00:00,2.00000000,1.12990000,1.19000000,5.319054783609168953004690700,
e60a2473-0099-4fbb-b7b2-2af856355b53,exact_price_time_account,b822e541-983a-45b7-95c7-aeb332459aa5,fa0df148-933c-4c87-9f96-d97b2b9b7ad4,0395f35a-f482-4aa1-9cce-9c128ad13cef,340d890d-3edd-41b6-9c4a-d8095afa470f,live:orb,VRME,2026-09-21 15:35:27.877+00,2026-09-21T15:28:03.040000+00:00,656658,exact_trigger_identity_near,LIVE,,live_short_and_trail_after_warmup,post_993_pre_1049,first,False,2026-09-21,11,1790003582835,1790003582835,54803ee2-9ded-5fef-846e-4ad457fb30a8,54803ee2-9ded-5fef-846e-4ad457fb30a8,1.1314,2026-09-21T14:59:00+00:00,2026-09-21T15:00:04.008000+00:00,2026-09-21T15:01:00+00:00,2026-09-21T15:27:00+00:00,2026-09-21T13:55:01.726000+00:00,2026-09-21T13:55:01.847000+00:00,2026-09-21T14:23:58.717000+00:00,1.00000000,1.12740000,1.18000000,4.665602270711371296789072200,
b29b60c2-9ebc-495c-b9ba-1af325ed1a88,exact_price_time_account,0148b89c-ec54-4f19-8735-1ce00894f66c,48df417d-f0b7-4127-9e55-67c539d4314f,7dd97d61-858d-4a39-b072-0a7cb85e0599,a328609a-4020-4de3-814e-5b7e17f15cbf,live:schwab_1m_v2,AVAT,2026-09-21 16:23:29+00,2026-09-21T16:17:03.133000+00:00,661221,exact_trigger_identity_near,LIVE,,live_short_and_trail_after_warmup,post_993_pre_1049,first,False,2026-09-21,12,1790005923144,1790005923144,9644d0ad-4d9f-558d-b51a-4e44f7141bcb,9644d0ad-4d9f-558d-b51a-4e44f7141bcb,1.7806,2026-09-21T15:48:00+00:00,2026-09-21T15:49:03.042000+00:00,2026-09-21T15:50:00+00:00,2026-09-21T16:16:00+00:00,2026-09-21T15:30:44.100000+00:00,2026-09-21T15:30:44.115000+00:00,2026-09-21T15:30:43.032000+00:00,2.00000000,1.78000000,1.74500000,-1.966292134831460674157303370,
ff2482ab-e2eb-4c07-b177-e4eb298f7552,exact_price_time_account,33e90c9f-4a85-4c1a-9efc-5a021aa0c704,3059c6de-1829-458e-990c-aa2daca691dc,3048ee4e-2a8f-4926-96d9-4af09d805da4,0e446225-b5d1-496a-ace2-7b1b59a4a5f3,live:orb,AVAT,2026-09-21 16:23:29.588+00,2026-09-21T16:17:03.133000+00:00,661221,exact_trigger_identity_near,LIVE,,live_short_and_trail_after_warmup,post_993_pre_1049,first,False,2026-09-21,12,1790005923144,1790005923144,9644d0ad-4d9f-558d-b51a-4e44f7141bcb,9644d0ad-4d9f-558d-b51a-4e44f7141bcb,1.7806,2026-09-21T15:48:00+00:00,2026-09-21T15:49:03.042000+00:00,2026-09-21T15:50:00+00:00,2026-09-21T16:16:00+00:00,2026-09-21T15:30:44.100000+00:00,2026-09-21T15:30:44.115000+00:00,2026-09-21T15:30:43.032000+00:00,1.00000000,1.79000000,1.74500000,-2.513966480446927374301675980,
5dd0be04-a393-4d9e-a3c8-3674ef4a4c3d,exact_price_time_account,5c8c17b2-229a-4c8b-8892-f544392d4687,afe0279e-8d42-4e4b-91fb-9ae38e783bce,f0ed0346-9fd8-42a8-af09-b4a5ab2bfa5f,933c7f25-f5b0-4300-ace0-036629bf4f06,live:schwab_1m_v2,GLND,2026-09-21 16:23:49+00,2026-09-21T16:07:02.754000+00:00,660212,exact_trigger_identity_near,LIVE,,live_short_and_trail_after_warmup,post_993_pre_1049,first,False,2026-09-21,12,1790005022589,1790005022589,a6537afb-2263-58d9-b5ff-e3663c433be8,a6537afb-2263-58d9-b5ff-e3663c433be8,2.9586,2026-09-21T15:33:00+00:00,2026-09-21T15:34:02.971000+00:00,2026-09-21T15:35:00+00:00,2026-09-21T16:06:00+00:00,2026-09-21T11:01:00.653000+00:00,2026-09-18T21:48:48.632000+00:00,2026-09-21T15:30:43.032000+00:00,2.00000000,2.96000000,2.84500000,-3.885135135135135135135135140,
83faebf2-b903-4a7b-a27a-1766862ac267,exact_price_time_account,523b785a-0355-4488-aa8e-5581e25d6945,92099710-0760-49ce-85ea-49336ff36e9b,16d01448-b36b-426d-bda4-f30314291b55,7e71891c-b4d9-46d3-ba0b-8216fe48403c,live:orb,GLND,2026-09-21 16:23:49.944+00,2026-09-21T16:07:02.754000+00:00,660212,exact_trigger_identity_near,LIVE,,live_short_and_trail_after_warmup,post_993_pre_1049,first,False,2026-09-21,12,1790005022589,1790005022589,a6537afb-2263-58d9-b5ff-e3663c433be8,a6537afb-2263-58d9-b5ff-e3663c433be8,2.9586,2026-09-21T15:33:00+00:00,2026-09-21T15:34:02.971000+00:00,2026-09-21T15:35:00+00:00,2026-09-21T16:06:00+00:00,2026-09-21T11:01:00.653000+00:00,2026-09-18T21:48:48.632000+00:00,2026-09-21T15:30:43.032000+00:00,1.00000000,2.96000000,2.84500000,-3.885135135135135135135135140,
848f6a2c-6d8c-4bea-b6bf-7394d5741438,exact_price_time_account,a23be900-3c61-40eb-b37a-d4b3017eb733,a57e9df2-5ada-4d39-bae4-e8d0e7c1518b,987839ef-d039-4614-8bd9-761b88d7f781,c3d4f8d9-c877-466a-b4da-837e4e71c43d,live:schwab_1m_v2,GRML,2026-09-21 16:59:16+00,2026-09-21T16:57:03.148000+00:00,665465,exact_trigger_identity_near,LIVE,,live_short_and_trail_after_warmup,post_993_pre_1049,first,False,2026-09-21,12,1790006822786,1790006822786,1d389d45-3bff-598e-9bf7-1ef542ccdd73,1d389d45-3bff-598e-9bf7-1ef542ccdd73,9.0609,2026-09-21T16:03:00+00:00,2026-09-21T16:04:02.284000+00:00,2026-09-21T16:05:00+00:00,2026-09-21T16:56:00+00:00,2026-09-21T11:01:02.123000+00:00,2026-09-21T11:01:02.133000+00:00,2026-09-21T15:30:43.032000+00:00,2.00000000,9.06000000,9.51000000,4.966887417218543046357615900,
25cd6f7b-3a5e-4e3f-94ac-9f25001436af,exact_price_time_account,28c90f01-2ca4-4eb9-bf85-bfded2ad10e4,1fd55d6d-0151-496c-b22e-389aa047abbf,8e564e95-537d-44dd-9d06-5a70bfd535b4,a813529f-07b1-46b0-884f-58b6d79e5984,live:orb,GRML,2026-09-21 16:59:16.327+00,2026-09-21T16:57:03.148000+00:00,665465,exact_trigger_identity_near,LIVE,,live_short_and_trail_after_warmup,post_993_pre_1049,first,False,2026-09-21,12,1790006822786,1790006822786,1d389d45-3bff-598e-9bf7-1ef542ccdd73,1d389d45-3bff-598e-9bf7-1ef542ccdd73,9.0609,2026-09-21T16:03:00+00:00,2026-09-21T16:04:02.284000+00:00,2026-09-21T16:05:00+00:00,2026-09-21T16:56:00+00:00,2026-09-21T11:01:02.123000+00:00,2026-09-21T11:01:02.133000+00:00,2026-09-21T15:30:43.032000+00:00,1.00000000,9.05990000,9.51000000,4.968046004922791642291857500,
6e2e5033-53cf-45b5-98b5-e06810f9fcda,exact_price_time_account,12fd7d22-0e4d-4c1f-9602-e72fe882b86e,b11a71a4-47ce-4a00-98fa-dd2800597a36,012fb8d5-76c7-4849-a776-57e23f1d4962,691e922d-e286-4194-b4c8-192dfdc6e518,live:schwab_1m_v2,AVAT,2026-09-21 17:38:10+00,2026-09-21T17:36:01.434000+00:00,669622,exact_trigger_identity_near,LIVE,,live_short_and_trail_after_warmup,post_993_pre_1049,first,False,2026-09-21,13,1790009943109,1790009943109,83ee6d12-5e0c-507c-9076-5d32d15b9cad,83ee6d12-5e0c-507c-9076-5d32d15b9cad,1.7488,2026-09-21T16:54:00+00:00,2026-09-21T16:55:02.349000+00:00,2026-09-21T16:56:00+00:00,2026-09-21T17:35:00+00:00,2026-09-21T15:30:44.100000+00:00,2026-09-21T15:30:44.115000+00:00,2026-09-21T15:30:43.032000+00:00,2.00000000,1.75000000,1.84000000,5.142857142857142857142857100,
9d4d8f70-08c9-42bc-8fdc-51353c7635d5,exact_price_time_account,1c99e964-0559-4571-8cb0-deb3846c1167,a04bc0d9-b8ba-4fd0-b2c4-f4407f43e411,94688fdc-44ce-474f-972c-c0bd6e022c8f,94f6425a-6046-4bf7-b506-9c4cb7d0b825,live:orb,AVAT,2026-09-21 17:38:10.882+00,2026-09-21T17:36:01.434000+00:00,669622,exact_trigger_identity_near,LIVE,,live_short_and_trail_after_warmup,post_993_pre_1049,first,False,2026-09-21,13,1790009943109,1790009943109,83ee6d12-5e0c-507c-9076-5d32d15b9cad,83ee6d12-5e0c-507c-9076-5d32d15b9cad,1.7488,2026-09-21T16:54:00+00:00,2026-09-21T16:55:02.349000+00:00,2026-09-21T16:56:00+00:00,2026-09-21T17:35:00+00:00,2026-09-21T15:30:44.100000+00:00,2026-09-21T15:30:44.115000+00:00,2026-09-21T15:30:43.032000+00:00,1.00000000,1.75000000,1.84000000,5.142857142857142857142857100,
396f03e8-9d30-4127-8996-8058b0fe016b,exact_price_time_account,e24c2c47-1c54-45a2-a425-215a729c9e65,c4e7c000-ba6a-4490-b9b9-23a8d75aef16,b949b8f0-c2aa-42d4-bbe0-07014e3e1d4c,386c45e4-c874-47f3-b957-0f67ee31e97f,live:schwab_1m_v2,NCPL,2026-09-21 17:42:34+00,2026-09-21T17:32:02.544000+00:00,669216,exact_trigger_identity_near,LIVE,,live_short_and_trail_after_warmup,post_993_pre_1049,first,False,2026-09-21,13,1790007423087,1790007423087,02baac23-76c6-5405-bef4-0332a87fa144,02baac23-76c6-5405-bef4-0332a87fa144,1.0677,2026-09-21T16:12:00+00:00,2026-09-21T16:13:01.271000+00:00,2026-09-21T16:14:00+00:00,2026-09-21T17:31:00+00:00,2026-09-21T12:22:58.624000+00:00,2026-09-21T12:22:58.631000+00:00,2026-09-21T15:30:43.032000+00:00,2.00000000,1.07000000,1.05630000,-1.280373831775700934579439250,
d5299418-aa82-4027-b35f-0f4c8cfa26b0,exact_price_time_account,9b7c8345-e07f-415d-8083-0409b327111d,114fb127-733d-4022-8d31-c485e3d8db1a,3ff3b741-1e5a-45d8-95e1-a8f4d842bb51,9bebdf2c-c2d4-4571-bfa2-066b92224786,live:schwab_1m_v2,NCPL,2026-09-21 17:45:16+00,2026-09-21T17:45:03.141000+00:00,670576,exact_trigger_identity_near,LIVE,,live_short_and_trail_after_warmup,post_993_pre_1049,first,False,2026-09-21,13,1790012702819,1790012702819,2203639c-a5b3-568c-ac47-369a76121034,2203639c-a5b3-568c-ac47-369a76121034,1.0677,2026-09-21T16:12:00+00:00,2026-09-21T16:13:01.271000+00:00,2026-09-21T16:14:00+00:00,2026-09-21T17:44:00+00:00,2026-09-21T12:22:58.624000+00:00,2026-09-21T12:22:58.631000+00:00,2026-09-21T15:30:43.032000+00:00,2.00000000,1.07000000,1.06450000,-0.5140186915887850467289719600,
2a49f99d-9434-42f3-af3b-8c73bed1680a,exact_price_time_account,9e61660a-d5a9-49ee-ac74-8093924e6fbc,8aaa0d6e-445b-4142-b003-444f08c3242b,c0bafa7e-6623-4963-9faf-b6e0ac5bb6e3,4cc21c2c-4e4e-4c40-8e15-2f2543f5e7e1,live:schwab_1m_v2,VRME,2026-09-21 17:46:32+00,2026-09-21T17:44:02.950000+00:00,670474,exact_trigger_identity_near,UNKNOWN,UNKNOWN,warmup_after_short_or_unverified,post_993_pre_1049,first,False,2026-09-21,13,1790010242984,1790010242984,c65d4b7b-1c15-5a1d-9f1f-5e84a5469585,c65d4b7b-1c15-5a1d-9f1f-5e84a5469585,1.4915,2026-09-21T17:00:00+00:00,2026-09-21T17:01:01.071000+00:00,2026-09-21T17:02:00+00:00,2026-09-21T17:43:00+00:00,2026-09-21T13:55:01.726000+00:00,2026-09-21T13:55:01.847000+00:00,2026-09-21T14:23:58.717000+00:00,2.00000000,1.50000000,1.57000000,4.666666666666666666666666700,
8ed75b76-5980-45bc-801b-ff2dd113b1c3,exact_price_time_account,8a44da68-16ca-4f71-b3a9-cbc2081bd624,0c75821d-f5c5-440a-b2b7-fb5169ace0d4,858d5094-c835-4507-baa5-d40effdd75b1,727dbdc5-f594-44f1-943f-a2c24128b07d,live:orb,VRME,2026-09-21 17:46:32.548+00,2026-09-21T17:44:02.950000+00:00,670474,exact_trigger_identity_near,UNKNOWN,UNKNOWN,warmup_after_short_or_unverified,post_993_pre_1049,first,False,2026-09-21,13,1790010242984,1790010242984,c65d4b7b-1c15-5a1d-9f1f-5e84a5469585,c65d4b7b-1c15-5a1d-9f1f-5e84a5469585,1.4915,2026-09-21T17:00:00+00:00,2026-09-21T17:01:01.071000+00:00,2026-09-21T17:02:00+00:00,2026-09-21T17:43:00+00:00,2026-09-21T13:55:01.726000+00:00,2026-09-21T13:55:01.847000+00:00,2026-09-21T14:23:58.717000+00:00,1.00000000,1.50000000,1.58000000,5.333333333333333333333333300,
9555673b-fc88-4388-85ef-08baf158835f,exact_price_time_account,c136e265-1af2-4f1f-832b-5f181dadcb76,ec204009-15a6-486e-a5e9-ec8d887bc520,a3908d6b-3fba-4d36-9c04-107f047cc9ac,d9e84e8a-caed-4d7e-ba16-14dbf25a36d7,live:schwab_1m_v2,NCPL,2026-09-21 17:53:54+00,2026-09-21T17:50:03.424000+00:00,671126,exact_trigger_identity_near,LIVE,,live_short_and_trail_after_warmup,post_993_pre_1049,first,False,2026-09-21,13,1790013003228,1790013003228,200fd740-603e-573e-93cb-9845f35ad154,200fd740-603e-573e-93cb-9845f35ad154,1.0677,2026-09-21T16:12:00+00:00,2026-09-21T16:13:01.271000+00:00,2026-09-21T16:14:00+00:00,2026-09-21T17:49:00+00:00,2026-09-21T12:22:58.624000+00:00,2026-09-21T12:22:58.631000+00:00,2026-09-21T15:30:43.032000+00:00,2.00000000,1.07000000,1.05500000,-1.401869158878504672897196260,
4daeab30-a1f5-4e1b-9b75-794d75f0e10d,exact_price_time_account,6c1337c5-fbe9-4619-bd56-b9518c45d37a,dc700f7f-8b92-4c86-86cd-0f4ca0510a81,7c8d1f7a-ef4e-4b5a-88ad-f05b33ebf308,ce3d8f49-f86e-4bb6-90dd-7de1374378b5,live:orb,NCPL,2026-09-21 17:53:54.402+00,2026-09-21T17:50:03.424000+00:00,671126,exact_trigger_identity_near,LIVE,,live_short_and_trail_after_warmup,post_993_pre_1049,first,False,2026-09-21,13,1790013003228,1790013003228,200fd740-603e-573e-93cb-9845f35ad154,200fd740-603e-573e-93cb-9845f35ad154,1.0677,2026-09-21T16:12:00+00:00,2026-09-21T16:13:01.271000+00:00,2026-09-21T16:14:00+00:00,2026-09-21T17:49:00+00:00,2026-09-21T12:22:58.624000+00:00,2026-09-21T12:22:58.631000+00:00,2026-09-21T15:30:43.032000+00:00,1.00000000,1.07000000,1.12500000,5.140186915887850467289719600,
66f374f3-3498-45a0-b74b-9511832e36ce,exact_price_time_account,3b23870b-19f4-44d5-8f6d-0f97e5b29f97,b2670197-f485-4d80-abbb-b5627b84d3c9,373c60d6-7c80-416a-a405-9e8dc40bb1d2,01e4f3c1-775d-496f-a310-333fe9089b77,live:schwab_1m_v2,GLND,2026-09-21 18:18:31+00,2026-09-21T18:08:02.809000+00:00,673147,exact_trigger_identity_near,LIVE,,live_short_and_trail_after_warmup,post_993_pre_1049,first,False,2026-09-21,14,1790012462479,1790012462479,d03e2389-5c0f-5499-9c97-ee3dbf03ca00,d03e2389-5c0f-5499-9c97-ee3dbf03ca00,2.8412,2026-09-21T17:37:00+00:00,2026-09-21T17:38:02.387000+00:00,2026-09-21T17:39:00+00:00,2026-09-21T18:07:00+00:00,2026-09-21T11:01:00.653000+00:00,2026-09-18T21:48:48.632000+00:00,2026-09-21T18:05:45.168000+00:00,2.00000000,2.84000000,2.80500000,-1.232394366197183098591549300,
9d7ee8cc-d3ba-4a93-a6f4-846e558868f4,exact_price_time_account,1f97a415-997d-487f-bd7d-730e509b7ce2,7155592d-197a-4ae1-83b8-d6b4bd15d66d,a765ea75-3706-4bbe-8669-c66d989170fd,e4a7080d-f588-46c9-ac7d-3dfddfd6a262,live:orb,GLND,2026-09-21 18:18:31.823+00,2026-09-21T18:08:02.809000+00:00,673147,exact_trigger_identity_near,LIVE,,live_short_and_trail_after_warmup,post_993_pre_1049,first,False,2026-09-21,14,1790012462479,1790012462479,d03e2389-5c0f-5499-9c97-ee3dbf03ca00,d03e2389-5c0f-5499-9c97-ee3dbf03ca00,2.8412,2026-09-21T17:37:00+00:00,2026-09-21T17:38:02.387000+00:00,2026-09-21T17:39:00+00:00,2026-09-21T18:07:00+00:00,2026-09-21T11:01:00.653000+00:00,2026-09-18T21:48:48.632000+00:00,2026-09-21T18:05:45.168000+00:00,1.00000000,2.84000000,2.93500000,3.345070422535211267605633800,
ff67c8ed-28a8-4201-ab23-e32f967a2721,exact_price_time_account,0767c2b4-5824-4688-9ba3-5d0c4b9ca8a3,48754e4f-75db-4dc1-bd0e-be6fe9bce5c3,6b5d8361-3614-410a-9970-b037b1b6ff4c,e06f612a-991e-4a70-9d1a-d174d2bb4c77,live:schwab_1m_v2,GRML,2026-09-21 18:47:04+00,2026-09-21T18:33:02.949000+00:00,675821,exact_trigger_identity_near,LIVE,,live_short_and_trail_after_warmup,post_993_pre_1049,first,False,2026-09-21,14,1790015582896,1790015582896,3f3945a9-5cde-52ec-bbbb-03b6ede271a3,3f3945a9-5cde-52ec-bbbb-03b6ede271a3,10.0044,2026-09-21T18:29:00+00:00,2026-09-21T18:30:04.021000+00:00,2026-09-21T18:31:00+00:00,2026-09-21T18:32:00+00:00,2026-09-21T11:01:02.123000+00:00,2026-09-21T11:01:02.133000+00:00,2026-09-21T18:18:00.888000+00:00,2.00000000,10.00000000,10.50000000,5.00,
,managed_row_matches_0,3c88f171-3853-458d-ad46-0782199aa6c4,aff3126f-4166-4fa1-91d3-33fa31f0d2cf,0f7ab9d7-3a1f-463e-8960-956aefdf6df0,,live:orb,GRML,2026-09-21 18:47:04.651+00,2026-09-21T18:33:02.949000+00:00,675821,exact_trigger_identity_near,LIVE,,live_short_and_trail_after_warmup,post_993_pre_1049,first,False,2026-09-21,14,1790015582896,1790015582896,3f3945a9-5cde-52ec-bbbb-03b6ede271a3,3f3945a9-5cde-52ec-bbbb-03b6ede271a3,10.0044,2026-09-21T18:29:00+00:00,2026-09-21T18:30:04.021000+00:00,2026-09-21T18:31:00+00:00,2026-09-21T18:32:00+00:00,2026-09-21T11:01:02.123000+00:00,2026-09-21T11:01:02.133000+00:00,2026-09-21T18:18:00.888000+00:00,1.00000000,10.03000000,,,managed_row_matches_0
ba571238-3d57-4f30-9e53-9e8a96dc6e8e,exact_price_time_account,416aed48-be83-4c86-bb8d-fbea18920122,2c7292ce-04fe-4daf-889f-37e4cd2049db,84d5022d-955f-46da-93da-e39f9172321e,d6ffdf33-f6e9-43ba-9462-a3ad7fe7805c,live:schwab_1m_v2,VRME,2026-09-21 19:00:36+00,2026-09-21T18:52:02.386000+00:00,677888,exact_trigger_identity_near,UNKNOWN,UNKNOWN,warmup_after_short_or_unverified,post_993_pre_1049,first,False,2026-09-21,15,1790015522426,1790015522426,4fafd144-d1bc-5009-8de9-3cb5b2c0a586,4fafd144-d1bc-5009-8de9-3cb5b2c0a586,1.4495,2026-09-21T18:28:00+00:00,2026-09-21T18:29:02.292000+00:00,2026-09-21T18:30:00+00:00,2026-09-21T18:51:00+00:00,2026-09-21T13:55:01.726000+00:00,2026-09-21T13:55:01.847000+00:00,2026-09-21T14:23:58.717000+00:00,2.00000000,1.44500000,1.37150000,-5.086505190311418685121107270,
7ef1a20a-3073-44f4-aceb-52fc68967da6,exact_price_time_account,8386fcd5-5c3d-4567-b827-bf1e7f6f13fc,6bfa54c9-9111-49a5-8730-2d053eb70d29,ee967633-c6b8-41ad-885e-cbebf3976816,1845217c-7c99-4e69-9a84-011f9229d9ae,live:orb,VRME,2026-09-21 19:00:36.645+00,2026-09-21T18:52:02.386000+00:00,677888,exact_trigger_identity_near,UNKNOWN,UNKNOWN,warmup_after_short_or_unverified,post_993_pre_1049,first,False,2026-09-21,15,1790015522426,1790015522426,4fafd144-d1bc-5009-8de9-3cb5b2c0a586,4fafd144-d1bc-5009-8de9-3cb5b2c0a586,1.4495,2026-09-21T18:28:00+00:00,2026-09-21T18:29:02.292000+00:00,2026-09-21T18:30:00+00:00,2026-09-21T18:51:00+00:00,2026-09-21T13:55:01.726000+00:00,2026-09-21T13:55:01.847000+00:00,2026-09-21T14:23:58.717000+00:00,1.00000000,1.44500000,1.37500000,-4.844290657439446366782006920,
3937e853-817f-4d48-9e6a-eb87332e391f,exact_price_time_account,1421eebf-e809-4fef-a3ea-636d63be52c4,d6f4d540-2270-48d3-862c-25031a2f88f7,04438ac4-3071-49d4-bddc-f31155f4b482,3e35cf93-c7f5-40b0-9d03-63a6e420f3b8,live:schwab_1m_v2,NCPL,2026-09-21 19:05:44+00,2026-09-21T18:58:02.478000+00:00,678505,exact_trigger_identity_near,LIVE,,live_short_and_trail_after_warmup,post_993_pre_1049,first,False,2026-09-21,15,1790015522338,1790015522338,9cb95987-db5f-54ac-8a17-bc8419857e3c,9cb95987-db5f-54ac-8a17-bc8419857e3c,1.1196,2026-09-21T18:28:00+00:00,2026-09-21T18:29:00.985000+00:00,2026-09-21T18:30:00+00:00,2026-09-21T18:57:00+00:00,2026-09-21T12:22:58.624000+00:00,2026-09-21T12:22:58.631000+00:00,2026-09-21T18:18:00.888000+00:00,2.00000000,1.11500000,1.10380000,-1.004484304932735426008968610,
38a7ef75-5fae-4db1-b971-782f361c0572,exact_price_time_account,07127dcd-c0ef-47f6-91d0-b18502e93e8a,9755154c-e77e-41b9-9580-f827b4366ae6,88415f76-ddea-41e4-8946-c2b061d21100,b1686713-53f5-46b3-958a-8e5f14e2d544,live:orb,NCPL,2026-09-21 19:05:44.35+00,2026-09-21T18:58:02.478000+00:00,678505,exact_trigger_identity_near,LIVE,,live_short_and_trail_after_warmup,post_993_pre_1049,first,False,2026-09-21,15,1790015522338,1790015522338,9cb95987-db5f-54ac-8a17-bc8419857e3c,9cb95987-db5f-54ac-8a17-bc8419857e3c,1.1196,2026-09-21T18:28:00+00:00,2026-09-21T18:29:00.985000+00:00,2026-09-21T18:30:00+00:00,2026-09-21T18:57:00+00:00,2026-09-21T12:22:58.624000+00:00,2026-09-21T12:22:58.631000+00:00,2026-09-21T18:18:00.888000+00:00,1.00000000,1.12000000,1.10500000,-1.339285714285714285714285710,
21e1631b-0ae6-41a6-a2f5-1c69ace86bfe,exact_price_time_account,bf0ec7b8-a2e9-4feb-81f3-701374e8f404,089d2ae9-034d-41c0-a5c6-20488c0d3a3b,dbb907c8-52b4-406f-8feb-793aa7a6d4eb,e55c89d1-dcb5-46a2-abae-31cbb536ea1e,live:schwab_1m_v2,GRML,2026-09-21 19:49:51+00,2026-09-21T19:47:02.686000+00:00,682834,exact_trigger_identity_near,LIVE,,live_short_and_trail_after_warmup,post_993_pre_1049,first,False,2026-09-21,15,1790020022675,1790020022675,915c0aa8-c48e-5fd3-8e22-7127c92edcbf,915c0aa8-c48e-5fd3-8e22-7127c92edcbf,10.3766,2026-09-21T19:43:00+00:00,2026-09-21T19:44:02.335000+00:00,2026-09-21T19:45:00+00:00,2026-09-21T19:46:00+00:00,2026-09-21T11:01:02.123000+00:00,2026-09-21T11:01:02.133000+00:00,2026-09-21T19:35:44.678000+00:00,2.00000000,10.38000000,9.55000000,-7.996146435452793834296724470,
d8d42621-8346-45d1-8e8d-a8b88b334103,exact_price_time_account,2a28e480-717d-4d9c-9852-edd6cf55bcfc,7fb2f0a8-bdaf-4696-8903-24230a01cd81,9f35bced-8a1d-4733-9ae4-28d2f962c3d8,bae3258e-c442-4437-9e29-cd908ca4b1f8,live:orb,GRML,2026-09-21 19:49:51.04+00,2026-09-21T19:47:02.686000+00:00,682834,exact_trigger_identity_near,LIVE,,live_short_and_trail_after_warmup,post_993_pre_1049,first,False,2026-09-21,15,1790020022675,1790020022675,915c0aa8-c48e-5fd3-8e22-7127c92edcbf,915c0aa8-c48e-5fd3-8e22-7127c92edcbf,10.3766,2026-09-21T19:43:00+00:00,2026-09-21T19:44:02.335000+00:00,2026-09-21T19:45:00+00:00,2026-09-21T19:46:00+00:00,2026-09-21T11:01:02.123000+00:00,2026-09-21T11:01:02.133000+00:00,2026-09-21T19:35:44.678000+00:00,1.00000000,10.37900000,9.54000000,-8.083630407553714230658059540,
b8224250-eabe-423e-8f94-26f688d05ab4,exact_price_time_account,91cd9890-d6b8-4fc6-8174-b90d03f62876,07e77ec7-2178-4577-bf05-319e1113d7fe,1d44d51e-bf5f-45ec-be7b-c0663e9f07d7,edb9fc50-9ba3-4ff3-9fde-2674e1b486e7,live:schwab_1m_v2,TOPS,2026-09-22 12:05:40+00,2026-09-22T12:01:02.298000+00:00,701104,exact_trigger_identity_delayed,LIVE,,live_short_and_trail_after_warmup,post_993_pre_1049,first,True,2026-09-22,08,1790077442145,,45183dd3-09f2-5a0c-a990-04b2c5add331,,1.3453,2026-09-22T11:40:00+00:00,2026-09-22T11:41:02.519000+00:00,2026-09-22T11:42:00+00:00,2026-09-22T12:00:00+00:00,2026-09-22T11:01:02.356000+00:00,2026-09-22T11:01:02.372000+00:00,2026-09-22T11:54:03.525000+00:00,2.00000000,1.35000000,1.32140000,-2.118518518518518518518518520,
1527bc09-daee-41b2-b7da-7f972f5123d1,exact_price_time_account,cee2fcd3-7422-4d87-939e-3b3afb0c7d32,f132d98b-635b-4f92-a67b-2c40ce99fe4a,7d2862f5-5a78-425f-a9d9-309751f4796f,da128a06-c490-4403-b2a3-8e073dc6951b,live:orb,TOPS,2026-09-22 12:05:40.42+00,2026-09-22T12:01:02.298000+00:00,701104,exact_trigger_identity_delayed,LIVE,,live_short_and_trail_after_warmup,post_993_pre_1049,first,True,2026-09-22,08,1790077442145,,45183dd3-09f2-5a0c-a990-04b2c5add331,,1.3453,2026-09-22T11:40:00+00:00,2026-09-22T11:41:02.519000+00:00,2026-09-22T11:42:00+00:00,2026-09-22T12:00:00+00:00,2026-09-22T11:01:02.356000+00:00,2026-09-22T11:01:02.372000+00:00,2026-09-22T11:54:03.525000+00:00,1.00000000,1.34860000,1.32000000,-2.120717781402936378466557910,
ce31b78d-d41f-4909-b291-70053ce90a81,exact_price_time_account,6d15ef6e-f8fe-418a-bf3b-5368f49c1df8,c70d95ed-e4bf-4dc3-a7a3-cabda8216a09,3577226d-8537-4449-9a59-a561c4a1de4e,6e54de7f-fef5-4ff9-a076-0cb36b2018dc,live:orb,QNME,2026-09-22 13:32:35.784+00,,,placement_matches_0,UNKNOWN,UNKNOWN,placement_matches_0,post_993_pre_1049,first,True,2026-09-22,09,1790081342167,,da51c82d-e594-5c31-8d62-8b6d64236c74,,1.3750,,,,,,,,1.00000000,1.35500000,1.31010000,-3.313653136531365313653136530,
bb0d6410-733b-4d87-b2a1-44f64a067d5a,exact_price_time_account,8b07fdcd-a024-4950-bd41-c87cd3ed414a,f27e3fe0-b452-4b27-889b-ff93d62504db,5ed5c1fd-b369-4b1c-8d13-16fb92e1c36d,515df666-5e3f-48f7-a317-4befdd02e385,live:orb,IMCC,2026-09-22 13:35:15.69+00,2026-09-22T13:35:03.166000+00:00,705809,exact_trigger_identity_near,LIVE,,live_short_and_trail_after_warmup,post_993_pre_1049,first,True,2026-09-22,09,1790084103146,1790084103146,e1c87df6-087b-5bb9-94b9-a262f7f061c1,e1c87df6-087b-5bb9-94b9-a262f7f061c1,4.6406,2026-09-22T13:31:00+00:00,2026-09-22T13:32:02.376000+00:00,2026-09-22T13:33:00+00:00,2026-09-22T13:34:00+00:00,2026-09-22T12:58:06.284000+00:00,2026-09-22T12:58:06.293000+00:00,2026-09-22T13:34:44.129000+00:00,1.00000000,4.66000000,4.89000000,4.935622317596566523605150200,
d04c8860-2dcc-478e-a4a8-1fb459c347e6,exact_price_time_account,e665c629-4a45-4871-a910-0bbd7225e691,fc64d8fe-7b77-4c49-b8ad-e3899337fc4a,62347a85-ca87-4acd-b45f-26ca0aeff138,b6bfdd89-3876-413f-906e-df470b5b8ec1,live:schwab_1m_v2,TOPS,2026-09-22 13:50:14+00,2026-09-22T13:43:02.379000+00:00,706422,exact_trigger_identity_near,LIVE,,live_short_and_trail_after_warmup,post_993_pre_1049,first,True,2026-09-22,09,1790083141259,1790083141259,791d48ff-cee8-51e6-9aef-340e597c2ae4,791d48ff-cee8-51e6-9aef-340e597c2ae4,1.1515,2026-09-22T13:15:00+00:00,2026-09-22T13:16:02.380000+00:00,2026-09-22T13:17:00+00:00,2026-09-22T13:42:00+00:00,2026-09-22T11:01:02.356000+00:00,2026-09-22T11:01:02.372000+00:00,2026-09-22T13:41:57.720000+00:00,2.00000000,1.15000000,1.10500000,-3.913043478260869565217391300,
c4e4ea0e-bc16-431e-b64b-4e6713bf8e8d,exact_price_time_account,fe411820-1ae0-4fc4-8ecb-3e2e7f43295d,71168902-8f71-4e3b-989d-21f1036aee8b,9d0e10c4-d852-44a7-9c08-0f0876c172d2,3c5b89fe-ccd2-43a4-b2bb-5b075d3b7383,live:orb,TOPS,2026-09-22 13:50:14.425+00,2026-09-22T13:43:02.379000+00:00,706422,exact_trigger_identity_delayed,LIVE,,live_short_and_trail_after_warmup,post_993_pre_1049,first,True,2026-09-22,09,1790083141259,1790083141259,791d48ff-cee8-51e6-9aef-340e597c2ae4,791d48ff-cee8-51e6-9aef-340e597c2ae4,1.1515,2026-09-22T13:15:00+00:00,2026-09-22T13:16:02.380000+00:00,2026-09-22T13:17:00+00:00,2026-09-22T13:42:00+00:00,2026-09-22T11:01:02.356000+00:00,2026-09-22T11:01:02.372000+00:00,2026-09-22T13:41:57.720000+00:00,1.00000000,1.15000000,1.10500000,-3.913043478260869565217391300,
19ae2f29-c2ce-48e3-a5d5-e515ebe9dffe,exact_price_time_account,29dce22b-6883-42f4-a1a5-4ecced8ea34f,95db4d9d-2ddb-4285-91cd-def80fdb6fac,1c5cad29-4334-4a1a-ab43-32559d38236c,45abce63-b246-49c3-898b-d47f6266ea22,live:schwab_1m_v2,QNME,2026-09-22 14:13:37+00,2026-09-22T13:59:02.331000+00:00,707569,exact_trigger_identity_near,LIVE,,live_short_and_trail_after_warmup,post_993_pre_1049,first,True,2026-09-22,10,1790084102949,1790084102949,37df56d1-840d-5a7c-a86b-8a019b2ea655,37df56d1-840d-5a7c-a86b-8a019b2ea655,1.1450,2026-09-22T12:45:00+00:00,2026-09-22T12:46:02.469000+00:00,2026-09-22T12:47:00+00:00,2026-09-22T13:58:00+00:00,2026-09-22T11:07:00.549000+00:00,2026-09-22T11:07:00.557000+00:00,2026-09-22T13:58:39.473000+00:00,2.00000000,1.15000000,1.13010000,-1.730434782608695652173913040,
85d420c2-8bc0-4c07-938c-3d66c8f074e5,exact_price_time_account,19b37b45-685f-4c6a-8b91-dd9a50c5fe18,d9372f07-16b7-422a-a57b-f31d7d37d796,2abee701-fa21-4f6e-9af1-76f77923ce67,565b0ab9-e972-40f5-aa29-07253004c906,live:orb,QNME,2026-09-22 14:13:37.645+00,2026-09-22T13:59:02.331000+00:00,707569,exact_trigger_identity_delayed,LIVE,,live_short_and_trail_after_warmup,post_993_pre_1049,first,True,2026-09-22,10,1790084102949,1790084102949,37df56d1-840d-5a7c-a86b-8a019b2ea655,37df56d1-840d-5a7c-a86b-8a019b2ea655,1.1450,2026-09-22T12:45:00+00:00,2026-09-22T12:46:02.469000+00:00,2026-09-22T12:47:00+00:00,2026-09-22T13:58:00+00:00,2026-09-22T11:07:00.549000+00:00,2026-09-22T11:07:00.557000+00:00,2026-09-22T13:58:39.473000+00:00,1.00000000,1.15000000,1.06000000,-7.826086956521739130434782610,
4c8905a5-187f-4d8c-9ee0-ce3196593e44,exact_price_time_account,c443914e-fe18-4017-8168-7aa3cd7da455,afcaba33-71e0-42de-984d-65854e7fdd3c,1453f573-8d0a-42e6-85c4-5f5ea283fe3c,a936eaa3-96d7-4c05-b247-46b2cb861ded,live:schwab_1m_v2,DCOY,2026-09-22 14:53:05+00,2026-09-22T14:45:02.762000+00:00,709999,exact_trigger_identity_near,LIVE,,live_short_and_trail_after_warmup,post_993_pre_1049,first,True,2026-09-22,10,1790087942847,1790087942847,932e5d7a-1c7d-5578-b286-ec4141ff1118,932e5d7a-1c7d-5578-b286-ec4141ff1118,5.7912,2026-09-22T14:35:00+00:00,2026-09-22T14:36:02.497000+00:00,2026-09-22T14:37:00+00:00,2026-09-22T14:44:00+00:00,2026-09-22T11:47:51.985000+00:00,2026-09-22T11:47:52.005000+00:00,2026-09-22T14:35:30.686000+00:00,2.00000000,5.79000000,5.61010000,-3.107081174438687392055267700,
460da416-8392-4503-a70d-5499b3cd366d,exact_price_time_account,68833dad-3b95-4951-83d7-a7df052a4adc,589e420f-3585-442e-850d-f64ebcc2c821,349f365c-e645-46b3-ada8-c13da13df59e,08566179-57c3-46bb-90f4-7552ff24f6ab,live:orb,DCOY,2026-09-22 14:53:05.526+00,2026-09-22T14:45:02.762000+00:00,709999,exact_trigger_identity_near,LIVE,,live_short_and_trail_after_warmup,post_993_pre_1049,first,True,2026-09-22,10,1790087942847,1790087942847,932e5d7a-1c7d-5578-b286-ec4141ff1118,932e5d7a-1c7d-5578-b286-ec4141ff1118,5.7912,2026-09-22T14:35:00+00:00,2026-09-22T14:36:02.497000+00:00,2026-09-22T14:37:00+00:00,2026-09-22T14:44:00+00:00,2026-09-22T11:47:51.985000+00:00,2026-09-22T11:47:52.005000+00:00,2026-09-22T14:35:30.686000+00:00,1.00000000,5.79900000,5.60000000,-3.431626142438351439903431630,
11121895-982d-4a7e-985b-aa78654cbda9,exact_price_time_account,2adc32f9-7511-4cef-bc2f-9672b5afe938,63864421-1f4b-4904-b71b-26dc47bd29a4,6134baf2-c419-43d5-8129-5c52960a5e4d,f1a1b922-f1d6-4dd3-8861-6c55f48e7d9e,live:schwab_1m_v2,DCOY,2026-09-22 15:03:27+00,2026-09-22T14:56:02.585000+00:00,710579,exact_trigger_identity_near,LIVE,,live_short_and_trail_after_warmup,post_993_pre_1049,first,True,2026-09-22,11,1790088962572,1790088962572,71d7e4ea-cb2b-5b22-91ad-3b5d2ace9e42,71d7e4ea-cb2b-5b22-91ad-3b5d2ace9e42,5.7912,2026-09-22T14:35:00+00:00,2026-09-22T14:36:02.497000+00:00,2026-09-22T14:37:00+00:00,2026-09-22T14:55:00+00:00,2026-09-22T11:47:51.985000+00:00,2026-09-22T11:47:52.005000+00:00,2026-09-22T14:46:47.238000+00:00,2.00000000,5.79000000,5.68500000,-1.813471502590673575129533680,
e9a5e7cd-99dd-4351-9733-fe6422d23a48,exact_price_time_account,28540d90-dff1-4c3c-bd8c-866fd7e4b800,5cf791d9-82d3-4c16-afe7-f03c90043f46,57c030ee-1c92-44df-9ac3-5e7010b56c05,21368cf3-2b6f-4e11-bd51-75587790359b,live:orb,DCOY,2026-09-22 15:03:27.494+00,2026-09-22T14:56:02.585000+00:00,710579,exact_trigger_identity_near,LIVE,,live_short_and_trail_after_warmup,post_993_pre_1049,first,True,2026-09-22,11,1790088962572,1790088962572,71d7e4ea-cb2b-5b22-91ad-3b5d2ace9e42,71d7e4ea-cb2b-5b22-91ad-3b5d2ace9e42,5.7912,2026-09-22T14:35:00+00:00,2026-09-22T14:36:02.497000+00:00,2026-09-22T14:37:00+00:00,2026-09-22T14:55:00+00:00,2026-09-22T11:47:51.985000+00:00,2026-09-22T11:47:52.005000+00:00,2026-09-22T14:46:47.238000+00:00,1.00000000,5.79000000,5.60000000,-3.281519861830742659758203800,
055f9eb1-159b-4f3d-aaf1-51e64b859417,exact_price_time_account,e25d254c-f1ac-4dfc-942e-3b8c04d09b03,f598ef91-806e-45cb-afdd-b2b5f3c18b8b,53b141e8-820d-4e4c-8019-dc759b13297c,7c538f0b-334b-48e4-bc5c-1cca5ce7aa7e,live:schwab_1m_v2,DCOY,2026-09-22 15:52:48+00,2026-09-22T15:42:02.714000+00:00,712376,exact_trigger_identity_near,LIVE,,live_short_and_trail_after_warmup,post_993_pre_1049,first,True,2026-09-22,11,1790089563063,1790089563063,8a136448-021c-5c89-a325-be1b1c3636b3,8a136448-021c-5c89-a325-be1b1c3636b3,5.3309,2026-09-22T14:35:00+00:00,2026-09-22T14:36:02.497000+00:00,2026-09-22T14:37:00+00:00,2026-09-22T15:41:00+00:00,2026-09-22T11:47:51.985000+00:00,2026-09-22T11:47:52.005000+00:00,2026-09-22T15:31:04.587000+00:00,2.00000000,5.32500000,4.90000000,-7.981220657276995305164319250,
ffef3f1a-bf65-4b2f-9c79-22620d37df42,exact_price_time_account,5dfff287-cdbb-432f-b38e-51be22783f29,b3855726-3eeb-4764-965f-8494bec0c20f,ea712bcb-7ab3-4255-b5ce-a37198ed2c33,bb55a5b5-1255-4c03-81a3-b7912c93bd81,live:orb,DCOY,2026-09-22 15:52:48.612+00,2026-09-22T15:42:02.714000+00:00,712376,exact_trigger_identity_near,LIVE,,live_short_and_trail_after_warmup,post_993_pre_1049,first,True,2026-09-22,11,1790089563063,1790089563063,8a136448-021c-5c89-a325-be1b1c3636b3,8a136448-021c-5c89-a325-be1b1c3636b3,5.3309,2026-09-22T14:35:00+00:00,2026-09-22T14:36:02.497000+00:00,2026-09-22T14:37:00+00:00,2026-09-22T15:41:00+00:00,2026-09-22T11:47:51.985000+00:00,2026-09-22T11:47:52.005000+00:00,2026-09-22T15:31:04.587000+00:00,1.00000000,5.33000000,4.90000000,-8.067542213883677298311444650,
f673ff79-5e5d-4e95-bd61-dc8b0dcb9003,exact_price_time_account,a5c23afc-3ddc-46fa-ae8e-19127a1feeeb,9e86bf38-399a-4d08-aebd-af32d2c3fca5,17a0a98c-4d91-473a-b9ad-a89dba50ba3a,c6d242e0-1b68-4e8c-8ac6-97765c313f22,live:schwab_1m_v2,JAGX,2026-09-22 18:45:55+00,2026-09-22T18:42:02.316000+00:00,718671,exact_trigger_identity_near,LIVE,,live_short_and_trail_after_warmup,post_993_pre_1049,first,True,2026-09-22,14,1790101323077,1790101323077,08ee0aa9-0d59-5fa0-9d64-fd1c365bfac2,08ee0aa9-0d59-5fa0-9d64-fd1c365bfac2,13.4749,2026-09-22T18:18:00+00:00,2026-09-22T18:19:03.020000+00:00,2026-09-22T18:20:00+00:00,2026-09-22T18:41:00+00:00,2026-09-22T16:53:02.873000+00:00,2026-09-22T16:53:02.884000+00:00,2026-09-22T18:12:55.953000+00:00,2.00000000,13.50000000,12.71340000,-5.826666666666666666666666670,
725d5aad-48e0-4f5b-80ee-d353192a2e74,exact_price_time_account,8b8f1765-3d66-408a-b80a-ed41158ed905,d677bdf9-612a-47ba-9330-c90a2e49d11e,ee8e8a90-fabc-440a-85fb-5bb2af206db6,f6773d87-880e-42a0-b3fa-e5d4199982e9,live:orb,JAGX,2026-09-22 18:45:55+00,2026-09-22T18:42:02.316000+00:00,718671,exact_trigger_identity_near,LIVE,,live_short_and_trail_after_warmup,post_993_pre_1049,first,True,2026-09-22,14,1790101323077,1790101323077,08ee0aa9-0d59-5fa0-9d64-fd1c365bfac2,08ee0aa9-0d59-5fa0-9d64-fd1c365bfac2,13.4749,2026-09-22T18:18:00+00:00,2026-09-22T18:19:03.020000+00:00,2026-09-22T18:20:00+00:00,2026-09-22T18:41:00+00:00,2026-09-22T16:53:02.873000+00:00,2026-09-22T16:53:02.884000+00:00,2026-09-22T18:12:55.953000+00:00,1.00000000,13.50000000,12.65000000,-6.296296296296296296296296300,
684e3ff5-2fca-4946-ab43-12126a24eb36,exact_price_time_account,fc4600f0-ea6a-473b-9ecd-28acbe4d07e2,43251fc7-0e4b-4d50-a26c-afd9359311b0,9b182a4c-fb07-491c-a6e6-17f532cd609e,bc4f449a-40a8-4283-b2bd-2017ce00e08d,live:schwab_1m_v2,JAGX,2026-09-22 18:52:54+00,2026-09-22T18:48:02.423000+00:00,718960,exact_trigger_identity_near,LIVE,,live_short_and_trail_after_warmup,post_993_pre_1049,first,True,2026-09-22,14,1790102882406,1790102882406,14ee8494-08e8-530a-864e-f85bc931dbb9,14ee8494-08e8-530a-864e-f85bc931dbb9,13.4749,2026-09-22T18:18:00+00:00,2026-09-22T18:19:03.020000+00:00,2026-09-22T18:20:00+00:00,2026-09-22T18:47:00+00:00,2026-09-22T16:53:02.873000+00:00,2026-09-22T16:53:02.884000+00:00,2026-09-22T18:12:55.953000+00:00,2.00000000,13.46000000,14.15000000,5.126300148588410104011887100,
96e18da3-5bbc-4a75-ba1e-59813c409a98,exact_price_time_account,f020157e-19c4-4b41-8db1-f1643098d486,0dac55e3-615f-4971-96c1-222a0a755dc6,bbb19d7a-f48e-4338-8801-8e427b35aa72,99add0ce-19cf-4306-9511-c0ec7fac43af,live:orb,JAGX,2026-09-22 18:52:54.53+00,2026-09-22T18:48:02.423000+00:00,718960,exact_trigger_identity_near,LIVE,,live_short_and_trail_after_warmup,post_993_pre_1049,first,True,2026-09-22,14,1790102882406,1790102882406,14ee8494-08e8-530a-864e-f85bc931dbb9,14ee8494-08e8-530a-864e-f85bc931dbb9,13.4749,2026-09-22T18:18:00+00:00,2026-09-22T18:19:03.020000+00:00,2026-09-22T18:20:00+00:00,2026-09-22T18:47:00+00:00,2026-09-22T16:53:02.873000+00:00,2026-09-22T16:53:02.884000+00:00,2026-09-22T18:12:55.953000+00:00,1.00000000,13.49000000,14.16000000,4.966641957005189028910303900,
4746be5a-2be4-4407-ae6f-98a47e562f35,exact_price_time_account,7dca1efc-bc01-49e0-8e0c-950417cc1c41,b6171d45-0447-4e59-aced-ca24ec671212,45f46f01-87a3-4034-a65f-8cbce56f7c72,4674f1d0-49e1-4d6c-b4f7-91059773488f,live:schwab_1m_v2,RAIN,2026-09-22 19:09:01+00,2026-09-22T19:07:02.880000+00:00,720059,exact_trigger_identity_near,LIVE,,live_short_and_trail_after_warmup,post_993_pre_1049,first,True,2026-09-22,15,1790102402743,1790102402743,86d6e4bd-c567-51c0-ae63-c0c757c061b9,86d6e4bd-c567-51c0-ae63-c0c757c061b9,1.0527,2026-09-22T18:36:00+00:00,2026-09-22T18:37:02.605000+00:00,2026-09-22T18:38:00+00:00,2026-09-22T19:06:00+00:00,2026-09-22T18:12:57.820000+00:00,2026-09-22T18:12:57.831000+00:00,2026-09-22T18:12:55.953000+00:00,2.00000000,1.05000000,1.02280000,-2.590476190476190476190476190,
0fe0a941-881a-49bc-a380-0fd0ad29e285,exact_price_time_account,2b8767a2-ab85-4f1a-8629-fffe94328a08,7e488876-4614-42fb-8058-e6b0d4483bb8,2937a170-190a-4901-baad-4cea00e61729,46a84309-a593-4463-8511-2e0d4638a1c5,live:orb,RAIN,2026-09-22 19:09:01.092+00,2026-09-22T19:07:02.880000+00:00,720059,exact_trigger_identity_near,LIVE,,live_short_and_trail_after_warmup,post_993_pre_1049,first,True,2026-09-22,15,1790102402743,1790102402743,86d6e4bd-c567-51c0-ae63-c0c757c061b9,86d6e4bd-c567-51c0-ae63-c0c757c061b9,1.0527,2026-09-22T18:36:00+00:00,2026-09-22T18:37:02.605000+00:00,2026-09-22T18:38:00+00:00,2026-09-22T19:06:00+00:00,2026-09-22T18:12:57.820000+00:00,2026-09-22T18:12:57.831000+00:00,2026-09-22T18:12:55.953000+00:00,1.00000000,1.05000000,1.03000000,-1.904761904761904761904761900,
a12fbe6c-91bf-452c-9da1-4b427a747d55,exact_price_time_account,704b41e7-6069-4818-ba39-23d6a7da30aa,53ce7658-51fd-49ad-8941-9545e1b454ad,94ca121e-bf13-4b35-b2e9-ca95134ed54d,b3e93264-cfa7-41fd-8c01-1c3ba374960b,live:orb,RAIN,2026-09-22 19:12:03.881+00,2026-09-22T19:12:02.963000+00:00,720357,exact_trigger_identity_near,LIVE,,live_short_and_trail_after_warmup,post_993_pre_1049,first,True,2026-09-22,15,1790104322947,1790104322947,2c90a2e3-9d07-5dc5-96aa-322aa24d7b41,2c90a2e3-9d07-5dc5-96aa-322aa24d7b41,1.0527,2026-09-22T18:36:00+00:00,2026-09-22T18:37:02.605000+00:00,2026-09-22T18:38:00+00:00,2026-09-22T19:11:00+00:00,2026-09-22T18:12:57.820000+00:00,2026-09-22T18:12:57.831000+00:00,2026-09-22T18:12:55.953000+00:00,1.00000000,1.05000000,1.04290000,-0.6761904761904761904761904800,
0569d744-0cb4-4ed5-a18b-648dfe2056ba,exact_price_time_account,fcbd8f5e-af1a-4ea5-b572-cedeef54d5a1,77cba61d-1134-4a44-861e-3b88eccf0937,e715d98a-ecb8-416b-aea6-487a2fe758b2,094e8f5c-57a6-4a0e-8768-c6547b775cbf,live:orb,RAIN,2026-09-22 19:15:03.982+00,2026-09-22T19:15:02.545000+00:00,720545,exact_trigger_identity_near,LIVE,,live_short_and_trail_after_warmup,post_993_pre_1049,first,True,2026-09-22,15,1790104502457,1790104502457,b0b3fb45-0c7c-556b-8f37-217bacc831ce,b0b3fb45-0c7c-556b-8f37-217bacc831ce,1.0527,2026-09-22T18:36:00+00:00,2026-09-22T18:37:02.605000+00:00,2026-09-22T18:38:00+00:00,2026-09-22T19:14:00+00:00,2026-09-22T18:12:57.820000+00:00,2026-09-22T18:12:57.831000+00:00,2026-09-22T18:12:55.953000+00:00,1.00000000,1.04500000,1.01500000,-2.870813397129186602870813400,
1968dd0d-83e9-4587-a75e-ec06acf70c14,exact_price_time_account,7e64a2c2-dda9-48b1-8320-2ad58e82d2ec,ef2d801b-7c9b-4fad-9dfa-6e6d20f7b707,b5b3f370-0010-49cf-b601-646b0f13ff71,6fa547a1-70f2-4ecf-a975-fe95db9906a4,live:schwab_1m_v2,RAIN,2026-09-22 19:18:04+00,2026-09-22T19:18:00.590000+00:00,720728,exact_trigger_identity_near,LIVE,,live_short_and_trail_after_warmup,post_993_pre_1049,first,True,2026-09-22,15,1790104680582,1790104680582,bc4c4b1e-61de-56fa-b8a1-6ab2f5682389,bc4c4b1e-61de-56fa-b8a1-6ab2f5682389,1.0527,2026-09-22T18:36:00+00:00,2026-09-22T18:37:02.605000+00:00,2026-09-22T18:38:00+00:00,2026-09-22T19:17:00+00:00,2026-09-22T18:12:57.820000+00:00,2026-09-22T18:12:57.831000+00:00,2026-09-22T18:12:55.953000+00:00,2.00000000,1.05000000,1.04280000,-0.6857142857142857142857142900,
46954865-da5c-4ea7-83a0-ef1be570ddec,exact_price_time_account,8e8f13cc-5fd7-4bf3-9d8c-a26c7dd7e4ca,8d6a1e7d-0671-48ab-9cd1-7ec5466a7292,97e7f095-1fc3-4618-bf34-456653d883c6,990d3926-b054-4200-8668-fc03e37f7cc5,live:orb,RAIN,2026-09-22 19:18:04.357+00,2026-09-22T19:18:00.590000+00:00,720728,exact_trigger_identity_near,LIVE,,live_short_and_trail_after_warmup,post_993_pre_1049,first,True,2026-09-22,15,1790104680582,1790104680582,bc4c4b1e-61de-56fa-b8a1-6ab2f5682389,bc4c4b1e-61de-56fa-b8a1-6ab2f5682389,1.0527,2026-09-22T18:36:00+00:00,2026-09-22T18:37:02.605000+00:00,2026-09-22T18:38:00+00:00,2026-09-22T19:17:00+00:00,2026-09-22T18:12:57.820000+00:00,2026-09-22T18:12:57.831000+00:00,2026-09-22T18:12:55.953000+00:00,1.00000000,1.05000000,1.05000000,0,
82288f1d-88a5-44c6-96a3-7899837eb594,exact_price_time_account,dda306a1-f98c-4af7-bef3-bdab9bdf9a28,ba150fc9-2ca7-4df9-aa42-f0c9e92d165d,c631d88b-7f1b-43cc-8cde-2d64a19045e0,c862f128-b009-43e3-9ade-5c92446468e5,live:schwab_1m_v2,RAIN,2026-09-22 19:21:25+00,2026-09-22T19:21:02.739000+00:00,720926,exact_trigger_identity_near,LIVE,,live_short_and_trail_after_warmup,post_993_pre_1049,first,True,2026-09-22,15,1790104862708,1790104862708,45333c20-426c-5a8f-8ed9-f387c0cf622a,45333c20-426c-5a8f-8ed9-f387c0cf622a,1.0527,2026-09-22T18:36:00+00:00,2026-09-22T18:37:02.605000+00:00,2026-09-22T18:38:00+00:00,2026-09-22T19:20:00+00:00,2026-09-22T18:12:57.820000+00:00,2026-09-22T18:12:57.831000+00:00,2026-09-22T18:12:55.953000+00:00,2.00000000,1.05000000,1.11000000,5.714285714285714285714285700,
3321844d-b160-4863-8c07-bd2aa7ce9730,exact_price_time_account,06fc068d-7672-4f43-9ead-d9c5d03c7543,51012712-a5ff-4666-8364-2dfd709a5327,391d7f5c-87ec-442b-9bf4-3e340d3a092b,fe98842a-3db7-4b00-97a9-d5894f24ad7e,live:schwab_1m_v2,RAIN,2026-09-22 19:59:55+00,2026-09-22T19:54:02.696000+00:00,722895,exact_trigger_identity_near,LIVE,,live_short_and_trail_after_warmup,post_993_pre_1049,first,True,2026-09-22,15,1790106722805,1790106722805,d193f94a-d0db-517f-84c3-022d319249e3,d193f94a-d0db-517f-84c3-022d319249e3,1.0600,2026-09-22T19:47:00+00:00,2026-09-22T19:48:02.219000+00:00,2026-09-22T19:49:00+00:00,2026-09-22T19:53:00+00:00,2026-09-22T18:12:57.820000+00:00,2026-09-22T18:12:57.831000+00:00,2026-09-22T19:53:17.543000+00:00,2.00000000,1.07000000,0.98048100,-8.366261682242990654205607480,
641ac29a-cc8c-4bd8-8a38-c50d9888ad92,exact_price_time_account,a0327de8-9f05-4737-b574-e3a92dce48a6,f369e91f-1f5d-4d49-98ad-69da43b6831c,73ed6665-289b-4a9b-b3dc-219d6d0d4eae,bbc7b458-c181-4494-8462-38cbd1aa8089,live:schwab_1m_v2,DCOY,2026-09-23 12:23:15+00,2026-09-23T12:19:02.520000+00:00,752086,exact_trigger_identity_delayed,LIVE,,live_short_and_trail_after_warmup,post_993_pre_1049,first,True,2026-09-23,08,1790165403589,,686e0be5-e2a3-5763-861d-e6587cab027e,,4.3148,2026-09-23T12:06:00+00:00,2026-09-23T12:07:02.366000+00:00,2026-09-23T12:08:00+00:00,2026-09-23T12:18:00+00:00,2026-09-23T11:01:02.569000+00:00,2026-09-23T11:01:02.587000+00:00,2026-09-23T11:57:54.066000+00:00,2.00000000,4.31000000,4.48000000,3.944315545243619489559164700,
ed46bbdb-21e9-4245-9c02-0ae9ee285d1b,exact_price_time_account,f117e985-b8cd-4d56-bde6-d1b8db3d9b39,ed1f770d-75a7-449e-8315-9c79b5fad3b0,7723b4e1-8765-46a9-8d8c-505286537b8a,3709339a-a76d-4fac-ad6a-bc87c3e95671,live:orb,DCOY,2026-09-23 12:23:15.943+00,2026-09-23T12:19:02.520000+00:00,752086,exact_trigger_identity_delayed,LIVE,,live_short_and_trail_after_warmup,post_993_pre_1049,first,True,2026-09-23,08,1790165403589,,686e0be5-e2a3-5763-861d-e6587cab027e,,4.3148,2026-09-23T12:06:00+00:00,2026-09-23T12:07:02.366000+00:00,2026-09-23T12:08:00+00:00,2026-09-23T12:18:00+00:00,2026-09-23T11:01:02.569000+00:00,2026-09-23T11:01:02.587000+00:00,2026-09-23T11:57:54.066000+00:00,1.00000000,4.31650000,4.47000000,3.556121857986794856944283600,
a9e8eb71-cb89-4f03-951f-73d053185362,exact_price_time_account,d68de480-1eab-45b5-a119-dbacada366be,3a2c7a61-32c5-4cff-ab62-90a18e652ae1,15465bc3-76d4-4234-8158-5cb111d39706,e4210551-009e-415f-97f8-dbd3c54f4108,live:orb,IPDN,2026-09-23 13:21:41.973+00,2026-09-23T13:16:02.866000+00:00,756226,exact_trigger_identity_delayed,LIVE,,live_short_and_trail_after_warmup,post_993_pre_1049,first,True,2026-09-23,09,1790168823021,,4b0346da-d3b0-521b-a1a4-4bc3a8dfc9c4,,6.8856,2026-09-23T13:01:00+00:00,2026-09-23T13:02:02.880000+00:00,2026-09-23T13:03:00+00:00,2026-09-23T13:15:00+00:00,2026-09-23T11:01:02.532000+00:00,2026-09-23T11:01:02.554000+00:00,2026-09-23T12:57:52.760000+00:00,1.00000000,6.95000000,6.85000000,-1.438848920863309352517985610,
4685a6ce-c37a-46b6-942c-d888b1741732,exact_price_time_account,bf39266c-bedd-4786-8e7f-3f72c712b5ff,68ec0f85-744d-434e-9972-617605212f56,ead2c2fa-129c-4eb2-8788-400ef11d9b8f,4dab8d94-4561-4262-8f75-83874c31b04d,live:schwab_1m_v2,WHLR,2026-09-23 13:22:45+00,2026-09-23T13:10:03.648000+00:00,755818,exact_trigger_identity_delayed,LIVE,,live_short_and_trail_after_warmup,post_993_pre_1049,first,True,2026-09-23,09,1790168522929,,be52a254-c310-58c8-884a-8437394eaf25,,4.9325,2026-09-23T12:58:00+00:00,2026-09-23T12:59:03.090000+00:00,2026-09-23T13:00:00+00:00,2026-09-23T13:09:00+00:00,2026-09-23T11:01:02.587000+00:00,2026-09-23T11:01:02.608000+00:00,2026-09-23T12:57:52.760000+00:00,2.00000000,4.93850000,6.06410000,22.79234585400425230333097090,
102e68ff-d5bb-4384-9382-a4da77cba7da,exact_price_time_account,212cdf17-ce4a-41a2-8969-280faa661297,81276a9c-5cf3-4c80-a2a8-f91a622b70ad,a6de43ea-7dad-44a7-95fd-05748b95ddd3,5756a4d3-6227-449a-97c9-5264588287eb,live:orb,DCOY,2026-09-23 13:32:05.047+00,,,placement_matches_0,UNKNOWN,UNKNOWN,placement_matches_0,post_993_pre_1049,first,True,2026-09-23,09,1790169662771,,eda96e17-2f90-5450-9b0e-dfe125648a58,,4.6800,,,,,,,,1.00000000,4.59000000,4.57000000,-0.4357298474945533769063180800,
bece8d1c-2d20-4324-a2a3-360dbd158476,exact_price_time_account,b8829f30-663a-42ed-b068-dd92fd8d703d,9e71c97c-4e62-4411-adde-349dd7409ebf,88b0ba04-823c-4a89-a1b3-28e195cf4325,12d0e716-9beb-4c74-a7ec-80d1f15d5969,live:schwab_1m_v2,IPDN,2026-09-23 14:21:51+00,2026-09-23T14:18:03.005000+00:00,760682,exact_trigger_identity_near,LIVE,,live_short_and_trail_after_warmup,post_993_pre_1049,first,True,2026-09-23,10,1790170982374,1790170982374,51d3cd05-d41d-54f5-bf77-81f99e88a10b,51d3cd05-d41d-54f5-bf77-81f99e88a10b,6.6257,2026-09-23T13:39:00+00:00,2026-09-23T13:40:02.475000+00:00,2026-09-23T13:41:00+00:00,2026-09-23T14:17:00+00:00,2026-09-23T11:01:02.532000+00:00,2026-09-23T11:01:02.554000+00:00,2026-09-23T14:17:16.711000+00:00,2.00000000,6.64500000,6.09000000,-8.352144469525959367945823930,
2e40ac98-990c-4b32-bc91-e466dc3fae52,exact_price_time_account,79af8afd-f637-400d-84c5-7386f0f479ba,932c398c-b73b-44f0-b0b2-270fb76022af,4db421c6-a3d1-40b7-9769-e41daa13f9e7,1314b7d5-16cc-4618-a12b-914fa268f107,live:orb,IPDN,2026-09-23 14:21:51.025+00,2026-09-23T14:18:03.005000+00:00,760682,exact_trigger_identity_near,LIVE,,live_short_and_trail_after_warmup,post_993_pre_1049,first,True,2026-09-23,10,1790170982374,1790170982374,51d3cd05-d41d-54f5-bf77-81f99e88a10b,51d3cd05-d41d-54f5-bf77-81f99e88a10b,6.6257,2026-09-23T13:39:00+00:00,2026-09-23T13:40:02.475000+00:00,2026-09-23T13:41:00+00:00,2026-09-23T14:17:00+00:00,2026-09-23T11:01:02.532000+00:00,2026-09-23T11:01:02.554000+00:00,2026-09-23T14:17:16.711000+00:00,1.00000000,6.64900000,6.10000000,-8.256880733944954128440366970,
b044ffa0-ba0d-43ce-8197-6911c04c70bc,exact_price_time_account,34450515-bcc8-4804-b957-3f314f0cb2a5,4367859a-6532-4e16-be66-e657b9927f26,593be6e0-3148-4864-81fc-b46fcca3fc77,d68a22c4-65ad-4654-b946-1ed49e794aeb,live:schwab_1m_v2,BENF,2026-09-23 14:40:50+00,2026-09-23T14:33:02.678000+00:00,761717,exact_trigger_identity_near,LIVE,,live_short_and_trail_after_warmup,post_993_pre_1049,first,True,2026-09-23,10,1790172482332,1790172482332,b6aa612c-b756-514d-bf97-049ecf99850e,b6aa612c-b756-514d-bf97-049ecf99850e,2.0210,2026-09-23T13:51:00+00:00,2026-09-23T13:52:02.840000+00:00,2026-09-23T13:57:00+00:00,2026-09-23T14:32:00+00:00,2026-09-23T11:57:55.189000+00:00,2026-09-23T11:57:55.197000+00:00,2026-09-23T14:29:12.441000+00:00,2.00000000,2.02000000,1.78000000,-11.88118811881188118811881188,
4d92fb21-4367-45e0-9269-b21fdcdac159,exact_price_time_account,d25eac93-f236-4fee-8b7f-88444692d413,6f006dc8-f787-4203-a019-c6b1f7f0b9b5,fa5fd6cf-d855-4c80-be3a-a997cb9340c5,cba4fbf2-1dc4-4dfd-9021-86522721a106,live:orb,BENF,2026-09-23 14:40:50.195+00,2026-09-23T14:33:02.678000+00:00,761717,exact_trigger_identity_delayed,LIVE,,live_short_and_trail_after_warmup,post_993_pre_1049,first,True,2026-09-23,10,1790172482332,1790172482332,b6aa612c-b756-514d-bf97-049ecf99850e,b6aa612c-b756-514d-bf97-049ecf99850e,2.0210,2026-09-23T13:51:00+00:00,2026-09-23T13:52:02.840000+00:00,2026-09-23T13:57:00+00:00,2026-09-23T14:32:00+00:00,2026-09-23T11:57:55.189000+00:00,2026-09-23T11:57:55.197000+00:00,2026-09-23T14:29:12.441000+00:00,1.00000000,2.02000000,1.79000000,-11.38613861386138613861386139,
f8dca6e5-1c97-4258-a932-ce7081bfee2a,exact_price_time_account,dc38528f-3d05-41d1-a4e0-0e52fb06f85d,ab0b2bab-e65c-4845-9890-7c4610f609aa,6d34c6ec-3cb5-45ed-aafe-480dede89705,3e0fec44-a9d8-486d-a9cd-bb6c9553a4bb,live:schwab_1m_v2,BENF,2026-09-23 15:21:33+00,2026-09-23T15:03:02.782000+00:00,763936,exact_trigger_identity_near,LIVE,,live_short_and_trail_after_warmup,post_993_pre_1049,first,True,2026-09-23,11,1790175782754,1790175782754,88d7ab94-31ac-5403-8e4c-503041530278,88d7ab94-31ac-5403-8e4c-503041530278,2.0367,2026-09-23T14:51:00+00:00,2026-09-23T14:52:02.613000+00:00,2026-09-23T14:57:00+00:00,2026-09-23T15:02:00+00:00,2026-09-23T11:57:55.189000+00:00,2026-09-23T11:57:55.197000+00:00,2026-09-23T14:52:19.693000+00:00,2.00000000,2.03990000,2.14000000,4.907103289376930241678513700,
92f0f9d5-83e8-4ed0-a8dc-b7458b62cf23,exact_price_time_account,c60b9158-206c-452f-a2eb-10562537b997,a6808366-05e4-4cf7-bccf-7d1e37913b3c,d1de6ba6-17b2-4432-9f13-1c7c36b5065b,6fb9d61b-3e00-48e2-8bbe-e892caa9e2d1,live:orb,BENF,2026-09-23 15:21:33.262+00,2026-09-23T15:03:02.782000+00:00,763936,exact_trigger_identity_delayed,LIVE,,live_short_and_trail_after_warmup,post_993_pre_1049,first,True,2026-09-23,11,1790175782754,1790175782754,88d7ab94-31ac-5403-8e4c-503041530278,88d7ab94-31ac-5403-8e4c-503041530278,2.0367,2026-09-23T14:51:00+00:00,2026-09-23T14:52:02.613000+00:00,2026-09-23T14:57:00+00:00,2026-09-23T15:02:00+00:00,2026-09-23T11:57:55.189000+00:00,2026-09-23T11:57:55.197000+00:00,2026-09-23T14:52:19.693000+00:00,1.00000000,2.04000000,2.14000000,4.901960784313725490196078400,
be2917d7-6a5c-44cd-86ab-0d60773eebfa,exact_price_time_account,8c50968e-559c-41a0-9e8c-ea1047825abe,cd8cb161-1aee-427d-bbc0-e1f6a9f6dacb,29a9fd86-abbb-45ba-8d47-15c100c3896e,53cfa883-82e3-453d-8b6a-ab88eeb84731,live:schwab_1m_v2,MSS,2026-09-23 16:41:49+00,2026-09-23T16:20:02.678000+00:00,769525,exact_trigger_identity_near,LIVE,,live_short_and_trail_after_warmup,post_993_pre_1049,first,True,2026-09-23,12,1790179982931,1790179982931,d3f554de-4682-5d4f-90e3-180580514d4e,d3f554de-4682-5d4f-90e3-180580514d4e,2.3359,2026-09-23T16:09:00+00:00,2026-09-23T16:10:03.037000+00:00,2026-09-23T16:11:00+00:00,2026-09-23T16:19:00+00:00,2026-09-23T14:52:20.760000+00:00,2026-09-23T14:52:20.772000+00:00,2026-09-23T16:17:10.200000+00:00,2.00000000,2.33970000,2.26500000,-3.192717015001923323503013210,
78d3b436-bb3b-4e55-8e14-4ba29fd11248,exact_price_time_account,4a5f687e-1303-4d39-9567-ea3a5f332b69,e83a1f8d-60d5-4cd3-8331-1b41de145dc4,76fd1197-0828-4db4-9296-f9f550b34dd6,8e777c3c-074c-4a73-8422-324861609e9b,live:orb,MSS,2026-09-23 16:41:49.889+00,2026-09-23T16:20:02.678000+00:00,769525,exact_trigger_identity_near,LIVE,,live_short_and_trail_after_warmup,post_993_pre_1049,first,True,2026-09-23,12,1790179982931,1790179982931,d3f554de-4682-5d4f-90e3-180580514d4e,d3f554de-4682-5d4f-90e3-180580514d4e,2.3359,2026-09-23T16:09:00+00:00,2026-09-23T16:10:03.037000+00:00,2026-09-23T16:11:00+00:00,2026-09-23T16:19:00+00:00,2026-09-23T14:52:20.760000+00:00,2026-09-23T14:52:20.772000+00:00,2026-09-23T16:17:10.200000+00:00,1.00000000,2.34000000,2.27010000,-2.987179487179487179487179490,
12b279a3-e16b-457a-83de-925f6f1aea62,exact_price_time_account,c7b77b30-3e68-4feb-a422-5211ab3bc0ce,011f0ff0-8a49-4f9f-8061-1d910845a41e,dac96c35-a758-49c7-b370-173dbfab06c1,331e9bbf-6110-46da-bdbd-89ce199bf1d9,live:schwab_1m_v2,MSS,2026-09-23 16:45:34+00,2026-09-23T16:45:03.408000+00:00,771104,exact_trigger_identity_near,LIVE,,live_short_and_trail_after_warmup,post_993_pre_1049,first,True,2026-09-23,12,1790181903179,1790181903179,abc05169-5f88-5558-9a5b-3f7d736f0ee0,abc05169-5f88-5558-9a5b-3f7d736f0ee0,2.3359,2026-09-23T16:09:00+00:00,2026-09-23T16:10:03.037000+00:00,2026-09-23T16:11:00+00:00,2026-09-23T16:44:00+00:00,2026-09-23T14:52:20.760000+00:00,2026-09-23T14:52:20.772000+00:00,2026-09-23T16:29:14.553000+00:00,2.00000000,2.34000000,2.15000000,-8.119658119658119658119658120,
d42972d1-9012-44b5-b68a-9850ed5fc521,exact_price_time_account,223292c5-2d88-46c5-a108-248f3e7a80f7,18156062-a2a6-46df-9759-d9847702820f,dd6c4174-bd2a-498a-9981-7495bd34a91a,152f5a7a-073d-45e0-97be-f361b7ffe5e9,live:orb,MSS,2026-09-23 16:45:34.576+00,2026-09-23T16:45:03.408000+00:00,771104,exact_trigger_identity_near,LIVE,,live_short_and_trail_after_warmup,post_993_pre_1049,first,True,2026-09-23,12,1790181903179,1790181903179,abc05169-5f88-5558-9a5b-3f7d736f0ee0,abc05169-5f88-5558-9a5b-3f7d736f0ee0,2.3359,2026-09-23T16:09:00+00:00,2026-09-23T16:10:03.037000+00:00,2026-09-23T16:11:00+00:00,2026-09-23T16:44:00+00:00,2026-09-23T14:52:20.760000+00:00,2026-09-23T14:52:20.772000+00:00,2026-09-23T16:29:14.553000+00:00,1.00000000,2.34000000,2.15000000,-8.119658119658119658119658120,
5e71a574-e4a4-4101-9bbc-6fe32dcc9b46,exact_price_time_account,a84c67c2-35db-4dd8-9b01-ed0c205d7a27,18eb8202-94c1-4b67-b299-1dc1e857f655,6c2a3647-3718-44b4-b771-61e6177b8291,725e5c65-b551-4c64-9fe7-0ab1549af7a7,live:schwab_1m_v2,BENF,2026-09-23 16:53:25+00,2026-09-23T16:46:02.639000+00:00,771181,exact_trigger_identity_near,LIVE,,live_short_and_trail_after_warmup,post_993_pre_1049,first,True,2026-09-23,12,1790181962623,1790181962623,42c98249-ec86-5b5a-8106-6bf827eed19d,42c98249-ec86-5b5a-8106-6bf827eed19d,2.5844,2026-09-23T16:24:00+00:00,2026-09-23T16:25:02.510000+00:00,2026-09-23T16:35:00+00:00,2026-09-23T16:45:00+00:00,2026-09-23T11:57:55.189000+00:00,2026-09-23T11:57:55.197000+00:00,2026-09-23T16:29:14.553000+00:00,2.00000000,2.58000000,2.37000000,-8.139534883720930232558139530,
c4a53f41-9f42-4fac-b696-f823b0d74166,exact_price_time_account,c27823b8-824a-47dd-8eb5-31db3ef71835,ea00bebf-5d1a-46ee-beca-3626c08b6ba5,f933395c-b946-4ef6-b726-3377ae5a30b5,ab6dc9bf-8fbb-468e-b11c-6593141f799e,live:orb,BENF,2026-09-23 16:53:25.827+00,2026-09-23T16:46:02.639000+00:00,771181,exact_trigger_identity_delayed,LIVE,,live_short_and_trail_after_warmup,post_993_pre_1049,first,True,2026-09-23,12,1790181962623,1790181962623,42c98249-ec86-5b5a-8106-6bf827eed19d,42c98249-ec86-5b5a-8106-6bf827eed19d,2.5844,2026-09-23T16:24:00+00:00,2026-09-23T16:25:02.510000+00:00,2026-09-23T16:35:00+00:00,2026-09-23T16:45:00+00:00,2026-09-23T11:57:55.189000+00:00,2026-09-23T11:57:55.197000+00:00,2026-09-23T16:29:14.553000+00:00,1.00000000,2.57950000,2.40000000,-6.958712928862182593525877110,
ff109611-bb4a-4329-9cd9-724811540717,exact_price_time_account,57e576a3-843e-4019-84f0-f623e70144a1,c3d003ba-6c6e-4978-b55a-61e44d25631f,7dfab9fb-66ba-4cc1-8702-eeec234dad42,8602c731-38aa-4595-b153-ab5bbfb6d1cb,live:orb,ARTL,2026-09-23 18:51:45.728+00,2026-09-23T18:49:02.586000+00:00,779734,exact_trigger_identity_delayed,LIVE,,live_short_and_trail_after_warmup,post_993_pre_1049,first,True,2026-09-23,14,1790186882699,1790186882699,f85f26e3-df00-566f-9c2a-eea7a34bfab4,f85f26e3-df00-566f-9c2a-eea7a34bfab4,8.8027,2026-09-23T18:04:00+00:00,2026-09-23T18:05:03.309000+00:00,2026-09-23T18:06:00+00:00,2026-09-23T18:48:00+00:00,2026-09-23T15:15:02.985000+00:00,2026-09-23T15:15:03.040000+00:00,2026-09-23T18:42:54.373000+00:00,1.00000000,8.79000000,8.41500000,-4.266211604095563139931740610,
58f4a649-43ee-491d-9853-7caf6ccd8985,exact_price_time_account,9a69419e-0361-4192-872f-bf395b00b0d3,6304cfe7-e111-4d55-a0e8-8e020ed3e608,a5813b50-2016-41e9-af37-d47caefc3dd6,fb16fb48-5c8d-4fa2-830b-de26b0609f7b,live:schwab_1m_v2,BENF,2026-09-23 18:54:29+00,2026-09-23T18:50:02.473000+00:00,779816,exact_trigger_identity_near,LIVE,,live_short_and_trail_after_warmup,post_993_pre_1049,first,True,2026-09-23,14,1790186462557,1790186462557,8c4b3bca-a760-5d20-af7b-c7af39e9b2e5,8c4b3bca-a760-5d20-af7b-c7af39e9b2e5,2.5045,2026-09-23T17:53:00+00:00,2026-09-23T17:54:02.492000+00:00,2026-09-23T17:59:00+00:00,2026-09-23T18:49:00+00:00,2026-09-23T11:57:55.189000+00:00,2026-09-23T11:57:55.197000+00:00,2026-09-23T18:42:54.373000+00:00,2.00000000,2.49000000,2.45050000,-1.586345381526104417670682730,
3311c037-3cc0-43c9-b385-5530cb7e2e4c,exact_price_time_account,4d342452-ce8b-48d9-8b99-e05af88affc2,94f8099d-afca-4f8c-9aee-c952752dab10,ac58e530-c37e-4d35-9324-c1f9a8aaa1ff,f9064a52-2218-4529-ad0a-886c6b92000f,live:schwab_1m_v2,MSS,2026-09-23 19:11:00+00,2026-09-23T19:09:02.954000+00:00,781919,exact_trigger_identity_near,LIVE,,live_short_and_trail_after_warmup,post_993_pre_1049,first,True,2026-09-23,15,1790190542923,1790190542923,1562fa7f-b69c-5352-acd5-a34c7641e022,1562fa7f-b69c-5352-acd5-a34c7641e022,2.2249,2026-09-23T19:05:00+00:00,2026-09-23T19:06:03.057000+00:00,2026-09-23T19:07:00+00:00,2026-09-23T19:08:00+00:00,2026-09-23T17:24:01.401000+00:00,2026-09-23T17:24:01.414000+00:00,2026-09-23T19:03:34.522000+00:00,2.00000000,2.22000000,2.18110000,-1.752252252252252252252252250,
16bc82af-44f9-464f-937b-6f890809f3cb,exact_price_time_account,23c468e8-c10a-4dd9-844b-b50750019f63,f978161e-6581-492c-8907-e02ddd9eccd0,a05b5681-2d5a-4bb2-94c8-d5ff98ce6ece,60c56851-ff44-4257-b5a3-7d6beca246dd,live:orb,MSS,2026-09-23 19:11:00.17+00,2026-09-23T19:09:02.954000+00:00,781919,exact_trigger_identity_near,LIVE,,live_short_and_trail_after_warmup,post_993_pre_1049,first,True,2026-09-23,15,1790190542923,1790190542923,1562fa7f-b69c-5352-acd5-a34c7641e022,1562fa7f-b69c-5352-acd5-a34c7641e022,2.2249,2026-09-23T19:05:00+00:00,2026-09-23T19:06:03.057000+00:00,2026-09-23T19:07:00+00:00,2026-09-23T19:08:00+00:00,2026-09-23T17:24:01.401000+00:00,2026-09-23T17:24:01.414000+00:00,2026-09-23T19:03:34.522000+00:00,1.00000000,2.22000000,2.18000000,-1.801801801801801801801801800,
e8dff95e-ad53-459e-84a2-d04d35de6675,exact_price_time_account,1f4172ff-fc43-4eda-aa4b-1f5a618a778d,c39e59df-bff0-4f9f-b50d-45858ad319d6,b0a95b79-bc3a-4f0d-a16b-48b7101f1cd1,17911e5e-d478-4442-8a4b-38a7ef4e93ca,live:schwab_1m_v2,MSS,2026-09-23 19:25:01+00,2026-09-23T19:24:02.700000+00:00,783477,exact_trigger_identity_near,LIVE,,live_short_and_trail_after_warmup,post_993_pre_1049,first,True,2026-09-23,15,1790191442690,1790191442690,19cfca8c-7c28-5da8-b23d-78f28965ca65,19cfca8c-7c28-5da8-b23d-78f28965ca65,2.2249,2026-09-23T19:05:00+00:00,2026-09-23T19:06:03.057000+00:00,2026-09-23T19:07:00+00:00,2026-09-23T19:23:00+00:00,2026-09-23T17:24:01.401000+00:00,2026-09-23T17:24:01.414000+00:00,2026-09-23T19:22:12.696000+00:00,2.00000000,2.22000000,2.20000000,-0.9009009009009009009009009000,
4e59fced-fecd-4e8f-a918-be0896d590b4,exact_price_time_account,d5b7aa05-6e75-48f9-afa5-06c76b975fb0,2ffd4539-413b-42d1-bf33-a83ad3d83117,904d27b6-48e8-4d41-a8e0-92b1138e87cd,ab6654c5-9ae1-4e29-83f6-1ffb8b3a3550,live:orb,MSS,2026-09-23 19:25:01.271+00,2026-09-23T19:24:02.700000+00:00,783477,exact_trigger_identity_near,LIVE,,live_short_and_trail_after_warmup,post_993_pre_1049,first,True,2026-09-23,15,1790191442690,1790191442690,19cfca8c-7c28-5da8-b23d-78f28965ca65,19cfca8c-7c28-5da8-b23d-78f28965ca65,2.2249,2026-09-23T19:05:00+00:00,2026-09-23T19:06:03.057000+00:00,2026-09-23T19:07:00+00:00,2026-09-23T19:23:00+00:00,2026-09-23T17:24:01.401000+00:00,2026-09-23T17:24:01.414000+00:00,2026-09-23T19:22:12.696000+00:00,1.00000000,2.22000000,2.20000000,-0.9009009009009009009009009000,
d04c4b27-9166-4cfc-b00e-a9d6f947fba9,exact_price_time_account,25c07f38-201d-43cf-b963-d16357dfc822,a011a933-2d3c-4020-9fea-7f88161cb8ba,4f71dbe1-1f0c-40c4-9861-8bc02ff157c6,bba23e02-3d6a-4ee1-9891-9ea1bfbd5d19,live:schwab_1m_v2,BENF,2026-09-23 19:27:56+00,2026-09-23T19:26:02.433000+00:00,783682,exact_trigger_identity_near,LIVE,,live_short_and_trail_after_warmup,post_993_pre_1049,first,True,2026-09-23,15,1790189822346,1790189822346,ddb0d50a-7e7d-543a-b244-08281d002f89,ddb0d50a-7e7d-543a-b244-08281d002f89,2.3064,2026-09-23T17:53:00+00:00,2026-09-23T17:54:02.492000+00:00,2026-09-23T17:59:00+00:00,2026-09-23T19:25:00+00:00,2026-09-23T11:57:55.189000+00:00,2026-09-23T11:57:55.197000+00:00,2026-09-23T19:22:12.696000+00:00,2.00000000,2.32000000,2.49000000,7.327586206896551724137931000,
22a3dc32-6a1a-4662-a8c5-0e21cdb38704,exact_price_time_account,79ec4c53-1b86-433f-8cbf-7f2f3202869b,d33eaf59-71c4-49ec-a0ab-87c90b03c50b,df747e18-0fd4-4f1d-a90e-4b222822a1f2,bdbac1da-95a5-445f-96b3-904243bbc007,live:orb,BENF,2026-09-23 19:27:56.702+00,2026-09-23T19:26:02.433000+00:00,783682,exact_trigger_identity_near,LIVE,,live_short_and_trail_after_warmup,post_993_pre_1049,first,True,2026-09-23,15,1790189822346,1790189822346,ddb0d50a-7e7d-543a-b244-08281d002f89,ddb0d50a-7e7d-543a-b244-08281d002f89,2.3064,2026-09-23T17:53:00+00:00,2026-09-23T17:54:02.492000+00:00,2026-09-23T17:59:00+00:00,2026-09-23T19:25:00+00:00,2026-09-23T11:57:55.189000+00:00,2026-09-23T11:57:55.197000+00:00,2026-09-23T19:22:12.696000+00:00,1.00000000,2.32000000,2.56000000,10.34482758620689655172413790,
2180c5db-3f45-43d0-abc4-d4d7407fd16d,exact_price_time_account,02dde81e-fd0b-4a71-a6e2-08624f44a265,ee40db51-445d-4c9d-b9b6-ca2e331ec7b3,e82e564e-04c8-4ede-abee-369bab31c965,ca12cade-1cf1-4801-b76b-400225f84c9f,live:orb,VSA,2026-09-23 19:29:25.265+00,2026-09-23T19:27:02.415000+00:00,783791,exact_trigger_identity_delayed,LIVE,,live_short_and_trail_after_warmup,post_993_pre_1049,first,True,2026-09-23,15,1790189943104,1790189943104,d64a17ad-d454-5068-9c82-263767288d90,d64a17ad-d454-5068-9c82-263767288d90,3.8590,2026-09-23T18:46:00+00:00,2026-09-23T18:47:02.606000+00:00,2026-09-23T18:57:00+00:00,2026-09-23T19:26:00+00:00,2026-09-23T17:41:15.292000+00:00,2026-09-23T17:41:15.299000+00:00,2026-09-23T19:03:34.522000+00:00,1.00000000,3.87000000,3.57010000,-7.749354005167958656330749350,
92d6b4bf-8e2f-4fcd-afba-b7ee18a4dddc,exact_price_time_account,38e37e3e-1408-4274-b54d-9c46f6a30043,82d1b933-bdcd-42cb-843d-06ba26f30bb4,bc85c9a7-1e96-4637-b3b8-6327cf065ec8,52b9ae69-616a-4ae4-a496-cc2f821ae6fe,live:schwab_1m_v2,ARTL,2026-09-23 19:45:11+00,2026-09-23T19:40:02.738000+00:00,784880,exact_trigger_identity_near,LIVE,,live_short_and_trail_after_warmup,post_993_pre_1049,first,True,2026-09-23,15,1790189642604,1790189642604,b9ab89cc-403b-52da-ba18-b127bf2bbba3,b9ab89cc-403b-52da-ba18-b127bf2bbba3,7.4864,2026-09-23T18:04:00+00:00,2026-09-23T18:05:03.309000+00:00,2026-09-23T18:06:00+00:00,2026-09-23T19:39:00+00:00,2026-09-23T15:15:02.985000+00:00,2026-09-23T15:15:03.040000+00:00,2026-09-23T19:32:54.380000+00:00,2.00000000,7.50000000,7.86000000,4.800,
82ca80f8-ea77-418b-b0cc-ac5267a639f6,exact_price_time_account,82c584c7-933a-4d7a-a2a0-0d6ab35feada,f1be6f13-b6cc-42eb-8e46-3fbc0535e082,bb88300e-78f6-4252-81f4-257a62d5ccd0,ce32dac5-fcaa-4198-ba8c-c0506a2332e1,live:orb,ARTL,2026-09-23 19:45:11.728+00,2026-09-23T19:40:02.738000+00:00,784880,exact_trigger_identity_near,LIVE,,live_short_and_trail_after_warmup,post_993_pre_1049,first,True,2026-09-23,15,1790189642604,1790189642604,b9ab89cc-403b-52da-ba18-b127bf2bbba3,b9ab89cc-403b-52da-ba18-b127bf2bbba3,7.4864,2026-09-23T18:04:00+00:00,2026-09-23T18:05:03.309000+00:00,2026-09-23T18:06:00+00:00,2026-09-23T19:39:00+00:00,2026-09-23T15:15:02.985000+00:00,2026-09-23T15:15:03.040000+00:00,2026-09-23T19:32:54.380000+00:00,1.00000000,7.50000000,7.88000000,5.066666666666666666666666700,
b59b7d0c-ea9d-46f1-9c3f-63e360f4079f,exact_price_time_account,a7bcd24a-b6da-41e3-a643-486c22affb5e,91f9bd7c-d08b-4cbf-8fbd-f982c38e76e8,f1070c2b-f3c1-4f30-b28a-115ff0173086,92b93def-e180-41f8-8b93-c7db407197ed,live:schwab_1m_v2,PFSA,2026-09-24 13:34:25+00,2026-09-24T13:34:02.742000+00:00,842458,exact_trigger_identity_near,LIVE,,live_short_and_trail_after_warmup,post_993_pre_1049,first,True,2026-09-24,09,1790256842714,1790256842714,e3cf10f1-3c38-5df2-afa6-50440f5ba972,e3cf10f1-3c38-5df2-afa6-50440f5ba972,3.7736,2026-09-24T13:30:00+00:00,2026-09-24T13:31:02.359000+00:00,2026-09-24T13:32:00+00:00,2026-09-24T13:33:00+00:00,2026-09-24T13:04:38.246000+00:00,2026-09-24T13:04:38.255000+00:00,2026-09-24T13:33:32.052000+00:00,2.00000000,3.77000000,3.96000000,5.039787798408488063660477500,
6ceaa7ee-67e1-4f2a-9e3b-73d4d103a9ab,exact_price_time_account,61a23f28-7869-437a-9328-6cb29395b59c,ece2c74c-3f14-42da-9b06-d0a7971b1983,53d359bd-0bcf-4ee9-af48-7a75f1f95f27,d31f5b78-8e3e-4ab7-beb1-76ac5d341e30,live:orb,PFSA,2026-09-24 13:34:25.209+00,2026-09-24T13:34:02.742000+00:00,842458,exact_trigger_identity_near,LIVE,,live_short_and_trail_after_warmup,post_993_pre_1049,first,True,2026-09-24,09,1790256842714,1790256842714,e3cf10f1-3c38-5df2-afa6-50440f5ba972,e3cf10f1-3c38-5df2-afa6-50440f5ba972,3.7736,2026-09-24T13:30:00+00:00,2026-09-24T13:31:02.359000+00:00,2026-09-24T13:32:00+00:00,2026-09-24T13:33:00+00:00,2026-09-24T13:04:38.246000+00:00,2026-09-24T13:04:38.255000+00:00,2026-09-24T13:33:32.052000+00:00,1.00000000,3.77000000,3.96000000,5.039787798408488063660477500,
4b8683f7-96a7-48de-aba1-1bd12187b2d8,exact_price_time_account,a3dfb32b-aaa4-404e-92bf-e5c2b0675201,b2af17bc-b8fa-4446-932c-6479f5dee974,e2a93977-b525-4cae-b8b3-065ff44fd0cb,008c4c57-6548-4f45-bf78-6c83ba40dfcc,live:orb,WETO,2026-09-24 13:36:50.767+00,2026-09-24T13:34:02.832000+00:00,842471,exact_trigger_identity_near,LIVE,,live_short_and_trail_after_warmup,post_993_pre_1049,first,True,2026-09-24,09,1790256842791,1790256842791,777bfac4-ff2a-53a6-b7c2-fd3edaf40e93,777bfac4-ff2a-53a6-b7c2-fd3edaf40e93,2.1276,2026-09-24T13:30:00+00:00,2026-09-24T13:31:02.374000+00:00,2026-09-24T13:32:00+00:00,2026-09-24T13:33:00+00:00,2026-09-24T13:04:38.255000+00:00,2026-09-24T13:04:38.261000+00:00,2026-09-24T13:32:21.569000+00:00,1.00000000,2.12980000,1.96000000,-7.972579584937552821861207630,
be83c67e-2307-4341-8b5e-179a16df45eb,exact_price_time_account,06ec3bb0-b900-4dd5-88fe-e18704e50792,a2de2daf-d486-4e19-bcb8-7f323a427c5f,d9c181ad-89b7-4fce-90fd-3824acf860d3,36513687-b18a-4d9d-96de-4c77b35475d2,live:schwab_1m_v2,GLND,2026-09-24 14:51:50+00,2026-09-24T14:43:02.846000+00:00,848313,exact_trigger_identity_near,LIVE,,live_short_and_trail_after_warmup,post_993_pre_1049,first,True,2026-09-24,10,1790260503927,1790260503927,04b1ae76-4f6b-5955-916f-61016e0a5e3a,04b1ae76-4f6b-5955-916f-61016e0a5e3a,4.5111,2026-09-24T14:31:00+00:00,2026-09-24T14:32:02.685000+00:00,2026-09-24T14:33:00+00:00,2026-09-24T14:42:00+00:00,2026-09-24T13:45:14.228000+00:00,2026-09-24T13:45:14.299000+00:00,2026-09-24T14:37:14.766000+00:00,2.00000000,4.51000000,4.74000000,5.099778270509977827050997800,
8fc4346d-56ef-42f1-9789-ccb27e96ce37,exact_price_time_account,c907650a-4749-4e53-bd99-119793564d2f,c214b3e6-612c-4219-9bab-9cfe97fffb46,42389c1f-eacb-44b4-9e7b-ee8f416f99d9,3e0c8a59-ca07-471f-bd2a-96c20a89171a,live:orb,GLND,2026-09-24 14:51:50.543+00,2026-09-24T14:43:02.846000+00:00,848313,exact_trigger_identity_near,LIVE,,live_short_and_trail_after_warmup,post_993_pre_1049,first,True,2026-09-24,10,1790260503927,1790260503927,04b1ae76-4f6b-5955-916f-61016e0a5e3a,04b1ae76-4f6b-5955-916f-61016e0a5e3a,4.5111,2026-09-24T14:31:00+00:00,2026-09-24T14:32:02.685000+00:00,2026-09-24T14:33:00+00:00,2026-09-24T14:42:00+00:00,2026-09-24T13:45:14.228000+00:00,2026-09-24T13:45:14.299000+00:00,2026-09-24T14:37:14.766000+00:00,1.00000000,4.51000000,4.74000000,5.099778270509977827050997800,
899a9cb3-fc8a-4f60-ba3a-193bd9ddd5eb,exact_price_time_account,082218bb-69d5-4ffc-9a0c-b5763434dc22,9f53fa3f-67dc-4a50-9491-29ed9ce10682,4fabc957-0842-439d-8276-e7625fe23fc0,e98d99a4-ffd6-4943-9b5b-6aad3559963a,live:schwab_1m_v2,APUS,2026-09-24 14:58:39+00,2026-09-24T14:57:02.717000+00:00,849564,exact_trigger_identity_near,LIVE,,live_short_and_trail_after_warmup,post_993_pre_1049,first,True,2026-09-24,10,1790258703063,1790258703063,87be3bc4-381c-52a1-84ce-45c9e9f27345,87be3bc4-381c-52a1-84ce-45c9e9f27345,5.6646,2026-09-24T14:01:00+00:00,2026-09-24T14:02:02.568000+00:00,2026-09-24T14:03:00+00:00,2026-09-24T14:56:00+00:00,2026-09-24T13:04:38.262000+00:00,2026-09-24T13:04:38.267000+00:00,2026-09-24T14:55:14.688000+00:00,2.00000000,5.69000000,5.21000000,-8.435852372583479789103690690,
20a2c901-9ef1-45a1-843c-b9f0d3978b1c,exact_price_time_account,a1ec7a06-2377-414e-bbdb-bce747b70c39,8a430de2-8a8d-443f-9cb4-51e2a8e2c446,9afbd9d0-72de-4137-9576-ef3a94ff045d,c9a53b83-d98b-4422-b8dc-f2fae20eee1a,live:orb,APUS,2026-09-24 14:58:39.255+00,2026-09-24T14:57:02.717000+00:00,849564,exact_trigger_identity_near,LIVE,,live_short_and_trail_after_warmup,post_993_pre_1049,first,True,2026-09-24,10,1790258703063,1790258703063,87be3bc4-381c-52a1-84ce-45c9e9f27345,87be3bc4-381c-52a1-84ce-45c9e9f27345,5.6646,2026-09-24T14:01:00+00:00,2026-09-24T14:02:02.568000+00:00,2026-09-24T14:03:00+00:00,2026-09-24T14:56:00+00:00,2026-09-24T13:04:38.262000+00:00,2026-09-24T13:04:38.267000+00:00,2026-09-24T14:55:14.688000+00:00,1.00000000,5.69000000,5.20000000,-8.611599297012302284710017570,
d22f6595-5511-416d-b4d7-9c541b4adf8f,exact_price_time_account,ac4a8cd4-d116-4aff-b5c7-3f329e933c1f,2efff71c-591a-4595-b7cb-033cca98e35b,089a7123-6ad5-482f-9d75-b8916ed84ec3,3226803e-3c7c-4545-9226-24aa7ba7a5ea,live:orb,PMAX,2026-09-24 16:30:49.971+00,2026-09-24T16:12:03.053000+00:00,857639,exact_trigger_identity_near,LIVE,,live_short_and_trail_after_warmup,post_993_pre_1049,first,True,2026-09-24,12,1790265362669,1790265362669,ffd7acc9-2c82-5cb4-98da-48f3973da6f5,ffd7acc9-2c82-5cb4-98da-48f3973da6f5,1.7096,2026-09-24T15:52:00+00:00,2026-09-24T15:53:02.632000+00:00,2026-09-24T15:54:00+00:00,2026-09-24T16:11:00+00:00,2026-09-24T14:14:02.225000+00:00,2026-09-24T14:14:02.244000+00:00,2026-09-24T16:05:59.253000+00:00,1.00000000,1.72000000,1.59000000,-7.558139534883720930232558140,
b2326f4b-fbb1-4913-a75d-5c4c28125745,exact_price_time_account,6f9a5e58-3b4f-41e9-ad87-aa3429762212,aaa0800e-f821-4209-886f-1d09b9e847ac,381399dc-20c4-407a-b20e-7e616f1e4367,2dc77556-8e1f-436f-bae4-44197860dd11,live:schwab_1m_v2,APUS,2026-09-24 16:48:27+00,2026-09-24T16:43:02.542000+00:00,859769,exact_trigger_identity_near,LIVE,,live_short_and_trail_after_warmup,post_993_pre_1049,first,True,2026-09-24,12,1790267281307,1790267281307,243eb4ac-3971-5c20-ade5-d5ec0ec6508b,243eb4ac-3971-5c20-ade5-d5ec0ec6508b,5.8253,2026-09-24T16:24:00+00:00,2026-09-24T16:25:02.699000+00:00,2026-09-24T16:26:00+00:00,2026-09-24T16:42:00+00:00,2026-09-24T13:04:38.262000+00:00,2026-09-24T13:04:38.267000+00:00,2026-09-24T16:05:59.253000+00:00,2.00000000,5.82900000,6.12000000,4.992279979413278435409161100,
261462e5-9953-4842-a037-fa0b0e8a291a,exact_price_time_account,88d40ea9-c916-4789-8394-f61e23f2b02e,fe24edaf-38be-4c74-85cf-5e46def5c3b5,576c6d16-f799-4dfc-9820-31b70d5a3f7b,9e245bf6-a99a-4986-9e2e-ba03f6848bd1,live:orb,APUS,2026-09-24 16:48:27.319+00,2026-09-24T16:43:02.542000+00:00,859769,exact_trigger_identity_near,LIVE,,live_short_and_trail_after_warmup,post_993_pre_1049,first,True,2026-09-24,12,1790267281307,1790267281307,243eb4ac-3971-5c20-ade5-d5ec0ec6508b,243eb4ac-3971-5c20-ade5-d5ec0ec6508b,5.8253,2026-09-24T16:24:00+00:00,2026-09-24T16:25:02.699000+00:00,2026-09-24T16:26:00+00:00,2026-09-24T16:42:00+00:00,2026-09-24T13:04:38.262000+00:00,2026-09-24T13:04:38.267000+00:00,2026-09-24T16:05:59.253000+00:00,1.00000000,5.83000000,6.12000000,4.974271012006861063464837000,
b58a8535-0ebe-42e3-ab94-5fbf8bdd1c24,exact_price_time_account,8f1cb9c2-2888-4c16-a0ae-c863bb925c4a,fb5ca801-b2ef-452b-9fd9-ca4cfe2dc7c2,8e3c5ad5-c886-42f8-98e5-f5f68081923b,5cf0383e-e21b-4adb-b235-1b7f8273da72,live:orb,PMAX,2026-09-24 17:39:43.135+00,2026-09-24T17:38:02.621000+00:00,864587,exact_trigger_identity_near,LIVE,,live_short_and_trail_after_warmup,post_993_pre_1049,first,True,2026-09-24,13,1790270462191,1790270462191,19828e54-aa78-56bb-8a2a-3036948fa017,19828e54-aa78-56bb-8a2a-3036948fa017,1.5320,2026-09-24T17:17:00+00:00,2026-09-24T17:18:02.754000+00:00,2026-09-24T17:19:00+00:00,2026-09-24T17:37:00+00:00,2026-09-24T14:14:02.225000+00:00,2026-09-24T14:14:02.244000+00:00,2026-09-24T17:33:57.140000+00:00,1.00000000,1.54000000,1.62000000,5.194805194805194805194805200,
39c77141-583c-40d4-b23e-f35a49886483,exact_price_time_account,1ed54360-9d6e-4477-bf6c-e4c42d6fc292,15fb8ae6-1f93-4442-bc5a-690976ef8920,cd672b0e-cb1f-4de8-ba8c-c1d3bb101338,04ad1117-98ee-4a38-9d05-68de4969d8b2,live:schwab_1m_v2,APUS,2026-09-24 18:16:38+00,2026-09-24T18:10:03.395000+00:00,867217,exact_trigger_identity_near,LIVE,,live_short_and_trail_after_warmup,post_993_pre_1049,first,True,2026-09-24,14,1790270403277,1790270403277,039229a1-b358-529d-9e13-9ec5ee522ff5,039229a1-b358-529d-9e13-9ec5ee522ff5,5.3702,2026-09-24T17:16:00+00:00,2026-09-24T17:17:02.663000+00:00,2026-09-24T17:18:00+00:00,2026-09-24T18:09:00+00:00,2026-09-24T13:04:38.262000+00:00,2026-09-24T13:04:38.267000+00:00,2026-09-24T17:33:57.140000+00:00,2.00000000,5.37910000,5.64000000,4.850253759922663642616794600,
eaf879e4-745d-4683-8c6b-9ea880a165e0,exact_price_time_account,3ee2a01d-f06e-4bff-8b36-8997aeba123c,020e161f-8cab-40ba-b09f-196b325e2a59,dd2e2948-7539-48de-8ca4-22ee58fc5a54,8c7b62f2-14f0-4cc8-9114-5b0e463da265,live:orb,PMAX,2026-09-24 18:31:48.524+00,2026-09-24T18:29:02.828000+00:00,868572,exact_trigger_identity_near,LIVE,,live_short_and_trail_after_warmup,post_993_pre_1049,first,True,2026-09-24,14,1790274242281,1790274242281,59ce3ed2-b7f8-511d-bcee-af98dd011d5f,59ce3ed2-b7f8-511d-bcee-af98dd011d5f,1.6108,2026-09-24T18:19:00+00:00,2026-09-24T18:20:03.016000+00:00,2026-09-24T18:21:00+00:00,2026-09-24T18:28:00+00:00,2026-09-24T14:14:02.225000+00:00,2026-09-24T14:14:02.244000+00:00,2026-09-24T18:17:13.558000+00:00,1.00000000,1.61000000,1.69000000,4.968944099378881987577639800,
3f71252d-d622-415d-97d9-869aeaed0931,exact_price_time_account,c62fcff9-20d4-4dfa-96a6-aa35acaa0207,182ae867-9cff-4e6b-8467-82338c7fd0ff,5cc2d50a-19fd-433b-9897-0bc6c1ceb438,74318d06-af6c-4edd-854d-3db42d6788cc,live:schwab_1m_v2,APUS,2026-09-24 19:05:06+00,2026-09-24T19:00:03.669000+00:00,871002,exact_trigger_identity_near,LIVE,,live_short_and_trail_after_warmup,post_993_pre_1049,first,True,2026-09-24,15,1790276222850,1790276222850,98f4465f-be74-552c-8c0b-3b269194b387,98f4465f-be74-552c-8c0b-3b269194b387,5.4691,2026-09-24T18:53:00+00:00,2026-09-24T18:54:02.422000+00:00,2026-09-24T18:55:00+00:00,2026-09-24T18:59:00+00:00,2026-09-24T13:04:38.262000+00:00,2026-09-24T13:04:38.267000+00:00,2026-09-24T18:17:13.558000+00:00,2.00000000,5.49000000,5.02000000,-8.561020036429872495446265940,
90e29613-29a2-4edc-9755-f2883fc644ec,exact_price_time_account,16cc8ec1-a4c9-4261-b114-7d211aec1ebe,50ce7bc1-b681-4adc-960e-4b72b95c6cec,5190cadf-d29f-4f32-ada6-fa0fbac105ae,828930d6-6f8f-4e44-a5f7-9adb68b2017d,live:orb,APUS,2026-09-24 19:05:06.841+00,2026-09-24T19:00:03.669000+00:00,871002,exact_trigger_identity_near,LIVE,,live_short_and_trail_after_warmup,post_993_pre_1049,first,True,2026-09-24,15,1790276222850,1790276222850,98f4465f-be74-552c-8c0b-3b269194b387,98f4465f-be74-552c-8c0b-3b269194b387,5.4691,2026-09-24T18:53:00+00:00,2026-09-24T18:54:02.422000+00:00,2026-09-24T18:55:00+00:00,2026-09-24T18:59:00+00:00,2026-09-24T13:04:38.262000+00:00,2026-09-24T13:04:38.267000+00:00,2026-09-24T18:17:13.558000+00:00,1.00000000,5.49000000,5.05000000,-8.014571948998178506375227690,
7303036a-39a4-4e55-8214-8e8a4bd331c7,exact_price_time_account,bb7af54a-7124-41b0-b095-e6f31747f2e4,c71de722-6de9-4ba2-a8a8-12c62e08b8a4,c042d766-6d34-4964-9abf-3a4e3e3a160e,2157603b-720b-4889-bc88-461957b0c97b,live:schwab_1m_v2,PFSA,2026-09-24 19:26:56+00,2026-09-24T19:20:03.344000+00:00,872602,exact_trigger_identity_near,LIVE,,live_short_and_trail_after_warmup,post_993_pre_1049,first,True,2026-09-24,15,1790274962822,1790274962822,632807d5-3f0e-5763-a8c5-60fa0b1d338a,632807d5-3f0e-5763-a8c5-60fa0b1d338a,3.0405,2026-09-24T18:32:00+00:00,2026-09-24T18:33:03.034000+00:00,2026-09-24T18:34:00+00:00,2026-09-24T19:19:00+00:00,2026-09-24T17:09:11.280000+00:00,2026-09-24T17:09:11.288000+00:00,2026-09-24T19:13:12.259000+00:00,2.00000000,3.04000000,2.87460000,-5.440789473684210526315789470,
4e31b78d-6373-4571-95a8-be2d8905c784,exact_price_time_account,0076a667-9db7-476e-aa4b-a31c9382a329,5c3cafbb-6745-4dc1-bc06-7b9840658e50,7c0d1f33-a354-4e2c-8742-2d97023b02d6,3b2935ed-e77b-4224-8aea-f371379ebed9,live:schwab_1m_v2,APUS,2026-09-24 19:54:58+00,2026-09-24T19:45:03.334000+00:00,875138,exact_trigger_identity_near,LIVE,,live_short_and_trail_after_warmup,post_993_pre_1049,first,True,2026-09-24,15,1790278322822,1790278322822,a7ff829c-ce93-5ea3-a63c-778b9e6d0071,a7ff829c-ce93-5ea3-a63c-778b9e6d0071,5.0901,2026-09-24T19:28:00+00:00,2026-09-24T19:29:02.284000+00:00,2026-09-24T19:30:00+00:00,2026-09-24T19:44:00+00:00,2026-09-24T13:04:38.262000+00:00,2026-09-24T13:04:38.267000+00:00,2026-09-24T19:44:18.247000+00:00,2.00000000,5.10000000,5.34860000,4.874509803921568627450980400,
ea5a37b6-039f-4ea6-b0c0-1d3515b40abc,exact_price_time_account,39411044-00be-4aa5-a445-cee0afc49703,3cf34c23-a00d-4ab5-b85a-d76b4b618ae5,b4a23471-a006-4441-8a2e-28ac3d0a12c1,,live:orb,APUS,2026-09-24 19:54:58.742+00,2026-09-24T19:45:03.334000+00:00,875138,exact_trigger_identity_near,LIVE,,live_short_and_trail_after_warmup,post_993_pre_1049,first,True,2026-09-24,15,1790278322822,1790278322822,a7ff829c-ce93-5ea3-a63c-778b9e6d0071,a7ff829c-ce93-5ea3-a63c-778b9e6d0071,5.0901,2026-09-24T19:28:00+00:00,2026-09-24T19:29:02.284000+00:00,2026-09-24T19:30:00+00:00,2026-09-24T19:44:00+00:00,2026-09-24T13:04:38.262000+00:00,2026-09-24T13:04:38.267000+00:00,2026-09-24T19:44:18.247000+00:00,1.00000000,5.11000000,,,exit_fill_missing_or_ambiguous
a15bfbfc-4044-4bc3-86e7-41461bd9f5b8,exact_price_time_account,353989a8-a781-4e7d-8f5a-565f2d4ed6fb,427c2b6d-25f8-45c8-a817-8517bcbebd16,34b5042b-9177-4058-9126-866decee77a7,e1c12424-9399-4b6b-a3f2-bd85fe03e5b2,live:orb,INLF,2026-09-25 15:24:15.614+00,2026-09-25T15:23:02.527000+00:00,937790,exact_trigger_identity_near,LIVE,,live_short_and_trail_after_warmup,post_993_pre_1049,first,True,2026-09-25,11,1790343422322,1790343422322,8fd6d7e6-01ff-5878-a361-4672b254f9cb,8fd6d7e6-01ff-5878-a361-4672b254f9cb,4.8270,2026-09-25T13:33:00+00:00,2026-09-25T13:34:02.924000+00:00,2026-09-25T13:35:00+00:00,2026-09-25T15:22:00+00:00,2026-09-25T11:01:01.796000+00:00,2026-09-25T08:31:18.594000+00:00,2026-09-25T15:20:49.104000+00:00,1.00000000,4.83000000,4.70010000,-2.689440993788819875776397520,
e254f88f-d71b-4ced-97fd-7e6fb0ee38d1,exact_price_time_account,8baad544-41a5-41d7-8afc-9e169f0f1fad,0db5a376-ef73-415b-9525-9c9ad391a367,4013f7ba-a6ac-4e35-8a2b-43b70361e8a4,29ab1b33-e214-492b-bfaf-524e9670043c,live:orb,INLF,2026-09-25 16:44:16.855+00,2026-09-25T16:41:03.173000+00:00,940710,exact_trigger_identity_near,LIVE,,live_short_and_trail_after_warmup,post_993_pre_1049,first,True,2026-09-25,12,1790352842359,1790352842359,fef6bbd0-cf38-5148-ba0f-d9a9dfa9d53a,fef6bbd0-cf38-5148-ba0f-d9a9dfa9d53a,4.7750,2026-09-25T16:10:00+00:00,2026-09-25T16:11:00.824000+00:00,2026-09-25T16:12:00+00:00,2026-09-25T16:40:00+00:00,2026-09-25T11:01:01.796000+00:00,2026-09-25T08:31:18.594000+00:00,2026-09-25T16:40:33.815000+00:00,1.00000000,4.77900000,4.62000000,-3.327055869428750784682988070,
5cd9549f-f12c-41f6-b45f-6878c55a5ea3,exact_price_time_account,9e22d54d-72be-4599-aa09-17b4d478a896,d0b4a66b-b661-4a8e-822f-c999d9251bea,84068ccb-a5b2-4657-a1c2-798f2c6e6a0e,17c826ad-467e-489b-8f3b-194de33c2f6b,live:orb,MSGY,2026-09-25 17:17:03.58+00,2026-09-25T17:17:02.895000+00:00,942229,exact_trigger_identity_near,LIVE,,live_short_and_trail_after_warmup,post_993_pre_1049,first,True,2026-09-25,13,1790355603434,1790355603434,2ac45438-1d97-5fd1-bbdc-09f87e012455,2ac45438-1d97-5fd1-bbdc-09f87e012455,7.7940,2026-09-25T16:56:00+00:00,2026-09-25T16:57:01.433000+00:00,2026-09-25T16:58:00+00:00,2026-09-25T17:16:00+00:00,2026-09-25T14:35:40.460000+00:00,2026-09-25T14:35:40.481000+00:00,2026-09-25T17:11:25.783000+00:00,1.00000000,7.79000000,7.18000000,-7.830551989730423620025673940,
aa784f1d-4fe0-4972-9edf-7e8b77bb56d4,exact_price_time_account,64ff56bf-f7b4-443e-9c80-d865a4bc2d6d,330b97bb-58ac-46c1-b788-eaa736c9e107,f94f0df1-705d-4fdc-b76b-1651cab47bff,755d2cfc-276d-47c8-a9a2-67153e82383e,live:schwab_1m_v2,AIFF,2026-09-25 18:21:20+00,2026-09-25T18:16:02.221000+00:00,945612,exact_trigger_identity_near,LIVE,,live_short_and_trail_after_warmup,post_993_pre_1049,first,True,2026-09-25,14,1790359982886,1790359982886,d455442d-f994-547e-b12e-4d62b9cb5444,d455442d-f994-547e-b12e-4d62b9cb5444,1.6775,2026-09-25T18:09:00+00:00,2026-09-25T18:10:02.294000+00:00,2026-09-25T18:11:00+00:00,2026-09-25T18:15:00+00:00,2026-09-25T17:31:03.018000+00:00,2026-09-25T17:31:03.036000+00:00,2026-09-25T18:14:00.211000+00:00,2.00000000,1.67500000,1.64380000,-1.862686567164179104477611940,
867e7912-d9a1-4cff-b587-308a87b33299,exact_price_time_account,4d17f460-832f-403a-b912-0c174799fb40,87951ec1-db59-4702-bba2-9e2479b623cd,c8b894c6-ccc6-4891-a58f-3484f2fb4a8c,60820cec-b8d8-4efb-bfc0-cee0bb98adca,live:orb,AIFF,2026-09-25 18:21:20.741+00,2026-09-25T18:16:02.221000+00:00,945612,exact_trigger_identity_near,LIVE,,live_short_and_trail_after_warmup,post_993_pre_1049,first,True,2026-09-25,14,1790359982886,1790359982886,d455442d-f994-547e-b12e-4d62b9cb5444,d455442d-f994-547e-b12e-4d62b9cb5444,1.6775,2026-09-25T18:09:00+00:00,2026-09-25T18:10:02.294000+00:00,2026-09-25T18:11:00+00:00,2026-09-25T18:15:00+00:00,2026-09-25T17:31:03.018000+00:00,2026-09-25T17:31:03.036000+00:00,2026-09-25T18:14:00.211000+00:00,1.00000000,1.68000000,1.64500000,-2.083333333333333333333333330,
6f95a251-c5d2-42be-b9e5-da2644cd7c34,exact_price_time_account,f817659b-91f6-47bb-ba28-a94dcafd99f6,82ea18cd-7fe2-42c7-a386-39c2ae20e436,02295a20-8b16-483b-ade5-2698c724a46c,843ee0c8-50a6-471e-815c-28702328783b,live:orb,MSGY,2026-09-25 18:28:40.605+00,2026-09-25T18:24:02.110000+00:00,946022,exact_trigger_identity_near,LIVE,,live_short_and_trail_after_warmup,post_993_pre_1049,first,True,2026-09-25,14,1790357882486,1790357882486,3b80687e-3177-54ca-a57a-a5722d511402,3b80687e-3177-54ca-a57a-a5722d511402,6.8407,2026-09-25T17:34:00+00:00,2026-09-25T17:35:02.663000+00:00,2026-09-25T17:36:00+00:00,2026-09-25T18:23:00+00:00,2026-09-25T14:35:40.460000+00:00,2026-09-25T14:35:40.481000+00:00,2026-09-25T18:14:00.211000+00:00,1.00000000,6.87000000,7.21000000,4.949053857350800582241630300,
40b0e31f-8ecb-4938-91b4-7df24e449e20,exact_price_time_account,a7165662-ee86-4bca-b7d6-b145382421f3,35d1c078-9c7e-4cdc-94e6-603bf1cc71e1,2b123272-a545-4c55-9114-6592a8c868e4,04fb5b24-c3bb-4182-8ff4-cbbc361f3803,live:schwab_1m_v2,AIFF,2026-09-25 18:45:24+00,2026-09-25T18:24:02.007000+00:00,946010,exact_trigger_identity_near,LIVE,,live_short_and_trail_after_warmup,post_993_pre_1049,first,True,2026-09-25,14,1790360641978,1790360641978,68123b52-2487-5f63-bbde-65b05275e2fa,68123b52-2487-5f63-bbde-65b05275e2fa,1.6775,2026-09-25T18:09:00+00:00,2026-09-25T18:10:02.294000+00:00,2026-09-25T18:11:00+00:00,2026-09-25T18:23:00+00:00,2026-09-25T17:31:03.018000+00:00,2026-09-25T17:31:03.036000+00:00,2026-09-25T18:14:00.211000+00:00,2.00000000,1.67500000,1.76000000,5.074626865671641791044776100,
75476cb5-949e-4d37-a3ab-4e8ea3ea897c,exact_price_time_account,faf0a554-cd06-469b-a403-0e75e590f2cf,b6fd56bf-edc4-44e4-810c-89d889ebf648,4606d53c-bd53-43ac-bc1a-7ef95b8b2282,74e00794-38f9-4ba5-b774-d1870c4da5d0,live:orb,AIFF,2026-09-25 18:45:24.121+00,2026-09-25T18:24:02.007000+00:00,946010,exact_trigger_identity_near,LIVE,,live_short_and_trail_after_warmup,post_993_pre_1049,first,True,2026-09-25,14,1790360641978,1790360641978,68123b52-2487-5f63-bbde-65b05275e2fa,68123b52-2487-5f63-bbde-65b05275e2fa,1.6775,2026-09-25T18:09:00+00:00,2026-09-25T18:10:02.294000+00:00,2026-09-25T18:11:00+00:00,2026-09-25T18:23:00+00:00,2026-09-25T17:31:03.018000+00:00,2026-09-25T17:31:03.036000+00:00,2026-09-25T18:14:00.211000+00:00,1.00000000,1.67620000,1.76000000,4.999403412480610905619854400,
98a3f7a6-c490-468b-9e8a-0bd80298304a,exact_price_time_account,3eb65ace-6678-494a-bb44-568c3758be6e,fdddebd9-8d3a-469e-9533-5e8fc7051a40,c8d013ec-ca86-472f-bdcf-37d97ff22b64,01518e06-f095-428f-b28f-661e51519cb2,live:orb,CLRO,2026-09-28 12:51:16.84+00,2026-09-28T12:51:00.627000+00:00,1066045,exact_trigger_identity_near,LIVE,,live_short_and_trail_after_warmup,post_993_pre_1049,first,False,2026-09-28,08,1790599202928,,44db7918-b53f-566d-9ce3-18d434778489,,5.5284,2026-09-28T12:33:00+00:00,2026-09-28T12:34:02.151000+00:00,2026-09-28T12:35:00+00:00,2026-09-28T12:50:00+00:00,2026-09-28T11:01:10.557000+00:00,2026-09-28T08:06:29.347000+00:00,2026-09-28T12:50:55.332000+00:00,1.00000000,5.56000000,5.55280000,-0.1294964028776978417266187100,
e1b297a2-a1e2-42bd-be26-ab30546c3a94,exact_price_time_account,ecbfd259-7cfd-4928-a38e-5e5411527ddb,507134dd-8b4a-4332-9aed-b7f6898524a5,f8145d72-4a25-45d7-9bee-9310abd40712,4525e774-43e3-449c-90b9-179b81ba283a,live:orb,CLRO,2026-09-28 16:42:55.997+00,2026-09-28T16:42:02.849000+00:00,1072728,exact_trigger_identity_near,LIVE,,live_short_and_trail_after_warmup,post_993_pre_1049,first,False,2026-09-28,12,1790612042572,1790612042572,6b756927-1315-5020-8c8d-e10c218bf08d,6b756927-1315-5020-8c8d-e10c218bf08d,5.0039,2026-09-28T16:08:00+00:00,2026-09-28T16:09:02.930000+00:00,2026-09-28T16:10:00+00:00,2026-09-28T16:41:00+00:00,2026-09-28T11:01:10.557000+00:00,2026-09-28T08:06:29.347000+00:00,2026-09-28T16:30:47.152000+00:00,1.00000000,4.99900000,4.90000000,-1.980396079215843168633726750,
e8558e6b-f559-4764-ab50-461d2b60f116,exact_price_time_account,97170856-0f82-414c-bfd4-22d2029a0581,6df7bac9-9a92-4c4c-9778-b4c3c8f26bac,490207b8-3b9e-424f-bd59-8d1179cd0ce5,c3fb3d58-ab41-4b59-a21f-2634668456ee,live:schwab_1m_v2,CLRO,2026-09-28 16:42:56+00,2026-09-28T16:42:02.849000+00:00,1072728,exact_trigger_identity_near,LIVE,,live_short_and_trail_after_warmup,post_993_pre_1049,first,False,2026-09-28,12,1790612042572,1790612042572,6b756927-1315-5020-8c8d-e10c218bf08d,6b756927-1315-5020-8c8d-e10c218bf08d,5.0039,2026-09-28T16:08:00+00:00,2026-09-28T16:09:02.930000+00:00,2026-09-28T16:10:00+00:00,2026-09-28T16:41:00+00:00,2026-09-28T11:01:10.557000+00:00,2026-09-28T08:06:29.347000+00:00,2026-09-28T16:30:47.152000+00:00,2.00000000,4.99900000,4.88260000,-2.328465693138627725545109020,
